lichen_isolate,gene_id,expression,expression_normalized
S001,XAN_1192,71.1,0.084266
S002,XAN_1192,72.1,0.293934
S003,XAN_1192,72.6,1.022918
S004,XAN_1192,70.4,-1.075723
S005,XAN_1192,70.3,-0.805165
S006,XAN_1192,72.2,0.816513
S007,XAN_1192,72.1,0.469839
S008,XAN_1192,72.7,0.792812
S009,XAN_1192,70.5,-0.827185
S010,XAN_1192,71.7,0.313954
S011,XAN_1192,70.9,-1.607975
S012,XAN_1192,70.1,-1.416552
S013,XAN_1192,71.2,0.392334
S014,XAN_1192,72.3,0.435971
S015,XAN_1192,72,0.782479
S016,XAN_1192,72.4,0.955066
S017,XAN_1192,72.4,0.883013
S018,XAN_1192,73.2,1.039206
S019,XAN_1192,70.9,-0.919389
S020,XAN_1192,72.5,1.006953
S021,XAN_1192,71.4,0.031664
S022,XAN_1192,72.4,0.696172
S023,XAN_1192,71.4,0.282702
S024,XAN_1192,71.9,0.567514
S025,XAN_1192,71.9,-0.056515
S026,XAN_1192,71.3,-0.102389
S027,XAN_1192,70.8,-0.499595
S028,XAN_1192,72.5,0.709311
S029,XAN_1192,71.5,0.059688
S030,XAN_1192,71.5,-0.196735
S031,XAN_1192,71,-0.547548
S032,XAN_1192,71.5,0.235229
S033,XAN_1192,71.1,0.029431
S034,XAN_1192,70.8,-0.404244
S035,XAN_1192,72.4,1.106559
S036,XAN_1192,71.7,0.009199
S037,XAN_1192,72.4,0.808469
S038,XAN_1192,71,0.047373
S039,XAN_1192,70.5,-0.882517
S040,XAN_1192,72.3,1.227028
S041,XAN_1192,72,1.577454
S042,XAN_1192,71.7,0.832225
S043,XAN_1192,72.2,0.375248
S044,XAN_1192,71.6,0.006094
S045,XAN_1192,72,-0.247693
S046,XAN_1192,73.3,0.812384
S047,XAN_1192,69.5,-1.26527
S048,XAN_1192,70.8,-0.577639
S049,XAN_1192,71.5,0.055224
S050,XAN_1192,71.2,-0.238941
S051,XAN_1192,71.2,0.120011
S052,XAN_1192,70.9,0.051084
S053,XAN_1192,70.8,0.098545
S054,XAN_1192,69.8,-1.583831
S055,XAN_1192,71.1,0.066639
S056,XAN_1192,72.2,0.768402
S057,XAN_1192,71,-0.70879
S058,XAN_1192,72.5,0.764647
S059,XAN_1192,72,0.046993
S060,XAN_1192,70.9,-0.72547
S061,XAN_1192,71,-0.145943
S062,XAN_1192,72.3,0.541135
S063,XAN_1192,70.5,-0.586855
S064,XAN_1192,70.5,-1.55796
S065,XAN_1192,71.4,-0.273181
S066,XAN_1192,69.4,-1.147511
S067,XAN_1192,72.8,1.201376
S068,XAN_1192,70.9,-0.590402
S069,XAN_1192,71.7,-0.068495
S070,XAN_1192,71.8,0.012484
S071,XAN_1192,71.6,0.312462
S072,XAN_1192,71.5,0.05178
S073,XAN_1192,71.4,0.088889
S074,XAN_1192,71.3,-0.067698
S075,XAN_1192,71,0.01701
S076,XAN_1192,70.9,-0.739889
S077,XAN_1192,72.2,1.062228
S078,XAN_1192,72.1,0.761661
S079,XAN_1192,70.2,-0.588197
S080,XAN_1192,72.2,0.149014
S081,XAN_1192,69.9,-1.081494
S082,XAN_1192,71.9,-0.021523
S083,XAN_1192,72,0.678423
S084,XAN_1192,72.2,0.108202
S085,XAN_1192,72.5,1.228016
S086,XAN_1192,72.3,0.621108
S087,XAN_1192,72.2,0.354957
S088,XAN_1192,71.6,0.169326
S089,XAN_1192,71.5,-0.08484
S090,XAN_1192,72.9,0.679724
S091,XAN_1192,71,-0.368461
S092,XAN_1192,72.1,0.062651
S093,XAN_1192,72.5,0.808945
S094,XAN_1192,73.9,1.179329
S095,XAN_1192,72.5,1.13775
S096,XAN_1192,70.9,-0.674763
S097,XAN_1192,70.1,-0.777288
S098,XAN_1192,70.4,-0.756578
S099,XAN_1192,70.9,-0.127331
S100,XAN_1192,72.3,0.838717
S101,XAN_1192,70.3,-1.649142
S102,XAN_1192,71,-0.363781
S103,XAN_1192,71.9,0.287807
S104,XAN_1192,68.9,-1.435547
S105,XAN_1192,71.1,-0.571025
S106,XAN_1192,72.7,1.101559
S107,XAN_1192,71.8,0.371299
S108,XAN_1192,72.9,0.716981
S109,XAN_1192,72.9,0.931366
S110,XAN_1192,70.9,-0.540166
S111,XAN_1192,71.8,-0.238622
S112,XAN_1192,71.4,-0.124999
S113,XAN_1192,71.9,0.063788
S114,XAN_1192,70.5,-1.039189
S115,XAN_1192,73.6,1.517415
S116,XAN_1192,73,1.073507
S117,XAN_1192,72.8,0.374362
S118,XAN_1192,72.3,0.702024
S119,XAN_1192,72.8,0.600427
S120,XAN_1192,71.2,-0.492948
S121,XAN_1192,73.6,1.356537
S122,XAN_1192,71,-0.58386
S123,XAN_1192,70.5,-0.615619
S124,XAN_1192,69.8,-1.461138
S125,XAN_1192,72.3,0.354573
S126,XAN_1192,70.8,-0.59122
S127,XAN_1192,70.8,-1.159857
S128,XAN_1192,69.7,-1.04973
S129,XAN_1192,71.3,0.002915
S130,XAN_1192,71.3,0.553133
S131,XAN_1192,71.5,0.377395
S132,XAN_1192,71,-0.148701
S133,XAN_1192,71.8,0.332316
S134,XAN_1192,69.9,-1.453342
S135,XAN_1192,72.6,0.369646
S136,XAN_1192,70.9,-0.598818
S137,XAN_1192,72.6,0.652194
S138,XAN_1192,71,-0.584621
S139,XAN_1192,70.8,-0.752888
S140,XAN_1192,70.6,-1.179684
S141,XAN_1192,71.6,-0.050662
S142,XAN_1192,71.8,0.711611
S143,XAN_1192,72.2,0.666618
S144,XAN_1192,69.3,-1.536189
S145,XAN_1192,70.6,-0.9152
S146,XAN_1192,69.8,-1.304509
S147,XAN_1192,71.5,0.352152
S148,XAN_1192,72.1,0.890789
S149,XAN_1192,70.4,-1.310909
S150,XAN_1192,70.2,-1.43111
S151,XAN_1192,72.4,0.62265
S152,XAN_1192,70.7,-0.833324
S153,XAN_1192,71.5,0.047544
S154,XAN_1192,73.8,1.164958
S155,XAN_1192,72.5,0.555918
S156,XAN_1192,71,-0.800539
S157,XAN_1192,72.7,0.251698
S158,XAN_1192,73.2,1.006036
S159,XAN_1192,71.6,0.559315
S160,XAN_1192,71.2,-0.482765
S161,XAN_1192,71,-0.613013
S162,XAN_1192,73,1.098056
S163,XAN_1192,71.6,0.809717
S164,XAN_1192,70.8,-0.24765
S165,XAN_1192,70.4,-0.943488
S166,XAN_1192,72.6,0.845518
S167,XAN_1192,71.3,0.1191
S168,XAN_1192,71.6,-0.209911
S169,XAN_1192,70.7,-0.469765
S170,XAN_1192,71.9,-0.047009
S171,XAN_1192,70.1,-0.725758
S172,XAN_1192,70.9,-0.619291
S173,XAN_1192,71.8,1.044647
S174,XAN_1192,71.2,0.096676
S175,XAN_1192,71.8,0.333085
S176,XAN_1192,70.9,-0.73385
S177,XAN_1192,69.3,-1.790464
S178,XAN_1192,71.7,-0.13079
S179,XAN_1192,70.4,-0.900452
S180,XAN_1192,70.8,-0.98052
S181,XAN_1192,71.3,-0.305047
S182,XAN_1192,71.4,-0.025054
S183,XAN_1192,70.2,-1.263497
S184,XAN_1192,70.3,-1.08923
S185,XAN_1192,73.4,1.411118
S186,XAN_1192,71.2,0.010347
S187,XAN_1192,70.5,-1.401831
S188,XAN_1192,73.9,1.04436
S189,XAN_1192,70.3,-1.371607
S190,XAN_1192,71.9,0.342086
S191,XAN_1192,71.8,0.170073
S192,XAN_1192,72.9,1.220493
S193,XAN_1192,70.9,-0.850326
S194,XAN_1192,73.9,1.047625
S195,XAN_1192,72.5,1.015843
S196,XAN_1192,71.4,0.418769
S197,XAN_1192,72.2,0.771997
S198,XAN_1192,72.4,0.457416
S199,XAN_1192,71,-0.651173
S200,XAN_1192,71.3,-0.2595
S001,XAN_1216,229.6,0.031316
S002,XAN_1216,230.7,0.380912
S003,XAN_1216,230.2,-0.115176
S004,XAN_1216,229.2,-0.79237
S005,XAN_1216,229.2,-0.405953
S006,XAN_1216,231,1.076034
S007,XAN_1216,230.6,0.428267
S008,XAN_1216,230.4,-0.296321
S009,XAN_1216,228.4,-1.468814
S010,XAN_1216,230.1,0.130429
S011,XAN_1216,229.9,-0.896542
S012,XAN_1216,228.9,-1.168607
S013,XAN_1216,229.9,0.625842
S014,XAN_1216,230.8,0.395237
S015,XAN_1216,230.4,0.617138
S016,XAN_1216,230.4,0.385145
S017,XAN_1216,230.6,0.558886
S018,XAN_1216,231.7,1.014071
S019,XAN_1216,229.3,-1.119978
S020,XAN_1216,230.7,0.602815
S021,XAN_1216,230.9,0.981132
S022,XAN_1216,230.7,0.473045
S023,XAN_1216,229.3,-0.447174
S024,XAN_1216,230.7,0.932762
S025,XAN_1216,230.3,-0.246199
S026,XAN_1216,230,0.077916
S027,XAN_1216,230,0.479694
S028,XAN_1216,230.5,-0.145084
S029,XAN_1216,229.7,-0.445983
S030,XAN_1216,229.6,-0.632702
S031,XAN_1216,229.8,-0.189882
S032,XAN_1216,230.5,0.888065
S033,XAN_1216,229.6,-0.034688
S034,XAN_1216,229.2,-0.618509
S035,XAN_1216,231.2,1.385948
S036,XAN_1216,230.5,0.281894
S037,XAN_1216,231.8,2.700157
S038,XAN_1216,229.3,-0.185097
S039,XAN_1216,228.9,-1.105804
S040,XAN_1216,231,1.43922
S041,XAN_1216,230.7,1.883031
S042,XAN_1216,229.9,0.461969
S043,XAN_1216,230.3,-0.080653
S044,XAN_1216,230.3,0.174125
S045,XAN_1216,230.4,-0.408931
S046,XAN_1216,232.2,1.152469
S047,XAN_1216,227.9,-1.413662
S048,XAN_1216,229.7,0.024385
S049,XAN_1216,229.8,-0.231748
S050,XAN_1216,230.1,0.313609
S051,XAN_1216,229.1,-0.726859
S052,XAN_1216,229,-0.875296
S053,XAN_1216,229.3,-0.005425
S054,XAN_1216,229,-0.950305
S055,XAN_1216,229.1,-0.664868
S056,XAN_1216,230,0.016196
S057,XAN_1216,229.3,-1.063068
S058,XAN_1216,230.6,0.239756
S059,XAN_1216,230.8,0.448932
S060,XAN_1216,229.7,-0.229748
S061,XAN_1216,230.2,0.858627
S062,XAN_1216,230.8,0.499887
S063,XAN_1216,229,-0.668083
S064,XAN_1216,229.4,-1.007164
S065,XAN_1216,230.5,0.408074
S066,XAN_1216,227.8,-1.313867
S067,XAN_1216,231,0.647209
S068,XAN_1216,229.7,-0.189209
S069,XAN_1216,231,0.866756
S070,XAN_1216,230.8,0.752152
S071,XAN_1216,230,0.123931
S072,XAN_1216,229.6,-0.547412
S073,XAN_1216,230.1,0.295073
S074,XAN_1216,229.5,-0.480899
S075,XAN_1216,228.6,-0.998015
S076,XAN_1216,229.3,-0.887249
S077,XAN_1216,231.3,1.529536
S078,XAN_1216,230,-0.285506
S079,XAN_1216,228.4,-0.980673
S080,XAN_1216,229.9,-0.742532
S081,XAN_1216,228.5,-1.04524
S082,XAN_1216,229.7,-0.712598
S083,XAN_1216,230.1,0.267866
S084,XAN_1216,231,0.385114
S085,XAN_1216,230.3,0.042504
S086,XAN_1216,231.1,0.865592
S087,XAN_1216,230.5,0.156855
S088,XAN_1216,230.1,0.118002
S089,XAN_1216,230.5,0.388141
S090,XAN_1216,231.6,0.826627
S091,XAN_1216,229.5,-0.422706
S092,XAN_1216,230.8,0.208301
S093,XAN_1216,230.9,0.610614
S094,XAN_1216,231.8,0.647164
S095,XAN_1216,231,1.094294
S096,XAN_1216,229.9,-0.080513
S097,XAN_1216,229.6,-0.028032
S098,XAN_1216,228.8,-0.92663
S099,XAN_1216,229.9,0.52665
S100,XAN_1216,231.4,1.558477
S101,XAN_1216,229.4,-1.055963
S102,XAN_1216,229.8,0.035561
S103,XAN_1216,230.3,0.002357
S104,XAN_1216,228.1,-0.937985
S105,XAN_1216,229.8,-0.372759
S106,XAN_1216,231,0.748998
S107,XAN_1216,230.9,1.103624
S108,XAN_1216,231.6,0.905045
S109,XAN_1216,230.6,0.133624
S110,XAN_1216,230.3,0.44501
S111,XAN_1216,230.4,-0.178104
S112,XAN_1216,230.2,0.328582
S113,XAN_1216,229.9,-0.850586
S114,XAN_1216,229.4,-0.674774
S115,XAN_1216,231.9,1.294147
S116,XAN_1216,231.5,1.041637
S117,XAN_1216,231.2,0.210988
S118,XAN_1216,230.6,0.300333
S119,XAN_1216,231.3,0.562888
S120,XAN_1216,229.9,-0.314947
S121,XAN_1216,232.1,1.334068
S122,XAN_1216,229.5,-0.646302
S123,XAN_1216,228.9,-0.789485
S124,XAN_1216,228.7,-1.06051
S125,XAN_1216,230.2,-0.178834
S126,XAN_1216,229.6,-0.337575
S127,XAN_1216,229.8,-0.517101
S128,XAN_1216,228,-1.210811
S129,XAN_1216,230.9,1.339854
S130,XAN_1216,229.7,0.311393
S131,XAN_1216,230.4,0.969665
S132,XAN_1216,230.1,0.596277
S133,XAN_1216,229.8,-0.20158
S134,XAN_1216,228.3,-1.598684
S135,XAN_1216,231.3,0.563418
S136,XAN_1216,229.7,-0.250995
S137,XAN_1216,231,0.531395
S138,XAN_1216,228.9,-1.180543
S139,XAN_1216,230.3,0.608761
S140,XAN_1216,228.8,-1.621439
S141,XAN_1216,230.3,0.099426
S142,XAN_1216,230,0.031184
S143,XAN_1216,230.5,0.458793
S144,XAN_1216,228.3,-1.142737
S145,XAN_1216,229.4,-0.53539
S146,XAN_1216,227.6,-2.074523
S147,XAN_1216,230.3,0.589426
S148,XAN_1216,230.9,1.158648
S149,XAN_1216,228.4,-1.820072
S150,XAN_1216,228.9,-1.254476
S151,XAN_1216,231.4,1.424211
S152,XAN_1216,229.4,-0.69219
S153,XAN_1216,230.4,0.646235
S154,XAN_1216,232.2,1.07754
S155,XAN_1216,231.2,0.728054
S156,XAN_1216,229.9,-0.320069
S157,XAN_1216,231.9,1.739091
S158,XAN_1216,231.4,0.752241
S159,XAN_1216,230.4,0.955783
S160,XAN_1216,229.9,-0.227458
S161,XAN_1216,230,-0.138849
S162,XAN_1216,230.6,0.249802
S163,XAN_1216,230.2,0.924215
S164,XAN_1216,229.6,0.092817
S165,XAN_1216,228.5,-1.409618
S166,XAN_1216,231.3,1.003363
S167,XAN_1216,229.3,-0.504603
S168,XAN_1216,229.8,-0.781662
S169,XAN_1216,229.2,-0.524252
S170,XAN_1216,230.3,-0.238579
S171,XAN_1216,229.1,-0.192796
S172,XAN_1216,229.9,0.026291
S173,XAN_1216,230,0.71813
S174,XAN_1216,229.6,0.008373
S175,XAN_1216,229.4,-1.299643
S176,XAN_1216,229.7,-0.2722
S177,XAN_1216,227.9,-1.755489
S178,XAN_1216,230.1,-0.300717
S179,XAN_1216,228.6,-1.347141
S180,XAN_1216,229.6,-0.582056
S181,XAN_1216,229.8,-0.374158
S182,XAN_1216,229.7,-0.326618
S183,XAN_1216,228.9,-1.069462
S184,XAN_1216,228.7,-1.236764
S185,XAN_1216,232.7,2.141593
S186,XAN_1216,230.4,0.853394
S187,XAN_1216,228.9,-1.529134
S188,XAN_1216,232.5,1.089664
S189,XAN_1216,228.9,-1.332997
S190,XAN_1216,231.1,1.032294
S191,XAN_1216,230.2,-0.021967
S192,XAN_1216,230.8,0.542863
S193,XAN_1216,229.4,-0.953351
S194,XAN_1216,231.9,0.657065
S195,XAN_1216,230.7,0.506759
S196,XAN_1216,229.6,0.003665
S197,XAN_1216,231.3,1.259171
S198,XAN_1216,230.6,0.155994
S199,XAN_1216,229.8,-0.394206
S200,XAN_1216,230.3,0.214915
S001,XAN_1532,170,-0.519872
S002,XAN_1532,171.5,0.217392
S003,XAN_1532,171.6,0.474401
S004,XAN_1532,169.5,-1.464098
S005,XAN_1532,169.7,-0.853896
S006,XAN_1532,171.5,0.665063
S007,XAN_1532,171.6,0.517604
S008,XAN_1532,172,0.589655
S009,XAN_1532,169.3,-1.451951
S010,XAN_1532,171.5,0.756119
S011,XAN_1532,171.2,-0.281084
S012,XAN_1532,170,-0.958608
S013,XAN_1532,170.7,0.469569
S014,XAN_1532,171.7,0.377025
S015,XAN_1532,171.4,0.720228
S016,XAN_1532,170.8,-0.149937
S017,XAN_1532,171.9,0.924715
S018,XAN_1532,172.8,1.151938
S019,XAN_1532,169.4,-2.176241
S020,XAN_1532,172.2,1.295379
S021,XAN_1532,171.4,0.570926
S022,XAN_1532,172.4,1.201169
S023,XAN_1532,171.4,0.896577
S024,XAN_1532,170.9,-0.061975
S025,XAN_1532,170.7,-0.922754
S026,XAN_1532,169.9,-1.080825
S027,XAN_1532,171.1,0.768286
S028,XAN_1532,171.5,-0.008097
S029,XAN_1532,170.9,-0.013305
S030,XAN_1532,170.5,-0.632573
S031,XAN_1532,170.2,-0.893704
S032,XAN_1532,171.2,0.587629
S033,XAN_1532,170.2,-0.43509
S034,XAN_1532,170.5,-0.045948
S035,XAN_1532,172.5,1.780819
S036,XAN_1532,171.5,0.372941
S037,XAN_1532,172,1.119564
S038,XAN_1532,169.2,-1.104569
S039,XAN_1532,170.8,0.355817
S040,XAN_1532,171.1,0.382079
S041,XAN_1532,171.2,1.099704
S042,XAN_1532,170.8,0.457516
S043,XAN_1532,171.5,0.216627
S044,XAN_1532,171.5,0.48084
S045,XAN_1532,171.7,0.031871
S046,XAN_1532,172.3,0.394349
S047,XAN_1532,169,-1.208508
S048,XAN_1532,171,0.699946
S049,XAN_1532,170.5,-0.466681
S050,XAN_1532,170.8,-0.005482
S051,XAN_1532,171,0.573884
S052,XAN_1532,171.1,1.583618
S053,XAN_1532,170.2,0.003739
S054,XAN_1532,170,-0.844545
S055,XAN_1532,171.3,1.057579
S056,XAN_1532,171.1,0.211371
S057,XAN_1532,170.5,-0.634556
S058,XAN_1532,172,0.816075
S059,XAN_1532,172,0.880285
S060,XAN_1532,169.8,-1.789504
S061,XAN_1532,169.9,-0.97736
S062,XAN_1532,172.2,1.020158
S063,XAN_1532,170.2,-0.193866
S064,XAN_1532,170.5,-0.69028
S065,XAN_1532,171,-0.091402
S066,XAN_1532,168.4,-1.593073
S067,XAN_1532,171.3,-0.367674
S068,XAN_1532,170.8,0.123806
S069,XAN_1532,171.7,0.598978
S070,XAN_1532,171.1,-0.229807
S071,XAN_1532,171.1,0.375976
S072,XAN_1532,171.2,0.383757
S073,XAN_1532,170.2,-0.76286
S074,XAN_1532,171.2,0.4635
S075,XAN_1532,170.4,-0.032866
S076,XAN_1532,170.5,-0.590299
S077,XAN_1532,171.2,0.689078
S078,XAN_1532,171.8,1.158632
S079,XAN_1532,169.2,-1.070833
S080,XAN_1532,171.7,0.196417
S081,XAN_1532,169.7,-0.783019
S082,XAN_1532,171.5,0.113737
S083,XAN_1532,171,0.26138
S084,XAN_1532,171.9,0.364241
S085,XAN_1532,172.2,1.614357
S086,XAN_1532,172.7,1.48921
S087,XAN_1532,172,0.637594
S088,XAN_1532,170.4,-0.5907
S089,XAN_1532,172.1,1.091041
S090,XAN_1532,172.3,0.628439
S091,XAN_1532,171.1,0.356648
S092,XAN_1532,171.8,0.282377
S093,XAN_1532,171.6,0.296739
S094,XAN_1532,173.6,1.376251
S095,XAN_1532,171.9,1.070598
S096,XAN_1532,169.7,-1.514594
S097,XAN_1532,169,-1.200786
S098,XAN_1532,169.8,-0.804262
S099,XAN_1532,170.6,0.234813
S100,XAN_1532,172,1.147397
S101,XAN_1532,169.9,-1.48094
S102,XAN_1532,170.7,0.031276
S103,XAN_1532,171.5,0.581518
S104,XAN_1532,168.1,-1.616366
S105,XAN_1532,171,0.007831
S106,XAN_1532,171.8,0.571185
S107,XAN_1532,171.3,0.433025
S108,XAN_1532,171.7,-0.014549
S109,XAN_1532,172.2,0.781094
S110,XAN_1532,170.1,-0.821619
S111,XAN_1532,170.6,-0.906582
S112,XAN_1532,170.7,-0.387555
S113,XAN_1532,171,-0.524272
S114,XAN_1532,169.8,-1.188035
S115,XAN_1532,172.5,0.971821
S116,XAN_1532,171.8,0.428593
S117,XAN_1532,172,0.063028
S118,XAN_1532,171.6,0.443178
S119,XAN_1532,171.1,-0.670158
S120,XAN_1532,171.1,0.023317
S121,XAN_1532,173.2,1.467073
S122,XAN_1532,170.6,-0.388543
S123,XAN_1532,169.2,-1.453972
S124,XAN_1532,169.4,-1.276212
S125,XAN_1532,171.5,0.143983
S126,XAN_1532,170.8,-0.037694
S127,XAN_1532,170.6,-0.661686
S128,XAN_1532,168.6,-1.380868
S129,XAN_1532,171.1,0.441548
S130,XAN_1532,170,-0.671865
S131,XAN_1532,170.7,-0.033433
S132,XAN_1532,171,0.58689
S133,XAN_1532,171.4,0.475844
S134,XAN_1532,170.1,-0.759804
S135,XAN_1532,171.9,0.187179
S136,XAN_1532,170.3,-0.662508
S137,XAN_1532,172.8,1.305709
S138,XAN_1532,169.9,-1.08066
S139,XAN_1532,171,0.312213
S140,XAN_1532,170.1,-1.111205
S141,XAN_1532,170.9,-0.193293
S142,XAN_1532,172.2,2.571861
S143,XAN_1532,171.6,0.619573
S144,XAN_1532,169.6,-0.772067
S145,XAN_1532,170.4,-0.380282
S146,XAN_1532,169.5,-1.043783
S147,XAN_1532,170.1,-0.425288
S148,XAN_1532,171.8,1.139852
S149,XAN_1532,169.7,-1.441177
S150,XAN_1532,169.5,-1.601394
S151,XAN_1532,171.5,0.015096
S152,XAN_1532,170.4,-0.596299
S153,XAN_1532,171,0.129823
S154,XAN_1532,173,0.983481
S155,XAN_1532,172.6,1.222189
S156,XAN_1532,171.2,0.212771
S157,XAN_1532,171.8,-0.536936
S158,XAN_1532,171.8,0.354292
S159,XAN_1532,171,0.481625
S160,XAN_1532,171.5,0.91375
S161,XAN_1532,170,-1.075696
S162,XAN_1532,171.8,0.506159
S163,XAN_1532,171.2,1.106514
S164,XAN_1532,170.2,-0.309352
S165,XAN_1532,170.2,-0.581805
S166,XAN_1532,171.3,0.12986
S167,XAN_1532,170.7,0.063739
S168,XAN_1532,171.2,0.034669
S169,XAN_1532,170.2,-0.411711
S170,XAN_1532,171.4,0.016109
S171,XAN_1532,169.8,-0.420462
S172,XAN_1532,170.1,-0.967282
S173,XAN_1532,171.8,1.560562
S174,XAN_1532,170.1,-0.229168
S175,XAN_1532,170.6,-0.78175
S176,XAN_1532,170.5,-0.455836
S177,XAN_1532,169.8,-0.832265
S178,XAN_1532,170.9,-0.42653
S179,XAN_1532,169.9,-0.829958
S180,XAN_1532,170.3,-0.89577
S181,XAN_1532,170.6,-0.527197
S182,XAN_1532,171.6,0.88553
S183,XAN_1532,170,-0.79305
S184,XAN_1532,169.7,-1.129792
S185,XAN_1532,173.1,1.633126
S186,XAN_1532,170.5,-0.178536
S187,XAN_1532,170.1,-1.273252
S188,XAN_1532,173.4,1.064936
S189,XAN_1532,170.9,-0.419573
S190,XAN_1532,172.6,1.629623
S191,XAN_1532,170.9,-0.300441
S192,XAN_1532,171.2,-0.002917
S193,XAN_1532,170.1,-1.362176
S194,XAN_1532,172.8,0.632913
S195,XAN_1532,171.4,0.184746
S196,XAN_1532,170.5,0.003824
S197,XAN_1532,171.8,0.896222
S198,XAN_1532,171.3,-0.032945
S199,XAN_1532,170.7,-0.396963
S200,XAN_1532,170.6,-0.413048
S001,XAN_1600,245.2,1.21616
S002,XAN_1600,245,0.040811
S003,XAN_1600,245.2,0.443677
S004,XAN_1600,243.6,-0.921457
S005,XAN_1600,243,-1.215297
S006,XAN_1600,245.9,1.420438
S007,XAN_1600,245.2,0.490922
S008,XAN_1600,245.2,0.042074
S009,XAN_1600,243.9,-0.502473
S010,XAN_1600,244.6,0.091611
S011,XAN_1600,244.3,-1.093494
S012,XAN_1600,243.7,-0.879087
S013,XAN_1600,245.1,1.631711
S014,XAN_1600,244.8,-0.180743
S015,XAN_1600,245.3,1.038962
S016,XAN_1600,245.3,0.764639
S017,XAN_1600,246,1.371958
S018,XAN_1600,246.3,1.046936
S019,XAN_1600,243.9,-1.009316
S020,XAN_1600,245.4,0.790099
S021,XAN_1600,244.2,-0.234817
S022,XAN_1600,245.5,0.712249
S023,XAN_1600,244,-0.243007
S024,XAN_1600,245.5,1.290897
S025,XAN_1600,245.2,0.237352
S026,XAN_1600,243.6,-0.988708
S027,XAN_1600,244,-0.302808
S028,XAN_1600,246.4,1.987433
S029,XAN_1600,244.5,-0.046886
S030,XAN_1600,244.2,-0.557229
S031,XAN_1600,244.5,0.053821
S032,XAN_1600,244.6,0.272049
S033,XAN_1600,244.7,0.734773
S034,XAN_1600,243.9,-0.357841
S035,XAN_1600,246,1.646389
S036,XAN_1600,245.1,0.346559
S037,XAN_1600,245.4,0.630562
S038,XAN_1600,244.1,0.075956
S039,XAN_1600,243.5,-0.97488
S040,XAN_1600,244.5,0.09435
S041,XAN_1600,244.5,0.490682
S042,XAN_1600,244.6,0.645562
S043,XAN_1600,245.4,0.49712
S044,XAN_1600,245,0.348754
S045,XAN_1600,244.4,-1.014839
S046,XAN_1600,246.4,0.820131
S047,XAN_1600,242.1,-1.678837
S048,XAN_1600,244.7,0.828931
S049,XAN_1600,243.7,-0.953838
S050,XAN_1600,244.4,-0.040673
S051,XAN_1600,244.5,0.41482
S052,XAN_1600,243.8,-0.289416
S053,XAN_1600,243.7,-0.244376
S054,XAN_1600,244.3,-0.185721
S055,XAN_1600,243.8,-0.419054
S056,XAN_1600,245.1,0.587629
S057,XAN_1600,243.5,-1.506802
S058,XAN_1600,244.8,-0.16181
S059,XAN_1600,245,-0.072616
S060,XAN_1600,244,-0.663334
S061,XAN_1600,243.6,-0.855907
S062,XAN_1600,244.9,0.024
S063,XAN_1600,244.4,0.69259
S064,XAN_1600,243.2,-2.12426
S065,XAN_1600,244.4,-0.361023
S066,XAN_1600,242.5,-1.1001
S067,XAN_1600,244.6,-0.89727
S068,XAN_1600,244.4,0.087833
S069,XAN_1600,245.3,0.567378
S070,XAN_1600,245.3,0.683607
S071,XAN_1600,244.3,-0.171836
S072,XAN_1600,245.4,1.14676
S073,XAN_1600,245,0.777506
S074,XAN_1600,244.9,0.552369
S075,XAN_1600,243.4,-0.686524
S076,XAN_1600,244.2,-0.514356
S077,XAN_1600,245,0.832735
S078,XAN_1600,245,0.472527
S079,XAN_1600,242.9,-0.980936
S080,XAN_1600,244.9,-0.248595
S081,XAN_1600,243.2,-0.881507
S082,XAN_1600,244.5,-0.459268
S083,XAN_1600,245.2,0.789566
S084,XAN_1600,245.6,0.440457
S085,XAN_1600,244.5,-0.486348
S086,XAN_1600,245.8,1.004248
S087,XAN_1600,245.5,0.533901
S088,XAN_1600,244.9,0.431315
S089,XAN_1600,245.6,0.961136
S090,XAN_1600,246.1,0.776905
S091,XAN_1600,243.5,-0.998288
S092,XAN_1600,245.8,0.615116
S093,XAN_1600,246,1.404881
S094,XAN_1600,247.4,1.51623
S095,XAN_1600,245.4,0.920884
S096,XAN_1600,243.2,-1.668716
S097,XAN_1600,242.1,-1.603348
S098,XAN_1600,243.6,-0.607017
S099,XAN_1600,244.4,0.488039
S100,XAN_1600,245.3,0.73604
S101,XAN_1600,244.3,-0.648616
S102,XAN_1600,244.9,0.930724
S103,XAN_1600,245.4,1.127975
S104,XAN_1600,242.9,-0.703126
S105,XAN_1600,245.2,0.743234
S106,XAN_1600,245.5,0.679873
S107,XAN_1600,245,0.530121
S108,XAN_1600,245.5,0.17782800000000001
S109,XAN_1600,245.8,0.754943
S110,XAN_1600,244.2,-0.276295
S111,XAN_1600,244.5,-0.623105
S112,XAN_1600,243.9,-1.125795
S113,XAN_1600,245.6,1.097117
S114,XAN_1600,244.1,-0.487625
S115,XAN_1600,245.8,0.654561
S116,XAN_1600,246.2,1.182132
S117,XAN_1600,245.9,0.390527
S118,XAN_1600,244.7,-0.429424
S119,XAN_1600,245.8,0.505858
S120,XAN_1600,243.7,-1.143488
S121,XAN_1600,246.4,1.118932
S122,XAN_1600,243.9,-0.799146
S123,XAN_1600,243.5,-0.687539
S124,XAN_1600,243.2,-1.066966
S125,XAN_1600,244.2,-0.616363
S126,XAN_1600,242.8,-1.653605
S127,XAN_1600,243.6,-1.534284
S128,XAN_1600,242.4,-1.267783
S129,XAN_1600,245.5,1.408351
S130,XAN_1600,243.9,-0.215802
S131,XAN_1600,244.4,0.093175
S132,XAN_1600,244.1,-0.107515
S133,XAN_1600,244.4,-0.129273
S134,XAN_1600,243,-1.415309
S135,XAN_1600,246.2,0.965535
S136,XAN_1600,244,-0.55522
S137,XAN_1600,245.6,0.578035
S138,XAN_1600,244.6,-0.104941
S139,XAN_1600,243.6,-1.128733
S140,XAN_1600,244.4,-0.271838
S141,XAN_1600,244.6,-0.121069
S142,XAN_1600,244.3,-0.416549
S143,XAN_1600,245,0.426393
S144,XAN_1600,243,-0.964979
S145,XAN_1600,244.1,-0.262521
S146,XAN_1600,243.4,-0.76264
S147,XAN_1600,244.3,0.102683
S148,XAN_1600,245.2,0.911292
S149,XAN_1600,243,-1.729827
S150,XAN_1600,243.6,-1.026863
S151,XAN_1600,245.3,0.312092
S152,XAN_1600,244,-0.616263
S153,XAN_1600,245,0.751909
S154,XAN_1600,246.5,0.894297
S155,XAN_1600,246.1,1.088863
S156,XAN_1600,244.8,0.180161
S157,XAN_1600,245.8,0.283421
S158,XAN_1600,246.9,1.465828
S159,XAN_1600,244.8,0.749302
S160,XAN_1600,244.7,0.218555
S161,XAN_1600,243.3,-1.405712
S162,XAN_1600,245.8,0.840154
S163,XAN_1600,245,1.455302
S164,XAN_1600,244.5,0.598372
S165,XAN_1600,243.2,-1.209469
S166,XAN_1600,244.6,-0.175888
S167,XAN_1600,244.9,0.712052
S168,XAN_1600,243.8,-1.641058
S169,XAN_1600,242.6,-1.704774
S170,XAN_1600,244,-1.352585
S171,XAN_1600,243.6,-0.207843
S172,XAN_1600,243.8,-0.855465
S173,XAN_1600,244.6,0.784869
S174,XAN_1600,243.8,-0.18209
S175,XAN_1600,244.6,-0.1383
S176,XAN_1600,244.5,0.227235
S177,XAN_1600,242.9,-1.298688
S178,XAN_1600,244.7,-0.219543
S179,XAN_1600,244,-0.232868
S180,XAN_1600,244,-0.77247
S181,XAN_1600,244.2,-0.560177
S182,XAN_1600,244.7,0.249685
S183,XAN_1600,243.6,-0.819424
S184,XAN_1600,242.7,-1.713438
S185,XAN_1600,245.6,0.580568
S186,XAN_1600,243.4,-1.093451
S187,XAN_1600,244.2,-0.879064
S188,XAN_1600,246.8,0.927376
S189,XAN_1600,244.3,-0.602627
S190,XAN_1600,244.8,0.159224
S191,XAN_1600,244.8,0.067903
S192,XAN_1600,245.1,0.287046
S193,XAN_1600,245.1,1.490884
S194,XAN_1600,246.6,0.757252
S195,XAN_1600,246.2,1.9329480000000001
S196,XAN_1600,244.8,0.805535
S197,XAN_1600,244.6,0.191777
S198,XAN_1600,245.4,0.384804
S199,XAN_1600,244.2,-0.519813
S200,XAN_1600,244.8,0.179753
S001,XAN_1639,150.9,-0.403314
S002,XAN_1639,151.5,-0.896661
S003,XAN_1639,151.9,-0.106157
S004,XAN_1639,151.2,-0.436581
S005,XAN_1639,150.5,-0.852097
S006,XAN_1639,153.2,1.574506
S007,XAN_1639,151.9,0.013419
S008,XAN_1639,152.9,0.752167
S009,XAN_1639,150.3,-1.258426
S010,XAN_1639,151.1,-0.757166
S011,XAN_1639,152.4,0.373776
S012,XAN_1639,150.5,-1.256743
S013,XAN_1639,151.6,0.638953
S014,XAN_1639,152.3,0.185647
S015,XAN_1639,152,0.507428
S016,XAN_1639,153,1.343605
S017,XAN_1639,153.3,1.52258
S018,XAN_1639,153.6,1.179136
S019,XAN_1639,152,0.236258
S020,XAN_1639,152.1,0.250076
S021,XAN_1639,151.6,-0.0044470000000000004
S022,XAN_1639,151.1,-0.741154
S023,XAN_1639,151.5,0.128879
S024,XAN_1639,151.8,0.097837
S025,XAN_1639,153.5,1.773893
S026,XAN_1639,151.8,0.203932
S027,XAN_1639,151.1,-0.407904
S028,XAN_1639,152.2,-0.135191
S029,XAN_1639,151.7,0.006901
S030,XAN_1639,151.5,-0.427531
S031,XAN_1639,152,0.530122
S032,XAN_1639,152.3,1.039591
S033,XAN_1639,151.9,0.788033
S034,XAN_1639,151.7,0.537989
S035,XAN_1639,153.1,1.601122
S036,XAN_1639,152.3,0.393962
S037,XAN_1639,152.2,-0.135631
S038,XAN_1639,151.3,0.105159
S039,XAN_1639,150.6,-1.087268
S040,XAN_1639,152.4,1.053966
S041,XAN_1639,151.5,0.179879
S042,XAN_1639,152.4,1.332542
S043,XAN_1639,151.5,-0.59107
S044,XAN_1639,152.6,0.82261
S045,XAN_1639,151.8,-0.745102
S046,XAN_1639,153.7,0.968939
S047,XAN_1639,149.3,-1.675124
S048,XAN_1639,151.8,0.725327
S049,XAN_1639,151.2,-0.572366
S050,XAN_1639,152.1,0.792917
S051,XAN_1639,150.9,-0.580909
S052,XAN_1639,150.7,-0.850064
S053,XAN_1639,150.8,-0.398767
S054,XAN_1639,150.2,-1.429462
S055,XAN_1639,151.5,0.282719
S056,XAN_1639,151.6,-0.076878
S057,XAN_1639,150.4,-1.900536
S058,XAN_1639,151.9,-0.232719
S059,XAN_1639,152,-0.313604
S060,XAN_1639,151.5,-0.014492
S061,XAN_1639,151.5,0.256092
S062,XAN_1639,152.8,0.831914
S063,XAN_1639,151.4,0.437162
S064,XAN_1639,151,-1.148047
S065,XAN_1639,151.8,-0.073278
S066,XAN_1639,149.6,-1.193295
S067,XAN_1639,152.3,-0.007335
S068,XAN_1639,150.7,-1.28826
S069,XAN_1639,152.9,1.117897
S070,XAN_1639,151.1,-1.490414
S071,XAN_1639,151.2,-0.520262
S072,XAN_1639,151.6,-0.131056
S073,XAN_1639,151.6,0.04059
S074,XAN_1639,151.4,-0.230618
S075,XAN_1639,150.3,-0.983206
S076,XAN_1639,150.9,-0.974884
S077,XAN_1639,152.2,0.868854
S078,XAN_1639,151.8,-0.10892
S079,XAN_1639,151.1,0.138096
S080,XAN_1639,152.3,0.007889
S081,XAN_1639,149.5,-1.620209
S082,XAN_1639,150.7,-1.354083
S083,XAN_1639,152.2,0.64677
S084,XAN_1639,153,0.70602
S085,XAN_1639,152.3,0.534987
S086,XAN_1639,153.1,1.147681
S087,XAN_1639,152.3,0.244724
S088,XAN_1639,151.8,0.127254
S089,XAN_1639,152.6,0.807939
S090,XAN_1639,153,0.565455
S091,XAN_1639,151.3,-0.298956
S092,XAN_1639,153.1,0.754603
S093,XAN_1639,152.2,0.036941
S094,XAN_1639,153.9,0.987256
S095,XAN_1639,153.1,1.578358
S096,XAN_1639,151.4,-0.331594
S097,XAN_1639,150.7,-0.494221
S098,XAN_1639,150.9,-0.469163
S099,XAN_1639,151,-0.327289
S100,XAN_1639,152.5,0.796809
S101,XAN_1639,150.6,-1.585192
S102,XAN_1639,152.8,2.102816
S103,XAN_1639,151.4,-1.193757
S104,XAN_1639,149.2,-1.393776
S105,XAN_1639,151.2,-0.749104
S106,XAN_1639,153.8,2.402181
S107,XAN_1639,152.2,0.587048
S108,XAN_1639,152.5,0.01008
S109,XAN_1639,153.4,1.18847
S110,XAN_1639,151,-0.699814
S111,XAN_1639,152.6,0.346066
S112,XAN_1639,151.7,-0.012476
S113,XAN_1639,151,-1.846156
S114,XAN_1639,150.8,-0.97666
S115,XAN_1639,152.7,0.414412
S116,XAN_1639,153,0.846306
S117,XAN_1639,153.3,0.701799
S118,XAN_1639,152.3,0.310144
S119,XAN_1639,153.4,1.009431
S120,XAN_1639,151.7,-0.189428
S121,XAN_1639,153.6,1.170214
S122,XAN_1639,150.3,-1.795772
S123,XAN_1639,151.1,-0.205935
S124,XAN_1639,150.6,-0.811622
S125,XAN_1639,152,-0.08933
S126,XAN_1639,151.1,-0.529512
S127,XAN_1639,151.2,-0.930765
S128,XAN_1639,150,-1.014527
S129,XAN_1639,150.6,-1.18039
S130,XAN_1639,151.9,1.153046
S131,XAN_1639,151.8,0.483369
S132,XAN_1639,151.4,0.069017
S133,XAN_1639,152.9,1.181497
S134,XAN_1639,151.6,-0.108914
S135,XAN_1639,151.9,-0.722363
S136,XAN_1639,150.7,-1.203842
S137,XAN_1639,153.1,0.890729
S138,XAN_1639,151.1,-0.711058
S139,XAN_1639,151.5,-0.094778
S140,XAN_1639,151.2,-0.728442
S141,XAN_1639,152.2,0.296984
S142,XAN_1639,151.8,0.245847
S143,XAN_1639,153.6,1.679035
S144,XAN_1639,149.8,-1.308066
S145,XAN_1639,151.9,0.69786
S146,XAN_1639,149.8,-1.550325
S147,XAN_1639,151.2,-0.142982
S148,XAN_1639,152.4,0.958678
S149,XAN_1639,151.5,-0.522602
S150,XAN_1639,150.4,-1.481024
S151,XAN_1639,153,1.256298
S152,XAN_1639,151.5,-0.305964
S153,XAN_1639,151.7,-0.012896
S154,XAN_1639,153.3,0.661665
S155,XAN_1639,152.2,-7.88e-4
S156,XAN_1639,151.3,-0.716313
S157,XAN_1639,153,0.404704
S158,XAN_1639,152.9,0.601289
S159,XAN_1639,151.6,0.196732
S160,XAN_1639,151.5,-0.378822
S161,XAN_1639,150.6,-1.279889
S162,XAN_1639,152.9,0.798897
S163,XAN_1639,152.3,1.744263
S164,XAN_1639,150.9,-0.435817
S165,XAN_1639,151.2,-0.369972
S166,XAN_1639,152.6,0.624325
S167,XAN_1639,151.1,-0.378177
S168,XAN_1639,151.1,-1.430077
S169,XAN_1639,150.7,-0.726697
S170,XAN_1639,151.5,-0.905932
S171,XAN_1639,150.8,-0.178621
S172,XAN_1639,150.5,-1.529436
S173,XAN_1639,152.2,1.201788
S174,XAN_1639,152.2,0.554446
S175,XAN_1639,152,0.272872
S176,XAN_1639,150.8,-1.353729
S177,XAN_1639,150.7,-0.738874
S178,XAN_1639,152.1,0.064802
S179,XAN_1639,150.1,-1.581744
S180,XAN_1639,151.8,0.226479
S181,XAN_1639,153,1.896833
S182,XAN_1639,151.9,0.298096
S183,XAN_1639,151.5,0.143092
S184,XAN_1639,150.4,-1.223874
S185,XAN_1639,152.5,0.34633
S186,XAN_1639,151.9,0.604931
S187,XAN_1639,152.2,-0.185121
S188,XAN_1639,153.7,0.787969
S189,XAN_1639,150.7,-1.239333
S190,XAN_1639,151.6,-0.215398
S191,XAN_1639,150.9,-1.361353
S192,XAN_1639,152.7,0.761482
S193,XAN_1639,151.4,-0.301966
S194,XAN_1639,154.1,1.028012
S195,XAN_1639,152.2,0.213264
S196,XAN_1639,150.9,-0.46395
S197,XAN_1639,152.5,0.829666
S198,XAN_1639,153,0.784881
S199,XAN_1639,152,0.123083
S200,XAN_1639,151.4,-0.40187
S001,XAN_1770,193.9,-1.957542
S002,XAN_1770,195.8,-1.212107
S003,XAN_1770,198.4,2.083775
S004,XAN_1770,195.5,-0.666209
S005,XAN_1770,196.1,0.364247
S006,XAN_1770,196.6,0.414058
S007,XAN_1770,197.1,0.637617
S008,XAN_1770,198.3,1.679811
S009,XAN_1770,196.6,0.433117
S010,XAN_1770,196.3,0.071279
S011,XAN_1770,196.3,-0.653554
S012,XAN_1770,195.2,-1.035868
S013,XAN_1770,194.9,-1.121034
S014,XAN_1770,197.3,0.593965
S015,XAN_1770,196.4,0.318723
S016,XAN_1770,197.3,1.005153
S017,XAN_1770,196.2,-0.055762
S018,XAN_1770,198.2,1.113802
S019,XAN_1770,196.5,0.146108
S020,XAN_1770,197.3,0.94442
S021,XAN_1770,196.1,-0.04478
S022,XAN_1770,196.5,0.039935
S023,XAN_1770,196.1,0.195681
S024,XAN_1770,196.8,0.67770300000000006
S025,XAN_1770,196.8,0.048668
S026,XAN_1770,196.4,0.249812
S027,XAN_1770,196.3,0.561107
S028,XAN_1770,196.7,-0.26287
S029,XAN_1770,196.3,0.074264
S030,XAN_1770,196.9,0.360775
S031,XAN_1770,195.6,-0.753645
S032,XAN_1770,196.7,0.782216
S033,XAN_1770,196.4,0.706296
S034,XAN_1770,196.1,0.337416
S035,XAN_1770,197.5,1.354239
S036,XAN_1770,196.9,0.40063
S037,XAN_1770,197.1,0.504185
S038,XAN_1770,196.5,0.695616
S039,XAN_1770,194.9,-1.323077
S040,XAN_1770,196.9,0.931949
S041,XAN_1770,195.8,-0.240647
S042,XAN_1770,196.4,0.729026
S043,XAN_1770,196.4,-0.23964
S044,XAN_1770,195.7,-0.688212
S045,XAN_1770,197.1,0.049117
S046,XAN_1770,198.5,1.060815
S047,XAN_1770,194.2,-1.227485
S048,XAN_1770,196.8,1.43223
S049,XAN_1770,196.1,-0.151765
S050,XAN_1770,195.7,-0.630571
S051,XAN_1770,195.6,-0.329961
S052,XAN_1770,195.7,0.148229
S053,XAN_1770,195.2,-0.567759
S054,XAN_1770,194.7,-1.378454
S055,XAN_1770,194.3,-1.875828
S056,XAN_1770,196.6,0.35544
S057,XAN_1770,196.2,-0.119256
S058,XAN_1770,196.6,-0.081478
S059,XAN_1770,197.6,1.165317
S060,XAN_1770,196.2,0.285702
S061,XAN_1770,196.5,0.920384
S062,XAN_1770,197.9,1.311019
S063,XAN_1770,195.4,-0.330013
S064,XAN_1770,195.8,-0.707869
S065,XAN_1770,195.4,-1.166626
S066,XAN_1770,194.3,-0.90668
S067,XAN_1770,197.9,1.547466
S068,XAN_1770,195,-1.55554
S069,XAN_1770,196.8,0.272973
S070,XAN_1770,196.8,0.298748
S071,XAN_1770,195.3,-1.028264
S072,XAN_1770,196.1,-0.18579
S073,XAN_1770,196.3,0.233986
S074,XAN_1770,195.1,-1.152588
S075,XAN_1770,195.2,-0.53663
S076,XAN_1770,194.5,-1.79756
S077,XAN_1770,196,0.260294
S078,XAN_1770,197,0.869381
S079,XAN_1770,195,-0.48809
S080,XAN_1770,196.7,-0.18319
S081,XAN_1770,194.4,-1.224624
S082,XAN_1770,196.6,-0.122124
S083,XAN_1770,197.6,1.352835
S084,XAN_1770,196.5,-0.419728
S085,XAN_1770,196.3,-0.353568
S086,XAN_1770,197.2,0.670871
S087,XAN_1770,196.4,-0.136246
S088,XAN_1770,196.6,0.394022
S089,XAN_1770,197.4,0.986953
S090,XAN_1770,198.2,1.021136
S091,XAN_1770,196.2,0.096826
S092,XAN_1770,195.8,-0.889547
S093,XAN_1770,197.1,0.46219
S094,XAN_1770,198.9,1.219605
S095,XAN_1770,196.6,0.292421
S096,XAN_1770,195.7,-0.612739
S097,XAN_1770,196.2,0.258335
S098,XAN_1770,195.2,-0.6698
S099,XAN_1770,196.1,0.480319
S100,XAN_1770,196.9,0.54987
S101,XAN_1770,196,-0.648715
S102,XAN_1770,195.5,-0.74136
S103,XAN_1770,196.9,0.634462
S104,XAN_1770,193.7,-1.301617
S105,XAN_1770,196.1,-0.28438600000000003
S106,XAN_1770,197.6,1.144564
S107,XAN_1770,195.8,-0.616115
S108,XAN_1770,197.3,0.211731
S109,XAN_1770,198.4,1.481362
S110,XAN_1770,195.4,-0.80866
S111,XAN_1770,197,0.138836
S112,XAN_1770,196.8,0.896039
S113,XAN_1770,197.3,0.981964
S114,XAN_1770,195.3,-0.963919
S115,XAN_1770,197.6,0.668719
S116,XAN_1770,198.7,1.821194
S117,XAN_1770,198.8,1.651486
S118,XAN_1770,196.6,-0.150656
S119,XAN_1770,196.9,-0.202388
S120,XAN_1770,196.5,0.079508
S121,XAN_1770,198,0.95213
S122,XAN_1770,196.3,0.072383
S123,XAN_1770,194.3,-1.596411
S124,XAN_1770,194.7,-1.217423
S125,XAN_1770,196.4,-0.223107
S126,XAN_1770,196,-0.160171
S127,XAN_1770,195.2,-1.614888
S128,XAN_1770,194.9,-0.742301
S129,XAN_1770,196.3,0.267091
S130,XAN_1770,195.4,-0.489775
S131,XAN_1770,196,-0.070481
S132,XAN_1770,195.9,0.032045
S133,XAN_1770,196.4,0.140461
S134,XAN_1770,195.5,-0.663301
S135,XAN_1770,197.5,0.410601
S136,XAN_1770,195.6,-0.662448
S137,XAN_1770,197.3,0.517231
S138,XAN_1770,195.3,-0.9746
S139,XAN_1770,195.7,-0.543283
S140,XAN_1770,195.8,-0.62936
S141,XAN_1770,196.4,-0.047092
S142,XAN_1770,196.8,1.064734
S143,XAN_1770,196.1,-0.091789
S144,XAN_1770,194.5,-1.070978
S145,XAN_1770,195.8,-0.246673
S146,XAN_1770,195.5,-0.336812
S147,XAN_1770,195.8,-0.069903
S148,XAN_1770,197.1,1.05395
S149,XAN_1770,195.7,-0.810823
S150,XAN_1770,195.1,-1.208364
S151,XAN_1770,197.6,1.187324
S152,XAN_1770,195.9,-0.425875
S153,XAN_1770,196.4,0.220705
S154,XAN_1770,198.2,0.81419299999999994
S155,XAN_1770,196.8,0.01275
S156,XAN_1770,196.5,0.144306
S157,XAN_1770,198,1.14718
S158,XAN_1770,198,0.932814
S159,XAN_1770,196.3,0.421401
S160,XAN_1770,195.7,-0.89955
S161,XAN_1770,195.3,-1.058098
S162,XAN_1770,196.7,0.091541
S163,XAN_1770,196.2,0.441353
S164,XAN_1770,195.3,-0.55477
S165,XAN_1770,195.5,-0.576022
S166,XAN_1770,196.2,-0.280184
S167,XAN_1770,195.6,-0.386877
S168,XAN_1770,196.6,0.106056
S169,XAN_1770,196.1,0.195996
S170,XAN_1770,196.6,-0.193615
S171,XAN_1770,196.2,0.839241
S172,XAN_1770,195.8,-0.418794
S173,XAN_1770,196.1,0.592054
S174,XAN_1770,196.1,0.169895
S175,XAN_1770,196.6,0.318071
S176,XAN_1770,195,-1.844429
S177,XAN_1770,194,-1.741872
S178,XAN_1770,196.2,-0.466361
S179,XAN_1770,195.3,-0.683964
S180,XAN_1770,195.9,-0.451447
S181,XAN_1770,196.2,-0.130812
S182,XAN_1770,196.8,0.681833
S183,XAN_1770,194.7,-1.515062
S184,XAN_1770,195.5,-0.651376
S185,XAN_1770,196.1,-0.541317
S186,XAN_1770,196.7,0.88705
S187,XAN_1770,195.6,-1.108235
S188,XAN_1770,199.3,1.297472
S189,XAN_1770,196.2,-0.447458
S190,XAN_1770,196.4,0.034323
S191,XAN_1770,196.6,0.15834
S192,XAN_1770,197.6,1.038714
S193,XAN_1770,195.6,-0.947014
S194,XAN_1770,199.4,1.428803
S195,XAN_1770,197.9,1.782219
S196,XAN_1770,196.1,0.326234
S197,XAN_1770,196.9,0.662286
S198,XAN_1770,197.4,0.582831
S199,XAN_1770,195.5,-0.894137
S200,XAN_1770,194.9,-1.40181
S001,XAN_1815,1432.4,-0.955686
S002,XAN_1815,1433.9,-0.337819
S003,XAN_1815,1434.2,0.243757
S004,XAN_1815,1431.9,-1.911892
S005,XAN_1815,1431.9,-1.53136
S006,XAN_1815,1435,1.358868
S007,XAN_1815,1434.3,0.421646
S008,XAN_1815,1434.3,-0.043486
S009,XAN_1815,1432.6,-0.962039
S010,XAN_1815,1433.1,-0.759516
S011,XAN_1815,1433.3,-1.359799
S012,XAN_1815,1432.7,-1.053261
S013,XAN_1815,1433,-0.271831
S014,XAN_1815,1433.5,-0.679971
S015,XAN_1815,1435,1.661213
S016,XAN_1815,1434.1,0.381159
S017,XAN_1815,1433.9,0.172901
S018,XAN_1815,1435.2,0.835038
S019,XAN_1815,1432.7,-1.505406
S020,XAN_1815,1435.4,1.780963
S021,XAN_1815,1433.7,0.087661
S022,XAN_1815,1434.3,0.372975
S023,XAN_1815,1433.1,-0.324048
S024,XAN_1815,1433.4,-0.470046
S025,XAN_1815,1434.8,0.813592
S026,XAN_1815,1433.3,-0.382269
S027,XAN_1815,1434.7,1.968687
S028,XAN_1815,1434.1,-0.310428
S029,XAN_1815,1434.5,1.157436
S030,XAN_1815,1433.8,-0.141893
S031,XAN_1815,1433.6,-0.044292
S032,XAN_1815,1432.9,-0.957467
S033,XAN_1815,1434,0.910054
S034,XAN_1815,1433.4,0.104155
S035,XAN_1815,1434.1,0.532293
S036,XAN_1815,1433,-0.978471
S037,XAN_1815,1434.1,-0.376654
S038,XAN_1815,1433.4,0.194359
S039,XAN_1815,1433.9,0.800336
S040,XAN_1815,1434.7,1.424459
S041,XAN_1815,1434,1.113635
S042,XAN_1815,1433.7,0.571428
S043,XAN_1815,1433.8,-0.288559
S044,XAN_1815,1435.1,1.336471
S045,XAN_1815,1433.1,-1.549347
S046,XAN_1815,1435.2,0.493376
S047,XAN_1815,1431.9,-1.113551
S048,XAN_1815,1432.2,-2.003614
S049,XAN_1815,1433.7,0.004828
S050,XAN_1815,1432.9,-1.075644
S051,XAN_1815,1433.5,0.194983
S052,XAN_1815,1432.8,-0.643022
S053,XAN_1815,1432.7,-0.603635
S054,XAN_1815,1432.3,-1.326279
S055,XAN_1815,1433.1,-0.252167
S056,XAN_1815,1434.7,1.023201
S057,XAN_1815,1433.2,-0.766751
S058,XAN_1815,1433.9,-0.243137
S059,XAN_1815,1433.6,-0.939253
S060,XAN_1815,1432.9,-1.194673
S061,XAN_1815,1433.6,0.400188
S062,XAN_1815,1435.2,1.245731
S063,XAN_1815,1433,-0.185033
S064,XAN_1815,1433.1,-0.993234
S065,XAN_1815,1434.2,0.401924
S066,XAN_1815,1433,0.247053
S067,XAN_1815,1434.2,-0.191343
S068,XAN_1815,1433.7,0.292209
S069,XAN_1815,1434.2,0.243209
S070,XAN_1815,1435.2,1.853657
S071,XAN_1815,1433.9,0.385348
S072,XAN_1815,1433,-0.938581
S073,XAN_1815,1432.8,-1.017923
S074,XAN_1815,1432.5,-1.297968
S075,XAN_1815,1432.2,-1.083557
S076,XAN_1815,1432.9,-0.975
S077,XAN_1815,1433.7,0.448585
S078,XAN_1815,1434.3,0.686962
S079,XAN_1815,1432.2,-0.847726
S080,XAN_1815,1434.7,0.414998
S081,XAN_1815,1432.6,-0.695796
S082,XAN_1815,1433.8,-0.339509
S083,XAN_1815,1434.6,1.004735
S084,XAN_1815,1434.8,0.47774
S085,XAN_1815,1434.6,0.992611
S086,XAN_1815,1435.4,1.406215
S087,XAN_1815,1433.4,-0.503344
S088,XAN_1815,1433.3,-0.466667
S089,XAN_1815,1433.5,-0.334231
S090,XAN_1815,1433.7,-0.579236
S091,XAN_1815,1433.7,0.142139
S092,XAN_1815,1434,-0.247256
S093,XAN_1815,1434.6,0.595999
S094,XAN_1815,1436.3,1.30168
S095,XAN_1815,1434.7,1.080723
S096,XAN_1815,1433.4,-0.337374
S097,XAN_1815,1431.8,-1.19783
S098,XAN_1815,1432.7,-0.688883
S099,XAN_1815,1432.5,-1.044532
S100,XAN_1815,1433.3,-0.737697
S101,XAN_1815,1434.2,0.133069
S102,XAN_1815,1433.5,0.041548
S103,XAN_1815,1433.7,-0.602675
S104,XAN_1815,1431.3,-1.305129
S105,XAN_1815,1432.9,-1.137312
S106,XAN_1815,1434.8,0.880463
S107,XAN_1815,1433.3,-0.59347
S108,XAN_1815,1435.5,1.106183
S109,XAN_1815,1434.1,-0.061521
S110,XAN_1815,1433.3,-0.358022
S111,XAN_1815,1434.1,-0.182005
S112,XAN_1815,1433.2,-0.902837
S113,XAN_1815,1433.7,-0.679412
S114,XAN_1815,1433.8,0.058546
S115,XAN_1815,1435.9,1.562888
S116,XAN_1815,1435.1,0.926315
S117,XAN_1815,1436,1.520972
S118,XAN_1815,1435.7,2.625504
S119,XAN_1815,1435.1,0.655994
S120,XAN_1815,1434,0.146118
S121,XAN_1815,1434.4,0.177523
S122,XAN_1815,1433.5,-0.252266
S123,XAN_1815,1432.4,-0.997953
S124,XAN_1815,1433.5,0.231488
S125,XAN_1815,1433.9,-0.179875
S126,XAN_1815,1432.9,-0.731521
S127,XAN_1815,1433.3,-0.793629
S128,XAN_1815,1430.9,-1.686564
S129,XAN_1815,1433.3,-0.300742
S130,XAN_1815,1432.5,-1.154367
S131,XAN_1815,1433.4,-0.186995
S132,XAN_1815,1435.3,2.595778
S133,XAN_1815,1434.4,0.677975
S134,XAN_1815,1432.1,-1.486299
S135,XAN_1815,1433.8,-0.848756
S136,XAN_1815,1432.9,-0.928034
S137,XAN_1815,1434.7,0.52132
S138,XAN_1815,1433.1,-0.712736
S139,XAN_1815,1432.6,-1.375728
S140,XAN_1815,1432.6,-1.476751
S141,XAN_1815,1433.8,-0.092174
S142,XAN_1815,1434.2,1.016739
S143,XAN_1815,1433.6,-0.061752
S144,XAN_1815,1433.2,-0.058666
S145,XAN_1815,1432.7,-1.125248
S146,XAN_1815,1431.7,-1.641242
S147,XAN_1815,1434.5,1.044966
S148,XAN_1815,1433.8,0.33656
S149,XAN_1815,1433.5,-0.527428
S150,XAN_1815,1433.5,-0.157031
S151,XAN_1815,1434.6,0.541338
S152,XAN_1815,1433.8,-0.031186
S153,XAN_1815,1434.3,0.972169
S154,XAN_1815,1435.7,0.921925
S155,XAN_1815,1434.2,-0.012573
S156,XAN_1815,1433.2,-0.855974
S157,XAN_1815,1434.7,-0.297768
S158,XAN_1815,1435.4,0.96717
S159,XAN_1815,1433.3,-0.270282
S160,XAN_1815,1435,2.076628
S161,XAN_1815,1432.7,-1.173705
S162,XAN_1815,1435.1,0.962964
S163,XAN_1815,1433.9,0.921699
S164,XAN_1815,1433.2,-0.032966
S165,XAN_1815,1432.6,-0.982454
S166,XAN_1815,1435.3,1.272909
S167,XAN_1815,1434.6,1.312506
S168,XAN_1815,1434.5,0.868983
S169,XAN_1815,1433.8,0.446088
S170,XAN_1815,1434,-0.241977
S171,XAN_1815,1433.6,0.769087
S172,XAN_1815,1433.3,-0.394086
S173,XAN_1815,1434.1,1.096723
S174,XAN_1815,1434.3,0.607188
S175,XAN_1815,1434,0.256383
S176,XAN_1815,1433.7,0.281766
S177,XAN_1815,1433.2,-0.286139
S178,XAN_1815,1433.8,-0.300704
S179,XAN_1815,1433,-0.448475
S180,XAN_1815,1432.8,-1.358147
S181,XAN_1815,1434.3,0.825154
S182,XAN_1815,1434.3,0.773727
S183,XAN_1815,1433.7,0.399536
S184,XAN_1815,1433.2,-0.461808
S185,XAN_1815,1435,0.801013
S186,XAN_1815,1434.1,0.848549
S187,XAN_1815,1433.5,-0.772889
S188,XAN_1815,1435.5,0.654257
S189,XAN_1815,1432.2,-1.65006
S190,XAN_1815,1435.4,1.639628
S191,XAN_1815,1433,-1.227725
S192,XAN_1815,1435,1.062048
S193,XAN_1815,1433.7,0.312427
S194,XAN_1815,1436.8,1.521857
S195,XAN_1815,1434.3,0.345821
S196,XAN_1815,1433.9,0.724214
S197,XAN_1815,1434.2,0.560668
S198,XAN_1815,1433.8,-0.291286
S199,XAN_1815,1433.5,-0.390353
S200,XAN_1815,1434.1,0.31543
S001,XAN_1983,140.4,-0.106194
S002,XAN_1983,141,-0.530417
S003,XAN_1983,142,0.91104
S004,XAN_1983,140.2,-0.699163
S005,XAN_1983,139.4,-1.215183
S006,XAN_1983,141.4,0.536086
S007,XAN_1983,141.5,0.37957
S008,XAN_1983,142.1,0.671114
S009,XAN_1983,141.3,0.457757
S010,XAN_1983,140.6,-0.419536
S011,XAN_1983,140.5,-1.409213
S012,XAN_1983,139.8,-1.179059
S013,XAN_1983,140.6,0.280212
S014,XAN_1983,141.8,0.446615
S015,XAN_1983,141.5,0.798731
S016,XAN_1983,141.1,0.132881
S017,XAN_1983,142.1,1.079592
S018,XAN_1983,141.8,0.312635
S019,XAN_1983,140.4,-0.881513
S020,XAN_1983,142.3,1.36877
S021,XAN_1983,141.1,0.247784
S022,XAN_1983,142.9,1.626111
S023,XAN_1983,140.4,-0.246794
S024,XAN_1983,140.5,-0.653438
S025,XAN_1983,141.2,-0.299724
S026,XAN_1983,140.2,-0.762161
S027,XAN_1983,141.1,0.724166
S028,XAN_1983,141.1,-0.683189
S029,XAN_1983,141.1,0.233358
S030,XAN_1983,139.8,-1.329946
S031,XAN_1983,141,0.185644
S032,XAN_1983,140.3,-0.717079
S033,XAN_1983,140.9,0.46178
S034,XAN_1983,141.1,0.758521
S035,XAN_1983,141.1,0.283859
S036,XAN_1983,140.6,-0.594201
S037,XAN_1983,141.9,0.827227
S038,XAN_1983,141.3,0.806213
S039,XAN_1983,139.7,-1.26462
S040,XAN_1983,141.2,0.471789
S041,XAN_1983,141,0.668125
S042,XAN_1983,142.3,2.015332
S043,XAN_1983,141.4,0.081543
S044,XAN_1983,140.4,-0.708543
S045,XAN_1983,140.6,-1.245541
S046,XAN_1983,143.6,1.528812
S047,XAN_1983,140.4,0.047746
S048,XAN_1983,140.1,-0.863583
S049,XAN_1983,141.1,0.194153
S050,XAN_1983,140.7,-0.201095
S051,XAN_1983,141,0.53641
S052,XAN_1983,140.4,0.109115
S053,XAN_1983,140.5,0.569324
S054,XAN_1983,140.1,-0.769426
S055,XAN_1983,141.2,0.885753
S056,XAN_1983,140.4,-0.516417
S057,XAN_1983,139.7,-1.78866
S058,XAN_1983,141.6,0.302111
S059,XAN_1983,141.2,-0.385965
S060,XAN_1983,140.1,-1.24983
S061,XAN_1983,140.7,0.197118
S062,XAN_1983,141.9,0.658906
S063,XAN_1983,139.8,-0.839948
S064,XAN_1983,141.6,0.974922
S065,XAN_1983,141.6,0.594401
S066,XAN_1983,138.4,-1.604184
S067,XAN_1983,141.2,-0.581154
S068,XAN_1983,140.6,-0.232589
S069,XAN_1983,140.8,-0.530151
S070,XAN_1983,142.4,1.777059
S071,XAN_1983,140.8,-0.048837
S072,XAN_1983,140.9,-0.052909
S073,XAN_1983,141.4,0.768475
S074,XAN_1983,140.5,-0.391316
S075,XAN_1983,140.2,-0.268685
S076,XAN_1983,140.7,-0.421491
S077,XAN_1983,140.3,-0.069195
S078,XAN_1983,141.4,0.461403
S079,XAN_1983,138.7,-1.630676
S080,XAN_1983,141.8,0.26497
S081,XAN_1983,140,-0.552336
S082,XAN_1983,140.2,-1.103148
S083,XAN_1983,141.5,0.691272
S084,XAN_1983,142.4,0.845802
S085,XAN_1983,140.7,-0.809822
S086,XAN_1983,141.6,0.447779
S087,XAN_1983,141.9,0.52683
S088,XAN_1983,140.1,-0.967492
S089,XAN_1983,140.8,-0.266926
S090,XAN_1983,142.5,0.7676
S091,XAN_1983,140.2,-0.669179
S092,XAN_1983,142.4,0.783961
S093,XAN_1983,142.6,1.675196
S094,XAN_1983,142.9,0.753146
S095,XAN_1983,140.3,-0.854522
S096,XAN_1983,139.5,-1.798466
S097,XAN_1983,140.6,0.029751
S098,XAN_1983,140.1,-0.500354
S099,XAN_1983,140.1,-0.512365
S100,XAN_1983,141.7,0.726023
S101,XAN_1983,139.5,-1.929016
S102,XAN_1983,140.6,-0.166038
S103,XAN_1983,141.2,-0.078193
S104,XAN_1983,138.2,-1.546474
S105,XAN_1983,140.9,-0.156466
S106,XAN_1983,141.5,0.078452
S107,XAN_1983,142.1,1.420151
S108,XAN_1983,142.4,0.719274
S109,XAN_1983,143.4,1.870904
S110,XAN_1983,140.4,-0.507612
S111,XAN_1983,140.6,-0.933446
S112,XAN_1983,141.3,0.60978
S113,XAN_1983,140.7,-1.069064
S114,XAN_1983,140.5,-0.491491
S115,XAN_1983,143.2,1.606589
S116,XAN_1983,142.7,1.268364
S117,XAN_1983,142.2,0.258858
S118,XAN_1983,141.7,0.553281
S119,XAN_1983,141.8,0.059605
S120,XAN_1983,139.8,-1.486823
S121,XAN_1983,143,1.270268
S122,XAN_1983,140.2,-0.930023
S123,XAN_1983,140.5,-0.01813
S124,XAN_1983,139.7,-0.953067
S125,XAN_1983,141.4,0.035302
S126,XAN_1983,140.2,-0.660614
S127,XAN_1983,140.8,-0.419109
S128,XAN_1983,139.9,-0.595497
S129,XAN_1983,141.9,1.397554
S130,XAN_1983,141.6,1.8901809999999999
S131,XAN_1983,141,0.411175
S132,XAN_1983,140.5,-0.112498
S133,XAN_1983,142,1.023811
S134,XAN_1983,139.8,-1.052565
S135,XAN_1983,142.4,0.722265
S136,XAN_1983,139.5,-1.780491
S137,XAN_1983,141.6,0.220623
S138,XAN_1983,139.9,-1.100017
S139,XAN_1983,140.5,-0.430168
S140,XAN_1983,140.7,-0.400867
S141,XAN_1983,141,-0.126255
S142,XAN_1983,141,0.159482
S143,XAN_1983,141.6,0.591057
S144,XAN_1983,138.8,-1.492207
S145,XAN_1983,140.6,-0.118631
S146,XAN_1983,139.6,-0.962904
S147,XAN_1983,141.5,0.824897
S148,XAN_1983,141.2,0.501204
S149,XAN_1983,139.3,-1.819882
S150,XAN_1983,140.9,0.040613
S151,XAN_1983,141.4,-0.209832
S152,XAN_1983,140.6,-0.434541
S153,XAN_1983,141.5,0.905181
S154,XAN_1983,142.8,0.817926
S155,XAN_1983,143.2,1.797637
S156,XAN_1983,140.3,-1.031274
S157,XAN_1983,142.7,1.356138
S158,XAN_1983,142,0.478437
S159,XAN_1983,140.6,-0.167456
S160,XAN_1983,141.3,0.534708
S161,XAN_1983,140.2,-0.893054
S162,XAN_1983,142.4,1.009637
S163,XAN_1983,140.3,-0.734517
S164,XAN_1983,140.9,0.591476
S165,XAN_1983,140,-0.807087
S166,XAN_1983,142.2,0.945066
S167,XAN_1983,141.1,0.480922
S168,XAN_1983,140.5,-1.156417
S169,XAN_1983,141,0.407734
S170,XAN_1983,142.2,1.037984
S171,XAN_1983,138.8,-1.61823
S172,XAN_1983,139.9,-1.279609
S173,XAN_1983,140,-0.155652
S174,XAN_1983,141,0.288238
S175,XAN_1983,141.7,1.040392
S176,XAN_1983,141.6,1.477988
S177,XAN_1983,139.2,-1.387763
S178,XAN_1983,141.2,-0.109703
S179,XAN_1983,140.2,-0.484904
S180,XAN_1983,142,1.716104
S181,XAN_1983,141.2,0.321236
S182,XAN_1983,140.8,-0.118986
S183,XAN_1983,139.8,-1.08322
S184,XAN_1983,140,-0.866841
S185,XAN_1983,142.3,0.850407
S186,XAN_1983,140.9,0.294177
S187,XAN_1983,140.1,-1.2920180000000001
S188,XAN_1983,141.7,0.033159
S189,XAN_1983,141.2,-0.19777
S190,XAN_1983,141.1,0.05031
S191,XAN_1983,140,-1.531995
S192,XAN_1983,142.2,1.013058
S193,XAN_1983,139.9,-1.821568
S194,XAN_1983,143.3,0.966602
S195,XAN_1983,141.6,0.43378
S196,XAN_1983,142,1.740663
S197,XAN_1983,141.5,0.611799
S198,XAN_1983,142,0.552647
S199,XAN_1983,140.5,-0.623811
S200,XAN_1983,141.3,0.275619
S001,XAN_2177,303.6,0.164556
S002,XAN_2177,304.6,0.416242
S003,XAN_2177,304,-0.210901
S004,XAN_2177,303.9,0.148969
S005,XAN_2177,303.9,0.540334
S006,XAN_2177,302.5,-1.293223
S007,XAN_2177,303,-1.140079
S008,XAN_2177,303.2,-1.70982
S009,XAN_2177,302.9,-0.86347
S010,XAN_2177,304.6,0.934672
S011,XAN_2177,305,1.03849
S012,XAN_2177,304.9,0.986216
S013,XAN_2177,303.5,0.197612
S014,XAN_2177,303,-1.422482
S015,XAN_2177,303.5,-0.304808
S016,XAN_2177,304.4,0.516269
S017,XAN_2177,303.2,-0.675404
S018,XAN_2177,304,-0.285018
S019,XAN_2177,304.2,0.257027
S020,XAN_2177,303.5,-0.697372
S021,XAN_2177,301.7,-2.092129
S022,XAN_2177,304.9,0.780315
S023,XAN_2177,304.1,0.596115
S024,XAN_2177,303.8,-0.166645
S025,XAN_2177,303.5,-1.163295
S026,XAN_2177,303.6,-0.250385
S027,XAN_2177,303.1,-0.70046
S028,XAN_2177,303.6,-1.38949
S029,XAN_2177,303.4,-0.713385
S030,XAN_2177,305.5,1.359556
S031,XAN_2177,304.1,0.409228
S032,XAN_2177,304.6,1.209771
S033,XAN_2177,303.4,-0.145731
S034,XAN_2177,304.3,1.131494
S035,XAN_2177,302.8,-1.041224
S036,XAN_2177,304.6,0.519827
S037,XAN_2177,304.9,1.004317
S038,XAN_2177,301.7,-1.582291
S039,XAN_2177,303.5,-0.051184
S040,XAN_2177,304.1,0.421639
S041,XAN_2177,303.8,0.392457
S042,XAN_2177,302,-1.472551
S043,XAN_2177,304.7,0.465327
S044,XAN_2177,302.6,-1.527414
S045,XAN_2177,305.7,1.237156
S046,XAN_2177,304.8,-0.017954
S047,XAN_2177,303.4,0.085698
S048,XAN_2177,303.1,-0.806884
S049,XAN_2177,304.6,0.855112
S050,XAN_2177,305.3,2.390397
S051,XAN_2177,302.6,-1.232983
S052,XAN_2177,303,-0.636324
S053,XAN_2177,302.8,-0.810812
S054,XAN_2177,305,1.147608
S055,XAN_2177,303.4,-0.106197
S056,XAN_2177,302.8,-1.089177
S057,XAN_2177,304.5,0.827388
S058,XAN_2177,304.7,0.51077
S059,XAN_2177,304.7,0.487897
S060,XAN_2177,304.7,1.991949
S061,XAN_2177,302.2,-2.051862
S062,XAN_2177,302.7,-1.670475
S063,XAN_2177,303.6,0.452277
S064,XAN_2177,304.4,0.771813
S065,XAN_2177,304.5,0.560373
S066,XAN_2177,303.7,0.773839
S067,XAN_2177,303.8,-1.145718
S068,XAN_2177,304.1,0.644749
S069,XAN_2177,305.3,1.395837
S070,XAN_2177,304.2,-0.018681
S071,XAN_2177,302.3,-1.964793
S072,XAN_2177,304.7,1.1055
S073,XAN_2177,304,0.323434
S074,XAN_2177,303.6,-0.219023
S075,XAN_2177,303.3,-0.122882
S076,XAN_2177,305.1,1.019712
S077,XAN_2177,303.5,0.130063
S078,XAN_2177,304.3,0.407293
S079,XAN_2177,304.4,1.370103
S080,XAN_2177,303.7,-0.827937
S081,XAN_2177,303,-0.5268
S082,XAN_2177,305.7,1.274715
S083,XAN_2177,302.7,-0.931549
S084,XAN_2177,305,0.519458
S085,XAN_2177,303.2,-1.540696
S086,XAN_2177,303.7,-0.327964
S087,XAN_2177,303.2,-0.825665
S088,XAN_2177,304.3,0.500488
S089,XAN_2177,303.7,-0.317737
S090,XAN_2177,306.1,1.383188
S091,XAN_2177,303.6,-0.175792
S092,XAN_2177,303.3,-1.045079
S093,XAN_2177,303.5,-1.256164
S094,XAN_2177,304.4,-0.439795
S095,XAN_2177,303.4,-0.687573
S096,XAN_2177,305.1,1.668264
S097,XAN_2177,302.4,-0.89058
S098,XAN_2177,303.9,0.430761
S099,XAN_2177,304.5,1.576483
S100,XAN_2177,303.7,-0.464537
S101,XAN_2177,304.1,-0.163496
S102,XAN_2177,302.7,-1.527558
S103,XAN_2177,303.9,-0.563159
S104,XAN_2177,303.7,0.409346
S105,XAN_2177,304.6,0.828102
S106,XAN_2177,303.7,-1.025252
S107,XAN_2177,304,0.082162
S108,XAN_2177,304.6,-0.08039
S109,XAN_2177,302.2,-2.058262
S110,XAN_2177,305.7,2.216939
S111,XAN_2177,305.7,1.308083
S112,XAN_2177,303.8,-0.168951
S113,XAN_2177,304.3,0.033435
S114,XAN_2177,303.2,-0.761814
S115,XAN_2177,302.4,-2.032608
S116,XAN_2177,303.1,-1.222621
S117,XAN_2177,303.9,-1.229494
S118,XAN_2177,304.3,0.001245
S119,XAN_2177,305.4,0.817708
S120,XAN_2177,305,1.108087
S121,XAN_2177,303.4,-0.787518
S122,XAN_2177,304.5,0.811781
S123,XAN_2177,304.7,1.410664
S124,XAN_2177,304.6,1.309381
S125,XAN_2177,304.4,0.091771
S126,XAN_2177,305.7,1.92329
S127,XAN_2177,305,1.376995
S128,XAN_2177,305.5,1.050621
S129,XAN_2177,304.1,0.47991
S130,XAN_2177,303.6,0.343109
S131,XAN_2177,303.5,-0.330898
S132,XAN_2177,303,-0.732318
S133,XAN_2177,302.4,-1.470437
S134,XAN_2177,304.2,0.274329
S135,XAN_2177,304.3,-0.468674
S136,XAN_2177,303.7,-0.085199
S137,XAN_2177,303,-1.150326
S138,XAN_2177,305.5,1.329154
S139,XAN_2177,304.5,1.073153
S140,XAN_2177,304.4,0.545649
S141,XAN_2177,305.5,1.373254
S142,XAN_2177,303.6,-0.528064
S143,XAN_2177,302.8,-0.922371
S144,XAN_2177,304.8,1.214524
S145,XAN_2177,304.2,0.873543
S146,XAN_2177,304.3,0.794203
S147,XAN_2177,302.7,-0.788485
S148,XAN_2177,302.7,-0.984816
S149,XAN_2177,305,0.690899
S150,XAN_2177,304,0.228569
S151,XAN_2177,304.4,-0.092962
S152,XAN_2177,305.3,1.223279
S153,XAN_2177,303.9,0.008237
S154,XAN_2177,302.2,-1.625829
S155,XAN_2177,304.9,0.545574
S156,XAN_2177,302.6,-1.940109
S157,XAN_2177,304.9,-0.213766
S158,XAN_2177,302.8,-1.155992
S159,XAN_2177,302.3,-2.115204
S160,XAN_2177,304.3,0.642612
S161,XAN_2177,305.2,1.254645
S162,XAN_2177,304.4,0.180219
S163,XAN_2177,303.4,-0.453927
S164,XAN_2177,302.8,-0.839486
S165,XAN_2177,303.6,-0.154988
S166,XAN_2177,304.9,0.740982
S167,XAN_2177,304.6,1.123559
S168,XAN_2177,304.9,1.260439
S169,XAN_2177,303.5,-0.072975
S170,XAN_2177,305.3,1.295304
S171,XAN_2177,301.8,-1.620075
S172,XAN_2177,304.1,0.486982
S173,XAN_2177,302.7,-0.414889
S174,XAN_2177,304.3,0.504296
S175,XAN_2177,303.7,-0.572042
S176,XAN_2177,303.5,-0.421934
S177,XAN_2177,304.4,0.642514
S178,XAN_2177,304,-0.27529
S179,XAN_2177,305.2,2.105442
S180,XAN_2177,304.5,1.048485
S181,XAN_2177,303.6,-0.496365
S182,XAN_2177,302.6,-1.541048
S183,XAN_2177,303.7,0.157306
S184,XAN_2177,303.9,0.030716
S185,XAN_2177,302.6,-1.635001
S186,XAN_2177,302.6,-1.322271
S187,XAN_2177,305.7,0.92317
S188,XAN_2177,305.4,0.503585
S189,XAN_2177,305.6,1.029012
S190,XAN_2177,303.5,-0.519153
S191,XAN_2177,305.2,1.506255
S192,XAN_2177,302.9,-1.367885
S193,XAN_2177,304.3,1.200223
S194,XAN_2177,305.1,0.156648
S195,XAN_2177,304.1,-0.217347
S196,XAN_2177,301.8,-2.031077
S197,XAN_2177,304.4,0.585437
S198,XAN_2177,305.3,0.897155
S199,XAN_2177,305.4,1.369901
S200,XAN_2177,303.5,-0.49675
S001,XAN_2242,253.9,1.202148
S002,XAN_2242,253.8,0.159263
S003,XAN_2242,253.7,0.181808
S004,XAN_2242,253.6,0.518215
S005,XAN_2242,254.2,1.612574
S006,XAN_2242,252.6,-0.582299
S007,XAN_2242,251.5,-2.092505
S008,XAN_2242,253.1,-1.032368
S009,XAN_2242,252.4,-0.753928
S010,XAN_2242,253.8,0.703923
S011,XAN_2242,253.9,0.281288
S012,XAN_2242,254.7,1.423231
S013,XAN_2242,253.2,0.682679
S014,XAN_2242,252.5,-1.301463
S015,XAN_2242,253.3,0.190867
S016,XAN_2242,253.8,0.539498
S017,XAN_2242,251.5,-1.7359
S018,XAN_2242,253.5,-0.186221
S019,XAN_2242,253.4,0.011386
S020,XAN_2242,252.4,-1.288866
S021,XAN_2242,252.2,-0.983391
S022,XAN_2242,253.5,0.041172
S023,XAN_2242,253.4,0.503499
S024,XAN_2242,252.3,-1.428473
S025,XAN_2242,252.7,-1.416232
S026,XAN_2242,253.6,0.478512
S027,XAN_2242,252.5,-0.683024
S028,XAN_2242,253.1,-1.203219
S029,XAN_2242,252,-1.884188
S030,XAN_2242,254.8,1.290121
S031,XAN_2242,253.9,1.012606
S032,XAN_2242,254.2,1.533656
S033,XAN_2242,252.4,-0.675901
S034,XAN_2242,253.6,1.016659
S035,XAN_2242,252.7,-0.493271
S036,XAN_2242,254.6,1.18874
S037,XAN_2242,254.2,0.838845
S038,XAN_2242,251.2,-1.486899
S039,XAN_2242,252.7,-0.327018
S040,XAN_2242,252.4,-1.010713
S041,XAN_2242,253.3,0.618923
S042,XAN_2242,252.1,-0.702651
S043,XAN_2242,254.2,0.595908
S044,XAN_2242,252.3,-1.193148
S045,XAN_2242,255.1,1.274196
S046,XAN_2242,254.4,0.191235
S047,XAN_2242,253,0.286456
S048,XAN_2242,253.3,0.606532
S049,XAN_2242,254.9,1.954826
S050,XAN_2242,253.7,0.851488
S051,XAN_2242,252.2,-0.957518
S052,XAN_2242,252.8,0.222425
S053,XAN_2242,252.1,-1.003427
S054,XAN_2242,254.7,1.473787
S055,XAN_2242,252.3,-0.764771
S056,XAN_2242,252.2,-1.079808
S057,XAN_2242,253.5,0.28099
S058,XAN_2242,254,0.418005
S059,XAN_2242,253.8,0.05516
S060,XAN_2242,253.3,0.439012
S061,XAN_2242,252.3,-0.951756
S062,XAN_2242,251.9,-1.882811
S063,XAN_2242,252.8,0.160709
S064,XAN_2242,254.2,1.448333
S065,XAN_2242,253.7,0.339436
S066,XAN_2242,252.5,0.162173
S067,XAN_2242,253.3,-0.948998
S068,XAN_2242,253.3,0.352025
S069,XAN_2242,254.5,1.181407
S070,XAN_2242,253.9,0.50482
S071,XAN_2242,251.9,-1.691317
S072,XAN_2242,253,-0.365737
S073,XAN_2242,253.7,0.752593
S074,XAN_2242,253.7,0.647387
S075,XAN_2242,252.9,0.108199
S076,XAN_2242,254.5,1.046857
S077,XAN_2242,252.2,-0.448114
S078,XAN_2242,253.2,-0.388115
S079,XAN_2242,253.7,1.282141
S080,XAN_2242,253.3,-0.595068
S081,XAN_2242,252.6,-0.34708
S082,XAN_2242,254.3,0.548548
S083,XAN_2242,251.7,-1.30184
S084,XAN_2242,253.6,-0.311002
S085,XAN_2242,253.2,-0.541517
S086,XAN_2242,253,-0.407213
S087,XAN_2242,251.6,-1.657032
S088,XAN_2242,253.3,0.045405
S089,XAN_2242,254.3,0.961023
S090,XAN_2242,254.8,0.790458
S091,XAN_2242,253.4,0.298518
S092,XAN_2242,252.4,-1.308777
S093,XAN_2242,253,-1.087039
S094,XAN_2242,253.8,-0.421158
S095,XAN_2242,253.4,0.060321
S096,XAN_2242,253.7,0.636279
S097,XAN_2242,251.3,-1.287706
S098,XAN_2242,254.2,1.464862
S099,XAN_2242,253,0.286933
S100,XAN_2242,253,-0.57336
S101,XAN_2242,252.9,-0.802606
S102,XAN_2242,252.7,-0.5501
S103,XAN_2242,253.1,-0.937374
S104,XAN_2242,252.4,-0.133668
S105,XAN_2242,254,0.858585
S106,XAN_2242,253,-1.153037
S107,XAN_2242,253.7,0.505543
S108,XAN_2242,254,-0.053967
S109,XAN_2242,252.4,-1.277514
S110,XAN_2242,254.1,1.081053
S111,XAN_2242,255.2,1.4468
S112,XAN_2242,253.8,0.942856
S113,XAN_2242,253.7,0.069089
S114,XAN_2242,252.4,-0.96119
S115,XAN_2242,253.5,-0.334723
S116,XAN_2242,252.8,-0.909688
S117,XAN_2242,253.8,-0.588613
S118,XAN_2242,254.1,0.721816
S119,XAN_2242,254.3,0.287154
S120,XAN_2242,254.8,1.609195
S121,XAN_2242,253.3,-0.359681
S122,XAN_2242,253.7,0.578284
S123,XAN_2242,254.8,2.249127
S124,XAN_2242,253.5,0.743722
S125,XAN_2242,253.4,-0.228982
S126,XAN_2242,255.8,2.674923
S127,XAN_2242,253.7,0.40233
S128,XAN_2242,254.7,0.943405
S129,XAN_2242,252.8,-0.394982
S130,XAN_2242,252.6,-0.303521
S131,XAN_2242,252.9,-0.30635
S132,XAN_2242,251.3,-2.22266
S133,XAN_2242,252.2,-1.064988
S134,XAN_2242,254.1,0.762416
S135,XAN_2242,253.9,-0.205322
S136,XAN_2242,252.8,-0.483781
S137,XAN_2242,252.4,-1.1407
S138,XAN_2242,255.1,1.543656
S139,XAN_2242,253.2,0.089116
S140,XAN_2242,254.9,1.974852
S141,XAN_2242,255.3,1.790951
S142,XAN_2242,253.5,0.5118
S143,XAN_2242,252.1,-1.002652
S144,XAN_2242,253.6,0.691126
S145,XAN_2242,253.2,0.285369
S146,XAN_2242,253.3,0.40369
S147,XAN_2242,253,0.065156
S148,XAN_2242,251.6,-1.4969
S149,XAN_2242,254.5,0.808754
S150,XAN_2242,253.2,0.005169
S151,XAN_2242,253.6,-0.405936
S152,XAN_2242,254.9,1.4420790000000001
S153,XAN_2242,253,-0.473114
S154,XAN_2242,252,-1.340921
S155,XAN_2242,254.3,0.57273
S156,XAN_2242,252.6,-1.099388
S157,XAN_2242,254.3,-0.155987
S158,XAN_2242,252.6,-0.837675
S159,XAN_2242,252.3,-1.167823
S160,XAN_2242,253.1,-0.333919
S161,XAN_2242,254.4,1.071574
S162,XAN_2242,253.7,0.10791100000000001
S163,XAN_2242,252.4,-1.244909
S164,XAN_2242,251.7,-1.516342
S165,XAN_2242,251.7,-1.494849
S166,XAN_2242,254.4,0.862915
S167,XAN_2242,253.9,1.034561
S168,XAN_2242,254.4,1.472252
S169,XAN_2242,252.5,-0.49413
S170,XAN_2242,254.8,1.472502
S171,XAN_2242,251.9,-0.768268
S172,XAN_2242,252.4,-1.080647
S173,XAN_2242,252,-0.503688
S174,XAN_2242,253.3,0.272728
S175,XAN_2242,252.8,-1.070836
S176,XAN_2242,252.2,-1.699279
S177,XAN_2242,253.5,0.38462
S178,XAN_2242,252.9,-0.857063
S179,XAN_2242,254.3,1.756374
S180,XAN_2242,254.5,2.052755
S181,XAN_2242,253.6,0.445896
S182,XAN_2242,251.9,-1.656449
S183,XAN_2242,253.5,0.719838
S184,XAN_2242,252.4,-0.827384
S185,XAN_2242,253.2,-0.475657
S186,XAN_2242,252.4,-0.789459
S187,XAN_2242,255.4,1.204513
S188,XAN_2242,255,0.643929
S189,XAN_2242,255.2,1.224381
S190,XAN_2242,253.5,0.133101
S191,XAN_2242,253.3,-0.24051
S192,XAN_2242,252.6,-1.031689
S193,XAN_2242,253.4,0.604577
S194,XAN_2242,254.3,0.026259
S195,XAN_2242,253.2,-0.64826
S196,XAN_2242,252.1,-0.931915
S197,XAN_2242,253.8,0.604427
S198,XAN_2242,254.9,1.10444
S199,XAN_2242,254.5,1.090122
S200,XAN_2242,252.7,-0.693029
S001,XAN_2498,261.1,0.949414
S002,XAN_2498,261.7,0.82868
S003,XAN_2498,260.2,-0.926004
S004,XAN_2498,260.9,0.381652
S005,XAN_2498,260.9,0.77424
S006,XAN_2498,260,-0.575169
S007,XAN_2498,259.4,-1.531909
S008,XAN_2498,260.6,-0.912406
S009,XAN_2498,259.7,-0.838402
S010,XAN_2498,262.2,1.939615
S011,XAN_2498,261.3,0.235864
S012,XAN_2498,262.2,1.471504
S013,XAN_2498,259,-1.731602
S014,XAN_2498,260.5,-0.652369
S015,XAN_2498,259.4,-1.335453
S016,XAN_2498,261.4,0.721131
S017,XAN_2498,260.3,-0.37211
S018,XAN_2498,260.1,-0.849761
S019,XAN_2498,261.7,1.186103
S020,XAN_2498,260.3,-0.680987
S021,XAN_2498,258.6,-1.94524
S022,XAN_2498,261,0.117307
S023,XAN_2498,261.4,1.155923
S024,XAN_2498,260.8,0.122184
S025,XAN_2498,260.4,-1.012284
S026,XAN_2498,262.2,1.837196
S027,XAN_2498,260.3,-0.074214
S028,XAN_2498,261.5,0.357091
S029,XAN_2498,259.6,-1.559538
S030,XAN_2498,263.2,2.205028
S031,XAN_2498,261.2,0.83172
S032,XAN_2498,261.1,0.774661
S033,XAN_2498,260.4,0.142442
S034,XAN_2498,260.7,0.564161
S035,XAN_2498,259.8,-0.802672
S036,XAN_2498,261.7,0.824483
S037,XAN_2498,261.1,-0.322804
S038,XAN_2498,258.6,-1.443866
S039,XAN_2498,260.4,0.113496
S040,XAN_2498,259.6,-1.251906
S041,XAN_2498,259.7,-1.288723
S042,XAN_2498,259.1,-1.10614
S043,XAN_2498,262.5,1.479647
S044,XAN_2498,259.3,-1.599464
S045,XAN_2498,262.1,0.74918
S046,XAN_2498,261.9,0.242615
S047,XAN_2498,260,-0.082538
S048,XAN_2498,259.8,-0.939314
S049,XAN_2498,261.4,0.845596
S050,XAN_2498,261.2,0.969222
S051,XAN_2498,259.6,-0.933607
S052,XAN_2498,260.7,1.242886
S053,XAN_2498,259.7,-0.547369
S054,XAN_2498,262,1.326301
S055,XAN_2498,260.1,-0.217089
S056,XAN_2498,260.1,-0.559212
S057,XAN_2498,260.9,0.255679
S058,XAN_2498,261.7,0.735922
S059,XAN_2498,261.6,0.624795
S060,XAN_2498,260.1,-0.752905
S061,XAN_2498,259.4,-1.383634
S062,XAN_2498,260.6,-0.453214
S063,XAN_2498,260.4,0.470433
S064,XAN_2498,260.4,-0.483425
S065,XAN_2498,262.1,1.52077
S066,XAN_2498,259.7,-0.031336
S067,XAN_2498,261.2,-0.150827
S068,XAN_2498,261.8,2.065313
S069,XAN_2498,262.5,1.855631
S070,XAN_2498,261.2,0.299224
S071,XAN_2498,260.1,-0.619141
S072,XAN_2498,261.3,0.825932
S073,XAN_2498,260.7,0.197347
S074,XAN_2498,260.8,0.26615
S075,XAN_2498,260.7,0.529123
S076,XAN_2498,262.3,1.392058
S077,XAN_2498,258.7,-1.171339
S078,XAN_2498,260.7,-0.242093
S079,XAN_2498,261.2,1.365513
S080,XAN_2498,261.8,0.544857
S081,XAN_2498,260.7,0.2399
S082,XAN_2498,260.6,-0.50001
S083,XAN_2498,259,-1.363854
S084,XAN_2498,260,-1.376741
S085,XAN_2498,259.9,-1.667958
S086,XAN_2498,260.8,-0.043253
S087,XAN_2498,259.3,-1.382484
S088,XAN_2498,261.1,0.497917
S089,XAN_2498,260.9,0.101421
S090,XAN_2498,262.9,1.350019
S091,XAN_2498,260.5,-0.05158
S092,XAN_2498,259.9,-1.207879
S093,XAN_2498,260.4,-1.092704
S094,XAN_2498,261.5,-0.191499
S095,XAN_2498,259.4,-1.617007
S096,XAN_2498,261.8,1.514719
S097,XAN_2498,259.3,-0.784354
S098,XAN_2498,260.2,-0.110911
S099,XAN_2498,261.4,1.710532
S100,XAN_2498,260,-1.0831
S101,XAN_2498,261.2,0.159565
S102,XAN_2498,260,-0.6994
S103,XAN_2498,260.9,-0.152258
S104,XAN_2498,260.5,0.416929
S105,XAN_2498,260.7,-0.078589
S106,XAN_2498,260.6,-0.862524
S107,XAN_2498,261.5,0.992279
S108,XAN_2498,261.5,0.021468
S109,XAN_2498,259.4,-1.642976
S110,XAN_2498,261.3,0.813084
S111,XAN_2498,262.3,1.072308
S112,XAN_2498,261.2,0.896563
S113,XAN_2498,260.9,-0.303492
S114,XAN_2498,259.7,-1.051133
S115,XAN_2498,261.3,0.035103
S116,XAN_2498,259.7,-1.396756
S117,XAN_2498,260.5,-1.463329
S118,XAN_2498,260.7,-0.668649
S119,XAN_2498,261.8,0.352463
S120,XAN_2498,261.9,1.2038740000000001
S121,XAN_2498,260.4,-0.612698
S122,XAN_2498,261,0.420241
S123,XAN_2498,261.1,0.948532
S124,XAN_2498,261.4,1.299904
S125,XAN_2498,260.3,-0.653743
S126,XAN_2498,261.7,1.093791
S127,XAN_2498,262.6,2.479923
S128,XAN_2498,262.8,1.341595
S129,XAN_2498,260,-0.642909
S130,XAN_2498,260.5,0.52595
S131,XAN_2498,258.9,-2.605125
S132,XAN_2498,259.7,-0.833663
S133,XAN_2498,259.1,-1.532745
S134,XAN_2498,261.3,0.548029
S135,XAN_2498,261.2,-0.355221
S136,XAN_2498,261.1,0.747627
S137,XAN_2498,259.4,-1.481284
S138,XAN_2498,261.6,0.670922
S139,XAN_2498,261.4,1.205635
S140,XAN_2498,261.1,0.41649
S141,XAN_2498,262.9,1.915118
S142,XAN_2498,259.9,-1.486226
S143,XAN_2498,261,0.303918
S144,XAN_2498,262,1.5577
S145,XAN_2498,261.1,1.023811
S146,XAN_2498,260.6,0.291126
S147,XAN_2498,259.8,-0.486946
S148,XAN_2498,258.7,-1.764974
S149,XAN_2498,261.4,0.313078
S150,XAN_2498,261.3,0.831631
S151,XAN_2498,261.1,-0.270777
S152,XAN_2498,262.2,1.295664
S153,XAN_2498,260.5,-0.313812
S154,XAN_2498,259.3,-1.392912
S155,XAN_2498,262,0.841515
S156,XAN_2498,260.3,-0.685756
S157,XAN_2498,261.4,-0.906105
S158,XAN_2498,259.9,-0.907848
S159,XAN_2498,259.6,-1.296174
S160,XAN_2498,260.9,0.311002
S161,XAN_2498,261.6,0.819946
S162,XAN_2498,260.9,-0.092669
S163,XAN_2498,260.6,0.374416
S164,XAN_2498,259.5,-0.936246
S165,XAN_2498,260.4,-0.142995
S166,XAN_2498,261.3,0.349549
S167,XAN_2498,260.8,0.43835
S168,XAN_2498,261,0.087997
S169,XAN_2498,259.7,-0.695961
S170,XAN_2498,261.2,0.05962
S171,XAN_2498,259.4,-0.618284
S172,XAN_2498,260,-0.780267
S173,XAN_2498,258.7,-1.140256
S174,XAN_2498,261.6,0.799995
S175,XAN_2498,260.1,-1.238886
S176,XAN_2498,260.5,-0.034349
S177,XAN_2498,260.3,-0.1722
S178,XAN_2498,260.7,-0.388332
S179,XAN_2498,261.8,1.830674
S180,XAN_2498,260.7,0.097021
S181,XAN_2498,260.8,0.117033
S182,XAN_2498,260.1,-0.652826
S183,XAN_2498,261,0.827683
S184,XAN_2498,260.2,-0.436782
S185,XAN_2498,259.9,-1.138307
S186,XAN_2498,260.2,-0.264344
S187,XAN_2498,262.9,1.228159
S188,XAN_2498,262.2,0.489161
S189,XAN_2498,262.1,0.75896
S190,XAN_2498,260.5,-0.298408
S191,XAN_2498,261.9,1.345673
S192,XAN_2498,259.4,-1.657218
S193,XAN_2498,261.2,1.403175
S194,XAN_2498,261.3,-0.296771
S195,XAN_2498,259.8,-1.856881
S196,XAN_2498,259.6,-0.787987
S197,XAN_2498,261.4,0.752909
S198,XAN_2498,262.2,0.96573
S199,XAN_2498,262.5,1.647247
S200,XAN_2498,259.8,-0.99727
S001,XAN_2502,241.1,0.542942
S002,XAN_2502,242.5,1.511297
S003,XAN_2502,241.2,-0.164308
S004,XAN_2502,241,0.073763
S005,XAN_2502,241.3,0.818247
S006,XAN_2502,240.9,-0.06247
S007,XAN_2502,239.8,-1.549141
S008,XAN_2502,240.3,-1.810534
S009,XAN_2502,241.5,0.564137
S010,XAN_2502,241.6,0.73358
S011,XAN_2502,241.6,0.157772
S012,XAN_2502,241.8,0.729394
S013,XAN_2502,240.8,0.398795
S014,XAN_2502,240.4,-1.178412
S015,XAN_2502,240.2,-0.872342
S016,XAN_2502,242.1,1.106379
S017,XAN_2502,240.8,-0.258032
S018,XAN_2502,241.1,-0.337615
S019,XAN_2502,241.5,0.450716
S020,XAN_2502,240.5,-0.907062
S021,XAN_2502,239.5,-1.482285
S022,XAN_2502,242.3,1.022915
S023,XAN_2502,242.6,2.145024
S024,XAN_2502,241.4,0.459088
S025,XAN_2502,241,-0.71024
S026,XAN_2502,241.8,0.981275
S027,XAN_2502,240.1,-0.9731
S028,XAN_2502,241.2,-0.687512
S029,XAN_2502,240.3,-1.122276
S030,XAN_2502,243.4,2.123834
S031,XAN_2502,241,0.030521
S032,XAN_2502,241.2,0.400608
S033,XAN_2502,241,0.446423
S034,XAN_2502,241.2,0.754639
S035,XAN_2502,240.1,-0.913117
S036,XAN_2502,241.2,-0.078628
S037,XAN_2502,241.2,-0.895297
S038,XAN_2502,239.5,-1.007589
S039,XAN_2502,240.3,-0.607176
S040,XAN_2502,239.5,-1.932046
S041,XAN_2502,240.1,-1.299067
S042,XAN_2502,240.6,0.079723
S043,XAN_2502,242.1,0.729701
S044,XAN_2502,239.5,-1.840104
S045,XAN_2502,242.3,0.608049
S046,XAN_2502,241.6,-0.346128
S047,XAN_2502,240.8,0.301396
S048,XAN_2502,239.5,-2.172094
S049,XAN_2502,242,1.152088
S050,XAN_2502,241,0.087254
S051,XAN_2502,240.1,-0.811574
S052,XAN_2502,240.2,-0.591498
S053,XAN_2502,240.8,0.936862
S054,XAN_2502,242.4,1.403358
S055,XAN_2502,239.5,-1.570904
S056,XAN_2502,239.4,-1.695024
S057,XAN_2502,241.1,0.018321
S058,XAN_2502,241.5,0.078785
S059,XAN_2502,241.4,-0.225397
S060,XAN_2502,241,0.274152
S061,XAN_2502,240,-1.093741
S062,XAN_2502,239.5,-2.098988
S063,XAN_2502,240.4,-0.13533800000000001
S064,XAN_2502,241.5,0.681102
S065,XAN_2502,242.7,1.872001
S066,XAN_2502,241,0.913935
S067,XAN_2502,241.8,0.270072
S068,XAN_2502,241.2,0.545258
S069,XAN_2502,242,0.838716
S070,XAN_2502,241.3,-0.116499
S071,XAN_2502,240.3,-0.876016
S072,XAN_2502,240.5,-0.757657
S073,XAN_2502,241.7,1.053886
S074,XAN_2502,240.6,-0.425484
S075,XAN_2502,241.6,1.109305
S076,XAN_2502,242.7,1.48013
S077,XAN_2502,240.5,-0.0151
S078,XAN_2502,240.2,-1.698126
S079,XAN_2502,241.3,1.080391
S080,XAN_2502,240.9,-0.792509
S081,XAN_2502,240.5,-0.250368
S082,XAN_2502,242.9,1.336701
S083,XAN_2502,240.1,-0.725245
S084,XAN_2502,241.1,-0.613186
S085,XAN_2502,241.3,-0.018968
S086,XAN_2502,241.4,0.179508
S087,XAN_2502,239.9,-1.22928
S088,XAN_2502,241.6,0.672759
S089,XAN_2502,240.3,-0.919448
S090,XAN_2502,243.2,1.357579
S091,XAN_2502,241.6,0.78127
S092,XAN_2502,241.1,-0.464916
S093,XAN_2502,240.1,-2.10583
S094,XAN_2502,241.2,-0.749683
S095,XAN_2502,240.6,-0.653486
S096,XAN_2502,242.1,1.473414
S097,XAN_2502,240.4,-0.232703
S098,XAN_2502,241.5,0.926083
S099,XAN_2502,241,0.606687
S100,XAN_2502,240,-1.599439
S101,XAN_2502,242.2,0.878766
S102,XAN_2502,240.7,-0.20453
S103,XAN_2502,241.8,0.960074
S104,XAN_2502,240.7,0.275295
S105,XAN_2502,241.9,1.023486
S106,XAN_2502,240.5,-1.589718
S107,XAN_2502,240.9,-0.269839
S108,XAN_2502,241.6,-0.256215
S109,XAN_2502,241,-0.483923
S110,XAN_2502,242.3,1.583978
S111,XAN_2502,242.1,0.527743
S112,XAN_2502,240.8,-0.47027
S113,XAN_2502,241.3,-0.238972
S114,XAN_2502,241.1,0.01392
S115,XAN_2502,240.4,-1.21803
S116,XAN_2502,240.3,-1.199439
S117,XAN_2502,241.2,-1.059889
S118,XAN_2502,241.7,0.419727
S119,XAN_2502,242.2,0.43129
S120,XAN_2502,243,2.120145
S121,XAN_2502,242,0.411549
S122,XAN_2502,240.8,-0.321002
S123,XAN_2502,240.7,0.066004
S124,XAN_2502,241.1,0.528374
S125,XAN_2502,241.3,-0.12712
S126,XAN_2502,242.2,1.265514
S127,XAN_2502,241.3,0.142168
S128,XAN_2502,242,0.644194
S129,XAN_2502,240.8,-0.117499
S130,XAN_2502,240.5,-0.112975
S131,XAN_2502,240.6,-0.451064
S132,XAN_2502,240.3,-0.565017
S133,XAN_2502,240,-1.055911
S134,XAN_2502,240.1,-0.917686
S135,XAN_2502,241.7,-0.177198
S136,XAN_2502,241.3,0.52737
S137,XAN_2502,240.5,-0.857259
S138,XAN_2502,242.2,0.91734
S139,XAN_2502,241.8,1.28635
S140,XAN_2502,242,1.116177
S141,XAN_2502,242.4,1.139987
S142,XAN_2502,241.5,0.95951
S143,XAN_2502,240.5,-0.461093
S144,XAN_2502,241,0.343222
S145,XAN_2502,241.1,0.468748
S146,XAN_2502,241.2,0.526572
S147,XAN_2502,240.1,-0.583381
S148,XAN_2502,239.9,-0.9676
S149,XAN_2502,241.6,0.176713
S150,XAN_2502,240.4,-0.71782
S151,XAN_2502,241.4,-0.369055
S152,XAN_2502,242.2,0.990236
S153,XAN_2502,240.5,-0.961851
S154,XAN_2502,239.2,-1.762053
S155,XAN_2502,243.1,1.675187
S156,XAN_2502,240.5,-0.942524
S157,XAN_2502,241.6,-1.237104
S158,XAN_2502,240.3,-0.906426
S159,XAN_2502,240.4,-0.678608
S160,XAN_2502,241.5,0.714586
S161,XAN_2502,242.4,1.315691
S162,XAN_2502,241.8,0.407117
S163,XAN_2502,241,0.429532
S164,XAN_2502,239.6,-1.370638
S165,XAN_2502,240.7,-0.227587
S166,XAN_2502,241.6,0.302086
S167,XAN_2502,241.6,0.945062
S168,XAN_2502,242.2,1.519241
S169,XAN_2502,240.7,-0.040622
S170,XAN_2502,241.4,-0.151537
S171,XAN_2502,238.4,-2.352897
S172,XAN_2502,241,0.1053
S173,XAN_2502,238.7,-1.570749
S174,XAN_2502,241.5,0.530365
S175,XAN_2502,240.6,-1.045879
S176,XAN_2502,241,0.197066
S177,XAN_2502,241.8,0.870417
S178,XAN_2502,242.2,0.988822
S179,XAN_2502,241.9,1.532276
S180,XAN_2502,241.6,0.959908
S181,XAN_2502,241.2,0.169219
S182,XAN_2502,240.1,-1.144951
S183,XAN_2502,240.6,-0.20726
S184,XAN_2502,240.5,-0.522633
S185,XAN_2502,239.9,-1.52387
S186,XAN_2502,239.2,-2.093967
S187,XAN_2502,242.4,0.551159
S188,XAN_2502,244.2,1.527818
S189,XAN_2502,243.1,1.339
S190,XAN_2502,241,-0.166609
S191,XAN_2502,242.9,2.277468
S192,XAN_2502,240.3,-1.127552
S193,XAN_2502,241.4,1.07613
S194,XAN_2502,242.1,0.04661
S195,XAN_2502,240.7,-1.085607
S196,XAN_2502,238.9,-2.15186
S197,XAN_2502,242.1,1.067843
S198,XAN_2502,242.8,1.22498
S199,XAN_2502,241.5,0.285547
S200,XAN_2502,240.6,-0.572155
S001,XAN_2781,197.6,0.849713
S002,XAN_2781,198.7,1.49812
S003,XAN_2781,198.5,1.187389
S004,XAN_2781,196.9,-0.331929
S005,XAN_2781,197.2,0.417708
S006,XAN_2781,195.4,-1.86526
S007,XAN_2781,196.4,-1.178032
S008,XAN_2781,196.5,-1.883008
S009,XAN_2781,196.8,-0.389339
S010,XAN_2781,198.1,1.100265
S011,XAN_2781,199.1,2.252267
S012,XAN_2781,197.4,0.070849
S013,XAN_2781,196.5,-0.463317
S014,XAN_2781,197.3,-0.447975
S015,XAN_2781,196.4,-0.940345
S016,XAN_2781,197.6,0.312625
S017,XAN_2781,196,-1.304801
S018,XAN_2781,198.8,0.918169
S019,XAN_2781,197.6,0.269478
S020,XAN_2781,197.4,-0.090848
S021,XAN_2781,195.8,-1.450541
S022,XAN_2781,197.4,-0.070269
S023,XAN_2781,197.8,0.956477
S024,XAN_2781,196.2,-1.645577
S025,XAN_2781,197.6,-0.203567
S026,XAN_2781,198.9,2.050643
S027,XAN_2781,196.8,-0.277587
S028,XAN_2781,197.3,-0.912033
S029,XAN_2781,196,-1.970267
S030,XAN_2781,199,1.519049
S031,XAN_2781,197.1,-0.175538
S032,XAN_2781,197.2,0.049451
S033,XAN_2781,196.6,-0.456571
S034,XAN_2781,197.1,0.254501
S035,XAN_2781,196.3,-0.976572
S036,XAN_2781,199.3,1.981909
S037,XAN_2781,197.7,-0.289535
S038,XAN_2781,195.2,-1.564045
S039,XAN_2781,197.3,0.53612
S040,XAN_2781,196.5,-0.935367
S041,XAN_2781,197.2,0.381353
S042,XAN_2781,194.9,-2.11583
S043,XAN_2781,197.7,0.060722
S044,XAN_2781,196.1,-1.470196
S045,XAN_2781,199,1.192721
S046,XAN_2781,198.7,0.490352
S047,XAN_2781,197.6,0.839688
S048,XAN_2781,197.7,1.289394
S049,XAN_2781,198,0.883672
S050,XAN_2781,196.8,-0.628793
S051,XAN_2781,196.4,-0.753195
S052,XAN_2781,196.7,-0.064676
S053,XAN_2781,196.2,-0.90162
S054,XAN_2781,198.2,0.980631
S055,XAN_2781,196.6,-0.412909
S056,XAN_2781,195.5,-1.877139
S057,XAN_2781,198.4,1.601381
S058,XAN_2781,197.6,-0.083168
S059,XAN_2781,198.9,1.822106
S060,XAN_2781,197.9,1.635414
S061,XAN_2781,196,-1.510576
S062,XAN_2781,196.8,-0.924013
S063,XAN_2781,196.5,-0.381093
S064,XAN_2781,197.7,0.633197
S065,XAN_2781,198.5,1.353766
S066,XAN_2781,197.3,0.979603
S067,XAN_2781,198.3,0.749962
S068,XAN_2781,197.7,0.986896
S069,XAN_2781,197.8,0.299163
S070,XAN_2781,197.5,-0.172133
S071,XAN_2781,196.3,-1.223463
S072,XAN_2781,197.4,0.158232
S073,XAN_2781,198.3,1.574091
S074,XAN_2781,196.7,-0.608969
S075,XAN_2781,197.3,0.5208
S076,XAN_2781,198.2,0.752742
S077,XAN_2781,196.3,-0.405105
S078,XAN_2781,197.2,-0.425683
S079,XAN_2781,198.4,2.081536
S080,XAN_2781,198.1,0.270975
S081,XAN_2781,196.3,-0.644858
S082,XAN_2781,198.2,0.460335
S083,XAN_2781,196.2,-0.878278
S084,XAN_2781,197.5,-0.433192
S085,XAN_2781,197.4,-0.24247
S086,XAN_2781,196.5,-0.920361
S087,XAN_2781,196.3,-1.109134
S088,XAN_2781,199,2.12182
S089,XAN_2781,197.6,0.213495
S090,XAN_2781,197.6,-0.288686
S091,XAN_2781,197,-0.190819
S092,XAN_2781,197.5,-0.310843
S093,XAN_2781,197.5,-0.369281
S094,XAN_2781,197.4,-0.780827
S095,XAN_2781,197,-0.46181
S096,XAN_2781,197.1,-0.198951
S097,XAN_2781,196.1,-0.688764
S098,XAN_2781,197.9,1.12442
S099,XAN_2781,197,0.245063
S100,XAN_2781,197.1,-0.476791
S101,XAN_2781,198.3,0.74865
S102,XAN_2781,196.1,-1.602406
S103,XAN_2781,196.6,-2.046202
S104,XAN_2781,196.7,0.07493
S105,XAN_2781,197.3,-0.088686
S106,XAN_2781,197.4,-0.569226
S107,XAN_2781,198.1,1.042301
S108,XAN_2781,198.5,0.534126
S109,XAN_2781,196,-1.721867
S110,XAN_2781,198.5,1.568463
S111,XAN_2781,198,0.184364
S112,XAN_2781,197.2,-0.179282
S113,XAN_2781,197.6,-0.120906
S114,XAN_2781,196.7,-0.682275
S115,XAN_2781,197,-0.86072
S116,XAN_2781,197,-0.737351
S117,XAN_2781,197.6,-0.849714
S118,XAN_2781,197.7,0.023223
S119,XAN_2781,198.4,0.414035
S120,XAN_2781,198.3,1.032734
S121,XAN_2781,196,-1.490378
S122,XAN_2781,196.5,-1.055922
S123,XAN_2781,197.7,0.965878
S124,XAN_2781,198.4,1.826236
S125,XAN_2781,198.1,0.367546
S126,XAN_2781,198.3,1.14407
S127,XAN_2781,198.2,1.135346
S128,XAN_2781,198.4,0.761894
S129,XAN_2781,196.2,-1.232847
S130,XAN_2781,197,0.320989
S131,XAN_2781,196.4,-1.227434
S132,XAN_2781,196.5,-0.639983
S133,XAN_2781,195.3,-2.042109
S134,XAN_2781,197.6,0.282891
S135,XAN_2781,198.4,0.405957
S136,XAN_2781,197.2,0.046059
S137,XAN_2781,196.2,-1.368593
S138,XAN_2781,199,1.478546
S139,XAN_2781,198.4,1.849954
S140,XAN_2781,197.6,0.304414
S141,XAN_2781,199,1.528921
S142,XAN_2781,196.8,-0.970013
S143,XAN_2781,196.6,-0.596687
S144,XAN_2781,197.2,0.306605
S145,XAN_2781,197.4,0.568999
S146,XAN_2781,198.4,1.54946
S147,XAN_2781,196.7,-0.251837
S148,XAN_2781,195.9,-1.247719
S149,XAN_2781,198.2,0.535021
S150,XAN_2781,197.6,0.483992
S151,XAN_2781,197.1,-1.327929
S152,XAN_2781,199,1.566606
S153,XAN_2781,197.8,0.882284
S154,XAN_2781,196.4,-1.091566
S155,XAN_2781,198.2,0.473374
S156,XAN_2781,197,-0.585271
S157,XAN_2781,198.8,1.031575
S158,XAN_2781,197.2,-0.388405
S159,XAN_2781,196.2,-1.405688
S160,XAN_2781,197.8,0.837797
S161,XAN_2781,198.3,0.975445
S162,XAN_2781,197.9,0.290408
S163,XAN_2781,196.9,-0.285287
S164,XAN_2781,196.6,-0.330928
S165,XAN_2781,196,-1.242247
S166,XAN_2781,198.1,0.575099
S167,XAN_2781,197.6,0.674458
S168,XAN_2781,198.6,1.840838
S169,XAN_2781,196.8,-0.203877
S170,XAN_2781,197.8,0.088051
S171,XAN_2781,196.2,-0.466954
S172,XAN_2781,197.1,-0.102378
S173,XAN_2781,195.2,-1.357005
S174,XAN_2781,196.8,-0.053601
S175,XAN_2781,196.9,-0.950347
S176,XAN_2781,197.2,0.122067
S177,XAN_2781,197.3,0.181105
S178,XAN_2781,196.5,-1.392461
S179,XAN_2781,196.9,-0.079648
S180,XAN_2781,197.7,0.749001
S181,XAN_2781,198.2,1.374897
S182,XAN_2781,195.7,-1.989092
S183,XAN_2781,196.9,-0.133759
S184,XAN_2781,197,-0.271564
S185,XAN_2781,196.8,-0.892687
S186,XAN_2781,197.1,0.092349
S187,XAN_2781,198.2,0.192559
S188,XAN_2781,199,0.662357
S189,XAN_2781,198.9,0.993639
S190,XAN_2781,197.1,-0.318569
S191,XAN_2781,198.2,1.004436
S192,XAN_2781,197.1,-0.516925
S193,XAN_2781,197.6,1.008003
S194,XAN_2781,198.2,-0.044107
S195,XAN_2781,197.2,-0.682998
S196,XAN_2781,196.1,-0.998838
S197,XAN_2781,197.1,-0.033606
S198,XAN_2781,199,1.222412
S199,XAN_2781,199,1.638268
S200,XAN_2781,197.8,0.465884
S001,XAN_3514,5644,0.559142
S002,XAN_3514,5644.6,0.257941
S003,XAN_3514,5643.6,-0.710988
S004,XAN_3514,5643.7,-0.103408
S005,XAN_3514,5643.4,-0.026009
S006,XAN_3514,5643.2,-0.562958
S007,XAN_3514,5645.8,1.589507
S008,XAN_3514,5644.7,0.101242
S009,XAN_3514,5645.1,1.154416
S010,XAN_3514,5642.7,-1.418709
S011,XAN_3514,5645.4,1.370529
S012,XAN_3514,5644.7,0.660236
S013,XAN_3514,5642.6,-1.038161
S014,XAN_3514,5644.6,0.194748
S015,XAN_3514,5642.3,-1.582923
S016,XAN_3514,5642.1,-1.78602
S017,XAN_3514,5644.8,0.74649
S018,XAN_3514,5643.1,-0.995139
S019,XAN_3514,5644.1,0.041343
S020,XAN_3514,5643.5,-0.695723
S021,XAN_3514,5644.1,0.247738
S022,XAN_3514,5643.5,-0.54404
S023,XAN_3514,5642.8,-0.801162
S024,XAN_3514,5644.9,1.194174
S025,XAN_3514,5645.9,1.758185
S026,XAN_3514,5643.5,-0.36631
S027,XAN_3514,5643.5,-0.092672
S028,XAN_3514,5644.6,0.036968
S029,XAN_3514,5644.8,1.163016
S030,XAN_3514,5643.5,-0.613128
S031,XAN_3514,5644.7,1.094779
S032,XAN_3514,5643.6,-0.242816
S033,XAN_3514,5644.1,0.72691
S034,XAN_3514,5642.1,-1.828402
S035,XAN_3514,5643.5,-0.292206
S036,XAN_3514,5642.1,-1.990601
S037,XAN_3514,5644.3,-0.49321
S038,XAN_3514,5645.1,1.469572
S039,XAN_3514,5644,0.614147
S040,XAN_3514,5644.4,0.698329
S041,XAN_3514,5643.1,-0.872691
S042,XAN_3514,5642.3,-1.013206
S043,XAN_3514,5645.4,0.997775
S044,XAN_3514,5644.3,0.22031800000000001
S045,XAN_3514,5645.2,0.461548
S046,XAN_3514,5643.3,-1.383402
S047,XAN_3514,5644,0.598957
S048,XAN_3514,5643.1,-0.734667
S049,XAN_3514,5642.4,-1.612137
S050,XAN_3514,5643.9,0.128369
S051,XAN_3514,5643,-0.637806
S052,XAN_3514,5642.3,-1.834299
S053,XAN_3514,5643.2,0.096518
S054,XAN_3514,5644.9,0.909457
S055,XAN_3514,5644.4,1.117271
S056,XAN_3514,5644.7,0.733863
S057,XAN_3514,5644.8,1.071437
S058,XAN_3514,5643.6,-0.830948
S059,XAN_3514,5643.5,-1.376336
S060,XAN_3514,5643.8,0.147607
S061,XAN_3514,5643.4,-0.174589
S062,XAN_3514,5644.7,0.395655
S063,XAN_3514,5643.6,0.438584
S064,XAN_3514,5644.1,0.199819
S065,XAN_3514,5644.1,-0.006421
S066,XAN_3514,5642.9,0.006766
S067,XAN_3514,5645.7,1.657663
S068,XAN_3514,5643.8,0.116187
S069,XAN_3514,5643.7,-0.614017
S070,XAN_3514,5643.6,-1.006659
S071,XAN_3514,5644.7,1.050712
S072,XAN_3514,5642.9,-1.252189
S073,XAN_3514,5644.8,1.219245
S074,XAN_3514,5644.2,0.418641
S075,XAN_3514,5642.2,-1.164098
S076,XAN_3514,5644.5,0.323622
S077,XAN_3514,5641.6,-1.298226
S078,XAN_3514,5644,-0.16775
S079,XAN_3514,5642.7,-0.430694
S080,XAN_3514,5645.6,0.977898
S081,XAN_3514,5645.7,1.571787
S082,XAN_3514,5646,1.320418
S083,XAN_3514,5642.7,-0.854445
S084,XAN_3514,5646,1.316819
S085,XAN_3514,5644.3,0.111861
S086,XAN_3514,5642.4,-1.441073
S087,XAN_3514,5646.2,1.452799
S088,XAN_3514,5643.1,-0.87867
S089,XAN_3514,5643.4,-0.618756
S090,XAN_3514,5643.5,-0.914557
S091,XAN_3514,5642.9,-0.898686
S092,XAN_3514,5644.2,-0.287892
S093,XAN_3514,5644.8,0.457682
S094,XAN_3514,5643.9,-0.901356
S095,XAN_3514,5643.6,-0.456343
S096,XAN_3514,5643.5,-0.449476
S097,XAN_3514,5644.5,0.704715
S098,XAN_3514,5643.3,-0.215944
S099,XAN_3514,5643.8,0.513765
S100,XAN_3514,5644.8,0.784029
S101,XAN_3514,5645,0.655177
S102,XAN_3514,5644.2,0.753307
S103,XAN_3514,5645,1.371071
S104,XAN_3514,5644,0.606957
S105,XAN_3514,5645,1.154296
S106,XAN_3514,5644.5,0.033255
S107,XAN_3514,5644.5,0.610189
S108,XAN_3514,5643.4,-1.42576
S109,XAN_3514,5644.2,-0.199021
S110,XAN_3514,5643.1,-0.760757
S111,XAN_3514,5643.5,-0.98841
S112,XAN_3514,5643.3,-1.024444
S113,XAN_3514,5645.8,2.190217
S114,XAN_3514,5645.2,1.165396
S115,XAN_3514,5644.9,0.297753
S116,XAN_3514,5644.2,-0.195101
S117,XAN_3514,5646.3,1.37254
S118,XAN_3514,5644.6,0.324392
S119,XAN_3514,5643.8,-1.004477
S120,XAN_3514,5645.1,1.037734
S121,XAN_3514,5643.3,-0.852315
S122,XAN_3514,5644.9,1.150752
S123,XAN_3514,5644.6,1.169584
S124,XAN_3514,5644.1,0.651132
S125,XAN_3514,5647,1.982101
S126,XAN_3514,5642.9,-0.86704
S127,XAN_3514,5645,1.161377
S128,XAN_3514,5644.2,0.192723
S129,XAN_3514,5642,-2.002836
S130,XAN_3514,5643,-0.571066
S131,XAN_3514,5644.8,1.627112
S132,XAN_3514,5643.5,-0.051772
S133,XAN_3514,5644.1,0.15546
S134,XAN_3514,5644.8,0.712003
S135,XAN_3514,5646.6,1.883877
S136,XAN_3514,5643.3,-0.612366
S137,XAN_3514,5643.8,-0.458334
S138,XAN_3514,5645,0.728024
S139,XAN_3514,5642.9,-1.142846
S140,XAN_3514,5644.4,0.43239
S141,XAN_3514,5642.4,-1.504691
S142,XAN_3514,5644.2,0.534279
S143,XAN_3514,5642.3,-1.252965
S144,XAN_3514,5643.6,0.123389
S145,XAN_3514,5643.7,0.076678
S146,XAN_3514,5643.7,0.161859
S147,XAN_3514,5642.2,-1.130952
S148,XAN_3514,5644.4,0.679218
S149,XAN_3514,5645.7,1.134456
S150,XAN_3514,5644.4,0.607585
S151,XAN_3514,5644.3,-0.405356
S152,XAN_3514,5643.3,-0.655213
S153,XAN_3514,5643.4,-0.818191
S154,XAN_3514,5645,0.226474
S155,XAN_3514,5643.5,-0.931829
S156,XAN_3514,5644.6,0.655234
S157,XAN_3514,5645.3,0.279485
S158,XAN_3514,5643.8,-0.406297
S159,XAN_3514,5644.3,0.867837
S160,XAN_3514,5643.4,-0.843762
S161,XAN_3514,5643.3,-0.727371
S162,XAN_3514,5642.5,-1.464614
S163,XAN_3514,5642.4,-2.257225
S164,XAN_3514,5643.4,-0.003026
S165,XAN_3514,5645.6,1.696438
S166,XAN_3514,5643.1,-0.953785
S167,XAN_3514,5642.2,-1.481906
S168,XAN_3514,5643.5,-1.081507
S169,XAN_3514,5644.6,1.0005
S170,XAN_3514,5644.2,-0.302902
S171,XAN_3514,5643.7,0.647073
S172,XAN_3514,5645,1.566035
S173,XAN_3514,5641.9,-1.026823
S174,XAN_3514,5639.9,-1.940483
S175,XAN_3514,5644.3,0.335385
S176,XAN_3514,5644,0.411639
S177,XAN_3514,5644.8,0.890661
S178,XAN_3514,5643.9,-0.441979
S179,XAN_3514,5642.7,-0.971482
S180,XAN_3514,5644.1,0.313209
S181,XAN_3514,5644.4,0.582981
S182,XAN_3514,5644.6,0.798973
S183,XAN_3514,5643,-0.711989
S184,XAN_3514,5644.9,0.860461
S185,XAN_3514,5643.7,-0.605096
S186,XAN_3514,5643.7,0.080251
S187,XAN_3514,5646.1,1.039808
S188,XAN_3514,5643.9,-0.430542
S189,XAN_3514,5644.9,0.323999
S190,XAN_3514,5643.2,-0.801704
S191,XAN_3514,5645,1.029142
S192,XAN_3514,5644.9,0.634305
S193,XAN_3514,5643.6,-0.300044
S194,XAN_3514,5645.6,0.372965
S195,XAN_3514,5644.4,0.103085
S196,XAN_3514,5643.6,0.13644
S197,XAN_3514,5642.1,-1.296648
S198,XAN_3514,5645,0.492179
S199,XAN_3514,5643.7,-0.393469
S200,XAN_3514,5645.4,1.298308
S001,XAN_3540,5100.6,0.240297
S002,XAN_3540,5101.4,0.070173
S003,XAN_3540,5100.9,-0.300117
S004,XAN_3540,5101.6,0.879107
S005,XAN_3540,5099,-1.335284
S006,XAN_3540,5099.9,-0.733017
S007,XAN_3540,5102.9,1.684832
S008,XAN_3540,5101.9,0.38045
S009,XAN_3540,5101.6,0.752213
S010,XAN_3540,5100.2,-0.721131
S011,XAN_3540,5102.4,1.396538
S012,XAN_3540,5102,0.965273
S013,XAN_3540,5100.4,0.188717
S014,XAN_3540,5101.3,-0.040543
S015,XAN_3540,5099.9,-0.825259
S016,XAN_3540,5098.8,-1.928944
S017,XAN_3540,5101.5,0.530359
S018,XAN_3540,5098.8,-1.849771
S019,XAN_3540,5101.5,0.590917
S020,XAN_3540,5100.6,-0.495067
S021,XAN_3540,5100.1,-0.558247
S022,XAN_3540,5100.5,-0.468856
S023,XAN_3540,5099.7,-0.782918
S024,XAN_3540,5101.6,0.872704
S025,XAN_3540,5101.8,0.469136
S026,XAN_3540,5100.2,-0.578256
S027,XAN_3540,5101.1,0.814204
S028,XAN_3540,5101,-0.726646
S029,XAN_3540,5102,1.472479
S030,XAN_3540,5100.5,-0.534759
S031,XAN_3540,5101.8,1.274968
S032,XAN_3540,5099.7,-1.255317
S033,XAN_3540,5100.3,-0.13537
S034,XAN_3540,5099,-1.771937
S035,XAN_3540,5100.9,0.162435
S036,XAN_3540,5100,-1.026723
S037,XAN_3540,5101.5,0.004949
S038,XAN_3540,5101,0.597236
S039,XAN_3540,5101.3,1.090167
S040,XAN_3540,5100.6,-0.147286
S041,XAN_3540,5099.4,-1.85947
S042,XAN_3540,5099.5,-0.695459
S043,XAN_3540,5101.8,0.471902
S044,XAN_3540,5102.1,1.024344
S045,XAN_3540,5102.3,0.588355
S046,XAN_3540,5100.3,-1.303944
S047,XAN_3540,5101.8,1.302871
S048,XAN_3540,5100.9,0.622531
S049,XAN_3540,5099.2,-1.679842
S050,XAN_3540,5100,-0.992497
S051,XAN_3540,5099.9,-0.625424
S052,XAN_3540,5099.4,-1.407353
S053,XAN_3540,5098.9,-2.081376
S054,XAN_3540,5101.9,0.942167
S055,XAN_3540,5101.8,1.649267
S056,XAN_3540,5102,1.040431
S057,XAN_3540,5101.7,0.999247
S058,XAN_3540,5099.8,-1.577048
S059,XAN_3540,5101,-0.579566
S060,XAN_3540,5100.2,-0.745864
S061,XAN_3540,5100.1,-0.448896
S062,XAN_3540,5102.6,1.295495
S063,XAN_3540,5099.5,-0.934161
S064,XAN_3540,5101.3,0.570244
S065,XAN_3540,5100.6,-0.46723
S066,XAN_3540,5100,0.199962
S067,XAN_3540,5101.7,0.222893
S068,XAN_3540,5101.3,0.923362
S069,XAN_3540,5100.1,-1.168615
S070,XAN_3540,5100.7,-0.742659
S071,XAN_3540,5101.4,0.759588
S072,XAN_3540,5100.1,-0.882592
S073,XAN_3540,5101.5,0.920494
S074,XAN_3540,5101.4,0.694251
S075,XAN_3540,5098.5,-1.684613
S076,XAN_3540,5101.9,0.71416
S077,XAN_3540,5099,-0.889217
S078,XAN_3540,5101.1,0.0783
S079,XAN_3540,5099.7,-0.312784
S080,XAN_3540,5102.6,0.988341
S081,XAN_3540,5102.2,1.210791
S082,XAN_3540,5102.3,0.748755
S083,XAN_3540,5099.3,-1.079912
S084,XAN_3540,5102.8,1.128692
S085,XAN_3540,5101.4,0.33768
S086,XAN_3540,5098.9,-1.738238
S087,XAN_3540,5102.1,0.649064
S088,XAN_3540,5100.4,-0.459045
S089,XAN_3540,5100.2,-0.713111
S090,XAN_3540,5100.4,-0.920905
S091,XAN_3540,5100.6,-0.099488
S092,XAN_3540,5100.9,-0.473443
S093,XAN_3540,5102,0.764494
S094,XAN_3540,5100.4,-1.215387
S095,XAN_3540,5100.9,-0.050339
S096,XAN_3540,5100.9,0.114477
S097,XAN_3540,5101.4,0.672546
S098,XAN_3540,5100.2,-0.216555
S099,XAN_3540,5100.6,0.362577
S100,XAN_3540,5102,1.053633
S101,XAN_3540,5102,0.687565
S102,XAN_3540,5101.3,0.980924
S103,XAN_3540,5101.7,0.902528
S104,XAN_3540,5100.2,0.11079
S105,XAN_3540,5101.6,0.740779
S106,XAN_3540,5102.2,1.019184
S107,XAN_3540,5102.3,1.584792
S108,XAN_3540,5100.9,-0.842109
S109,XAN_3540,5101.9,0.438733
S110,XAN_3540,5099.8,-0.955225
S111,XAN_3540,5100.8,-0.634179
S112,XAN_3540,5100.5,-0.560975
S113,XAN_3540,5101.7,0.576838
S114,XAN_3540,5102.3,1.280856
S115,XAN_3540,5102,0.415814
S116,XAN_3540,5101,-0.311716
S117,XAN_3540,5102.7,0.717963
S118,XAN_3540,5101.6,0.397321
S119,XAN_3540,5101.5,-0.248841
S120,XAN_3540,5101,-0.042295
S121,XAN_3540,5101.2,-0.137432
S122,XAN_3540,5102,1.306689
S123,XAN_3540,5101.5,1.119421
S124,XAN_3540,5100.7,0.313561
S125,XAN_3540,5104,1.951274
S126,XAN_3540,5100.3,-0.412913
S127,XAN_3540,5101.5,0.582581
S128,XAN_3540,5100.9,0.065202
S129,XAN_3540,5099.4,-1.396572
S130,XAN_3540,5099.3,-1.421801
S131,XAN_3540,5101.4,1.108286
S132,XAN_3540,5099.5,-1.119205
S133,XAN_3540,5102.1,1.072387
S134,XAN_3540,5102,0.907051
S135,XAN_3540,5102.9,1.139047
S136,XAN_3540,5100.8,0.110528
S137,XAN_3540,5100.9,-0.3183
S138,XAN_3540,5101.2,0.115104
S139,XAN_3540,5100.6,-0.126562
S140,XAN_3540,5101.5,0.604506
S141,XAN_3540,5099.5,-1.30966
S142,XAN_3540,5100.5,-0.566574
S143,XAN_3540,5098.3,-1.907017
S144,XAN_3540,5100.6,0.192071
S145,XAN_3540,5101.4,1.119239
S146,XAN_3540,5101.3,0.767019
S147,XAN_3540,5098,-1.98551
S148,XAN_3540,5100.4,-0.164188
S149,XAN_3540,5102.6,1.060265
S150,XAN_3540,5101.7,0.98523
S151,XAN_3540,5101.7,0.28946
S152,XAN_3540,5099.9,-0.902349
S153,XAN_3540,5100.5,-0.531801
S154,XAN_3540,5102.9,0.791908
S155,XAN_3540,5100.3,-1.030866
S156,XAN_3540,5102,1.189681
S157,XAN_3540,5102.2,0.129211
S158,XAN_3540,5100.3,-0.68689
S159,XAN_3540,5101.2,0.815485
S160,XAN_3540,5100.1,-1.139889
S161,XAN_3540,5101.1,0.094234
S162,XAN_3540,5099.9,-1.044733
S163,XAN_3540,5100.2,-0.614392
S164,XAN_3540,5101.3,1.176047
S165,XAN_3540,5102.3,1.437769
S166,XAN_3540,5099.3,-1.532101
S167,XAN_3540,5098.1,-2.435553
S168,XAN_3540,5100.7,-0.658611
S169,XAN_3540,5101.8,1.234755
S170,XAN_3540,5101.1,-0.344436
S171,XAN_3540,5099.9,-0.099978
S172,XAN_3540,5101.8,1.359525
S173,XAN_3540,5098.4,-1.315463
S174,XAN_3540,5097.6,-1.452828
S175,XAN_3540,5101.7,1.031292
S176,XAN_3540,5101.6,1.488267
S177,XAN_3540,5102.2,1.24231
S178,XAN_3540,5101,-0.258917
S179,XAN_3540,5099.8,-0.726496
S180,XAN_3540,5100.9,0.131255
S181,XAN_3540,5101.1,0.263654
S182,XAN_3540,5101.7,0.959296
S183,XAN_3540,5101.3,0.926389
S184,XAN_3540,5102.5,1.393546
S185,XAN_3540,5101.2,-0.123402
S186,XAN_3540,5100.5,-0.049978
S187,XAN_3540,5103.5,1.325459
S188,XAN_3540,5100.3,-0.705693
S189,XAN_3540,5101.3,-0.084263
S190,XAN_3540,5100.3,-0.616446
S191,XAN_3540,5100.5,-0.699698
S192,XAN_3540,5100.5,-0.635035
S193,XAN_3540,5101.1,0.777365
S194,XAN_3540,5102.3,0.185962
S195,XAN_3540,5101.3,0.046708
S196,XAN_3540,5101.2,0.857095
S197,XAN_3540,5098.9,-1.337948
S198,XAN_3540,5101.6,0.207345
S199,XAN_3540,5100.3,-0.674101
S200,XAN_3540,5102.2,1.133691
S001,XAN_4133,4615.8,0.582716
S002,XAN_4133,4616.1,-0.102703
S003,XAN_4133,4615.5,-0.573632
S004,XAN_4133,4615.3,-0.283861
S005,XAN_4133,4614.7,-0.516779
S006,XAN_4133,4614.6,-0.89529
S007,XAN_4133,4617.4,1.412753
S008,XAN_4133,4616.3,-0.110269
S009,XAN_4133,4617,1.258505
S010,XAN_4133,4615,-0.804798
S011,XAN_4133,4616.6,0.542398
S012,XAN_4133,4617,1.133863
S013,XAN_4133,4614.3,-1.13284
S014,XAN_4133,4616.2,0.02034
S015,XAN_4133,4614.6,-1.018141
S016,XAN_4133,4614.5,-1.181471
S017,XAN_4133,4616.5,0.676628
S018,XAN_4133,4614.8,-1.048288
S019,XAN_4133,4616.4,0.674597
S020,XAN_4133,4615.2,-0.775648
S021,XAN_4133,4615.4,-0.178737
S022,XAN_4133,4615.6,-0.267941
S023,XAN_4133,4614.2,-1.177928
S024,XAN_4133,4617,1.598217
S025,XAN_4133,4617.3,1.290401
S026,XAN_4133,4615.4,-0.233813
S027,XAN_4133,4615.1,-0.328203
S028,XAN_4133,4616.8,0.639207
S029,XAN_4133,4615.8,0.13144
S030,XAN_4133,4615.1,-0.766646
S031,XAN_4133,4616.1,0.609241
S032,XAN_4133,4615.1,-0.596239
S033,XAN_4133,4615.3,0.024071
S034,XAN_4133,4613.7,-2.042722
S035,XAN_4133,4615.4,-0.17181
S036,XAN_4133,4615.4,-0.530178
S037,XAN_4133,4616.2,-0.253037
S038,XAN_4133,4616.5,1.147484
S039,XAN_4133,4616.8,1.964776
S040,XAN_4133,4616.2,0.723418
S041,XAN_4133,4614.6,-1.339916
S042,XAN_4133,4614.6,-0.495769
S043,XAN_4133,4616.7,0.545419
S044,XAN_4133,4616.7,0.820068
S045,XAN_4133,4617,0.47927
S046,XAN_4133,4613.9,-2.352095
S047,XAN_4133,4616.2,0.951783
S048,XAN_4133,4616.1,1.163465
S049,XAN_4133,4615.4,-0.310151
S050,XAN_4133,4614.8,-1.103027
S051,XAN_4133,4614.4,-1.075123
S052,XAN_4133,4614.2,-1.588678
S053,XAN_4133,4614.8,-0.227434
S054,XAN_4133,4616.6,0.837355
S055,XAN_4133,4616.1,1.022738
S056,XAN_4133,4616.4,0.660377
S057,XAN_4133,4616.4,0.839369
S058,XAN_4133,4615.3,-0.911522
S059,XAN_4133,4615.9,-0.50559
S060,XAN_4133,4615,-0.874173
S061,XAN_4133,4615.7,0.555117
S062,XAN_4133,4616.8,0.709891
S063,XAN_4133,4615.1,0.054101
S064,XAN_4133,4616,0.374816
S065,XAN_4133,4617.1,1.343201
S066,XAN_4133,4614.3,-0.33786
S067,XAN_4133,4616.7,0.48487
S068,XAN_4133,4615.9,0.582442
S069,XAN_4133,4615,-1.14136
S070,XAN_4133,4616.1,0.046355
S071,XAN_4133,4615.8,0.246213
S072,XAN_4133,4614.3,-1.701974
S073,XAN_4133,4615.7,0.166163
S074,XAN_4133,4615.3,-0.309541
S075,XAN_4133,4613.4,-1.709993
S076,XAN_4133,4616.3,0.342136
S077,XAN_4133,4613.8,-0.971881
S078,XAN_4133,4616.7,1.192248
S079,XAN_4133,4615.6,0.694383
S080,XAN_4133,4617.6,1.183468
S081,XAN_4133,4617.9,1.885566
S082,XAN_4133,4618.2,1.666723
S083,XAN_4133,4615.3,-0.15806
S084,XAN_4133,4617.7,1.233894
S085,XAN_4133,4615.7,-0.43571
S086,XAN_4133,4613.8,-1.749669
S087,XAN_4133,4617.7,1.237642
S088,XAN_4133,4614.7,-1.061639
S089,XAN_4133,4613.8,-1.900074
S090,XAN_4133,4615.1,-1.052086
S091,XAN_4133,4616,0.448123
S092,XAN_4133,4615.5,-0.677232
S093,XAN_4133,4617.4,1.53081
S094,XAN_4133,4615.2,-1.265849
S095,XAN_4133,4614.9,-0.969295
S096,XAN_4133,4614.9,-0.892443
S097,XAN_4133,4615.6,0.22033
S098,XAN_4133,4615.5,0.211093
S099,XAN_4133,4615.9,0.936802
S100,XAN_4133,4617.2,1.496804
S101,XAN_4133,4617.6,1.454055
S102,XAN_4133,4616,0.785225
S103,XAN_4133,4616.4,0.675733
S104,XAN_4133,4616.8,1.32796
S105,XAN_4133,4616.2,0.474851
S106,XAN_4133,4616.4,0.196547
S107,XAN_4133,4616.4,0.75269
S108,XAN_4133,4615.2,-1.398839
S109,XAN_4133,4615.9,-0.265859
S110,XAN_4133,4614.3,-1.35596
S111,XAN_4133,4615,-1.244275
S112,XAN_4133,4616.3,0.93777
S113,XAN_4133,4616.8,0.995522
S114,XAN_4133,4617.1,1.275729
S115,XAN_4133,4616.5,0.137661
S116,XAN_4133,4616,-0.175141
S117,XAN_4133,4618.3,1.604681
S118,XAN_4133,4617.2,1.57062
S119,XAN_4133,4615.9,-0.679881
S120,XAN_4133,4616.5,0.638961
S121,XAN_4133,4615.9,-0.241201
S122,XAN_4133,4616.7,1.172571
S123,XAN_4133,4616,0.779388
S124,XAN_4133,4616.1,0.885751
S125,XAN_4133,4618.4,1.687037
S126,XAN_4133,4614.9,-0.658141
S127,XAN_4133,4616.5,0.799637
S128,XAN_4133,4615.1,-0.298947
S129,XAN_4133,4614.4,-1.279951
S130,XAN_4133,4614.6,-0.826562
S131,XAN_4133,4615.7,0.309013
S132,XAN_4133,4614.5,-0.991199
S133,XAN_4133,4615.7,-0.001467
S134,XAN_4133,4616.8,0.894569
S135,XAN_4133,4618.4,1.894214
S136,XAN_4133,4614.5,-1.326022
S137,XAN_4133,4615.6,-0.438678
S138,XAN_4133,4617.1,0.991077
S139,XAN_4133,4615.3,-0.332121
S140,XAN_4133,4616.1,0.343454
S141,XAN_4133,4614.7,-1.046522
S142,XAN_4133,4616.1,0.753393
S143,XAN_4133,4614.5,-0.914241
S144,XAN_4133,4615.4,0.144008
S145,XAN_4133,4615.5,0.111037
S146,XAN_4133,4617.1,1.646718
S147,XAN_4133,4613.9,-1.186901
S148,XAN_4133,4615.5,0.052121
S149,XAN_4133,4617,0.732465
S150,XAN_4133,4615.4,-0.24261
S151,XAN_4133,4616.1,-0.371327
S152,XAN_4133,4615.6,-0.207648
S153,XAN_4133,4614.7,-1.534341
S154,XAN_4133,4617.4,0.612907
S155,XAN_4133,4615.1,-1.096125
S156,XAN_4133,4616.1,0.311788
S157,XAN_4133,4616.8,-0.290082
S158,XAN_4133,4615.1,-0.734588
S159,XAN_4133,4615.9,0.620407
S160,XAN_4133,4615.2,-0.803978
S161,XAN_4133,4615,-0.796138
S162,XAN_4133,4614,-1.684458
S163,XAN_4133,4615.2,-0.382298
S164,XAN_4133,4615.7,0.641148
S165,XAN_4133,4616.8,1.155121
S166,XAN_4133,4614.3,-1.446687
S167,XAN_4133,4613.5,-1.96191
S168,XAN_4133,4616.1,0.155422
S169,XAN_4133,4616.5,1.117109
S170,XAN_4133,4615.9,-0.397758
S171,XAN_4133,4615.3,0.458488
S172,XAN_4133,4616.2,0.817262
S173,XAN_4133,4613.1,-1.512674
S174,XAN_4133,4612.3,-1.590999
S175,XAN_4133,4616.7,1.30483
S176,XAN_4133,4616.3,1.277097
S177,XAN_4133,4617,1.235221
S178,XAN_4133,4615.8,-0.309096
S179,XAN_4133,4615.3,-0.026603
S180,XAN_4133,4615.2,-0.656151
S181,XAN_4133,4616.2,0.611969
S182,XAN_4133,4615,-0.728441
S183,XAN_4133,4615.4,0.042091
S184,XAN_4133,4616.8,0.962893
S185,XAN_4133,4615.6,-0.4986
S186,XAN_4133,4615.4,-0.006734
S187,XAN_4133,4617.7,0.898656
S188,XAN_4133,4615.4,-0.580362
S189,XAN_4133,4616.6,0.262994
S190,XAN_4133,4615.1,-0.681503
S191,XAN_4133,4616.3,0.442158
S192,XAN_4133,4615.9,-0.117817
S193,XAN_4133,4614.7,-1.576753
S194,XAN_4133,4617.3,0.316119
S195,XAN_4133,4616.3,0.26832
S196,XAN_4133,4615.1,-0.160546
S197,XAN_4133,4614,-1.192545
S198,XAN_4133,4616.4,0.185049
S199,XAN_4133,4615.7,-0.187036
S200,XAN_4133,4617.2,1.313407
S001,XAN_4179,3717.6,0.42988
S002,XAN_4179,3718.6,0.625889
S003,XAN_4179,3718.4,0.478539
S004,XAN_4179,3717.8,0.284826
S005,XAN_4179,3717.3,0.149724
S006,XAN_4179,3717.1,-0.413769
S007,XAN_4179,3718.8,0.907747
S008,XAN_4179,3719.4,1.272971
S009,XAN_4179,3719.6,1.861999
S010,XAN_4179,3716.5,-1.349767
S011,XAN_4179,3718.9,1.067442
S012,XAN_4179,3718.3,0.550647
S013,XAN_4179,3716.8,-0.40168
S014,XAN_4179,3718.9,0.767808
S015,XAN_4179,3716,-1.632652
S016,XAN_4179,3716.3,-1.347667
S017,XAN_4179,3718.9,1.083354
S018,XAN_4179,3715.9,-1.70014
S019,XAN_4179,3718.6,0.995631
S020,XAN_4179,3717.4,-0.511189
S021,XAN_4179,3718.1,0.497569
S022,XAN_4179,3717.6,-0.227264
S023,XAN_4179,3715.9,-1.463831
S024,XAN_4179,3717.3,-0.502553
S025,XAN_4179,3717.9,-0.339484
S026,XAN_4179,3716.4,-1.255829
S027,XAN_4179,3717.6,0.413928
S028,XAN_4179,3718.6,0.445898
S029,XAN_4179,3718.3,0.871303
S030,XAN_4179,3718,0.076147
S031,XAN_4179,3718,0.551603
S032,XAN_4179,3717.1,-0.545361
S033,XAN_4179,3717.1,-0.171392
S034,XAN_4179,3716,-1.630029
S035,XAN_4179,3717.5,-0.032061
S036,XAN_4179,3717,-0.87513
S037,XAN_4179,3717.6,-1.340876
S038,XAN_4179,3717.9,0.686821
S039,XAN_4179,3718.5,1.652523
S040,XAN_4179,3717.3,-0.284417
S041,XAN_4179,3717,-0.587409
S042,XAN_4179,3716.9,-0.169103
S043,XAN_4179,3719.6,1.463508
S044,XAN_4179,3717.4,-0.390667
S045,XAN_4179,3719.7,1.290204
S046,XAN_4179,3716.7,-1.66437
S047,XAN_4179,3718.9,1.593554
S048,XAN_4179,3717.3,-0.006596
S049,XAN_4179,3715.7,-2.090419
S050,XAN_4179,3717.5,-0.053946
S051,XAN_4179,3715.9,-1.641592
S052,XAN_4179,3717.4,0.720662
S053,XAN_4179,3716.8,-0.162791
S054,XAN_4179,3718.5,0.804884
S055,XAN_4179,3718.5,1.57961
S056,XAN_4179,3718.6,0.903156
S057,XAN_4179,3718.3,0.787989
S058,XAN_4179,3716.8,-1.41538
S059,XAN_4179,3718,-0.290207
S060,XAN_4179,3716.9,-0.987626
S061,XAN_4179,3718.1,1.187785
S062,XAN_4179,3718.2,0.177521
S063,XAN_4179,3717.1,0.10945
S064,XAN_4179,3719,1.900946
S065,XAN_4179,3718.3,0.526504
S066,XAN_4179,3716,-0.597416
S067,XAN_4179,3718.8,0.73646
S068,XAN_4179,3717.3,-0.218012
S069,XAN_4179,3717.7,-0.308967
S070,XAN_4179,3717.7,-0.461988
S071,XAN_4179,3717.7,0.186777
S072,XAN_4179,3717,-0.806952
S073,XAN_4179,3718.4,1.076864
S074,XAN_4179,3717.3,-0.263416
S075,XAN_4179,3716.8,-0.329228
S076,XAN_4179,3718.2,0.305014
S077,XAN_4179,3714.7,-1.796186
S078,XAN_4179,3718.4,0.841267
S079,XAN_4179,3716.9,0.033535
S080,XAN_4179,3719.6,1.262007
S081,XAN_4179,3719.3,1.489679
S082,XAN_4179,3719.3,0.976531
S083,XAN_4179,3715.6,-1.572239
S084,XAN_4179,3720,1.604325
S085,XAN_4179,3717.5,-0.658232
S086,XAN_4179,3715.4,-2.076153
S087,XAN_4179,3719.9,1.452159
S088,XAN_4179,3716.9,-0.810233
S089,XAN_4179,3717.1,-0.650379
S090,XAN_4179,3717.3,-0.860007
S091,XAN_4179,3717.9,0.400658
S092,XAN_4179,3718,-0.22492
S093,XAN_4179,3718,-0.231211
S094,XAN_4179,3716.8,-1.54579
S095,XAN_4179,3718.6,0.939008
S096,XAN_4179,3717.2,-0.488232
S097,XAN_4179,3716.5,-0.54329
S098,XAN_4179,3717.9,0.664161
S099,XAN_4179,3716.7,-0.585016
S100,XAN_4179,3718.4,0.646958
S101,XAN_4179,3719,0.938432
S102,XAN_4179,3717.9,0.718439
S103,XAN_4179,3718.1,0.232411
S104,XAN_4179,3718.4,1.08962
S105,XAN_4179,3717.6,-0.169727
S106,XAN_4179,3718.2,0.004983
S107,XAN_4179,3717.4,-0.374215
S108,XAN_4179,3717.3,-1.254167
S109,XAN_4179,3717.9,-0.220083
S110,XAN_4179,3717.4,-0.164543
S111,XAN_4179,3717.6,-0.638977
S112,XAN_4179,3717.7,0.057889
S113,XAN_4179,3719.5,2.181739
S114,XAN_4179,3719.6,1.824098
S115,XAN_4179,3717.9,-0.345233
S116,XAN_4179,3718.8,0.599175
S117,XAN_4179,3719.9,1.26118
S118,XAN_4179,3717.6,-0.78721699999999994
S119,XAN_4179,3716.9,-1.644095
S120,XAN_4179,3717.7,-0.143533
S121,XAN_4179,3717.9,-0.201927
S122,XAN_4179,3719.2,1.843607
S123,XAN_4179,3717.4,0.208686
S124,XAN_4179,3718.1,0.945289
S125,XAN_4179,3719.9,1.376634
S126,XAN_4179,3716.5,-0.995995
S127,XAN_4179,3718.5,0.881004
S128,XAN_4179,3718.1,0.292979
S129,XAN_4179,3716.5,-1.132541
S130,XAN_4179,3717.4,0.433187
S131,XAN_4179,3717.4,-0.073162
S132,XAN_4179,3717.3,0.03197
S133,XAN_4179,3717.6,-0.047513
S134,XAN_4179,3718.3,0.528142
S135,XAN_4179,3719.5,1.026984
S136,XAN_4179,3717.2,-0.402665
S137,XAN_4179,3717.9,-0.155251
S138,XAN_4179,3719.1,1.051944
S139,XAN_4179,3716.8,-0.932035
S140,XAN_4179,3719.3,1.78725
S141,XAN_4179,3715.6,-1.982131
S142,XAN_4179,3717.5,-0.237851
S143,XAN_4179,3716.3,-1.050659
S144,XAN_4179,3717.7,0.426335
S145,XAN_4179,3717.1,-0.384067
S146,XAN_4179,3718.1,0.784656
S147,XAN_4179,3715.5,-1.510257
S148,XAN_4179,3716.6,-0.750868
S149,XAN_4179,3719.5,1.213072
S150,XAN_4179,3718.6,1.138702
S151,XAN_4179,3718.6,0.50824
S152,XAN_4179,3717.1,-0.598639
S153,XAN_4179,3716.6,-1.63875
S154,XAN_4179,3719.2,0.534974
S155,XAN_4179,3716.5,-1.635235
S156,XAN_4179,3718.4,0.755879
S157,XAN_4179,3718.1,-1.583252
S158,XAN_4179,3717.9,-0.14557
S159,XAN_4179,3717.7,0.411705
S160,XAN_4179,3716.5,-1.807337
S161,XAN_4179,3717.5,-0.280639
S162,XAN_4179,3716.7,-1.084932
S163,XAN_4179,3717.2,-0.307407
S164,XAN_4179,3718.5,1.697319
S165,XAN_4179,3718.8,1.218516
S166,XAN_4179,3716.4,-1.336724
S167,XAN_4179,3716,-1.426772
S168,XAN_4179,3717.9,-0.064458
S169,XAN_4179,3718,0.685572
S170,XAN_4179,3717.7,-0.581398
S171,XAN_4179,3717,0.17591
S172,XAN_4179,3718.7,1.546709
S173,XAN_4179,3716.4,-0.372127
S174,XAN_4179,3714.2,-1.650577
S175,XAN_4179,3718.6,1.250416
S176,XAN_4179,3717.5,0.030979
S177,XAN_4179,3718.5,0.876379
S178,XAN_4179,3717.4,-0.690035
S179,XAN_4179,3717.3,0.022242
S180,XAN_4179,3717.1,-0.742753
S181,XAN_4179,3718.4,0.967503
S182,XAN_4179,3717.8,0.214157
S183,XAN_4179,3717.1,-0.270349
S184,XAN_4179,3719.1,1.285292
S185,XAN_4179,3716.8,-1.150787
S186,XAN_4179,3717.5,0.16302
S187,XAN_4179,3719,0.426088
S188,XAN_4179,3717.9,-0.280131
S189,XAN_4179,3717.9,-0.222426
S190,XAN_4179,3716.3,-1.410489
S191,XAN_4179,3717.9,0.019608
S192,XAN_4179,3717.8,-0.164554
S193,XAN_4179,3717.4,-0.167216
S194,XAN_4179,3719.3,0.367655
S195,XAN_4179,3718.3,0.349999
S196,XAN_4179,3717,-0.227847
S197,XAN_4179,3716.5,-0.779597
S198,XAN_4179,3718.1,-0.010765
S199,XAN_4179,3717.6,-0.234706
S200,XAN_4179,3719.8,1.957203
S001,XAN_4418,267.2,-2.040274
S002,XAN_4418,269.3,-0.759225
S003,XAN_4418,268.1,-1.973997
S004,XAN_4418,269,-0.337365
S005,XAN_4418,270.4,1.709293
S006,XAN_4418,269.5,0.192916
S007,XAN_4418,268.9,-0.740425
S008,XAN_4418,270,-0.004188
S009,XAN_4418,269.2,-0.089255
S010,XAN_4418,268.8,-0.782035
S011,XAN_4418,270,0.245136
S012,XAN_4418,269.6,0.162009
S013,XAN_4418,269.1,0.32067
S014,XAN_4418,271.2,1.535373
S015,XAN_4418,269.5,0.275331
S016,XAN_4418,270.7,1.385879
S017,XAN_4418,268.3,-1.097865
S018,XAN_4418,268.1,-1.4774
S019,XAN_4418,269,-0.720343
S020,XAN_4418,268.8,-0.970605
S021,XAN_4418,269.8,0.502374
S022,XAN_4418,267.8,-1.726571
S023,XAN_4418,268.9,-0.227603
S024,XAN_4418,268.6,-1.201993
S025,XAN_4418,271,1.571976
S026,XAN_4418,270.7,1.647456
S027,XAN_4418,269.7,0.955152
S028,XAN_4418,271.1,1.852763
S029,XAN_4418,269.9,0.760573
S030,XAN_4418,269.2,-0.434269
S031,XAN_4418,267.6,-2.520584
S032,XAN_4418,270.3,1.506703
S033,XAN_4418,267,-2.821505
S034,XAN_4418,268.5,-0.78568
S035,XAN_4418,269.4,0.119495
S036,XAN_4418,270.6,1.065806
S037,XAN_4418,269.5,-1.003426
S038,XAN_4418,269.8,0.862703
S039,XAN_4418,269.6,0.821241
S040,XAN_4418,269.2,-0.127255
S041,XAN_4418,269,-0.225916
S042,XAN_4418,270.2,1.466427
S043,XAN_4418,267.7,-2.199863
S044,XAN_4418,270.5,1.072306
S045,XAN_4418,270.3,0.203133
S046,XAN_4418,270,-0.295251
S047,XAN_4418,269.1,0.253818
S048,XAN_4418,269.3,0.376503
S049,XAN_4418,270.3,1.098828
S050,XAN_4418,270.6,2.095899
S051,XAN_4418,269.9,1.134615
S052,XAN_4418,269,0.356051
S053,XAN_4418,268.7,-0.029262
S054,XAN_4418,270,0.651449
S055,XAN_4418,268.7,-0.412814
S056,XAN_4418,270.6,1.279254
S057,XAN_4418,269.4,-0.052831
S058,XAN_4418,270.1,0.392065
S059,XAN_4418,270.7,1.288554
S060,XAN_4418,269.3,0.174759
S061,XAN_4418,269.2,0.245514
S062,XAN_4418,269.9,0.195109
S063,XAN_4418,270.1,2.02182
S064,XAN_4418,269.7,0.442748
S065,XAN_4418,268.5,-1.330874
S066,XAN_4418,269.9,1.49893
S067,XAN_4418,270.3,0.534264
S068,XAN_4418,269.5,0.466426
S069,XAN_4418,268.6,-1.37317
S070,XAN_4418,269.4,-0.526883
S071,XAN_4418,269.3,-0.001198
S072,XAN_4418,269.7,0.418158
S073,XAN_4418,267.5,-2.422761
S074,XAN_4418,270.2,1.107738
S075,XAN_4418,269.6,0.728774
S076,XAN_4418,268.3,-1.305021
S077,XAN_4418,266.9,-1.683359
S078,XAN_4418,270.6,1.745658
S079,XAN_4418,268.1,-0.679204
S080,XAN_4418,269.2,-0.846564
S081,XAN_4418,268.8,-0.294863
S082,XAN_4418,269.6,-0.234124
S083,XAN_4418,267.9,-1.255458
S084,XAN_4418,269.8,-0.230838
S085,XAN_4418,269.5,-0.263016
S086,XAN_4418,270.1,0.517458
S087,XAN_4418,269.1,-0.507986
S088,XAN_4418,270.2,0.981621
S089,XAN_4418,270.2,0.729775
S090,XAN_4418,269.5,-0.483366
S091,XAN_4418,267.6,-1.934054
S092,XAN_4418,272.6,2.469626
S093,XAN_4418,269.6,-0.390203
S094,XAN_4418,269.6,-0.704229
S095,XAN_4418,268.7,-0.963419
S096,XAN_4418,270.5,1.549699
S097,XAN_4418,271,1.598679
S098,XAN_4418,268.3,-0.840179
S099,XAN_4418,268,-1.402235
S100,XAN_4418,268.3,-1.670314
S101,XAN_4418,269.7,-0.061606
S102,XAN_4418,269.9,1.178962
S103,XAN_4418,270.4,1.49034
S104,XAN_4418,270,1.039399
S105,XAN_4418,268.4,-1.437121
S106,XAN_4418,268.9,-1.514769
S107,XAN_4418,268.6,-1.144954
S108,XAN_4418,271.6,1.656177
S109,XAN_4418,269.3,-0.532134
S110,XAN_4418,268.2,-1.320263
S111,XAN_4418,269,-1.012521
S112,XAN_4418,268.3,-2.022816
S113,XAN_4418,269.5,-0.495128
S114,XAN_4418,269.8,0.39211
S115,XAN_4418,269.3,-0.66521
S116,XAN_4418,270.2,0.376598
S117,XAN_4418,270.5,0.134522
S118,XAN_4418,269.2,-1.047715
S119,XAN_4418,270,-0.189324
S120,XAN_4418,269.4,-0.190168
S121,XAN_4418,270.3,0.374319
S122,XAN_4418,269.1,-0.387601
S123,XAN_4418,269.1,0.124134
S124,XAN_4418,269.6,0.710494
S125,XAN_4418,269.4,-0.339776
S126,XAN_4418,269.2,-0.132689
S127,XAN_4418,269,-0.807271
S128,XAN_4418,269.4,0.040013
S129,XAN_4418,270,0.989654
S130,XAN_4418,268.2,-1.222857
S131,XAN_4418,270.2,1.684111
S132,XAN_4418,269.8,1.026127
S133,XAN_4418,269.1,-0.300682
S134,XAN_4418,269.9,0.458351
S135,XAN_4418,268.2,-2.408011
S136,XAN_4418,269.1,-0.251768
S137,XAN_4418,271.6,1.662451
S138,XAN_4418,270,0.404422
S139,XAN_4418,270.3,1.514338
S140,XAN_4418,270.9,1.834072
S141,XAN_4418,269.3,-0.279133
S142,XAN_4418,269.4,0.046269
S143,XAN_4418,268.4,-0.865083
S144,XAN_4418,270.5,1.404542
S145,XAN_4418,268.3,-1.333081
S146,XAN_4418,269,-0.045438
S147,XAN_4418,268.7,-0.348508
S148,XAN_4418,269.1,-0.075074
S149,XAN_4418,270.4,0.606039
S150,XAN_4418,269.7,0.464606
S151,XAN_4418,269.5,-0.8083
S152,XAN_4418,270.7,1.142377
S153,XAN_4418,268.4,-1.741967
S154,XAN_4418,268.7,-0.946476
S155,XAN_4418,269.1,-0.848311
S156,XAN_4418,269.6,0.107336
S157,XAN_4418,269.9,-1.342874
S158,XAN_4418,271.6,1.418108
S159,XAN_4418,270.4,1.936203
S160,XAN_4418,269.6,0.293268
S161,XAN_4418,270,0.515787
S162,XAN_4418,271,1.20618
S163,XAN_4418,269.1,-0.087306
S164,XAN_4418,268.8,-0.191097
S165,XAN_4418,269.4,0.141869
S166,XAN_4418,269.9,0.256723
S167,XAN_4418,269.2,0.069288
S168,XAN_4418,270,0.590256
S169,XAN_4418,269,-0.09652
S170,XAN_4418,271,1.597674
S171,XAN_4418,269.7,1.264326
S172,XAN_4418,269.9,0.91529
S173,XAN_4418,268.9,0.23469
S174,XAN_4418,271.6,1.615621
S175,XAN_4418,268.9,-1.136639
S176,XAN_4418,269.3,0.104505
S177,XAN_4418,269.3,0.077028
S178,XAN_4418,270.9,1.425788
S179,XAN_4418,268.7,-0.475631
S180,XAN_4418,270.1,1.211636
S181,XAN_4418,270.1,1.025846
S182,XAN_4418,270.7,1.695992
S183,XAN_4418,268.6,-0.688115
S184,XAN_4418,270.2,0.806583
S185,XAN_4418,270.2,0.369317
S186,XAN_4418,269.5,0.479629
S187,XAN_4418,268.9,-1.032082
S188,XAN_4418,267.7,-1.468775
S189,XAN_4418,269.1,-0.665794
S190,XAN_4418,269.4,-0.11176
S191,XAN_4418,270.2,0.830607
S192,XAN_4418,268.8,-0.965286
S193,XAN_4418,268.6,-1.404104
S194,XAN_4418,267.6,-2.126419
S195,XAN_4418,269.7,-0.075241
S196,XAN_4418,269.6,0.741355
S197,XAN_4418,268.3,-0.842601
S198,XAN_4418,267.8,-1.844113
S199,XAN_4418,268.7,-0.915977
S200,XAN_4418,269.5,0.016786
S001,XAN_4574,436.6,-2.299819
S002,XAN_4574,439.6,0.272965
S003,XAN_4574,438.3,-1.237576
S004,XAN_4574,439.4,0.603922
S005,XAN_4574,440.3,2.072947
S006,XAN_4574,439.5,0.600673
S007,XAN_4574,439.4,0.235378
S008,XAN_4574,439.4,-0.273532
S009,XAN_4574,439.3,0.41418
S010,XAN_4574,439.5,0.672595
S011,XAN_4574,439.4,-0.080381
S012,XAN_4574,438.5,-0.575949
S013,XAN_4574,439,0.782493
S014,XAN_4574,440.9,1.660027
S015,XAN_4574,439.8,1.126787
S016,XAN_4574,439.5,0.513672
S017,XAN_4574,437.7,-1.311386
S018,XAN_4574,438.2,-1.064634
S019,XAN_4574,438.9,-0.312814
S020,XAN_4574,439,-0.235237
S021,XAN_4574,440.1,1.222566
S022,XAN_4574,437.3,-1.84232
S023,XAN_4574,438.7,-0.003473
S024,XAN_4574,437.8,-1.803272
S025,XAN_4574,439.5,0.051352
S026,XAN_4574,439.6,0.808107
S027,XAN_4574,439.3,0.952325
S028,XAN_4574,440.5,1.539934
S029,XAN_4574,439.3,0.45597
S030,XAN_4574,439.6,0.373159
S031,XAN_4574,437.1,-2.697739
S032,XAN_4574,439.6,1.066673
S033,XAN_4574,436.8,-2.576838
S034,XAN_4574,438.8,0.233887
S035,XAN_4574,437.7,-1.316216
S036,XAN_4574,439.3,0.084711
S037,XAN_4574,439.8,0.578394
S038,XAN_4574,439.2,0.667635
S039,XAN_4574,439.6,1.425506
S040,XAN_4574,438.3,-0.813295
S041,XAN_4574,439.2,0.946769
S042,XAN_4574,439.4,1.0213
S043,XAN_4574,436.9,-2.651786
S044,XAN_4574,440.4,1.411604
S045,XAN_4574,439.5,-0.269612
S046,XAN_4574,439.6,-0.29445
S047,XAN_4574,438.6,0.150955
S048,XAN_4574,439.1,0.723204
S049,XAN_4574,439.5,0.615851
S050,XAN_4574,439.8,1.45787
S051,XAN_4574,440,1.813242
S052,XAN_4574,438.4,-0.088729
S053,XAN_4574,437.7,-1.352033
S054,XAN_4574,438.6,-0.369871
S055,XAN_4574,438,-0.843059
S056,XAN_4574,439.9,0.969107
S057,XAN_4574,438.8,-0.355344
S058,XAN_4574,441,2.015509
S059,XAN_4574,440,0.818962
S060,XAN_4574,439,0.368429
S061,XAN_4574,439,0.554958
S062,XAN_4574,439.4,0.081804
S063,XAN_4574,439.6,1.863159
S064,XAN_4574,439.3,0.439776
S065,XAN_4574,439.7,0.688334
S066,XAN_4574,439.5,1.498884
S067,XAN_4574,439.7,0.196136
S068,XAN_4574,439.5,1.122881
S069,XAN_4574,438.3,-1.259982
S070,XAN_4574,438.9,-0.701614
S071,XAN_4574,439.9,1.354502
S072,XAN_4574,439.2,0.27582
S073,XAN_4574,438.5,-0.522945
S074,XAN_4574,440.6,2.101753
S075,XAN_4574,438.5,-0.050785
S076,XAN_4574,437.7,-1.524629
S077,XAN_4574,436.9,-1.361274
S078,XAN_4574,438.8,-0.620134
S079,XAN_4574,437,-1.500533
S080,XAN_4574,438.4,-1.294144
S081,XAN_4574,439,0.220069
S082,XAN_4574,440,0.536501
S083,XAN_4574,438.3,-0.499296
S084,XAN_4574,438.7,-1.000124
S085,XAN_4574,439.1,-0.26899
S086,XAN_4574,439.6,0.42252
S087,XAN_4574,438.8,-0.428051
S088,XAN_4574,439,0.003073
S089,XAN_4574,439.5,0.410022
S090,XAN_4574,438.3,-1.215638
S091,XAN_4574,437.7,-1.373995
S092,XAN_4574,442.2,2.492016
S093,XAN_4574,439.5,0.05862
S094,XAN_4574,438.9,-0.971337
S095,XAN_4574,438.3,-0.976694
S096,XAN_4574,439.7,1.010788
S097,XAN_4574,440.5,1.524447
S098,XAN_4574,436.7,-2.239227
S099,XAN_4574,437.3,-1.878283
S100,XAN_4574,438,-1.556483
S101,XAN_4574,439.6,0.273939
S102,XAN_4574,439.7,1.507509
S103,XAN_4574,439.9,1.28965
S104,XAN_4574,439.3,0.796511
S105,XAN_4574,437.5,-2.127955
S106,XAN_4574,438.7,-1.217067
S107,XAN_4574,438.2,-1.16064
S108,XAN_4574,440.9,1.323688
S109,XAN_4574,438.9,-0.537442
S110,XAN_4574,437.8,-1.338348
S111,XAN_4574,438.8,-0.805842
S112,XAN_4574,438.8,-0.390407
S113,XAN_4574,438.8,-1.026898
S114,XAN_4574,438.9,-0.151691
S115,XAN_4574,439.1,-0.467115
S116,XAN_4574,439.7,0.276531
S117,XAN_4574,439.1,-1.124682
S118,XAN_4574,438.5,-1.5839
S119,XAN_4574,438.7,-1.225914
S120,XAN_4574,439.3,0.165064
S121,XAN_4574,439.9,0.377294
S122,XAN_4574,438.7,-0.397167
S123,XAN_4574,438.4,-0.239579
S124,XAN_4574,438.4,-0.263168
S125,XAN_4574,439.3,-0.083623
S126,XAN_4574,439.7,0.806023
S127,XAN_4574,439.4,0.364336
S128,XAN_4574,438.3,-0.414828
S129,XAN_4574,439.7,1.122173
S130,XAN_4574,437.9,-1.076881
S131,XAN_4574,439.2,0.653784
S132,XAN_4574,440,1.864177
S133,XAN_4574,439.1,0.100559
S134,XAN_4574,440.2,1.130112
S135,XAN_4574,438.9,-1.08493
S136,XAN_4574,439.8,1.317254
S137,XAN_4574,441.6,2.046285
S138,XAN_4574,439.2,0.024107
S139,XAN_4574,440.1,1.816508
S140,XAN_4574,438.9,-0.239206
S141,XAN_4574,439.5,0.311241
S142,XAN_4574,438.8,-0.375602
S143,XAN_4574,438.3,-0.606244
S144,XAN_4574,440,1.316406
S145,XAN_4574,439.3,0.86041
S146,XAN_4574,439.1,0.472671
S147,XAN_4574,438.6,-0.070446
S148,XAN_4574,438.7,-0.082653
S149,XAN_4574,439.6,0.228521
S150,XAN_4574,439.4,0.58816
S151,XAN_4574,438.3,-2.249773
S152,XAN_4574,439.5,0.366429
S153,XAN_4574,438.1,-1.590825
S154,XAN_4574,438.3,-0.954151
S155,XAN_4574,438.8,-0.747196
S156,XAN_4574,438.4,-1.028519
S157,XAN_4574,439.1,-2.269466
S158,XAN_4574,441.3,1.509601
S159,XAN_4574,439.2,0.662604
S160,XAN_4574,439.4,0.633425
S161,XAN_4574,439.5,0.40796
S162,XAN_4574,441.2,1.781123
S163,XAN_4574,438.8,0.1072
S164,XAN_4574,438.4,-0.204871
S165,XAN_4574,439.1,0.243755
S166,XAN_4574,439.6,0.356021
S167,XAN_4574,439.4,0.772498
S168,XAN_4574,438.8,-0.788832
S169,XAN_4574,438.1,-0.664088
S170,XAN_4574,440.5,1.470461
S171,XAN_4574,439.3,1.262076
S172,XAN_4574,439.7,1.211861
S173,XAN_4574,438.8,0.522926
S174,XAN_4574,441.6,1.874763
S175,XAN_4574,438.4,-1.332266
S176,XAN_4574,438.6,-0.477338
S177,XAN_4574,438.9,0.071961
S178,XAN_4574,440.2,1.066045
S179,XAN_4574,438.7,0.035014000000000003
S180,XAN_4574,439.9,1.544474
S181,XAN_4574,439.1,0.089073
S182,XAN_4574,440.5,1.960131
S183,XAN_4574,438,-0.980527
S184,XAN_4574,439.6,0.610286
S185,XAN_4574,439.7,0.273706
S186,XAN_4574,438.6,-0.193622
S187,XAN_4574,438.4,-1.126499
S188,XAN_4574,438,-1.043111
S189,XAN_4574,438.9,-0.498977
S190,XAN_4574,438.6,-0.550707
S191,XAN_4574,439.5,0.413067
S192,XAN_4574,438.1,-1.308958
S193,XAN_4574,438.7,-0.338495
S194,XAN_4574,437.6,-1.833736
S195,XAN_4574,439.1,-0.39197
S196,XAN_4574,439.3,0.8627
S197,XAN_4574,437.8,-0.945279
S198,XAN_4574,437.3,-1.954071
S199,XAN_4574,437.9,-1.350156
S200,XAN_4574,439.5,0.445814
S001,XAN_5119,296.5,0.703178
S002,XAN_5119,294.9,-2.56005
S003,XAN_5119,294.9,-2.002423
S004,XAN_5119,297,0.911419
S005,XAN_5119,295.4,-0.482193
S006,XAN_5119,296.9,0.667677
S007,XAN_5119,296.4,-0.096188
S008,XAN_5119,298,1.342046
S009,XAN_5119,297.9,1.6387
S010,XAN_5119,296.9,0.75951
S011,XAN_5119,296.9,0.189536
S012,XAN_5119,297.8,1.427186
S013,XAN_5119,296,0.345501
S014,XAN_5119,295.9,-0.879635
S015,XAN_5119,295.7,-0.5334
S016,XAN_5119,295.6,-0.752872
S017,XAN_5119,294.7,-1.504535
S018,XAN_5119,296.8,0.019689
S019,XAN_5119,296.9,0.615493
S020,XAN_5119,297,0.585472
S021,XAN_5119,297.7,1.442858
S022,XAN_5119,297.2,0.642115
S023,XAN_5119,296,0.023342
S024,XAN_5119,296.7,0.502222
S025,XAN_5119,296.7,-0.11884
S026,XAN_5119,296.6,0.425819
S027,XAN_5119,294.6,-1.993114
S028,XAN_5119,295.9,-1.549393
S029,XAN_5119,296.8,0.717195
S030,XAN_5119,296.1,-0.423875
S031,XAN_5119,295.8,-0.584955
S032,XAN_5119,295.1,-1.485023
S033,XAN_5119,295.9,-0.009251
S034,XAN_5119,296.9,1.36847
S035,XAN_5119,295.3,-0.911453
S036,XAN_5119,294.9,-1.678679
S037,XAN_5119,296.7,-0.38019
S038,XAN_5119,296.1,0.295269
S039,XAN_5119,294.8,-1.616576
S040,XAN_5119,295.1,-1.381675
S041,XAN_5119,295.8,-0.369152
S042,XAN_5119,295.7,-0.051663
S043,XAN_5119,295.4,-1.29294
S044,XAN_5119,296.6,0.171604
S045,XAN_5119,298.1,1.147025
S046,XAN_5119,298.4,1.008552
S047,XAN_5119,295.6,-0.090537
S048,XAN_5119,295.6,-0.615285
S049,XAN_5119,296.1,-0.21677
S050,XAN_5119,295.4,-1.196696
S051,XAN_5119,297.2,1.604072
S052,XAN_5119,296.6,1.80239
S053,XAN_5119,296.6,2.079983
S054,XAN_5119,295.7,-0.531267
S055,XAN_5119,296.8,1.194993
S056,XAN_5119,295.4,-0.865955
S057,XAN_5119,297.2,1.192106
S058,XAN_5119,297.8,1.276472
S059,XAN_5119,295.1,-2.578189
S060,XAN_5119,296,-0.198627
S061,XAN_5119,297.1,1.756393
S062,XAN_5119,296,-0.685095
S063,XAN_5119,295.5,-0.308422
S064,XAN_5119,295.6,-1.121428
S065,XAN_5119,295.6,-1.030587
S066,XAN_5119,295.5,0.165186
S067,XAN_5119,297.3,0.608221
S068,XAN_5119,295.4,-1.093874
S069,XAN_5119,297.1,0.598275
S070,XAN_5119,296.7,0.097854
S071,XAN_5119,296.2,0.005193
S072,XAN_5119,298.2,2.487202
S073,XAN_5119,295.5,-0.860632
S074,XAN_5119,295,-1.382084
S075,XAN_5119,296.6,0.819396
S076,XAN_5119,296.6,0.099822
S077,XAN_5119,297.2,1.179581
S078,XAN_5119,294.8,-2.657188
S079,XAN_5119,296,0.475888
S080,XAN_5119,298.6,1.742487
S081,XAN_5119,296.4,0.304878
S082,XAN_5119,295.6,-1.059716
S083,XAN_5119,297.6,1.356857
S084,XAN_5119,296,-0.975029
S085,XAN_5119,297.1,0.819632
S086,XAN_5119,296.9,0.388845
S087,XAN_5119,298.5,1.519076
S088,XAN_5119,297.1,0.926304
S089,XAN_5119,295,-1.431788
S090,XAN_5119,294.7,-1.938958
S091,XAN_5119,297.3,1.241092
S092,XAN_5119,295.6,-1.126336
S093,XAN_5119,296.9,0.156961
S094,XAN_5119,296.2,-0.962479
S095,XAN_5119,295.4,-1.149451
S096,XAN_5119,296.5,0.315601
S097,XAN_5119,298.1,1.679113
S098,XAN_5119,296.9,1.062122
S099,XAN_5119,296.4,0.821969
S100,XAN_5119,296.3,-0.225112
S101,XAN_5119,297.7,1.077199
S102,XAN_5119,296.4,0.517075
S103,XAN_5119,296.8,0.390433
S104,XAN_5119,296.8,0.935798
S105,XAN_5119,296.9,0.651415
S106,XAN_5119,297.3,0.713703
S107,XAN_5119,296.3,-0.0682
S108,XAN_5119,298.1,1.076577
S109,XAN_5119,297.4,0.587115
S110,XAN_5119,296.4,0.217761
S111,XAN_5119,296.7,-0.183681
S112,XAN_5119,295.5,-1.394881
S113,XAN_5119,297.3,0.969099
S114,XAN_5119,295.9,-0.445584
S115,XAN_5119,295.2,-1.612862
S116,XAN_5119,295.4,-1.30441
S117,XAN_5119,297,-0.417408
S118,XAN_5119,296.6,-0.210521
S119,XAN_5119,295.8,-1.415335
S120,XAN_5119,294.9,-1.766038
S121,XAN_5119,295.8,-0.784412
S122,XAN_5119,294.9,-1.750201
S123,XAN_5119,295,-0.96554
S124,XAN_5119,295.1,-0.893208
S125,XAN_5119,296.4,-0.25939
S126,XAN_5119,296,-0.220249
S127,XAN_5119,296.2,-0.360468
S128,XAN_5119,299.1,1.731354
S129,XAN_5119,296.8,0.821966
S130,XAN_5119,295.4,-0.627653
S131,XAN_5119,296.1,-0.007728
S132,XAN_5119,295.4,-0.707934
S133,XAN_5119,295.4,-0.858061
S134,XAN_5119,297.8,1.329175
S135,XAN_5119,296.3,-0.958559
S136,XAN_5119,296.8,0.845714
S137,XAN_5119,297.7,0.856678
S138,XAN_5119,297,0.461179
S139,XAN_5119,296.2,0.049527
S140,XAN_5119,295.5,-1.079705
S141,XAN_5119,296.1,-0.367391
S142,XAN_5119,295.4,-1.693331
S143,XAN_5119,296.3,0.029017
S144,XAN_5119,294.9,-0.829453
S145,XAN_5119,294.7,-1.978791
S146,XAN_5119,296.1,0.174074
S147,XAN_5119,297.6,1.486612
S148,XAN_5119,297.1,1.037961
S149,XAN_5119,297.2,0.463169
S150,XAN_5119,296.6,0.442674
S151,XAN_5119,295.9,-1.659108
S152,XAN_5119,294,-2.225572
S153,XAN_5119,297.1,1.289841
S154,XAN_5119,295.9,-0.716931
S155,XAN_5119,296.3,-0.525525
S156,XAN_5119,298,2.076937
S157,XAN_5119,297.3,-0.32502
S158,XAN_5119,296.4,-0.243081
S159,XAN_5119,296.4,0.498062
S160,XAN_5119,295.9,-0.695314
S161,XAN_5119,297.7,1.292941
S162,XAN_5119,294.9,-1.525646
S163,XAN_5119,296.4,0.729587
S164,XAN_5119,297.3,1.965495
S165,XAN_5119,296.4,0.240779
S166,XAN_5119,294.5,-1.909857
S167,XAN_5119,296.3,0.303062
S168,XAN_5119,296.4,-0.275944
S169,XAN_5119,294.9,-1.118346
S170,XAN_5119,295.6,-1.559965
S171,XAN_5119,295.5,-0.035957
S172,XAN_5119,295.8,-0.515011
S173,XAN_5119,296.4,0.817198
S174,XAN_5119,297,0.662531
S175,XAN_5119,296.9,0.761063
S176,XAN_5119,297,1.540071
S177,XAN_5119,296.7,0.524691
S178,XAN_5119,298.7,2.362818
S179,XAN_5119,296,0.065003
S180,XAN_5119,296.1,-0.24333
S181,XAN_5119,295,-1.966806
S182,XAN_5119,296.6,0.409195
S183,XAN_5119,296.7,0.924253
S184,XAN_5119,296.8,0.482553
S185,XAN_5119,297.9,1.060083
S186,XAN_5119,297.5,1.847413
S187,XAN_5119,297.6,0.451868
S188,XAN_5119,295.1,-1.117805
S189,XAN_5119,298.9,1.695066
S190,XAN_5119,298,1.613933
S191,XAN_5119,296.3,-0.283855
S192,XAN_5119,297.6,1.043331
S193,XAN_5119,296.5,0.732207
S194,XAN_5119,295.8,-1.112323
S195,XAN_5119,296.1,-0.836981
S196,XAN_5119,295.2,-0.790695
S197,XAN_5119,295.7,-0.367915
S198,XAN_5119,294.5,-1.936391
S199,XAN_5119,295.4,-1.073837
S200,XAN_5119,298,1.630443
S001,XAN_5341,437.3,1.054667
S002,XAN_5341,435.7,-2.040403
S003,XAN_5341,436.1,-1.104098
S004,XAN_5341,438.1,1.577886
S005,XAN_5341,436.1,-0.190065
S006,XAN_5341,437.9,1.154192
S007,XAN_5341,436.2,-0.753944
S008,XAN_5341,438.6,1.447955
S009,XAN_5341,436.9,0.24219
S010,XAN_5341,437.2,0.543651
S011,XAN_5341,437.4,0.221539
S012,XAN_5341,437.9,1.039367
S013,XAN_5341,437.2,1.418515
S014,XAN_5341,435.8,-1.433783
S015,XAN_5341,435.4,-1.353801
S016,XAN_5341,436.6,-0.191087
S017,XAN_5341,435.3,-1.33092
S018,XAN_5341,437.3,0.038863
S019,XAN_5341,437.1,0.263139
S020,XAN_5341,438.6,1.849034
S021,XAN_5341,437.9,1.158827
S022,XAN_5341,437.7,0.652719
S023,XAN_5341,435.4,-1.092859
S024,XAN_5341,437.5,0.936788
S025,XAN_5341,437.9,0.801862
S026,XAN_5341,437.3,0.679763
S027,XAN_5341,434.7,-2.424383
S028,XAN_5341,436.9,-0.72033
S029,XAN_5341,437.3,0.751431
S030,XAN_5341,435.8,-1.11826
S031,XAN_5341,436.6,-0.108777
S032,XAN_5341,435.9,-0.974648
S033,XAN_5341,436.5,0.186281
S034,XAN_5341,437,0.859638
S035,XAN_5341,435.5,-1.138172
S036,XAN_5341,435.2,-1.792493
S037,XAN_5341,437.4,0.089419
S038,XAN_5341,436.6,0.336836
S039,XAN_5341,436,-0.528596
S040,XAN_5341,435.1,-1.898743
S041,XAN_5341,436.8,0.631075
S042,XAN_5341,436.2,0.00931
S043,XAN_5341,436.4,-0.736455
S044,XAN_5341,436.8,-0.099325
S045,XAN_5341,438.2,0.696342
S046,XAN_5341,438.5,0.640463
S047,XAN_5341,436.7,0.487005
S048,XAN_5341,435.9,-0.836191
S049,XAN_5341,436.6,-0.164616
S050,XAN_5341,436.4,-0.359891
S051,XAN_5341,437.8,1.74191
S052,XAN_5341,436.2,0.117708
S053,XAN_5341,436.8,1.551979
S054,XAN_5341,436.1,-0.568319
S055,XAN_5341,436.9,0.723769
S056,XAN_5341,436.1,-0.607886
S057,XAN_5341,438,1.610684
S058,XAN_5341,438.4,1.381383
S059,XAN_5341,436.2,-1.590896
S060,XAN_5341,436.7,0.266018
S061,XAN_5341,437.2,1.199115
S062,XAN_5341,435.8,-1.352234
S063,XAN_5341,435.5,-0.94318
S064,XAN_5341,436.6,-0.283385
S065,XAN_5341,436.7,-0.265641
S066,XAN_5341,436.2,0.423992
S067,XAN_5341,437.7,0.465884
S068,XAN_5341,435.4,-1.74013
S069,XAN_5341,437.2,0.15178
S070,XAN_5341,437.4,0.443675
S071,XAN_5341,435.8,-1.052792
S072,XAN_5341,438,1.574344
S073,XAN_5341,436,-0.777621
S074,XAN_5341,434.5,-2.412563
S075,XAN_5341,437.6,1.353788
S076,XAN_5341,436.1,-0.80092
S077,XAN_5341,437.1,0.719672
S078,XAN_5341,435.8,-1.750856
S079,XAN_5341,435.8,-0.199855
S080,XAN_5341,439.2,1.809568
S081,XAN_5341,437.5,0.809308
S082,XAN_5341,434.9,-2.056064
S083,XAN_5341,437.6,0.917855
S084,XAN_5341,436.1,-1.322952
S085,XAN_5341,436.8,-0.368069
S086,XAN_5341,436.4,-0.468269
S087,XAN_5341,439,1.495932
S088,XAN_5341,437.9,1.277055
S089,XAN_5341,435,-1.838904
S090,XAN_5341,435.3,-1.780251
S091,XAN_5341,438.3,1.779842
S092,XAN_5341,436.6,-0.646504
S093,XAN_5341,437.8,0.734107
S094,XAN_5341,436.9,-0.767219
S095,XAN_5341,437,0.172087
S096,XAN_5341,436.7,-0.013214
S097,XAN_5341,438.5,1.592026
S098,XAN_5341,438.1,1.816097
S099,XAN_5341,436.9,0.873207
S100,XAN_5341,437.1,0.184866
S101,XAN_5341,438.3,1.175127
S102,XAN_5341,436.1,-0.618873
S103,XAN_5341,436.2,-1.655921
S104,XAN_5341,437.3,0.954053
S105,XAN_5341,437.9,1.287986
S106,XAN_5341,436.8,-0.686461
S107,XAN_5341,436.3,-0.634253
S108,XAN_5341,438.7,1.164546
S109,XAN_5341,438,0.682134
S110,XAN_5341,437.5,0.911351
S111,XAN_5341,436.5,-0.839658
S112,XAN_5341,436.5,-0.448299
S113,XAN_5341,436.9,-0.44655
S114,XAN_5341,436.5,-0.294354
S115,XAN_5341,436.2,-1.081253
S116,XAN_5341,436.9,-0.307786
S117,XAN_5341,437,-0.970254
S118,XAN_5341,437,-0.319757
S119,XAN_5341,436.4,-1.251387
S120,XAN_5341,436,-1.018686
S121,XAN_5341,436.5,-0.586104
S122,XAN_5341,436.4,-0.426869
S123,XAN_5341,435.6,-0.769604
S124,XAN_5341,435.5,-0.916038
S125,XAN_5341,437.1,-0.072636
S126,XAN_5341,436,-0.648438
S127,XAN_5341,437.1,0.235157
S128,XAN_5341,439.7,1.761288
S129,XAN_5341,436.5,-0.101832
S130,XAN_5341,435.6,-0.986726
S131,XAN_5341,436.4,-0.246683
S132,XAN_5341,436.1,-0.365885
S133,XAN_5341,436.2,-0.515738
S134,XAN_5341,437.9,0.974762
S135,XAN_5341,437.5,-0.139314
S136,XAN_5341,438.2,2.049698
S137,XAN_5341,437.3,0.098434
S138,XAN_5341,437.8,0.736269
S139,XAN_5341,436.4,-0.29517
S140,XAN_5341,436.7,-0.174124
S141,XAN_5341,435.9,-0.955088
S142,XAN_5341,435.7,-1.937246
S143,XAN_5341,436.9,0.1443
S144,XAN_5341,435,-1.094647
S145,XAN_5341,435,-2.133724
S146,XAN_5341,436.7,0.314657
S147,XAN_5341,437.6,1.050163
S148,XAN_5341,437.3,0.762923
S149,XAN_5341,437.2,0.040877
S150,XAN_5341,437.8,1.277037
S151,XAN_5341,436.5,-1.409218
S152,XAN_5341,435.6,-1.147902
S153,XAN_5341,437.2,0.681466
S154,XAN_5341,436.7,-0.485913
S155,XAN_5341,436.4,-0.880114
S156,XAN_5341,438.1,1.546156
S157,XAN_5341,438.3,0.743621
S158,XAN_5341,437.4,0.144815
S159,XAN_5341,436.1,-0.608627
S160,XAN_5341,435.9,-1.393169
S161,XAN_5341,438.6,1.683404
S162,XAN_5341,435.2,-1.623431
S163,XAN_5341,435.5,-1.857549
S164,XAN_5341,437.6,1.721033
S165,XAN_5341,437.5,0.8574
S166,XAN_5341,434.7,-2.091408
S167,XAN_5341,436.6,0.132098
S168,XAN_5341,436.1,-1.468992
S169,XAN_5341,435.4,-1.031568
S170,XAN_5341,435.3,-2.501026
S171,XAN_5341,437.4,1.615716
S172,XAN_5341,436.6,-0.035093
S173,XAN_5341,436.7,0.671393
S174,XAN_5341,437.6,0.72957
S175,XAN_5341,437,0.144554
S176,XAN_5341,437.7,1.917435
S177,XAN_5341,437.1,0.462846
S178,XAN_5341,439.5,2.658499
S179,XAN_5341,436.9,0.600701
S180,XAN_5341,436.6,-0.172685
S181,XAN_5341,435,-2.559682
S182,XAN_5341,437.2,0.560988
S183,XAN_5341,436.8,0.457947
S184,XAN_5341,438.2,1.316528
S185,XAN_5341,437.8,0.516635
S186,XAN_5341,438.3,2.213996
S187,XAN_5341,437.5,-0.020574
S188,XAN_5341,435.4,-1.1863
S189,XAN_5341,439.7,1.897041
S190,XAN_5341,438.6,1.698921
S191,XAN_5341,436.9,-0.104577
S192,XAN_5341,438.2,1.143103
S193,XAN_5341,436.8,0.404611
S194,XAN_5341,436.7,-0.792934
S195,XAN_5341,436.7,-0.627465
S196,XAN_5341,435.4,-1.04396
S197,XAN_5341,436,-0.482046
S198,XAN_5341,435.7,-1.265163
S199,XAN_5341,436.7,-0.24006
S200,XAN_5341,436.9,0.046799
S001,XAN_5501,161.2,-0.327654
S002,XAN_5501,162.5,0.093299000000000007
S003,XAN_5501,163,0.820254
S004,XAN_5501,162.1,0.267269
S005,XAN_5501,161.4,-0.098339
S006,XAN_5501,160.6,-1.191206
S007,XAN_5501,162.4,0.222786
S008,XAN_5501,162,-0.779127
S009,XAN_5501,161.4,-0.41919
S010,XAN_5501,162,0.04037
S011,XAN_5501,161.5,-1.431721
S012,XAN_5501,161.6,-0.403923
S013,XAN_5501,162.3,1.252249
S014,XAN_5501,164,1.590558
S015,XAN_5501,162.6,0.845186
S016,XAN_5501,160.7,-1.302828
S017,XAN_5501,162.7,0.642735
S018,XAN_5501,163.1,0.489601
S019,XAN_5501,161.9,-0.263175
S020,XAN_5501,161.4,-0.879825
S021,XAN_5501,162.3,0.396249
S022,XAN_5501,159.8,-2.102634
S023,XAN_5501,160.2,-1.53322
S024,XAN_5501,161.9,-0.144151
S025,XAN_5501,161.2,-1.620208
S026,XAN_5501,161.3,-0.655012
S027,XAN_5501,161.6,-0.040536
S028,XAN_5501,162.8,0.302776
S029,XAN_5501,162.4,0.590729
S030,XAN_5501,161.2,-0.947729
S031,XAN_5501,162.6,0.936667
S032,XAN_5501,160.9,-1.263735
S033,XAN_5501,161.6,0.039212
S034,XAN_5501,162.1,0.703563
S035,XAN_5501,161.2,-0.654241
S036,XAN_5501,162.8,0.579562
S037,XAN_5501,161.5,-2.208064
S038,XAN_5501,160.6,-0.732381
S039,XAN_5501,161.9,0.414962
S040,XAN_5501,162.2,0.416302
S041,XAN_5501,161.5,-0.294815
S042,XAN_5501,160.7,-0.716549
S043,XAN_5501,162.6,0.224247
S044,XAN_5501,162.4,0.28733
S045,XAN_5501,161.7,-1.158583
S046,XAN_5501,162.3,-0.581987
S047,XAN_5501,162.7,1.169106
S048,XAN_5501,161.3,-0.537759
S049,XAN_5501,162.3,0.369692
S050,XAN_5501,161.6,-0.382728
S051,XAN_5501,162.2,0.737291
S052,XAN_5501,162.1,1.443912
S053,XAN_5501,161.6,0.73572
S054,XAN_5501,161.6,-0.304649
S055,XAN_5501,160.2,-1.680142
S056,XAN_5501,160.8,-1.100513
S057,XAN_5501,161.8,-0.288794
S058,XAN_5501,161.9,-0.559144
S059,XAN_5501,163.3,1.145597
S060,XAN_5501,162.1,0.607296
S061,XAN_5501,161.5,-0.126605
S062,XAN_5501,162.7,0.376566
S063,XAN_5501,160.6,-1.110809
S064,XAN_5501,162.6,0.882261
S065,XAN_5501,161,-1.320872
S066,XAN_5501,161.3,0.312059
S067,XAN_5501,161.5,-1.742716
S068,XAN_5501,162,0.33821
S069,XAN_5501,160.8,-1.721743
S070,XAN_5501,162.8,0.721544
S071,XAN_5501,162.5,0.780802
S072,XAN_5501,161.1,-1.107027
S073,XAN_5501,160.6,-1.545462
S074,XAN_5501,163.2,1.498855
S075,XAN_5501,162.5,1.035398
S076,XAN_5501,163.5,1.228227
S077,XAN_5501,163.1,1.331992
S078,XAN_5501,161.9,-0.390036
S079,XAN_5501,161.3,0.096382
S080,XAN_5501,161.6,-1.003486
S081,XAN_5501,161.9,0.163856
S082,XAN_5501,162.8,0.295685
S083,XAN_5501,163.3,1.340943
S084,XAN_5501,162.6,-0.045634
S085,XAN_5501,163.5,1.875422
S086,XAN_5501,162.3,0.130691
S087,XAN_5501,161.6,-0.545259
S088,XAN_5501,160,-2.188173
S089,XAN_5501,163.9,1.751117
S090,XAN_5501,162.6,-0.058633
S091,XAN_5501,161.2,-0.67166
S092,XAN_5501,163.3,0.616627
S093,XAN_5501,162.2,-0.383211
S094,XAN_5501,163.8,0.578843
S095,XAN_5501,163.2,1.282498
S096,XAN_5501,162.1,0.214497
S097,XAN_5501,162.5,0.685338
S098,XAN_5501,163,1.484858
S099,XAN_5501,160.1,-1.870763
S100,XAN_5501,161.5,-0.79607000000000006
S101,XAN_5501,163.3,0.953361
S102,XAN_5501,161.6,-0.195043
S103,XAN_5501,161.6,-1.304863
S104,XAN_5501,162.3,0.794817
S105,XAN_5501,162.7,0.779431
S106,XAN_5501,162.6,0.137639
S107,XAN_5501,160.7,-1.63843
S108,XAN_5501,161.3,-1.602062
S109,XAN_5501,162.9,0.396916
S110,XAN_5501,162.6,0.78452
S111,XAN_5501,164.7,2.070458
S112,XAN_5501,163,1.695734
S113,XAN_5501,162.2,-0.313398
S114,XAN_5501,163,0.968659
S115,XAN_5501,162.8,0.19525
S116,XAN_5501,160.7,-1.625829
S117,XAN_5501,162.5,-0.644809
S118,XAN_5501,162.5,0.130389
S119,XAN_5501,164.4,1.656468
S120,XAN_5501,161,-1.252943
S121,XAN_5501,160,-1.909474
S122,XAN_5501,162.4,0.528304
S123,XAN_5501,160.7,-0.892679
S124,XAN_5501,161.1,-0.492577
S125,XAN_5501,159.6,-2.205345
S126,XAN_5501,161.7,-0.187135
S127,XAN_5501,161.9,-0.322702
S128,XAN_5501,161.6,-0.179935
S129,XAN_5501,162.4,0.712821
S130,XAN_5501,163,2.415946
S131,XAN_5501,161.2,-0.895942
S132,XAN_5501,162,0.501852
S133,XAN_5501,164,1.875416
S134,XAN_5501,162.6,0.525177
S135,XAN_5501,162.3,-0.599668
S136,XAN_5501,162.8,1.246686
S137,XAN_5501,161.7,-0.585682
S138,XAN_5501,160.7,-1.263566
S139,XAN_5501,161.1,-0.988666
S140,XAN_5501,162.2,0.16123
S141,XAN_5501,162.3,0.110608
S142,XAN_5501,161.5,-0.843516
S143,XAN_5501,163.9,1.603283
S144,XAN_5501,162.5,0.831791
S145,XAN_5501,162.1,0.570342
S146,XAN_5501,161.9,0.299511
S147,XAN_5501,163.4,1.557843
S148,XAN_5501,159.9,-1.76112
S149,XAN_5501,163.7,1.150439
S150,XAN_5501,163.4,1.71358
S151,XAN_5501,163.3,1.165255
S152,XAN_5501,162.4,0.257323
S153,XAN_5501,162.1,0.181773
S154,XAN_5501,164.1,0.939464
S155,XAN_5501,162,-0.500999
S156,XAN_5501,162.6,0.626628
S157,XAN_5501,163.6,0.916607
S158,XAN_5501,160.2,-1.596998
S159,XAN_5501,162,0.384317
S160,XAN_5501,163.4,2.175332
S161,XAN_5501,161.3,-0.796858
S162,XAN_5501,162.5,0.158272
S163,XAN_5501,161.7,0.011695
S164,XAN_5501,160.6,-1.110047
S165,XAN_5501,163,1.131073
S166,XAN_5501,162.8,0.505872
S167,XAN_5501,162.3,0.651595
S168,XAN_5501,162.7,0.695698
S169,XAN_5501,164,2.394834
S170,XAN_5501,163.1,0.798039
S171,XAN_5501,161.5,0.359373
S172,XAN_5501,162.9,1.421633
S173,XAN_5501,162,0.746844
S174,XAN_5501,159.9,-0.92039
S175,XAN_5501,162.8,1.094708
S176,XAN_5501,161.5,-0.528367
S177,XAN_5501,162.7,0.792076
S178,XAN_5501,161.5,-0.943649
S179,XAN_5501,162,0.46278
S180,XAN_5501,161.2,-1.093041
S181,XAN_5501,161.9,-0.168395
S182,XAN_5501,161.7,-0.266988
S183,XAN_5501,162.2,0.688373
S184,XAN_5501,163.6,1.480979
S185,XAN_5501,161.6,-0.743566
S186,XAN_5501,160.6,-1.319398
S187,XAN_5501,164.1,1.065987
S188,XAN_5501,160.2,-1.421177
S189,XAN_5501,162.4,-0.076491
S190,XAN_5501,160.2,-1.857797
S191,XAN_5501,161.4,-1.015335
S192,XAN_5501,161.5,-0.783948
S193,XAN_5501,162,0.373028
S194,XAN_5501,161.2,-1.292915
S195,XAN_5501,163.5,1.624676
S196,XAN_5501,162.6,1.199002
S197,XAN_5501,159.4,-1.960537
S198,XAN_5501,162,-0.353869
S199,XAN_5501,163.8,1.564481
S200,XAN_5501,160.4,-1.63562
S001,XAN_6080,450.7,-0.66039
S002,XAN_6080,452.3,0.106521
S003,XAN_6080,452.5,0.492624
S004,XAN_6080,452.2,0.599033
S005,XAN_6080,451.2,-0.107587
S006,XAN_6080,450.6,-1.022149
S007,XAN_6080,452,0.029169
S008,XAN_6080,452.2,-0.279096
S009,XAN_6080,451.2,-0.427082
S010,XAN_6080,452.4,0.779448
S011,XAN_6080,452.1,-0.237638
S012,XAN_6080,451.1,-0.699038
S013,XAN_6080,450.5,-1.062074
S014,XAN_6080,453.7,1.52288
S015,XAN_6080,452.9,1.420927
S016,XAN_6080,450.7,-1.120383
S017,XAN_6080,451.9,0.103756
S018,XAN_6080,453.6,1.054695
S019,XAN_6080,452.3,0.50781
S020,XAN_6080,450.7,-1.463202
S021,XAN_6080,451.8,0.117654
S022,XAN_6080,450.4,-1.414799
S023,XAN_6080,450.7,-0.807517
S024,XAN_6080,452.2,0.5284
S025,XAN_6080,451.2,-1.378328
S026,XAN_6080,451,-0.777774
S027,XAN_6080,451.2,-0.33536
S028,XAN_6080,451.9,-0.739692
S029,XAN_6080,452.4,0.882451
S030,XAN_6080,451.2,-0.771311
S031,XAN_6080,452.3,0.816453
S032,XAN_6080,450.3,-1.833167
S033,XAN_6080,451.6,0.291136
S034,XAN_6080,452.1,0.980923
S035,XAN_6080,450.7,-0.970188
S036,XAN_6080,452.6,0.59431
S037,XAN_6080,451.9,-0.967066
S038,XAN_6080,450.4,-0.751644
S039,XAN_6080,451.5,0.134542
S040,XAN_6080,452,0.422211
S041,XAN_6080,451.3,-0.307151
S042,XAN_6080,450.3,-0.943405
S043,XAN_6080,452.8,0.632337
S044,XAN_6080,451.8,-0.113932
S045,XAN_6080,451.4,-1.272209
S046,XAN_6080,451.9,-0.751724
S047,XAN_6080,452.3,1.003673
S048,XAN_6080,451.7,0.43001
S049,XAN_6080,451,-0.857187
S050,XAN_6080,451,-0.987159
S051,XAN_6080,451.7,0.368171
S052,XAN_6080,451.9,1.450002
S053,XAN_6080,452,1.922514
S054,XAN_6080,451.7,-0.027043
S055,XAN_6080,450.9,-0.568012
S056,XAN_6080,450.9,-0.826643
S057,XAN_6080,451.9,0.117499
S058,XAN_6080,451.9,-0.329642
S059,XAN_6080,452.5,0.293514
S060,XAN_6080,452.5,1.743811
S061,XAN_6080,451.5,0.157613
S062,XAN_6080,451.6,-0.548706
S063,XAN_6080,449.7,-2.18369
S064,XAN_6080,452.2,0.597108
S065,XAN_6080,450.7,-1.455552
S066,XAN_6080,451.9,1.091392
S067,XAN_6080,450.8,-2.54581
S068,XAN_6080,451.9,0.492934
S069,XAN_6080,450.8,-1.507575
S070,XAN_6080,452.7,0.898067
S071,XAN_6080,453.1,1.797174
S072,XAN_6080,451.2,-0.737915
S073,XAN_6080,451.6,-0.049911
S074,XAN_6080,452.7,1.1808
S075,XAN_6080,452.9,1.65831
S076,XAN_6080,453.3,1.252859
S077,XAN_6080,451.8,0.473696
S078,XAN_6080,452,0.078624
S079,XAN_6080,452.1,1.142305
S080,XAN_6080,450.8,-1.617522
S081,XAN_6080,452,0.404751
S082,XAN_6080,452.7,0.397689
S083,XAN_6080,453,1.272216
S084,XAN_6080,452.7,0.269037
S085,XAN_6080,453.2,1.761815
S086,XAN_6080,451.5,-0.39747
S087,XAN_6080,451.2,-0.707838
S088,XAN_6080,450.1,-1.88459
S089,XAN_6080,453.4,1.486379
S090,XAN_6080,452.7,0.202634
S091,XAN_6080,451.4,-0.254047
S092,XAN_6080,453.3,0.809405
S093,XAN_6080,451,-1.766999
S094,XAN_6080,453.3,0.360234
S095,XAN_6080,452.6,0.847765
S096,XAN_6080,452.5,0.972812
S097,XAN_6080,452.7,0.995445
S098,XAN_6080,452.2,0.867098
S099,XAN_6080,450.1,-1.635184
S100,XAN_6080,451.1,-1.048683
S101,XAN_6080,452.7,0.562441
S102,XAN_6080,450.6,-1.413406
S103,XAN_6080,451.6,-0.928165
S104,XAN_6080,452.4,1.023913
S105,XAN_6080,452.6,0.91943
S106,XAN_6080,452.1,-0.276538
S107,XAN_6080,450.2,-2.038944
S108,XAN_6080,451.4,-1.290531
S109,XAN_6080,452.4,0.137531
S110,XAN_6080,452,0.355086
S111,XAN_6080,454.7,2.314142
S112,XAN_6080,453.2,2.40497
S113,XAN_6080,452.1,-0.144433
S114,XAN_6080,453.7,1.886368
S115,XAN_6080,451.8,-0.540909
S116,XAN_6080,451.2,-0.982247
S117,XAN_6080,452,-0.983301
S118,XAN_6080,451.6,-0.982832
S119,XAN_6080,454.8,2.336917
S120,XAN_6080,451.8,-0.162493
S121,XAN_6080,450.2,-1.620407
S122,XAN_6080,451.8,0.043038
S123,XAN_6080,450.7,-0.696243
S124,XAN_6080,451.1,-0.284039
S125,XAN_6080,449.9,-1.836521
S126,XAN_6080,451.8,0.099694
S127,XAN_6080,451.4,-0.731694
S128,XAN_6080,451.9,0.114343
S129,XAN_6080,451.5,-0.124691
S130,XAN_6080,452.1,1.336079
S131,XAN_6080,450.3,-2.026425
S132,XAN_6080,452.1,0.890237
S133,XAN_6080,453.5,1.6255
S134,XAN_6080,453.3,1.330673
S135,XAN_6080,452,-0.704822
S136,XAN_6080,452.8,1.530425
S137,XAN_6080,451.9,-0.247905
S138,XAN_6080,450.9,-0.930023
S139,XAN_6080,451.3,-0.459863
S140,XAN_6080,451.6,-0.313097
S141,XAN_6080,451.9,-0.066435
S142,XAN_6080,451.8,0.093775
S143,XAN_6080,453.9,1.796738
S144,XAN_6080,452.6,1.097114
S145,XAN_6080,452,0.720627
S146,XAN_6080,452,0.590285
S147,XAN_6080,453.8,2.110523
S148,XAN_6080,450.5,-1.008909
S149,XAN_6080,452.9,0.648942
S150,XAN_6080,452.8,1.278338
S151,XAN_6080,453.1,1.202924
S152,XAN_6080,451.7,-0.186062
S153,XAN_6080,452.9,1.792411
S154,XAN_6080,453.2,0.498856
S155,XAN_6080,450.5,-1.802953
S156,XAN_6080,452.6,0.902011
S157,XAN_6080,453.5,1.18908
S158,XAN_6080,449.3,-2.13056
S159,XAN_6080,451.6,0.091596
S160,XAN_6080,452.1,0.467551
S161,XAN_6080,451.5,-0.406315
S162,XAN_6080,451.9,-0.180742
S163,XAN_6080,451.7,0.390718
S164,XAN_6080,450.2,-1.397703
S165,XAN_6080,452.2,0.559306
S166,XAN_6080,452.1,0.061762
S167,XAN_6080,452,0.549476
S168,XAN_6080,452.1,0.08054
S169,XAN_6080,453.3,1.915633
S170,XAN_6080,452.6,0.434182
S171,XAN_6080,451.4,0.46603
S172,XAN_6080,452.1,0.624208
S173,XAN_6080,451.7,0.656977
S174,XAN_6080,449.2,-1.22695
S175,XAN_6080,453.2,2.11166
S176,XAN_6080,451.1,-0.891226
S177,XAN_6080,452.8,1.065078
S178,XAN_6080,451.3,-0.951343
S179,XAN_6080,451.1,-0.381017
S180,XAN_6080,451,-1.110804
S181,XAN_6080,450.8,-1.466547
S182,XAN_6080,451.5,-0.271074
S183,XAN_6080,452.7,1.585569
S184,XAN_6080,453.1,1.231607
S185,XAN_6080,451.9,-0.296107
S186,XAN_6080,450.4,-1.345924
S187,XAN_6080,453.8,1.014828
S188,XAN_6080,449.8,-1.552592
S189,XAN_6080,452.6,0.24851
S190,XAN_6080,450.3,-1.586042
S191,XAN_6080,451.1,-1.155512
S192,XAN_6080,451.3,-0.790857
S193,XAN_6080,451.5,-0.22682
S194,XAN_6080,451,-1.301215
S195,XAN_6080,452,-0.216685
S196,XAN_6080,452.4,1.211986
S197,XAN_6080,450.1,-1.24938
S198,XAN_6080,452.2,-0.011115
S199,XAN_6080,454.1,2.081557
S200,XAN_6080,449.9,-1.959393
S001,XAN_6246,880.1,0.66035
S002,XAN_6246,881.5,1.665945
S003,XAN_6246,881.1,1.085197
S004,XAN_6246,882.2,2.777994
S005,XAN_6246,880.5,1.175892
S006,XAN_6246,878.6,-1.280214
S007,XAN_6246,879.8,-0.358834
S008,XAN_6246,880.6,0.061858
S009,XAN_6246,881.3,1.474339
S010,XAN_6246,878,-2.558364
S011,XAN_6246,880.2,-0.321176
S012,XAN_6246,880,0.00692
S013,XAN_6246,877.9,-2.403311
S014,XAN_6246,879,-1.508818
S015,XAN_6246,879.9,0.095127
S016,XAN_6246,879.7,-0.301891
S017,XAN_6246,879.3,-0.650251
S018,XAN_6246,879.9,-0.419792
S019,XAN_6246,882,2.66217
S020,XAN_6246,879.5,-0.782349
S021,XAN_6246,881.3,1.46961
S022,XAN_6246,881.2,1.027647
S023,XAN_6246,881.6,2.267313
S024,XAN_6246,878.8,-1.702365
S025,XAN_6246,880.9,0.671255
S026,XAN_6246,878.2,-2.006702
S027,XAN_6246,880.6,1.495414
S028,XAN_6246,881.5,1.601794
S029,XAN_6246,878.9,-1.572407
S030,XAN_6246,880.4,0.220918
S031,XAN_6246,880,0.179291
S032,XAN_6246,879.5,-0.475449
S033,XAN_6246,881,1.975494
S034,XAN_6246,879.5,-0.120703
S035,XAN_6246,879.6,-0.259957
S036,XAN_6246,881,0.900571
S037,XAN_6246,880.3,-0.440297
S038,XAN_6246,881.4,1.87015
S039,XAN_6246,879.5,-0.154918
S040,XAN_6246,879.9,0.075962
S041,XAN_6246,879,-1.298128
S042,XAN_6246,879.3,-0.140035
S043,XAN_6246,879.6,-0.756065
S044,XAN_6246,881.4,1.45454
S045,XAN_6246,878.9,-2.096309
S046,XAN_6246,880,-0.813185
S047,XAN_6246,880.1,0.682805
S048,XAN_6246,880.3,1.17117
S049,XAN_6246,881,1.277651
S050,XAN_6246,879.1,-1.189883
S051,XAN_6246,880.4,1.067143
S052,XAN_6246,879.2,-0.378727
S053,XAN_6246,879.7,0.940904
S054,XAN_6246,879.7,-0.207826
S055,XAN_6246,879.7,0.207478
S056,XAN_6246,881.6,1.746223
S057,XAN_6246,879.7,-0.416701
S058,XAN_6246,878.3,-2.505503
S059,XAN_6246,880.3,-0.220493
S060,XAN_6246,880.5,1.492096
S061,XAN_6246,880.5,1.431966
S062,XAN_6246,880.5,0.250743
S063,XAN_6246,880.7,2.100202
S064,XAN_6246,880.1,0.199966
S065,XAN_6246,878.7,-1.766095
S066,XAN_6246,880.5,1.551548
S067,XAN_6246,880.1,-0.74363
S068,XAN_6246,878.4,-2.232512
S069,XAN_6246,880,-0.293926
S070,XAN_6246,878.5,-2.92191
S071,XAN_6246,881.2,1.819241
S072,XAN_6246,880.7,1.040306
S073,XAN_6246,878.7,-1.528519
S074,XAN_6246,880.1,0.310724
S075,XAN_6246,881.1,1.770978
S076,XAN_6246,880.7,0.573958
S077,XAN_6246,880.1,0.582681
S078,XAN_6246,880.1,-0.019548
S079,XAN_6246,879.2,-0.05007
S080,XAN_6246,879,-1.661342
S081,XAN_6246,881.6,1.647609
S082,XAN_6246,878.6,-1.714172
S083,XAN_6246,879.8,0.03946
S084,XAN_6246,878.1,-2.671374
S085,XAN_6246,879.2,-1.663521
S086,XAN_6246,880.4,0.277937
S087,XAN_6246,878.8,-1.229214
S088,XAN_6246,880.8,1.040849
S089,XAN_6246,879.3,-0.812249
S090,XAN_6246,880.3,-0.257441
S091,XAN_6246,882.3,2.862593
S092,XAN_6246,880.3,-0.18406
S093,XAN_6246,879.8,-0.911538
S094,XAN_6246,882.1,0.996869
S095,XAN_6246,878.7,-1.636767
S096,XAN_6246,879.6,-0.409474
S097,XAN_6246,879.3,-0.231823
S098,XAN_6246,878.7,-1.006052
S099,XAN_6246,879.3,-0.280841
S100,XAN_6246,879.9,-0.288038
S101,XAN_6246,880.6,0.327946
S102,XAN_6246,878.8,-1.50087
S103,XAN_6246,880,-0.483793
S104,XAN_6246,879.9,0.517369
S105,XAN_6246,878.3,-2.296297
S106,XAN_6246,879.9,-0.817998
S107,XAN_6246,878.9,-1.476162
S108,XAN_6246,879.5,-1.405114
S109,XAN_6246,880,-0.38359
S110,XAN_6246,879.8,-0.06996
S111,XAN_6246,880.5,6.05e-4
S112,XAN_6246,880.2,0.443806
S113,XAN_6246,879.7,-1.09954
S114,XAN_6246,881.2,1.304052
S115,XAN_6246,879.9,-0.613471
S116,XAN_6246,880.9,0.527732
S117,XAN_6246,880.2,-0.931415
S118,XAN_6246,879,-2.342526
S119,XAN_6246,879.7,-1.158438
S120,XAN_6246,879.3,-0.960948
S121,XAN_6246,879.9,-0.42636
S122,XAN_6246,881.3,1.807025
S123,XAN_6246,880.3,0.887271
S124,XAN_6246,880.6,1.250636
S125,XAN_6246,879.3,-0.895577
S126,XAN_6246,879.7,-0.182791
S127,XAN_6246,880.3,0.292598
S128,XAN_6246,881.3,0.902179
S129,XAN_6246,880.5,0.923955
S130,XAN_6246,879.7,0.398839
S131,XAN_6246,880.2,0.744636
S132,XAN_6246,879.9,0.403977
S133,XAN_6246,880.5,0.559278
S134,XAN_6246,878.7,-1.201776
S135,XAN_6246,880,-0.895883
S136,XAN_6246,880.8,1.382796
S137,XAN_6246,878.5,-1.678771
S138,XAN_6246,878.2,-1.808979
S139,XAN_6246,879,-1.202714
S140,XAN_6246,879.8,-0.294766
S141,XAN_6246,879.7,-0.424896
S142,XAN_6246,880.1,0.35449
S143,XAN_6246,881.5,1.413828
S144,XAN_6246,880.2,0.621157
S145,XAN_6246,881,2.036942
S146,XAN_6246,880.5,0.945672
S147,XAN_6246,879.4,-0.203025
S148,XAN_6246,880.5,0.821626
S149,XAN_6246,880.5,0.180012
S150,XAN_6246,879.1,-0.965195
S151,XAN_6246,881.1,1.054685
S152,XAN_6246,881.7,1.575035
S153,XAN_6246,880.6,1.107968
S154,XAN_6246,879.7,-0.623816
S155,XAN_6246,880.9,0.498722
S156,XAN_6246,881,1.29685
S157,XAN_6246,880.9,-0.313449
S158,XAN_6246,881,0.509699
S159,XAN_6246,878.5,-1.942512
S160,XAN_6246,879.5,-0.813251
S161,XAN_6246,881.2,1.21371
S162,XAN_6246,879.2,-0.987215
S163,XAN_6246,879.1,-1.221394
S164,XAN_6246,880.2,0.997231
S165,XAN_6246,881.2,1.460556
S166,XAN_6246,881.1,0.894584
S167,XAN_6246,879,-0.806528
S168,XAN_6246,880.7,0.845077
S169,XAN_6246,878.6,-1.142937
S170,XAN_6246,880.8,0.548793
S171,XAN_6246,880.4,1.448801
S172,XAN_6246,878.8,-1.503737
S173,XAN_6246,877.9,-1.279478
S174,XAN_6246,880.4,0.5324
S175,XAN_6246,879.7,-0.688121
S176,XAN_6246,879.6,-0.363579
S177,XAN_6246,880.5,0.686847
S178,XAN_6246,880.2,-0.104261
S179,XAN_6246,880.2,0.759876
S180,XAN_6246,879.3,-0.991153
S181,XAN_6246,879.9,-0.136106
S182,XAN_6246,879.3,-0.766074
S183,XAN_6246,881.6,2.663639
S184,XAN_6246,879.9,-0.02996
S185,XAN_6246,880,-0.359499
S186,XAN_6246,879.9,0.282576
S187,XAN_6246,881,0.298446
S188,XAN_6246,879.1,-0.939555
S189,XAN_6246,879.3,-0.963225
S190,XAN_6246,880.8,0.801144
S191,XAN_6246,879.2,-1.321763
S192,XAN_6246,881.8,1.724197
S193,XAN_6246,880.2,0.867202
S194,XAN_6246,880,-0.711926
S195,XAN_6246,878.9,-2.168732
S196,XAN_6246,880,0.557191
S197,XAN_6246,881.7,1.693899
S198,XAN_6246,878.7,-1.518147
S199,XAN_6246,879.3,-0.860409
S200,XAN_6246,879.6,-0.463607
