amphora_id,type,region,varietal,vintage,fixed_acidity,volatile_acidity,residual_sugar,chlorides,pH,sulphates,alcohol,quality_score
AMPH-0000,white,Kos,Helvola,-245,6.925,0.367,6.99,0.046,3.09,0.452,11.21,5.3
AMPH-0001,red,Chios,Eugenia,-246,8.018,0.469,1.19,0.098,3.45,0.626,10.65,7.08
AMPH-0002,red,Kos,Eugenia,-245,9.207,0.544,0.6,0.09,3.28,0.502,10.55,7.92
AMPH-0003,white,Chios,Apian,-245,6.942,0.411,4.99,0.054,3.39,0.429,11.13,6.85
AMPH-0004,white,Chios,Apian,-245,6.585,0.228,6.86,0.033,3.22,0.427,11.15,7.82
AMPH-0005,white,Kos,Apian,-247,6.704,0.331,6.62,0.039,3.0,0.357,10.88,8.47
AMPH-0006,white,Kos,Duracina,-247,8.116,0.265,7.25,0.044,3.1,0.515,9.82,5.32
AMPH-0007,red,Rhodes,Argitis,-247,7.936,0.517,2.17,0.099,3.36,0.765,14.31,4.53
AMPH-0008,white,Rhodes,Argitis,-247,7.505,0.279,5.89,0.05,3.22,0.307,13.93,5.05
AMPH-0009,red,Chios,Apian,-245,9.156,0.441,2.49,0.077,3.34,0.793,11.6,7.28
AMPH-0010,white,Rhodes,Eugenia,-247,7.133,0.28,5.35,0.05,2.98,0.448,10.37,7.36
AMPH-0011,red,Thasos,Argitis,-247,7.495,0.497,2.98,0.079,3.43,0.7,13.68,5.85
AMPH-0012,white,Rhodes,Apian,-246,6.287,0.202,7.14,0.046,3.21,0.512,11.57,8.11
AMPH-0013,white,Kos,Aminean,-247,6.261,0.256,7.65,0.053,3.18,0.471,11.45,8.34
AMPH-0014,red,Thasos,Duracina,-247,7.955,0.506,2.12,0.072,3.47,0.698,9.29,5.75
AMPH-0015,white,Chios,Apian,-247,6.764,0.235,6.72,0.051,3.05,0.37,11.84,7.85
AMPH-0016,white,Chios,Apian,-246,7.125,0.328,3.45,0.055,3.21,0.453,11.72,7.03
AMPH-0017,white,Chios,Apian,-247,7.147,0.237,4.67,0.034,3.11,0.426,11.63,7.77
AMPH-0018,white,Thasos,Eugenia,-247,6.3,0.31,7.51,0.036,3.14,0.552,10.79,8.21
AMPH-0019,red,Rhodes,Helvola,-246,8.56,0.485,2.84,0.097,3.44,0.712,11.77,4.97
AMPH-0020,white,Chios,Aminean,-247,7.07,0.233,7.32,0.074,3.17,0.386,12.26,7.75
AMPH-0021,red,Kos,Duracina,-247,7.609,0.542,0.86,0.071,3.27,0.737,10.38,5.41
AMPH-0022,red,Rhodes,Eugenia,-247,7.573,0.452,1.66,0.073,3.2,0.553,11.04,8.46
AMPH-0023,red,Kos,Duracina,-245,8.366,0.454,0.6,0.085,3.34,0.627,8.88,5.88
AMPH-0024,red,Kos,Argitis,-246,7.143,0.488,3.13,0.081,3.22,0.61,12.79,5.4
AMPH-0025,red,Chios,Eugenia,-246,8.312,0.474,2.88,0.085,3.24,0.622,10.64,7.81
AMPH-0026,red,Rhodes,Helvola,-247,7.512,0.478,1.58,0.098,3.24,0.549,11.62,5.64
AMPH-0027,white,Rhodes,Argitis,-247,7.763,0.293,5.29,0.017,3.25,0.258,13.81,5.25
AMPH-0028,red,Chios,Eugenia,-246,8.896,0.496,1.74,0.079,3.41,0.674,9.98,7.73
AMPH-0029,white,Chios,Eugenia,-245,7.396,0.252,5.47,0.062,3.21,0.351,10.4,7.97
AMPH-0030,white,Thasos,Duracina,-247,6.117,0.254,7.61,0.047,3.35,0.69,9.7,6.49
AMPH-0031,red,Thasos,Helvola,-245,7.947,0.56,1.0,0.084,3.35,0.738,11.46,6.05
AMPH-0032,white,Rhodes,Duracina,-247,7.13,0.321,6.0,0.041,3.17,0.518,10.25,5.46
AMPH-0033,white,Chios,Eugenia,-247,5.49,0.347,6.78,0.055,3.05,0.522,9.83,7.45
AMPH-0034,white,Chios,Aminean,-246,7.499,0.324,3.69,0.036,3.1,0.2,12.25,7.9
AMPH-0035,white,Chios,Argitis,-246,7.665,0.253,6.43,0.054,3.22,0.467,13.13,5.19
AMPH-0036,red,Kos,Helvola,-245,8.855,0.602,2.45,0.086,3.37,0.679,10.69,5.45
AMPH-0037,white,Thasos,Duracina,-246,6.686,0.317,5.48,0.054,3.16,0.45,9.53,6.81
AMPH-0038,white,Chios,Aminean,-246,7.324,0.268,8.45,0.06,3.03,0.368,12.94,7.89
AMPH-0039,white,Thasos,Argitis,-246,6.095,0.302,4.22,0.052,3.26,0.474,14.54,6.49
AMPH-0040,white,Kos,Apian,-247,6.498,0.274,9.01,0.03,3.2,0.501,11.59,7.83
AMPH-0041,white,Kos,Helvola,-246,7.234,0.207,7.59,0.047,3.25,0.573,10.4,5.31
AMPH-0042,white,Thasos,Argitis,-246,6.758,0.208,6.23,0.049,3.1,0.536,14.12,6.71
AMPH-0043,white,Chios,Eugenia,-247,6.928,0.237,6.04,0.049,3.3,0.282,10.08,7.5
AMPH-0044,white,Thasos,Duracina,-245,6.394,0.233,8.45,0.053,3.19,0.547,10.06,6.22
AMPH-0045,white,Kos,Eugenia,-247,6.309,0.252,5.9,0.04,3.33,0.387,10.34,7.88
AMPH-0046,red,Thasos,Aminean,-245,8.054,0.485,2.87,0.104,3.32,0.767,12.08,9.0
AMPH-0047,white,Rhodes,Apian,-246,7.332,0.301,5.14,0.033,3.3,0.512,10.74,8.14
AMPH-0048,white,Thasos,Duracina,-247,5.553,0.287,6.67,0.036,3.36,0.337,10.06,5.91
AMPH-0049,red,Thasos,Helvola,-247,9.189,0.397,4.93,0.086,3.38,0.791,10.65,6.13
AMPH-0050,white,Kos,Eugenia,-246,7.093,0.202,4.35,0.035,3.05,0.724,9.93,8.25
AMPH-0051,red,Kos,Duracina,-246,7.739,0.545,1.9,0.083,3.29,0.526,9.62,5.26
AMPH-0052,red,Chios,Eugenia,-246,8.436,0.543,2.28,0.093,3.26,0.297,10.01,7.43
AMPH-0053,white,Chios,Apian,-246,6.485,0.367,7.61,0.058,3.1,0.782,11.91,7.72
AMPH-0054,red,Chios,Eugenia,-246,8.292,0.474,1.3,0.086,3.32,0.713,9.79,7.54
AMPH-0055,white,Kos,Aminean,-246,6.507,0.335,9.88,0.035,3.26,0.531,12.16,7.91
AMPH-0056,white,Kos,Eugenia,-246,6.865,0.218,5.76,0.047,3.15,0.657,10.54,8.28
AMPH-0057,red,Chios,Aminean,-246,8.382,0.575,0.6,0.084,3.46,0.703,12.84,6.75
AMPH-0058,white,Thasos,Duracina,-245,6.343,0.34,7.78,0.04,3.21,0.379,9.18,6.41
AMPH-0059,white,Rhodes,Apian,-245,6.178,0.264,7.23,0.037,3.05,0.28,10.91,7.05
AMPH-0060,white,Chios,Eugenia,-247,7.104,0.26,8.79,0.054,3.08,0.252,9.98,7.94
AMPH-0061,white,Thasos,Duracina,-246,6.559,0.256,5.01,0.041,3.18,0.713,9.53,6.31
AMPH-0062,red,Thasos,Argitis,-246,7.052,0.47,2.46,0.089,3.25,0.69,14.21,6.47
AMPH-0063,white,Rhodes,Argitis,-245,7.378,0.221,8.23,0.037,3.19,0.513,14.39,5.06
AMPH-0064,red,Kos,Apian,-246,7.909,0.456,4.83,0.087,3.35,0.559,11.56,7.7
AMPH-0065,white,Chios,Eugenia,-245,7.203,0.233,4.3,0.038,3.25,0.713,10.76,7.37
AMPH-0066,white,Chios,Aminean,-247,6.838,0.291,7.15,0.046,3.31,0.417,12.76,8.33
AMPH-0067,white,Kos,Aminean,-247,6.983,0.279,4.58,0.027,3.27,0.758,12.74,8.47
AMPH-0068,red,Thasos,Duracina,-247,8.996,0.558,2.9,0.074,3.3,0.609,10.31,6.19
AMPH-0069,white,Kos,Helvola,-247,6.354,0.25,5.6,0.045,3.11,0.726,11.16,5.87
AMPH-0070,white,Kos,Apian,-247,6.463,0.255,6.14,0.056,3.19,0.267,11.23,7.93
AMPH-0071,white,Rhodes,Eugenia,-246,7.244,0.367,7.12,0.026,3.13,0.7,9.78,7.53
AMPH-0072,white,Kos,Eugenia,-246,6.799,0.284,5.71,0.04,3.27,0.511,10.16,7.92
AMPH-0073,white,Rhodes,Duracina,-245,6.453,0.321,5.49,0.035,3.25,0.443,9.19,5.24
AMPH-0074,white,Kos,Apian,-245,6.557,0.275,4.91,0.05,3.21,0.498,11.21,7.67
AMPH-0075,white,Rhodes,Helvola,-247,6.572,0.261,9.65,0.047,3.38,0.48,11.11,5.52
AMPH-0076,red,Thasos,Argitis,-246,9.077,0.554,2.14,0.082,3.41,0.839,14.3,6.21
AMPH-0077,red,Chios,Apian,-247,7.747,0.575,3.59,0.098,3.44,0.695,11.65,7.8
AMPH-0078,red,Thasos,Helvola,-247,8.291,0.476,2.63,0.069,3.34,0.567,10.25,5.89
AMPH-0079,red,Kos,Argitis,-247,8.632,0.598,0.95,0.095,3.33,0.56,14.01,5.29
AMPH-0080,white,Chios,Apian,-246,7.118,0.342,6.94,0.054,3.29,0.302,11.69,7.32
AMPH-0081,white,Kos,Aminean,-247,5.922,0.37,7.47,0.047,3.25,0.434,12.18,8.0
AMPH-0082,red,Rhodes,Aminean,-247,8.402,0.464,3.96,0.079,3.35,0.626,13.2,7.75
AMPH-0083,red,Rhodes,Argitis,-245,9.341,0.504,2.63,0.098,3.31,0.678,13.83,5.25
AMPH-0084,white,Thasos,Argitis,-247,7.298,0.31,5.52,0.045,3.18,0.358,13.48,6.17
AMPH-0085,red,Kos,Helvola,-247,7.788,0.549,1.75,0.096,3.23,0.643,11.66,5.31
AMPH-0086,white,Kos,Aminean,-247,7.306,0.365,6.3,0.057,3.19,0.745,11.95,7.7
AMPH-0087,white,Thasos,Aminean,-247,7.142,0.249,4.3,0.043,3.18,0.506,13.03,8.88
AMPH-0088,white,Thasos,Argitis,-245,5.87,0.306,5.26,0.055,3.19,0.2,14.22,7.48
AMPH-0089,white,Chios,Eugenia,-247,7.408,0.242,5.48,0.035,3.08,0.2,9.53,7.55
AMPH-0090,red,Rhodes,Helvola,-245,7.374,0.514,2.1,0.093,3.28,0.673,10.43,4.96
AMPH-0091,white,Chios,Eugenia,-246,8.013,0.245,4.24,0.047,3.14,0.384,10.93,7.85
AMPH-0092,red,Thasos,Duracina,-245,7.708,0.499,2.75,0.083,3.32,0.64,10.35,6.11
AMPH-0093,white,Kos,Aminean,-245,6.819,0.293,5.79,0.041,3.29,0.296,12.57,8.32
AMPH-0094,white,Chios,Apian,-246,5.939,0.242,5.9,0.048,3.25,0.439,12.48,7.84
AMPH-0095,red,Rhodes,Argitis,-246,8.467,0.573,2.9,0.086,3.36,0.729,13.31,5.29
AMPH-0096,white,Thasos,Argitis,-246,6.79,0.289,6.18,0.044,3.27,0.57,13.33,6.29
AMPH-0097,white,Chios,Argitis,-247,6.786,0.289,5.69,0.049,3.35,0.717,13.56,5.17
AMPH-0098,white,Kos,Eugenia,-246,7.172,0.317,5.74,0.041,3.29,0.556,10.03,7.48
AMPH-0099,white,Chios,Eugenia,-245,6.095,0.302,7.87,0.043,3.16,0.223,10.14,8.13
AMPH-0100,white,Rhodes,Helvola,-247,6.692,0.323,7.79,0.056,3.2,0.427,10.8,5.58
AMPH-0101,white,Thasos,Helvola,-246,6.526,0.228,7.09,0.043,3.1,0.456,9.77,6.11
AMPH-0102,white,Kos,Argitis,-246,5.609,0.243,6.01,0.041,3.15,0.51,13.76,6.17
AMPH-0103,white,Thasos,Helvola,-246,7.972,0.278,7.26,0.062,3.06,0.74,11.49,6.56
AMPH-0104,red,Chios,Apian,-247,7.945,0.494,4.27,0.087,3.35,0.595,10.96,7.74
AMPH-0105,red,Thasos,Helvola,-245,8.403,0.555,1.16,0.077,3.33,0.694,11.6,5.65
AMPH-0106,white,Rhodes,Helvola,-247,6.95,0.254,5.87,0.043,3.18,0.256,10.33,6.86
AMPH-0107,white,Chios,Eugenia,-246,7.704,0.297,6.75,0.048,3.1,0.557,10.32,7.68
AMPH-0108,red,Chios,Aminean,-245,8.238,0.552,2.32,0.098,3.28,0.746,11.89,7.42
AMPH-0109,red,Thasos,Duracina,-246,7.895,0.561,2.44,0.097,3.41,1.01,9.31,6.96
AMPH-0110,white,Kos,Aminean,-245,6.398,0.313,7.24,0.047,3.36,0.468,12.72,8.36
AMPH-0111,white,Chios,Helvola,-246,7.216,0.187,5.85,0.047,3.33,0.466,10.93,4.86
AMPH-0112,white,Kos,Aminean,-247,6.803,0.293,5.56,0.029,3.3,0.481,12.58,8.18
AMPH-0113,red,Chios,Aminean,-245,8.819,0.518,1.57,0.095,3.37,0.917,12.72,7.63
AMPH-0114,red,Rhodes,Duracina,-247,7.039,0.561,1.71,0.082,3.27,0.467,8.96,4.92
AMPH-0115,white,Rhodes,Apian,-247,7.811,0.355,6.86,0.042,3.16,0.392,10.75,7.95
AMPH-0116,white,Chios,Aminean,-245,7.724,0.285,4.39,0.044,3.12,0.475,12.54,7.71
AMPH-0117,red,Chios,Eugenia,-246,9.254,0.626,1.86,0.102,3.36,0.831,9.51,7.54
AMPH-0118,white,Rhodes,Argitis,-245,6.4,0.215,5.41,0.029,3.12,0.524,13.95,4.99
AMPH-0119,white,Thasos,Argitis,-245,6.718,0.316,6.14,0.045,3.12,0.407,13.53,6.56
AMPH-0120,red,Thasos,Helvola,-245,8.254,0.555,4.02,0.079,3.34,0.785,10.58,6.25
AMPH-0121,white,Kos,Aminean,-247,6.726,0.264,5.62,0.062,3.19,0.5,12.41,8.06
AMPH-0122,white,Rhodes,Argitis,-247,6.63,0.296,7.14,0.057,3.12,0.475,13.96,5.18
AMPH-0123,red,Thasos,Argitis,-247,8.594,0.483,3.28,0.084,3.35,0.566,14.14,5.86
AMPH-0124,white,Thasos,Argitis,-247,6.268,0.215,7.06,0.059,3.15,0.661,14.07,6.04
AMPH-0125,white,Rhodes,Apian,-246,6.727,0.292,8.95,0.042,3.2,0.625,11.62,7.1
AMPH-0126,white,Kos,Eugenia,-247,6.016,0.334,9.51,0.039,3.21,0.32,10.27,7.84
AMPH-0127,white,Thasos,Helvola,-247,6.624,0.262,7.51,0.049,3.33,0.383,11.12,5.91
AMPH-0128,white,Kos,Duracina,-247,6.78,0.275,5.41,0.046,3.21,0.543,10.33,5.73
AMPH-0129,white,Kos,Apian,-247,6.913,0.26,8.72,0.051,3.13,0.538,11.89,7.74
AMPH-0130,red,Kos,Duracina,-247,8.627,0.572,2.78,0.079,3.37,0.549,10.75,5.51
AMPH-0131,red,Thasos,Helvola,-247,8.092,0.593,0.6,0.084,3.34,0.675,10.98,6.97
AMPH-0132,red,Thasos,Helvola,-245,8.337,0.497,2.55,0.076,3.35,0.69,11.13,6.13
AMPH-0133,red,Rhodes,Helvola,-245,8.103,0.503,2.47,0.097,3.43,0.729,11.35,4.44
AMPH-0134,red,Kos,Argitis,-247,7.084,0.571,2.08,0.076,3.2,0.521,13.22,5.83
AMPH-0135,white,Thasos,Duracina,-246,6.787,0.332,6.93,0.056,3.32,0.315,9.59,5.98
AMPH-0136,red,Kos,Eugenia,-246,8.819,0.536,1.65,0.101,3.3,0.624,10.17,7.94
AMPH-0137,red,Rhodes,Duracina,-247,7.221,0.572,3.23,0.102,3.28,0.522,8.41,5.5
AMPH-0138,red,Chios,Aminean,-246,7.601,0.481,3.59,0.082,3.36,0.603,12.75,7.84
AMPH-0139,red,Chios,Apian,-246,8.765,0.544,3.11,0.074,3.26,0.775,11.39,7.98
AMPH-0140,white,Kos,Duracina,-245,7.92,0.319,5.41,0.076,3.24,0.492,10.01,5.34
AMPH-0141,white,Thasos,Argitis,-247,6.752,0.26,5.35,0.033,3.3,0.615,14.46,6.13
AMPH-0142,white,Rhodes,Apian,-245,6.4,0.255,8.33,0.051,3.21,0.238,10.83,8.47
AMPH-0143,white,Thasos,Helvola,-246,7.119,0.209,6.68,0.036,3.19,0.246,10.65,5.59
AMPH-0144,red,Rhodes,Helvola,-247,8.403,0.524,4.26,0.084,3.44,0.511,11.11,4.89
AMPH-0145,red,Chios,Eugenia,-245,8.799,0.507,2.94,0.092,3.32,0.545,10.29,7.32
AMPH-0146,red,Kos,Argitis,-246,7.975,0.441,3.51,0.095,3.32,0.584,14.02,5.73
AMPH-0147,red,Thasos,Duracina,-246,7.973,0.527,2.45,0.091,3.13,0.948,10.19,6.42
AMPH-0148,white,Chios,Apian,-247,7.038,0.388,6.33,0.048,3.17,0.546,11.87,8.26
AMPH-0149,white,Kos,Helvola,-247,6.801,0.217,3.67,0.046,3.17,0.665,11.23,5.49
AMPH-0150,red,Kos,Helvola,-246,7.543,0.44,1.76,0.085,3.2,0.935,10.47,5.74
AMPH-0151,red,Chios,Eugenia,-247,6.652,0.516,2.54,0.084,3.38,0.658,10.36,8.34
AMPH-0152,white,Chios,Aminean,-245,6.985,0.223,5.73,0.048,3.07,0.635,12.68,6.78
AMPH-0153,white,Rhodes,Apian,-246,6.677,0.329,5.49,0.047,3.24,0.589,11.87,7.97
AMPH-0154,red,Chios,Aminean,-246,7.97,0.482,1.27,0.095,3.33,0.734,12.05,7.74
AMPH-0155,red,Thasos,Helvola,-246,9.712,0.49,3.65,0.087,3.42,1.115,11.0,6.25
AMPH-0156,red,Thasos,Eugenia,-246,8.99,0.516,1.34,0.089,3.43,0.512,10.23,8.9
AMPH-0157,white,Chios,Apian,-247,5.268,0.318,6.54,0.037,3.06,0.415,11.94,7.46
AMPH-0158,red,Rhodes,Aminean,-245,7.435,0.506,3.73,0.073,3.32,0.573,12.09,8.26
AMPH-0159,white,Rhodes,Aminean,-247,6.0,0.352,8.69,0.051,3.22,0.814,11.82,8.15
AMPH-0160,white,Kos,Duracina,-247,7.755,0.254,6.48,0.037,3.2,0.334,10.09,5.79
AMPH-0161,white,Chios,Apian,-245,7.011,0.248,6.75,0.051,3.19,0.407,11.04,7.31
AMPH-0162,red,Thasos,Argitis,-247,8.426,0.534,2.78,0.09,3.35,0.618,13.33,6.02
AMPH-0163,white,Kos,Aminean,-245,7.526,0.244,5.65,0.023,3.09,0.527,11.74,8.88
AMPH-0164,red,Thasos,Duracina,-247,8.161,0.531,3.68,0.105,3.38,0.488,9.8,6.32
AMPH-0165,red,Kos,Apian,-245,8.428,0.611,3.61,0.087,3.25,0.67,11.42,7.52
AMPH-0166,red,Chios,Apian,-246,8.196,0.527,3.51,0.091,3.44,0.894,10.93,7.38
AMPH-0167,red,Kos,Apian,-246,7.49,0.672,2.1,0.107,3.38,0.653,10.86,8.12
AMPH-0168,white,Chios,Eugenia,-245,6.826,0.27,6.4,0.037,3.24,0.311,10.12,7.85
AMPH-0169,red,Thasos,Argitis,-246,9.465,0.488,4.22,0.092,3.39,0.483,12.95,5.97
AMPH-0170,white,Thasos,Helvola,-247,7.715,0.299,7.51,0.036,3.15,0.326,10.76,6.31
AMPH-0171,red,Rhodes,Aminean,-245,8.059,0.594,0.71,0.074,3.25,0.516,12.08,8.17
AMPH-0172,red,Thasos,Helvola,-245,8.035,0.513,1.22,0.089,3.28,0.915,11.43,6.45
AMPH-0173,white,Chios,Aminean,-247,7.387,0.318,7.5,0.045,3.19,0.625,12.46,7.34
AMPH-0174,white,Chios,Duracina,-247,7.032,0.299,7.22,0.044,3.16,0.366,9.18,5.98
AMPH-0175,red,Chios,Eugenia,-246,8.169,0.532,2.46,0.112,3.36,0.559,9.86,8.15
AMPH-0176,red,Chios,Eugenia,-246,7.558,0.453,2.15,0.091,3.43,0.815,10.59,7.01
AMPH-0177,white,Thasos,Aminean,-247,6.517,0.235,6.88,0.036,3.35,0.354,11.78,8.49
AMPH-0178,red,Thasos,Helvola,-245,8.944,0.532,4.01,0.074,3.26,0.565,10.74,5.82
AMPH-0179,red,Thasos,Helvola,-247,9.272,0.605,1.42,0.082,3.23,0.82,10.41,5.91
AMPH-0180,white,Kos,Duracina,-247,7.54,0.226,5.95,0.035,3.15,0.37,9.61,6.26
AMPH-0181,red,Rhodes,Argitis,-246,8.47,0.518,0.6,0.073,3.37,0.638,14.46,4.39
AMPH-0182,white,Kos,Argitis,-246,6.456,0.321,4.72,0.05,3.1,0.385,14.33,5.82
AMPH-0183,white,Rhodes,Eugenia,-246,7.095,0.361,6.84,0.031,3.29,0.508,10.74,8.12
AMPH-0184,white,Chios,Eugenia,-246,6.629,0.4,7.07,0.058,3.24,0.637,10.7,8.05
AMPH-0185,white,Thasos,Argitis,-245,6.962,0.241,5.85,0.039,3.26,0.568,14.8,6.08
AMPH-0186,red,Thasos,Argitis,-246,7.205,0.57,1.97,0.095,3.24,0.461,13.12,5.44
AMPH-0187,red,Rhodes,Aminean,-246,7.273,0.467,1.11,0.093,3.39,0.601,12.07,7.65
AMPH-0188,red,Rhodes,Eugenia,-246,9.192,0.515,3.98,0.1,3.28,0.503,10.09,7.78
AMPH-0189,white,Rhodes,Eugenia,-247,7.44,0.352,6.32,0.051,3.22,0.55,10.23,8.27
AMPH-0190,red,Kos,Duracina,-245,8.743,0.528,4.01,0.098,3.39,0.578,9.14,4.89
AMPH-0191,red,Thasos,Duracina,-245,8.375,0.526,1.36,0.093,3.33,0.63,9.44,6.61
AMPH-0192,white,Rhodes,Aminean,-245,6.659,0.244,6.41,0.048,3.39,0.573,11.89,8.04
AMPH-0193,white,Rhodes,Helvola,-247,7.362,0.243,6.6,0.042,3.29,0.447,11.45,5.24
AMPH-0194,white,Chios,Eugenia,-247,6.936,0.262,6.29,0.05,3.22,0.646,10.26,7.99
AMPH-0195,red,Kos,Eugenia,-247,8.655,0.544,3.05,0.085,3.4,0.652,9.92,8.53
AMPH-0196,red,Kos,Duracina,-245,8.681,0.537,2.04,0.074,3.35,0.788,10.19,5.59
AMPH-0197,white,Thasos,Helvola,-247,7.358,0.298,6.23,0.052,3.13,0.589,10.64,5.69
AMPH-0198,white,Kos,Helvola,-247,7.083,0.272,6.5,0.037,3.04,0.688,10.36,5.71
AMPH-0199,white,Thasos,Argitis,-247,7.554,0.301,7.85,0.056,3.0,0.273,14.38,6.46
AMPH-0200,red,Rhodes,Duracina,-246,9.278,0.491,2.17,0.096,3.34,0.752,9.75,5.35
AMPH-0201,red,Thasos,Apian,-247,7.751,0.623,2.69,0.081,3.37,0.733,11.53,8.43
AMPH-0202,red,Kos,Helvola,-245,8.292,0.476,2.88,0.082,3.37,0.614,10.5,5.3
AMPH-0203,white,Kos,Duracina,-245,6.718,0.305,4.81,0.054,3.27,0.493,10.3,5.89
AMPH-0204,white,Chios,Apian,-246,6.975,0.255,7.16,0.048,3.15,0.443,11.76,7.5
AMPH-0205,white,Chios,Aminean,-245,7.745,0.227,7.39,0.059,3.06,0.308,12.76,7.57
AMPH-0206,white,Chios,Apian,-246,6.888,0.329,5.03,0.053,3.21,0.581,12.04,7.21
AMPH-0207,red,Rhodes,Aminean,-247,7.682,0.493,4.39,0.093,3.31,0.831,12.55,7.85
AMPH-0208,red,Chios,Apian,-245,7.469,0.525,2.0,0.088,3.34,0.649,11.76,7.14
AMPH-0209,white,Rhodes,Helvola,-246,6.596,0.381,5.59,0.057,3.23,0.2,10.47,5.41
AMPH-0210,red,Chios,Aminean,-247,8.553,0.444,3.41,0.099,3.34,0.624,12.48,6.99
AMPH-0211,white,Thasos,Duracina,-246,7.889,0.245,5.3,0.057,3.26,0.518,9.22,5.85
AMPH-0212,white,Chios,Argitis,-247,7.059,0.213,6.86,0.057,3.2,0.57,13.89,5.56
AMPH-0213,white,Rhodes,Eugenia,-247,7.368,0.307,5.94,0.032,3.1,0.672,9.79,7.38
AMPH-0214,white,Thasos,Helvola,-245,6.697,0.297,7.34,0.05,3.16,0.3,11.43,6.59
AMPH-0215,red,Thasos,Duracina,-245,8.56,0.589,2.81,0.108,3.25,0.863,9.66,5.9
AMPH-0216,red,Rhodes,Duracina,-247,8.778,0.537,2.96,0.083,3.28,0.584,9.84,5.32
AMPH-0217,red,Chios,Aminean,-246,8.539,0.484,3.29,0.078,3.34,0.722,11.1,7.84
AMPH-0218,white,Chios,Argitis,-247,7.327,0.342,7.47,0.038,3.24,0.673,13.12,4.93
AMPH-0219,white,Thasos,Helvola,-247,7.817,0.27,4.29,0.034,3.25,0.732,10.92,6.61
AMPH-0220,white,Chios,Apian,-246,7.805,0.321,7.15,0.046,3.15,0.283,10.52,7.67
AMPH-0221,red,Rhodes,Aminean,-246,7.946,0.5,2.92,0.1,3.15,0.642,12.48,7.43
AMPH-0222,red,Rhodes,Argitis,-245,8.192,0.507,2.56,0.085,3.25,0.422,13.93,5.05
AMPH-0223,white,Kos,Argitis,-247,7.414,0.298,7.5,0.034,3.27,0.561,13.38,5.76
AMPH-0224,white,Chios,Eugenia,-247,6.766,0.22,5.76,0.038,3.14,0.587,10.51,7.66
AMPH-0225,red,Chios,Aminean,-246,8.194,0.548,3.15,0.076,3.27,0.866,12.54,7.4
AMPH-0226,white,Thasos,Eugenia,-246,5.734,0.246,6.21,0.046,3.24,0.725,10.18,8.66
AMPH-0227,white,Chios,Eugenia,-245,5.47,0.263,6.23,0.06,3.3,0.274,10.27,7.2
AMPH-0228,red,Kos,Duracina,-247,8.4,0.57,0.6,0.066,3.35,0.708,9.88,5.54
AMPH-0229,white,Chios,Duracina,-245,6.764,0.326,7.19,0.028,3.12,0.348,9.93,5.49
AMPH-0230,red,Rhodes,Helvola,-245,8.884,0.44,1.55,0.09,3.31,0.592,10.47,5.43
AMPH-0231,red,Thasos,Helvola,-245,8.356,0.494,1.76,0.071,3.3,0.797,10.57,6.49
AMPH-0232,red,Chios,Eugenia,-246,7.899,0.654,4.59,0.073,3.32,0.472,10.09,7.55
AMPH-0233,white,Thasos,Duracina,-247,5.885,0.267,6.53,0.032,3.0,0.681,9.35,6.07
AMPH-0234,white,Chios,Eugenia,-246,6.297,0.249,6.84,0.057,3.25,0.605,9.96,7.71
AMPH-0235,white,Kos,Duracina,-246,7.18,0.269,7.16,0.043,3.19,0.404,9.37,5.91
AMPH-0236,red,Chios,Apian,-246,8.595,0.536,0.6,0.094,3.32,0.427,11.15,7.39
AMPH-0237,white,Chios,Duracina,-245,6.825,0.3,4.95,0.051,3.17,0.638,10.05,4.85
AMPH-0238,white,Rhodes,Aminean,-245,7.572,0.338,5.35,0.037,3.13,0.59,12.05,7.21
AMPH-0239,white,Chios,Eugenia,-245,6.836,0.361,5.19,0.04,3.1,0.258,10.1,7.35
AMPH-0240,white,Kos,Apian,-245,6.475,0.334,5.92,0.041,3.2,0.446,10.76,8.33
AMPH-0241,red,Chios,Aminean,-245,9.614,0.567,3.46,0.095,3.29,0.871,12.33,7.59
AMPH-0242,white,Chios,Aminean,-245,6.534,0.291,4.33,0.044,3.17,0.564,11.46,7.45
AMPH-0243,white,Rhodes,Helvola,-245,6.866,0.261,5.66,0.05,3.24,0.575,10.97,4.77
AMPH-0244,red,Kos,Apian,-245,7.561,0.544,2.12,0.086,3.42,0.393,10.99,7.8
AMPH-0245,white,Thasos,Argitis,-245,8.24,0.212,7.77,0.052,3.17,0.558,12.98,6.61
AMPH-0246,red,Kos,Duracina,-247,8.564,0.556,4.33,0.1,3.41,0.749,9.47,5.84
AMPH-0247,white,Rhodes,Helvola,-245,6.534,0.185,8.44,0.051,3.25,0.517,11.33,5.13
AMPH-0248,red,Kos,Duracina,-245,8.808,0.422,1.89,0.081,3.43,0.586,9.82,5.43
AMPH-0249,white,Chios,Apian,-245,6.178,0.242,8.94,0.053,3.17,0.404,11.64,7.79
AMPH-0250,red,Rhodes,Eugenia,-246,7.784,0.477,1.01,0.095,3.23,0.679,8.82,8.5
AMPH-0251,red,Chios,Apian,-247,6.215,0.531,0.6,0.085,3.26,0.833,11.21,7.21
AMPH-0252,white,Rhodes,Duracina,-246,6.891,0.145,6.48,0.036,3.26,0.609,8.92,5.33
AMPH-0253,white,Rhodes,Argitis,-246,6.653,0.235,6.42,0.051,3.4,0.595,14.11,6.32
AMPH-0254,red,Rhodes,Apian,-245,7.838,0.556,2.6,0.091,3.24,0.726,11.89,8.44
AMPH-0255,white,Kos,Argitis,-246,7.074,0.203,6.33,0.063,3.24,0.612,13.07,6.21
AMPH-0256,red,Chios,Eugenia,-245,8.078,0.44,1.98,0.103,3.39,0.769,9.94,6.95
AMPH-0257,white,Kos,Aminean,-245,6.074,0.238,6.1,0.035,3.18,0.56,11.85,8.15
AMPH-0258,red,Rhodes,Helvola,-245,8.33,0.462,1.31,0.079,3.37,0.566,11.17,5.04
AMPH-0259,white,Rhodes,Helvola,-247,7.083,0.287,7.14,0.059,3.15,0.715,11.0,5.26
AMPH-0260,red,Chios,Eugenia,-247,8.581,0.485,2.32,0.092,3.34,0.548,9.69,7.03
AMPH-0261,white,Chios,Eugenia,-245,6.169,0.224,6.64,0.057,3.19,0.672,10.16,6.94
AMPH-0262,red,Rhodes,Apian,-245,7.318,0.529,2.38,0.082,3.31,0.645,11.82,7.42
AMPH-0263,red,Kos,Duracina,-247,9.485,0.555,2.0,0.091,3.29,0.549,9.61,5.84
AMPH-0264,white,Rhodes,Argitis,-247,6.306,0.116,6.21,0.049,3.18,0.37,13.14,5.21
AMPH-0265,white,Rhodes,Argitis,-245,6.327,0.271,8.88,0.048,3.1,0.463,14.48,5.3
AMPH-0266,white,Thasos,Argitis,-245,6.76,0.301,6.26,0.034,3.23,0.514,13.24,6.81
AMPH-0267,white,Rhodes,Apian,-246,6.523,0.353,6.86,0.05,3.22,0.332,12.0,7.73
AMPH-0268,red,Kos,Duracina,-247,7.078,0.518,3.22,0.081,3.25,0.426,9.56,5.96
AMPH-0269,white,Rhodes,Aminean,-245,6.458,0.289,6.92,0.037,3.16,0.521,12.21,8.45
AMPH-0270,red,Thasos,Helvola,-247,9.241,0.538,3.24,0.093,3.26,0.536,10.88,6.61
AMPH-0271,white,Chios,Duracina,-247,6.884,0.257,6.12,0.034,3.11,0.454,10.45,4.76
AMPH-0272,white,Chios,Eugenia,-245,7.332,0.277,7.22,0.049,3.21,0.38,10.25,7.55
AMPH-0273,white,Chios,Aminean,-247,7.386,0.237,5.56,0.058,3.26,0.495,12.22,7.38
AMPH-0274,red,Thasos,Apian,-245,8.687,0.559,2.67,0.085,3.16,0.849,11.01,8.48
AMPH-0275,red,Thasos,Argitis,-245,9.301,0.501,1.63,0.078,3.36,0.573,14.58,5.5
AMPH-0276,white,Kos,Aminean,-247,6.266,0.295,7.02,0.048,3.05,0.493,11.8,8.45
AMPH-0277,red,Thasos,Argitis,-247,7.156,0.608,2.95,0.087,3.4,0.794,13.33,6.27
AMPH-0278,white,Chios,Duracina,-245,6.827,0.264,5.91,0.042,3.25,0.352,9.15,4.65
AMPH-0279,white,Rhodes,Argitis,-246,7.029,0.227,6.8,0.035,3.17,0.383,13.97,5.23
AMPH-0280,white,Thasos,Duracina,-245,7.829,0.235,6.51,0.044,3.24,0.486,10.07,5.82
AMPH-0281,white,Kos,Apian,-245,6.633,0.296,6.06,0.023,3.13,0.515,11.68,7.79
AMPH-0282,white,Kos,Duracina,-245,6.189,0.295,7.2,0.039,3.04,0.441,10.84,5.62
AMPH-0283,white,Rhodes,Helvola,-247,7.071,0.248,5.73,0.049,3.21,0.724,11.68,5.01
AMPH-0284,red,Chios,Apian,-245,7.198,0.552,4.41,0.085,3.33,0.372,11.43,7.78
AMPH-0285,white,Kos,Aminean,-247,6.621,0.349,5.14,0.047,3.1,0.378,11.93,8.64
AMPH-0286,red,Rhodes,Eugenia,-245,7.787,0.534,1.21,0.077,3.39,0.773,11.2,7.75
AMPH-0287,white,Rhodes,Eugenia,-247,6.73,0.262,6.31,0.043,3.26,0.514,9.6,7.49
AMPH-0288,red,Rhodes,Eugenia,-247,7.716,0.686,2.53,0.083,3.35,0.712,10.03,8.03
AMPH-0289,white,Rhodes,Aminean,-245,6.666,0.331,6.5,0.034,3.12,0.645,12.11,7.15
AMPH-0290,white,Chios,Aminean,-246,7.62,0.271,5.34,0.044,3.21,0.663,12.59,7.23
AMPH-0291,white,Kos,Apian,-245,7.581,0.256,7.21,0.039,3.01,0.548,10.44,8.28
AMPH-0292,white,Thasos,Argitis,-245,6.433,0.252,7.16,0.036,3.35,0.512,13.22,5.83
AMPH-0293,red,Chios,Eugenia,-247,8.08,0.499,2.87,0.107,3.13,0.826,9.81,7.98
AMPH-0294,white,Chios,Apian,-246,6.873,0.275,6.69,0.037,3.14,0.547,11.61,7.79
AMPH-0295,white,Rhodes,Aminean,-246,6.836,0.27,5.78,0.036,3.28,0.587,12.02,8.31
AMPH-0296,red,Rhodes,Argitis,-245,9.021,0.468,1.92,0.09,3.28,0.538,13.09,5.59
AMPH-0297,red,Rhodes,Apian,-245,9.264,0.461,3.1,0.088,3.25,0.56,11.59,7.89
AMPH-0298,white,Thasos,Argitis,-245,7.352,0.227,3.33,0.046,3.04,0.26,13.25,5.74
AMPH-0299,white,Thasos,Argitis,-247,6.669,0.256,6.3,0.043,3.23,0.478,13.77,6.42
AMPH-0300,white,Chios,Eugenia,-246,6.08,0.301,5.63,0.045,3.12,0.37,9.62,7.68
AMPH-0301,white,Kos,Argitis,-245,6.991,0.363,6.21,0.042,3.26,0.689,13.15,5.23
AMPH-0302,white,Chios,Aminean,-246,6.844,0.313,5.94,0.041,3.21,0.455,12.71,7.78
AMPH-0303,white,Chios,Aminean,-245,7.172,0.17,7.7,0.055,3.22,0.523,11.9,7.74
AMPH-0304,white,Chios,Eugenia,-247,7.813,0.369,6.62,0.059,3.41,0.2,9.96,7.63
AMPH-0305,white,Kos,Helvola,-245,6.552,0.299,7.35,0.038,3.06,0.462,11.64,5.58
AMPH-0306,white,Thasos,Argitis,-247,7.297,0.197,4.82,0.048,3.2,0.559,13.69,5.85
AMPH-0307,red,Kos,Helvola,-246,8.173,0.544,3.35,0.089,3.33,0.654,11.1,5.48
AMPH-0308,white,Thasos,Helvola,-245,7.097,0.2,6.51,0.048,3.23,0.614,10.9,6.31
AMPH-0309,red,Rhodes,Aminean,-245,7.952,0.494,2.82,0.094,3.13,0.812,11.46,8.02
AMPH-0310,white,Thasos,Aminean,-247,7.876,0.211,7.67,0.047,3.23,0.857,12.57,8.59
AMPH-0311,white,Rhodes,Argitis,-246,6.4,0.214,5.05,0.035,3.21,0.456,14.32,5.01
AMPH-0312,white,Rhodes,Helvola,-245,7.332,0.193,7.22,0.055,3.12,0.662,11.15,4.73
AMPH-0313,white,Rhodes,Duracina,-245,6.421,0.254,6.5,0.046,3.03,0.466,9.54,5.07
AMPH-0314,white,Chios,Eugenia,-246,7.263,0.294,5.81,0.034,3.11,0.612,9.99,7.76
AMPH-0315,red,Rhodes,Aminean,-246,7.644,0.548,2.47,0.076,3.28,0.735,11.95,8.09
AMPH-0316,white,Rhodes,Apian,-246,6.83,0.201,7.88,0.055,3.04,0.473,11.22,8.39
AMPH-0317,red,Kos,Argitis,-247,8.692,0.52,2.85,0.09,3.25,0.442,13.48,4.99
AMPH-0318,white,Thasos,Aminean,-247,6.496,0.182,5.63,0.05,3.28,0.479,11.32,8.59
AMPH-0319,white,Rhodes,Apian,-247,6.482,0.266,7.6,0.039,3.29,0.476,11.29,7.76
AMPH-0320,red,Kos,Argitis,-247,7.629,0.521,2.02,0.088,3.24,0.703,13.35,6.19
AMPH-0321,white,Thasos,Duracina,-246,6.86,0.227,4.98,0.052,3.09,0.427,10.18,5.93
AMPH-0322,white,Rhodes,Aminean,-246,8.259,0.302,6.89,0.039,3.05,0.43,12.21,6.96
AMPH-0323,white,Chios,Duracina,-245,7.282,0.326,5.0,0.046,3.12,0.548,10.07,4.98
AMPH-0324,white,Kos,Helvola,-246,6.61,0.234,6.21,0.046,3.32,0.479,10.66,5.94
AMPH-0325,white,Chios,Aminean,-245,7.02,0.379,5.51,0.048,3.24,0.329,12.24,8.03
AMPH-0326,red,Kos,Helvola,-246,8.178,0.554,1.63,0.081,3.28,0.865,10.14,5.87
AMPH-0327,red,Kos,Helvola,-245,7.713,0.523,2.7,0.092,3.31,0.572,10.58,5.39
AMPH-0328,red,Rhodes,Aminean,-246,8.932,0.599,2.94,0.069,3.32,0.71,12.51,7.6
AMPH-0329,red,Kos,Duracina,-246,8.095,0.595,2.64,0.097,3.35,0.718,10.25,5.28
AMPH-0330,white,Rhodes,Aminean,-247,6.365,0.361,6.14,0.047,3.24,0.448,11.82,7.42
AMPH-0331,red,Thasos,Argitis,-245,9.433,0.477,1.69,0.09,3.36,0.498,13.37,6.46
AMPH-0332,red,Thasos,Argitis,-246,8.494,0.52,2.53,0.091,3.2,0.649,12.99,6.47
AMPH-0333,white,Rhodes,Argitis,-245,6.893,0.266,5.27,0.049,3.3,0.212,14.32,5.11
AMPH-0334,white,Thasos,Duracina,-247,7.271,0.259,4.95,0.038,3.29,0.399,10.21,6.28
AMPH-0335,white,Kos,Aminean,-247,6.372,0.297,4.73,0.062,3.45,0.512,12.03,8.03
AMPH-0336,white,Kos,Argitis,-245,6.727,0.236,6.33,0.037,3.21,0.275,12.66,5.31
AMPH-0337,white,Kos,Argitis,-246,6.224,0.254,5.75,0.047,3.13,0.446,14.93,5.27
AMPH-0338,white,Kos,Aminean,-247,6.184,0.316,7.75,0.049,3.3,0.663,12.46,8.15
AMPH-0339,white,Thasos,Helvola,-245,6.265,0.235,6.85,0.051,3.31,0.35,10.98,6.37
AMPH-0340,white,Rhodes,Duracina,-247,6.727,0.235,6.64,0.046,3.18,0.641,9.06,6.08
AMPH-0341,white,Kos,Apian,-246,6.424,0.302,7.29,0.051,3.29,0.48,11.06,8.21
AMPH-0342,red,Thasos,Argitis,-245,8.165,0.468,2.69,0.091,3.36,0.575,14.38,6.51
AMPH-0343,white,Chios,Eugenia,-247,7.345,0.377,6.2,0.063,3.2,0.477,11.09,7.02
AMPH-0344,red,Chios,Apian,-245,7.037,0.502,3.04,0.091,3.34,0.583,11.49,7.98
AMPH-0345,white,Chios,Eugenia,-245,7.177,0.136,5.69,0.056,3.24,0.802,10.65,7.1
AMPH-0346,white,Rhodes,Aminean,-246,7.92,0.303,5.02,0.034,3.2,0.536,12.84,7.43
AMPH-0347,white,Chios,Apian,-246,6.62,0.265,5.9,0.049,3.15,0.649,11.81,7.5
AMPH-0348,red,Rhodes,Argitis,-246,9.436,0.568,0.6,0.089,3.33,0.614,13.77,5.18
AMPH-0349,red,Rhodes,Duracina,-247,9.38,0.593,3.35,0.086,3.21,0.531,9.09,5.43
AMPH-0350,white,Kos,Aminean,-247,7.171,0.213,7.05,0.042,3.28,0.441,11.64,8.46
AMPH-0351,white,Thasos,Argitis,-245,7.835,0.191,5.88,0.039,3.15,0.609,13.09,6.15
AMPH-0352,red,Thasos,Argitis,-245,7.573,0.543,2.98,0.084,3.28,0.704,13.86,6.5
AMPH-0353,white,Rhodes,Aminean,-247,6.729,0.302,5.37,0.053,3.25,0.656,12.59,8.02
AMPH-0354,white,Thasos,Duracina,-246,7.548,0.236,6.75,0.047,3.24,0.275,9.59,5.87
AMPH-0355,white,Rhodes,Apian,-246,6.794,0.231,7.01,0.044,3.06,0.2,11.03,8.0
AMPH-0356,white,Thasos,Duracina,-245,7.741,0.25,4.75,0.057,3.15,0.595,9.78,6.14
AMPH-0357,white,Chios,Eugenia,-245,6.886,0.306,7.78,0.059,3.17,0.497,10.58,8.19
AMPH-0358,white,Kos,Argitis,-247,7.414,0.303,6.66,0.05,3.04,0.772,14.0,5.76
AMPH-0359,white,Rhodes,Argitis,-247,6.032,0.318,4.18,0.055,3.24,0.706,14.2,5.13
AMPH-0360,red,Thasos,Argitis,-247,7.864,0.618,1.98,0.074,3.35,0.685,14.51,5.96
AMPH-0361,white,Thasos,Argitis,-247,5.099,0.272,5.18,0.024,3.24,0.758,12.97,5.7
AMPH-0362,red,Kos,Argitis,-246,7.859,0.574,1.11,0.095,3.31,0.492,13.0,6.19
AMPH-0363,white,Rhodes,Eugenia,-247,6.794,0.148,8.02,0.049,3.07,0.31,10.5,7.7
AMPH-0364,white,Rhodes,Duracina,-247,6.744,0.243,6.13,0.062,3.04,0.413,8.89,5.09
AMPH-0365,red,Thasos,Duracina,-247,8.706,0.556,3.54,0.095,3.38,0.494,9.92,6.89
AMPH-0366,white,Thasos,Duracina,-246,6.865,0.292,7.52,0.063,3.1,0.321,9.57,6.09
AMPH-0367,white,Kos,Aminean,-247,7.642,0.266,7.81,0.052,3.16,0.351,12.92,8.27
AMPH-0368,white,Rhodes,Argitis,-247,6.374,0.267,5.83,0.05,3.3,0.677,13.61,5.37
AMPH-0369,white,Thasos,Argitis,-246,6.998,0.347,4.49,0.016,3.21,0.367,13.94,6.41
AMPH-0370,white,Kos,Argitis,-246,6.823,0.244,6.7,0.039,3.18,0.262,13.72,5.45
AMPH-0371,white,Thasos,Helvola,-245,7.135,0.28,7.05,0.039,3.32,0.57,11.39,6.25
AMPH-0372,red,Kos,Eugenia,-247,8.504,0.554,2.09,0.086,3.3,0.687,10.49,8.21
AMPH-0373,white,Kos,Eugenia,-245,6.532,0.25,6.16,0.063,3.19,0.264,9.84,7.24
AMPH-0374,white,Rhodes,Argitis,-247,6.771,0.126,5.44,0.05,3.34,0.589,13.74,5.7
AMPH-0375,white,Chios,Aminean,-247,7.209,0.304,6.28,0.043,3.37,0.489,12.09,7.37
AMPH-0376,red,Thasos,Helvola,-246,8.487,0.548,3.37,0.086,3.37,0.769,11.17,5.7
AMPH-0377,red,Thasos,Argitis,-247,7.647,0.506,1.82,0.08,3.33,0.775,13.15,5.79
AMPH-0378,white,Chios,Eugenia,-246,5.928,0.257,4.84,0.039,3.0,0.444,10.09,7.94
AMPH-0379,white,Rhodes,Apian,-246,6.5,0.288,4.58,0.057,3.25,0.311,11.71,7.04
AMPH-0380,white,Chios,Duracina,-245,7.617,0.297,3.87,0.033,3.06,0.616,9.91,4.6
AMPH-0381,white,Kos,Helvola,-245,6.968,0.288,6.28,0.039,3.22,0.517,10.92,5.65
AMPH-0382,red,Kos,Argitis,-245,7.521,0.554,1.22,0.077,3.33,0.623,13.99,6.09
AMPH-0383,white,Rhodes,Apian,-245,7.387,0.256,3.73,0.04,3.16,0.309,10.82,7.89
AMPH-0384,red,Kos,Duracina,-245,8.204,0.554,4.1,0.084,3.4,0.549,9.92,5.73
AMPH-0385,white,Rhodes,Eugenia,-246,6.02,0.27,7.33,0.034,3.26,0.703,10.6,7.21
AMPH-0386,white,Chios,Aminean,-247,7.611,0.316,8.73,0.057,3.14,0.255,12.67,7.44
AMPH-0387,red,Kos,Eugenia,-247,9.244,0.55,2.75,0.091,3.37,0.963,11.23,7.85
AMPH-0388,red,Thasos,Aminean,-247,7.943,0.466,1.66,0.088,3.18,0.649,12.49,8.49
AMPH-0389,red,Rhodes,Helvola,-246,8.81,0.612,1.57,0.091,3.19,0.695,10.84,5.8
AMPH-0390,white,Chios,Aminean,-245,7.975,0.28,3.69,0.038,3.09,0.62,12.44,7.41
AMPH-0391,white,Kos,Aminean,-247,6.328,0.233,8.5,0.062,3.11,0.74,12.54,8.24
AMPH-0392,white,Chios,Eugenia,-246,7.38,0.351,5.5,0.051,3.22,0.372,10.32,7.18
AMPH-0393,white,Chios,Eugenia,-245,6.51,0.208,6.73,0.034,3.3,0.618,9.32,7.1
AMPH-0394,white,Rhodes,Duracina,-245,6.611,0.266,6.67,0.052,3.3,0.526,9.01,4.97
AMPH-0395,white,Kos,Helvola,-245,7.38,0.221,4.65,0.056,3.22,0.676,11.34,5.62
AMPH-0396,white,Rhodes,Aminean,-246,7.823,0.255,5.51,0.032,3.28,0.219,12.24,7.36
AMPH-0397,white,Chios,Apian,-245,7.157,0.269,5.25,0.046,3.2,0.621,11.11,8.11
AMPH-0398,white,Rhodes,Aminean,-246,7.186,0.272,7.06,0.047,3.2,0.531,11.86,7.55
AMPH-0399,white,Thasos,Duracina,-246,6.938,0.316,6.74,0.058,3.2,0.466,9.34,6.65
AMPH-0400,red,Kos,Helvola,-247,8.988,0.536,1.67,0.092,3.35,0.55,10.91,5.86
AMPH-0401,red,Chios,Eugenia,-247,8.925,0.534,2.47,0.075,3.3,0.532,10.62,8.01
AMPH-0402,white,Chios,Apian,-246,7.173,0.28,5.89,0.05,3.22,0.335,10.87,7.09
AMPH-0403,red,Thasos,Duracina,-245,8.516,0.544,3.32,0.094,3.29,0.951,10.54,6.25
AMPH-0404,red,Chios,Apian,-246,8.488,0.488,1.8,0.091,3.31,0.592,11.79,8.41
AMPH-0405,red,Thasos,Helvola,-246,7.907,0.439,3.27,0.087,3.23,0.621,10.82,6.03
AMPH-0406,white,Rhodes,Helvola,-247,7.191,0.296,5.41,0.041,3.2,0.661,11.3,5.91
AMPH-0407,white,Rhodes,Duracina,-246,7.205,0.297,8.56,0.027,3.17,0.435,10.62,5.56
AMPH-0408,red,Kos,Helvola,-245,7.564,0.545,3.48,0.076,3.4,0.685,11.31,5.3
AMPH-0409,white,Thasos,Argitis,-246,6.803,0.327,7.64,0.047,3.23,0.739,13.54,5.95
AMPH-0410,white,Kos,Duracina,-246,6.821,0.246,6.89,0.034,3.28,0.499,9.49,5.5
AMPH-0411,white,Rhodes,Helvola,-245,7.06,0.362,4.03,0.045,3.26,0.535,11.14,4.48
AMPH-0412,red,Rhodes,Eugenia,-245,7.537,0.61,4.34,0.07,3.23,0.788,10.36,7.36
AMPH-0413,red,Thasos,Helvola,-245,8.285,0.449,2.34,0.102,3.32,0.595,10.9,5.77
AMPH-0414,white,Chios,Aminean,-245,7.057,0.12,7.63,0.026,3.21,0.384,12.43,7.83
AMPH-0415,white,Chios,Eugenia,-245,6.836,0.347,7.27,0.058,3.21,0.677,10.87,8.04
AMPH-0416,red,Chios,Eugenia,-247,8.646,0.582,2.34,0.079,3.25,0.85,10.08,7.36
AMPH-0417,white,Thasos,Argitis,-247,7.057,0.217,7.61,0.031,3.18,0.22,13.12,5.41
AMPH-0418,white,Thasos,Apian,-246,7.036,0.285,10.57,0.041,3.22,0.379,11.61,8.1
AMPH-0419,red,Chios,Apian,-246,7.801,0.539,3.66,0.076,3.31,0.505,11.96,7.57
AMPH-0420,red,Thasos,Duracina,-247,9.064,0.493,0.6,0.075,3.37,0.518,10.17,5.72
AMPH-0421,white,Thasos,Argitis,-246,6.58,0.211,5.76,0.063,3.19,0.519,13.89,6.05
AMPH-0422,red,Rhodes,Helvola,-247,8.275,0.487,0.87,0.086,3.32,0.525,11.33,5.4
AMPH-0423,red,Kos,Eugenia,-247,8.485,0.588,1.44,0.089,3.39,0.784,11.04,8.17
AMPH-0424,red,Thasos,Duracina,-247,8.082,0.505,2.66,0.096,3.27,0.716,8.82,6.52
AMPH-0425,white,Rhodes,Duracina,-247,6.994,0.301,6.03,0.039,3.21,0.232,11.0,5.46
AMPH-0426,white,Kos,Eugenia,-246,7.289,0.312,6.49,0.06,3.21,0.624,9.82,7.72
AMPH-0427,red,Kos,Helvola,-246,8.305,0.556,2.26,0.078,3.23,0.613,11.42,4.78
AMPH-0428,white,Chios,Apian,-247,5.992,0.325,9.01,0.046,3.31,0.476,11.32,7.89
AMPH-0429,red,Kos,Duracina,-245,8.766,0.517,4.68,0.072,3.19,0.593,10.15,4.78
AMPH-0430,white,Rhodes,Duracina,-245,8.009,0.26,5.68,0.045,3.12,0.539,10.12,5.55
AMPH-0431,white,Kos,Apian,-245,7.317,0.306,7.51,0.044,3.26,0.566,11.52,8.13
AMPH-0432,white,Kos,Duracina,-247,6.359,0.278,5.26,0.053,3.22,0.412,10.5,5.05
AMPH-0433,red,Kos,Aminean,-246,7.579,0.572,2.1,0.082,3.34,0.646,11.78,7.99
AMPH-0434,red,Chios,Duracina,-245,8.239,0.53,1.53,0.099,3.25,0.698,9.23,4.91
AMPH-0435,white,Rhodes,Argitis,-247,6.645,0.389,6.9,0.039,3.06,0.345,13.24,5.64
AMPH-0436,red,Thasos,Argitis,-245,8.286,0.522,2.36,0.08,3.23,0.791,13.57,6.44
AMPH-0437,white,Kos,Duracina,-245,8.338,0.207,6.17,0.058,3.1,0.349,9.45,5.81
AMPH-0438,white,Chios,Duracina,-246,6.555,0.28,5.46,0.041,3.16,0.602,8.44,5.26
AMPH-0439,red,Chios,Aminean,-246,8.926,0.59,3.19,0.102,3.33,0.485,11.92,8.22
AMPH-0440,white,Chios,Aminean,-246,7.113,0.175,6.58,0.048,3.27,0.597,13.01,8.16
AMPH-0441,red,Kos,Apian,-247,9.004,0.57,0.78,0.075,3.16,0.525,10.21,8.5
AMPH-0442,white,Thasos,Argitis,-245,6.009,0.29,7.45,0.047,3.04,0.423,13.9,6.66
AMPH-0443,white,Thasos,Argitis,-245,6.88,0.221,6.55,0.05,3.19,0.496,14.52,6.48
AMPH-0444,white,Kos,Eugenia,-246,6.215,0.283,6.68,0.037,3.29,0.575,9.56,8.55
AMPH-0445,red,Rhodes,Helvola,-247,8.794,0.523,1.1,0.086,3.37,0.23,10.79,5.59
AMPH-0446,red,Kos,Argitis,-247,8.181,0.476,2.59,0.08,3.21,0.604,14.04,6.08
AMPH-0447,red,Thasos,Argitis,-246,8.495,0.561,2.9,0.095,3.39,0.403,13.83,5.97
AMPH-0448,white,Chios,Aminean,-245,7.846,0.247,6.39,0.058,3.19,0.476,11.65,7.59
AMPH-0449,red,Kos,Aminean,-246,7.683,0.505,1.51,0.09,3.32,0.396,12.37,7.79
AMPH-0450,white,Thasos,Helvola,-245,7.413,0.259,5.69,0.036,3.12,0.578,10.65,6.12
AMPH-0451,white,Thasos,Duracina,-245,7.434,0.323,8.04,0.049,3.32,0.475,10.52,5.97
AMPH-0452,red,Thasos,Duracina,-245,8.877,0.474,3.68,0.085,3.28,1.112,10.62,6.19
AMPH-0453,white,Chios,Apian,-247,8.21,0.272,4.52,0.059,3.13,0.614,11.31,7.18
AMPH-0454,white,Thasos,Duracina,-247,6.387,0.299,7.93,0.045,3.22,0.572,9.67,6.24
AMPH-0455,white,Kos,Argitis,-245,6.918,0.286,8.16,0.047,3.2,0.599,13.78,5.66
AMPH-0456,white,Thasos,Helvola,-247,7.47,0.247,7.29,0.048,3.23,0.392,10.6,7.8
AMPH-0457,white,Chios,Aminean,-245,7.239,0.318,5.94,0.038,3.16,0.566,12.32,7.46
AMPH-0458,white,Kos,Duracina,-247,6.028,0.279,5.22,0.044,3.12,0.532,10.17,5.29
AMPH-0459,white,Kos,Duracina,-246,6.732,0.297,7.48,0.056,3.26,0.449,9.61,5.67
AMPH-0460,red,Chios,Eugenia,-246,7.502,0.545,2.96,0.091,3.37,0.569,9.81,7.06
AMPH-0461,white,Kos,Argitis,-245,6.961,0.277,4.49,0.037,3.16,0.512,13.81,5.98
AMPH-0462,white,Kos,Aminean,-245,7.549,0.291,6.95,0.045,3.33,0.338,12.2,8.04
AMPH-0463,white,Kos,Argitis,-245,6.555,0.359,8.2,0.047,3.18,0.467,14.08,6.04
AMPH-0464,red,Chios,Aminean,-247,9.248,0.592,3.03,0.076,3.2,0.643,12.08,7.73
AMPH-0465,red,Thasos,Duracina,-246,8.25,0.523,3.42,0.073,3.11,0.839,10.24,5.86
AMPH-0466,white,Chios,Eugenia,-246,6.909,0.313,6.82,0.071,3.22,0.674,10.17,7.41
AMPH-0467,white,Kos,Apian,-247,6.393,0.303,3.75,0.044,3.29,0.369,10.9,8.04
AMPH-0468,red,Rhodes,Duracina,-247,8.117,0.485,2.82,0.083,3.29,0.7,9.46,4.54
AMPH-0469,white,Kos,Eugenia,-245,7.31,0.281,6.93,0.043,3.16,0.412,9.54,8.15
AMPH-0470,red,Chios,Eugenia,-246,7.77,0.506,1.84,0.092,3.26,0.902,9.9,7.93
AMPH-0471,red,Rhodes,Eugenia,-246,7.726,0.578,2.47,0.098,3.26,0.712,10.36,8.14
AMPH-0472,red,Kos,Duracina,-247,8.54,0.511,2.74,0.081,3.39,0.881,10.17,5.12
AMPH-0473,white,Thasos,Helvola,-245,6.993,0.277,5.69,0.032,3.11,0.553,11.27,6.05
AMPH-0474,white,Kos,Duracina,-246,7.435,0.25,6.62,0.046,3.13,0.438,10.02,5.71
AMPH-0475,white,Kos,Apian,-247,7.063,0.291,6.13,0.053,3.22,0.397,11.71,8.55
AMPH-0476,white,Thasos,Duracina,-246,6.354,0.316,4.7,0.061,3.17,0.429,10.18,5.82
AMPH-0477,red,Thasos,Argitis,-246,8.058,0.511,3.28,0.092,3.41,0.739,13.89,5.72
AMPH-0478,red,Thasos,Helvola,-247,8.343,0.49,1.62,0.088,3.25,0.5,10.46,5.85
AMPH-0479,white,Chios,Eugenia,-246,6.325,0.291,5.49,0.051,3.24,0.616,10.38,7.76
AMPH-0480,white,Chios,Eugenia,-246,6.838,0.245,6.52,0.034,3.2,0.342,10.32,7.9
AMPH-0481,red,Kos,Apian,-246,8.941,0.52,1.12,0.094,3.55,0.619,11.79,8.07
AMPH-0482,white,Kos,Helvola,-245,7.101,0.277,5.81,0.058,3.12,0.649,11.08,5.74
AMPH-0483,white,Chios,Aminean,-247,7.696,0.359,6.45,0.034,3.24,0.734,12.93,6.85
AMPH-0484,white,Chios,Apian,-247,7.105,0.278,8.91,0.036,3.17,0.453,11.13,7.6
AMPH-0485,white,Thasos,Argitis,-245,6.936,0.284,6.99,0.043,3.23,0.571,13.07,6.27
AMPH-0486,red,Thasos,Argitis,-246,8.963,0.511,0.6,0.081,3.35,0.732,13.81,6.29
AMPH-0487,white,Chios,Aminean,-246,6.522,0.235,8.01,0.031,3.21,0.612,12.1,7.32
AMPH-0488,white,Kos,Aminean,-246,7.093,0.257,6.66,0.067,3.22,0.554,12.36,7.53
AMPH-0489,red,Kos,Aminean,-247,8.692,0.486,1.23,0.074,3.29,0.508,12.64,8.3
AMPH-0490,white,Chios,Aminean,-245,7.406,0.298,5.88,0.053,3.27,0.43,12.46,8.2
AMPH-0491,white,Thasos,Helvola,-246,7.336,0.243,9.86,0.026,3.08,0.485,10.82,6.34
AMPH-0492,red,Kos,Duracina,-245,9.019,0.503,2.24,0.086,3.18,0.647,9.75,5.77
AMPH-0493,white,Rhodes,Eugenia,-247,6.985,0.256,6.8,0.046,3.13,0.379,10.42,7.98
AMPH-0494,white,Kos,Duracina,-247,7.175,0.318,8.77,0.039,3.24,0.672,10.03,5.56
AMPH-0495,white,Thasos,Argitis,-245,6.589,0.182,4.32,0.042,3.2,0.627,13.07,6.72
AMPH-0496,white,Chios,Aminean,-247,5.699,0.242,6.34,0.037,3.26,0.512,11.15,7.21
AMPH-0497,red,Kos,Eugenia,-245,8.095,0.511,3.37,0.07,3.36,0.794,9.67,8.18
AMPH-0498,white,Chios,Aminean,-246,7.655,0.254,7.85,0.049,3.26,0.331,12.7,7.65
AMPH-0499,white,Rhodes,Eugenia,-245,6.429,0.311,5.87,0.048,3.07,0.605,10.17,8.11
AMPH-0500,white,Rhodes,Helvola,-245,6.555,0.241,5.36,0.039,3.32,0.2,10.94,5.62
AMPH-0501,red,Rhodes,Argitis,-247,9.007,0.54,5.25,0.078,3.38,0.719,13.38,5.47
AMPH-0502,white,Kos,Apian,-247,6.668,0.324,6.0,0.05,3.12,0.28,11.31,8.31
AMPH-0503,white,Rhodes,Duracina,-246,6.428,0.237,6.33,0.059,3.12,0.517,9.18,5.19
AMPH-0504,white,Rhodes,Aminean,-245,7.501,0.314,7.31,0.026,3.23,0.286,12.62,7.83
AMPH-0505,white,Kos,Helvola,-245,6.557,0.261,7.43,0.062,3.32,0.721,11.55,5.13
AMPH-0506,white,Chios,Apian,-245,5.884,0.309,5.43,0.056,3.13,0.469,11.09,7.39
AMPH-0507,white,Thasos,Helvola,-245,6.141,0.251,7.08,0.043,3.11,0.564,11.32,6.5
AMPH-0508,white,Rhodes,Helvola,-245,7.346,0.279,6.59,0.034,3.23,0.223,10.94,5.2
AMPH-0509,red,Chios,Apian,-245,8.112,0.594,0.64,0.105,3.29,0.605,12.05,7.77
AMPH-0510,white,Chios,Apian,-247,6.311,0.25,7.08,0.047,3.16,0.462,11.2,7.27
AMPH-0511,red,Thasos,Helvola,-245,9.009,0.504,1.4,0.081,3.27,0.852,11.3,6.09
AMPH-0512,red,Kos,Aminean,-247,7.549,0.52,2.56,0.093,3.14,0.394,13.07,7.79
AMPH-0513,white,Chios,Apian,-247,6.766,0.364,5.71,0.057,3.17,0.935,12.06,7.61
AMPH-0514,red,Thasos,Aminean,-246,8.19,0.543,2.49,0.082,3.34,0.625,12.66,9.06
AMPH-0515,red,Kos,Duracina,-245,8.031,0.542,2.76,0.091,3.27,0.743,9.58,5.69
AMPH-0516,white,Thasos,Duracina,-247,6.634,0.219,6.95,0.043,3.19,0.61,9.92,6.33
AMPH-0517,white,Thasos,Duracina,-247,7.411,0.256,4.53,0.049,3.15,0.272,9.64,5.99
AMPH-0518,red,Kos,Argitis,-246,7.867,0.56,3.1,0.078,3.16,0.441,14.5,5.35
AMPH-0519,white,Rhodes,Apian,-245,6.911,0.323,6.54,0.045,3.18,0.48,11.9,7.27
AMPH-0520,red,Thasos,Helvola,-247,8.0,0.586,2.99,0.094,3.47,0.693,11.44,5.94
AMPH-0521,red,Thasos,Helvola,-245,9.775,0.505,3.2,0.088,3.3,0.749,11.11,5.72
AMPH-0522,white,Thasos,Argitis,-247,7.072,0.259,5.62,0.057,3.13,0.332,13.21,6.31
AMPH-0523,white,Chios,Apian,-245,6.974,0.329,5.78,0.049,3.15,0.555,11.53,7.82
AMPH-0524,white,Chios,Eugenia,-246,6.207,0.292,5.0,0.045,3.38,0.205,10.24,8.09
AMPH-0525,white,Rhodes,Aminean,-247,7.066,0.371,6.04,0.055,3.41,0.506,12.05,8.43
AMPH-0526,white,Thasos,Helvola,-247,7.544,0.264,4.94,0.057,3.16,0.661,10.68,5.56
AMPH-0527,white,Thasos,Duracina,-245,7.003,0.303,8.64,0.044,3.1,0.6,10.49,6.0
AMPH-0528,white,Rhodes,Argitis,-247,5.455,0.27,6.65,0.04,3.26,0.34,13.35,4.64
AMPH-0529,red,Rhodes,Argitis,-247,7.749,0.579,1.59,0.093,3.34,0.731,13.21,5.19
AMPH-0530,red,Chios,Eugenia,-245,8.214,0.574,1.6,0.071,3.3,0.909,10.71,7.57
AMPH-0531,white,Kos,Aminean,-245,6.421,0.263,4.9,0.031,3.14,0.592,12.8,8.18
AMPH-0532,white,Rhodes,Duracina,-245,7.707,0.212,8.77,0.041,3.2,0.315,9.38,5.48
AMPH-0533,white,Rhodes,Argitis,-245,6.901,0.21,6.93,0.027,3.11,0.573,13.53,5.38
AMPH-0534,red,Thasos,Argitis,-247,8.857,0.499,2.28,0.091,3.37,0.449,13.47,6.43
AMPH-0535,red,Thasos,Apian,-245,8.125,0.638,0.86,0.1,3.28,0.654,11.22,8.75
AMPH-0536,white,Thasos,Eugenia,-245,7.431,0.3,6.76,0.05,3.21,0.321,9.92,8.16
AMPH-0537,white,Thasos,Duracina,-245,6.582,0.218,8.21,0.073,3.14,0.463,10.09,6.0
AMPH-0538,red,Chios,Aminean,-246,8.031,0.46,2.66,0.086,3.27,0.984,12.45,8.25
AMPH-0539,white,Rhodes,Duracina,-246,6.47,0.268,6.85,0.033,3.12,0.464,10.62,5.66
AMPH-0540,white,Kos,Helvola,-247,6.294,0.289,7.79,0.033,3.11,0.742,11.83,6.02
AMPH-0541,white,Kos,Helvola,-246,7.021,0.356,7.76,0.044,3.2,0.694,10.28,5.88
AMPH-0542,white,Chios,Apian,-247,6.557,0.259,7.56,0.044,3.3,0.602,11.14,8.02
AMPH-0543,red,Thasos,Helvola,-245,8.799,0.481,0.6,0.079,3.34,0.58,10.52,5.98
AMPH-0544,red,Chios,Duracina,-245,8.566,0.522,3.63,0.08,3.45,0.642,9.76,5.09
AMPH-0545,white,Chios,Eugenia,-246,6.837,0.301,8.55,0.045,3.19,0.551,9.68,7.3
AMPH-0546,red,Kos,Aminean,-247,7.997,0.506,4.1,0.09,3.31,0.92,11.89,8.69
AMPH-0547,red,Kos,Apian,-247,7.299,0.491,3.73,0.072,3.31,0.852,11.4,8.59
AMPH-0548,white,Thasos,Argitis,-246,8.157,0.154,6.43,0.046,3.17,0.567,13.9,5.35
AMPH-0549,white,Chios,Aminean,-245,6.594,0.335,5.34,0.043,3.2,0.543,11.83,8.38
AMPH-0550,red,Chios,Eugenia,-245,7.745,0.592,2.13,0.087,3.34,0.498,10.24,7.76
AMPH-0551,white,Kos,Aminean,-247,6.069,0.212,6.14,0.048,3.19,0.558,13.01,7.6
AMPH-0552,red,Thasos,Argitis,-247,7.741,0.522,2.77,0.082,3.29,0.698,13.94,6.36
AMPH-0553,red,Rhodes,Duracina,-247,8.026,0.508,2.8,0.094,3.23,0.67,9.57,5.4
AMPH-0554,white,Rhodes,Aminean,-245,7.428,0.247,7.67,0.047,3.2,0.534,11.29,7.8
AMPH-0555,white,Thasos,Helvola,-245,5.464,0.29,6.3,0.023,3.21,0.291,10.62,6.07
AMPH-0556,red,Kos,Argitis,-246,7.897,0.585,2.81,0.093,3.33,0.469,14.59,5.49
AMPH-0557,white,Thasos,Argitis,-245,6.808,0.356,6.01,0.044,3.26,0.649,13.58,6.7
AMPH-0558,red,Thasos,Duracina,-247,9.91,0.596,3.05,0.081,3.24,0.7,10.34,6.56
AMPH-0559,white,Rhodes,Duracina,-246,6.863,0.268,4.68,0.039,2.99,0.221,9.4,5.82
AMPH-0560,red,Rhodes,Eugenia,-245,8.348,0.559,3.05,0.085,3.34,0.826,9.63,8.34
AMPH-0561,red,Chios,Eugenia,-247,8.222,0.54,3.55,0.084,3.19,0.781,10.43,8.02
AMPH-0562,white,Kos,Apian,-247,6.629,0.394,5.04,0.036,3.18,0.598,11.61,7.69
AMPH-0563,red,Thasos,Apian,-247,8.11,0.512,2.73,0.089,3.3,0.794,11.21,8.35
AMPH-0564,white,Rhodes,Argitis,-247,7.018,0.273,6.6,0.044,3.13,0.687,14.08,5.39
AMPH-0565,white,Kos,Helvola,-246,6.327,0.347,8.56,0.035,3.22,0.302,10.96,5.42
AMPH-0566,white,Rhodes,Apian,-246,7.982,0.232,6.35,0.054,3.29,0.395,12.29,7.71
AMPH-0567,red,Thasos,Argitis,-246,7.775,0.436,2.51,0.094,3.23,0.628,14.59,6.52
AMPH-0568,white,Thasos,Argitis,-247,7.4,0.379,7.13,0.04,3.17,0.79,13.7,5.96
AMPH-0569,red,Kos,Apian,-247,9.313,0.546,2.8,0.092,3.32,0.727,11.66,7.6
AMPH-0570,white,Rhodes,Apian,-246,7.498,0.222,7.17,0.056,3.25,0.291,11.28,8.44
AMPH-0571,red,Chios,Apian,-246,8.76,0.48,3.88,0.083,3.19,0.773,11.29,6.95
AMPH-0572,red,Rhodes,Apian,-247,8.117,0.577,0.6,0.069,3.32,0.833,10.9,7.67
AMPH-0573,white,Chios,Eugenia,-245,6.889,0.279,6.74,0.065,3.09,0.2,10.14,7.65
AMPH-0574,red,Chios,Apian,-245,7.98,0.427,3.53,0.097,3.42,0.856,11.87,7.44
AMPH-0575,white,Rhodes,Aminean,-247,7.734,0.248,6.56,0.04,3.28,0.38,13.38,6.77
AMPH-0576,red,Rhodes,Aminean,-246,8.685,0.505,2.69,0.095,3.36,0.719,12.19,7.7
AMPH-0577,white,Chios,Apian,-247,6.679,0.262,6.16,0.054,3.29,0.461,11.6,6.82
AMPH-0578,red,Kos,Eugenia,-245,8.773,0.516,1.13,0.092,3.28,0.652,10.08,8.96
AMPH-0579,white,Thasos,Apian,-245,6.442,0.327,7.33,0.046,3.16,0.48,11.12,8.52
AMPH-0580,white,Thasos,Argitis,-247,6.476,0.241,7.38,0.048,3.14,0.496,13.56,6.48
AMPH-0581,white,Chios,Aminean,-245,6.409,0.31,7.1,0.043,3.25,0.389,12.18,6.56
AMPH-0582,red,Kos,Eugenia,-247,8.147,0.563,3.88,0.07,3.3,0.698,10.55,7.94
AMPH-0583,red,Rhodes,Aminean,-246,8.617,0.527,3.46,0.087,3.37,0.735,12.53,8.55
AMPH-0584,white,Thasos,Helvola,-245,7.871,0.366,6.64,0.054,3.22,0.409,11.14,7.18
AMPH-0585,white,Kos,Argitis,-245,6.26,0.269,7.18,0.04,3.11,0.26,13.94,5.9
AMPH-0586,white,Chios,Aminean,-246,7.608,0.269,8.49,0.046,3.15,0.346,11.49,7.61
AMPH-0587,white,Chios,Argitis,-245,8.731,0.209,6.32,0.045,3.32,0.402,13.95,5.09
AMPH-0588,white,Rhodes,Duracina,-246,7.544,0.218,7.51,0.043,3.08,0.549,9.74,5.75
AMPH-0589,white,Thasos,Argitis,-247,6.744,0.31,5.76,0.036,3.14,0.5,13.88,5.97
AMPH-0590,white,Kos,Argitis,-246,6.282,0.337,6.94,0.037,3.31,0.562,13.77,6.07
AMPH-0591,red,Rhodes,Duracina,-246,8.81,0.546,4.01,0.078,3.22,0.752,9.56,5.23
AMPH-0592,white,Kos,Aminean,-246,6.255,0.271,5.35,0.047,3.08,0.41,12.15,7.98
AMPH-0593,white,Chios,Eugenia,-247,7.545,0.336,8.11,0.053,3.21,0.512,9.71,7.48
AMPH-0594,white,Rhodes,Aminean,-246,6.951,0.254,7.41,0.033,3.27,0.501,12.51,7.64
AMPH-0595,white,Kos,Apian,-246,7.945,0.226,5.24,0.038,3.19,0.358,11.4,9.47
AMPH-0596,red,Chios,Eugenia,-247,8.693,0.514,3.27,0.082,3.27,0.555,9.92,7.26
AMPH-0597,white,Kos,Aminean,-246,5.98,0.271,4.95,0.04,3.19,0.493,12.17,8.11
AMPH-0598,red,Rhodes,Apian,-247,7.695,0.643,0.74,0.081,3.33,0.908,11.73,7.78
AMPH-0599,white,Chios,Apian,-247,6.478,0.254,6.86,0.046,3.1,0.71,11.39,7.17
AMPH-0600,white,Kos,Apian,-246,6.528,0.287,6.11,0.034,3.07,0.383,11.24,8.21
AMPH-0601,white,Kos,Duracina,-246,7.715,0.243,6.69,0.031,3.24,0.578,9.65,6.48
AMPH-0602,white,Thasos,Duracina,-246,6.24,0.292,5.8,0.041,3.24,0.549,9.22,6.07
AMPH-0603,red,Chios,Apian,-246,8.059,0.504,1.55,0.087,3.33,0.6,11.95,7.33
AMPH-0604,red,Chios,Aminean,-247,9.217,0.58,3.32,0.084,3.44,0.708,12.38,7.62
AMPH-0605,red,Thasos,Argitis,-247,7.389,0.529,3.04,0.061,3.28,0.574,13.63,5.85
AMPH-0606,white,Chios,Eugenia,-246,6.28,0.291,3.91,0.036,3.13,0.595,10.46,7.07
AMPH-0607,white,Chios,Eugenia,-247,6.394,0.302,6.25,0.045,3.14,0.569,10.71,7.9
AMPH-0608,red,Chios,Duracina,-247,8.496,0.565,1.45,0.096,3.3,0.479,9.66,5.2
AMPH-0609,red,Thasos,Duracina,-247,8.571,0.399,2.93,0.089,3.29,0.755,9.47,5.94
AMPH-0610,white,Rhodes,Aminean,-245,7.236,0.264,7.17,0.038,3.09,0.693,11.5,7.39
AMPH-0611,red,Chios,Helvola,-245,8.096,0.589,3.0,0.092,3.36,0.811,10.97,4.94
AMPH-0612,white,Chios,Apian,-245,6.517,0.148,7.93,0.049,3.17,0.988,10.67,7.76
AMPH-0613,white,Chios,Apian,-246,6.877,0.27,7.55,0.051,3.12,0.733,11.38,7.6
AMPH-0614,white,Chios,Apian,-247,7.154,0.327,5.93,0.06,3.15,0.482,11.68,7.41
AMPH-0615,red,Thasos,Duracina,-247,8.098,0.44,1.74,0.086,3.41,0.527,9.61,6.83
AMPH-0616,red,Thasos,Duracina,-247,7.082,0.602,5.84,0.088,3.27,0.575,10.13,6.07
AMPH-0617,white,Rhodes,Apian,-245,7.186,0.222,7.73,0.029,3.24,0.46,11.46,8.0
AMPH-0618,white,Rhodes,Duracina,-245,7.651,0.253,7.21,0.038,3.16,0.606,9.33,5.28
AMPH-0619,white,Thasos,Duracina,-245,6.701,0.283,6.96,0.044,3.2,0.487,10.66,6.86
AMPH-0620,red,Kos,Aminean,-247,8.252,0.571,3.26,0.089,3.33,0.82,12.92,7.98
AMPH-0621,red,Kos,Eugenia,-247,7.538,0.579,2.28,0.111,3.21,0.749,10.07,8.4
AMPH-0622,white,Thasos,Duracina,-246,7.374,0.318,6.63,0.047,3.38,0.504,9.63,6.11
AMPH-0623,white,Rhodes,Eugenia,-246,6.9,0.294,7.3,0.049,3.42,0.48,10.17,7.87
AMPH-0624,white,Chios,Eugenia,-246,6.666,0.264,5.92,0.041,3.16,0.379,10.34,7.6
AMPH-0625,red,Thasos,Helvola,-246,7.923,0.518,2.78,0.091,3.44,0.86,10.2,6.2
AMPH-0626,white,Kos,Aminean,-245,6.773,0.268,7.36,0.054,3.15,0.783,12.45,7.79
AMPH-0627,white,Chios,Apian,-245,7.033,0.313,7.32,0.063,3.34,0.544,11.41,7.86
AMPH-0628,red,Chios,Apian,-245,8.276,0.545,1.03,0.095,3.31,0.531,11.42,8.05
AMPH-0629,white,Chios,Argitis,-245,7.867,0.25,5.07,0.049,3.21,0.6,13.93,4.19
AMPH-0630,red,Thasos,Argitis,-246,8.022,0.514,3.52,0.062,3.24,0.684,13.76,5.89
AMPH-0631,red,Chios,Apian,-247,8.185,0.588,3.6,0.102,3.36,0.792,11.91,7.27
AMPH-0632,red,Thasos,Argitis,-245,8.151,0.461,1.77,0.092,3.16,0.264,12.89,5.98
AMPH-0633,white,Thasos,Duracina,-247,6.709,0.267,5.3,0.046,3.29,0.577,9.67,6.12
AMPH-0634,white,Kos,Eugenia,-245,7.931,0.336,6.44,0.045,3.12,0.446,10.02,7.95
AMPH-0635,red,Thasos,Argitis,-246,7.629,0.553,1.14,0.099,3.26,0.557,13.89,5.45
AMPH-0636,red,Thasos,Duracina,-247,8.579,0.418,3.54,0.092,3.27,0.656,10.18,7.08
AMPH-0637,red,Kos,Apian,-245,7.794,0.491,1.51,0.087,3.33,0.726,11.54,7.94
AMPH-0638,red,Kos,Duracina,-246,9.226,0.425,0.6,0.083,3.37,0.623,9.78,5.87
AMPH-0639,red,Rhodes,Aminean,-245,9.446,0.678,0.61,0.081,3.34,0.727,11.43,7.78
AMPH-0640,white,Rhodes,Duracina,-246,7.804,0.259,6.27,0.029,3.12,0.482,9.04,5.4
AMPH-0641,red,Rhodes,Eugenia,-245,8.771,0.596,0.6,0.078,3.38,0.698,10.26,8.28
AMPH-0642,white,Chios,Eugenia,-247,7.146,0.321,7.47,0.043,3.23,0.665,10.46,7.1
AMPH-0643,red,Kos,Aminean,-245,8.844,0.523,2.01,0.106,3.32,0.908,12.04,8.22
AMPH-0644,red,Kos,Apian,-245,8.277,0.557,2.74,0.084,3.21,0.477,11.73,8.07
AMPH-0645,red,Chios,Apian,-245,8.251,0.546,2.94,0.095,3.32,0.762,11.5,7.96
AMPH-0646,white,Rhodes,Aminean,-246,6.811,0.364,5.28,0.063,3.19,0.608,12.48,7.83
AMPH-0647,white,Chios,Eugenia,-245,6.46,0.295,5.98,0.048,3.29,0.27,10.34,7.96
AMPH-0648,white,Chios,Eugenia,-246,6.416,0.286,5.99,0.054,3.12,0.557,10.69,7.44
AMPH-0649,white,Kos,Duracina,-245,6.633,0.278,5.95,0.039,3.16,0.512,9.8,5.19
AMPH-0650,red,Rhodes,Aminean,-245,9.652,0.492,2.71,0.105,3.27,0.503,13.03,7.31
AMPH-0651,white,Chios,Aminean,-245,6.636,0.3,6.6,0.044,3.25,0.613,11.3,7.87
AMPH-0652,red,Thasos,Helvola,-246,8.32,0.562,1.73,0.109,3.29,0.72,10.97,5.94
AMPH-0653,white,Thasos,Argitis,-247,6.929,0.248,6.66,0.039,3.17,0.445,13.87,6.46
AMPH-0654,white,Chios,Aminean,-246,6.233,0.322,6.46,0.052,3.3,0.433,12.41,7.82
AMPH-0655,white,Rhodes,Eugenia,-245,6.677,0.246,7.4,0.049,3.21,0.656,10.44,7.48
AMPH-0656,white,Chios,Eugenia,-245,6.518,0.33,6.79,0.054,3.15,0.51,10.29,7.71
AMPH-0657,red,Chios,Eugenia,-246,7.38,0.47,2.44,0.083,3.32,0.728,9.33,7.12
AMPH-0658,white,Kos,Helvola,-247,7.104,0.298,5.55,0.048,3.16,0.838,11.85,5.55
AMPH-0659,white,Thasos,Duracina,-247,8.107,0.272,6.21,0.037,3.06,0.407,8.91,6.52
AMPH-0660,white,Chios,Apian,-247,7.187,0.239,7.21,0.062,3.26,0.532,11.07,7.61
AMPH-0661,white,Kos,Duracina,-247,6.815,0.302,5.97,0.073,3.29,0.408,10.58,5.96
AMPH-0662,white,Chios,Aminean,-246,6.592,0.304,7.31,0.044,3.18,0.499,11.99,7.69
AMPH-0663,red,Chios,Aminean,-245,8.728,0.542,2.29,0.09,3.3,0.794,12.08,7.81
AMPH-0664,white,Rhodes,Duracina,-246,6.892,0.192,7.21,0.036,3.27,0.543,9.36,5.5
AMPH-0665,white,Kos,Helvola,-246,7.363,0.309,7.6,0.037,3.24,0.608,10.8,5.81
AMPH-0666,red,Rhodes,Aminean,-245,8.381,0.515,3.48,0.08,3.35,0.68,12.47,8.19
AMPH-0667,white,Kos,Argitis,-247,6.585,0.304,6.18,0.055,3.28,0.399,14.55,5.18
AMPH-0668,red,Chios,Aminean,-247,7.837,0.515,3.0,0.075,3.29,0.559,13.01,7.86
AMPH-0669,white,Kos,Helvola,-245,7.088,0.337,7.5,0.039,3.13,0.458,10.45,5.75
AMPH-0670,white,Kos,Argitis,-247,8.191,0.31,6.03,0.037,3.23,0.542,13.86,5.69
AMPH-0671,red,Kos,Apian,-245,9.646,0.531,2.25,0.098,3.29,0.383,11.26,7.97
AMPH-0672,white,Rhodes,Duracina,-247,8.386,0.208,5.23,0.031,3.11,0.501,10.01,5.47
AMPH-0673,white,Kos,Apian,-246,6.966,0.272,8.65,0.042,3.33,0.544,12.07,8.12
AMPH-0674,red,Kos,Argitis,-247,8.819,0.497,2.27,0.096,3.42,0.457,14.33,5.51
AMPH-0675,red,Thasos,Helvola,-247,8.582,0.549,2.66,0.074,3.33,0.561,10.12,5.94
AMPH-0676,white,Kos,Duracina,-245,7.21,0.242,7.5,0.023,3.16,0.605,9.87,5.33
AMPH-0677,red,Kos,Aminean,-246,9.221,0.652,5.04,0.082,3.21,0.926,12.06,8.1
AMPH-0678,red,Kos,Duracina,-246,8.665,0.616,2.39,0.058,3.4,0.455,9.89,5.2
AMPH-0679,red,Chios,Duracina,-245,8.555,0.413,2.86,0.08,3.31,0.38,10.07,5.13
AMPH-0680,red,Rhodes,Eugenia,-245,7.866,0.647,3.68,0.085,3.26,0.679,9.83,7.76
AMPH-0681,red,Kos,Eugenia,-247,8.642,0.513,2.99,0.082,3.38,0.724,10.4,8.17
AMPH-0682,white,Thasos,Helvola,-246,7.964,0.329,8.18,0.045,3.23,0.492,11.03,6.49
AMPH-0683,red,Thasos,Duracina,-245,8.014,0.541,2.48,0.089,3.3,0.635,9.96,5.97
AMPH-0684,red,Rhodes,Argitis,-245,7.98,0.436,2.01,0.093,3.24,0.736,13.78,5.31
AMPH-0685,white,Kos,Duracina,-247,7.355,0.263,8.05,0.052,3.25,0.479,9.6,5.79
AMPH-0686,white,Chios,Apian,-247,6.34,0.309,5.64,0.041,3.18,0.473,11.45,7.0
AMPH-0687,red,Thasos,Duracina,-247,9.142,0.601,1.26,0.08,3.45,0.7,10.5,6.05
AMPH-0688,white,Thasos,Argitis,-246,7.116,0.235,6.48,0.055,3.2,0.274,13.91,5.69
AMPH-0689,red,Thasos,Argitis,-246,8.036,0.573,0.6,0.086,3.31,0.649,14.03,6.59
AMPH-0690,white,Kos,Argitis,-245,6.195,0.286,6.85,0.056,3.21,0.443,13.41,6.04
AMPH-0691,white,Thasos,Argitis,-246,6.296,0.314,6.23,0.061,3.04,0.572,13.99,6.15
AMPH-0692,white,Rhodes,Eugenia,-247,7.227,0.306,5.55,0.03,3.21,0.715,9.84,7.69
AMPH-0693,red,Chios,Eugenia,-246,9.572,0.507,2.51,0.079,3.3,0.602,10.19,8.14
AMPH-0694,white,Chios,Apian,-246,7.847,0.36,5.84,0.032,3.18,0.381,11.31,7.24
AMPH-0695,red,Thasos,Argitis,-246,7.966,0.525,4.76,0.117,3.32,0.599,14.23,6.65
AMPH-0696,white,Kos,Duracina,-245,7.83,0.343,9.99,0.065,3.11,0.676,9.72,4.92
AMPH-0697,white,Thasos,Helvola,-247,7.17,0.34,6.15,0.031,3.31,0.64,10.56,6.48
AMPH-0698,red,Rhodes,Aminean,-245,7.52,0.537,1.44,0.077,3.32,0.865,12.89,7.7
AMPH-0699,white,Chios,Eugenia,-246,7.014,0.292,7.43,0.047,3.06,0.627,10.23,7.9
AMPH-0700,white,Rhodes,Duracina,-245,6.8,0.308,7.83,0.038,3.22,0.522,9.77,5.57
AMPH-0701,red,Rhodes,Duracina,-247,8.295,0.518,4.22,0.092,3.32,0.868,9.27,5.81
AMPH-0702,red,Thasos,Duracina,-246,7.882,0.51,3.15,0.096,3.29,0.641,8.7,6.64
AMPH-0703,white,Kos,Eugenia,-247,6.62,0.313,7.66,0.055,3.22,0.621,9.81,8.28
AMPH-0704,white,Rhodes,Eugenia,-247,7.246,0.247,5.71,0.044,3.3,0.502,10.05,8.19
AMPH-0705,white,Chios,Eugenia,-245,7.597,0.293,7.47,0.057,3.17,0.32,10.43,6.92
AMPH-0706,white,Thasos,Duracina,-246,7.226,0.227,5.78,0.025,3.21,0.445,9.58,6.06
AMPH-0707,white,Kos,Eugenia,-247,6.969,0.266,8.75,0.039,3.19,0.594,9.9,8.53
AMPH-0708,red,Chios,Aminean,-246,7.938,0.503,1.62,0.103,3.38,0.686,12.06,7.54
AMPH-0709,white,Chios,Eugenia,-246,6.561,0.272,5.45,0.05,3.29,0.423,10.23,7.62
AMPH-0710,white,Rhodes,Apian,-246,6.072,0.243,6.04,0.042,3.29,0.451,11.58,6.97
AMPH-0711,white,Rhodes,Eugenia,-245,8.574,0.245,4.38,0.053,3.03,0.469,10.43,7.91
AMPH-0712,white,Chios,Argitis,-247,5.781,0.238,8.32,0.037,3.19,0.519,14.33,4.89
AMPH-0713,red,Chios,Apian,-245,7.65,0.545,0.6,0.108,3.36,0.79,11.84,7.64
AMPH-0714,white,Rhodes,Apian,-245,6.34,0.263,6.67,0.044,3.32,0.561,11.46,7.89
AMPH-0715,red,Rhodes,Apian,-246,8.744,0.505,3.19,0.094,3.16,0.495,11.3,7.85
AMPH-0716,red,Thasos,Aminean,-247,7.642,0.504,2.39,0.094,3.25,0.577,12.71,9.14
AMPH-0717,white,Chios,Eugenia,-247,6.609,0.201,6.53,0.049,3.28,0.378,10.07,6.91
AMPH-0718,white,Chios,Apian,-247,6.352,0.265,6.07,0.051,3.25,0.307,11.36,7.78
AMPH-0719,white,Rhodes,Helvola,-247,7.881,0.217,5.07,0.055,3.31,0.454,11.19,4.94
AMPH-0720,white,Chios,Duracina,-245,7.483,0.206,6.01,0.026,3.16,0.563,9.12,4.63
AMPH-0721,white,Chios,Eugenia,-246,5.761,0.348,5.52,0.043,3.25,0.265,10.75,7.35
AMPH-0722,white,Kos,Argitis,-245,6.765,0.244,5.24,0.049,3.22,0.537,13.41,6.77
AMPH-0723,red,Thasos,Helvola,-246,8.987,0.567,1.83,0.081,3.31,0.878,11.38,6.08
AMPH-0724,red,Chios,Apian,-246,8.267,0.592,2.66,0.083,3.28,0.854,11.3,7.71
AMPH-0725,red,Chios,Duracina,-246,8.932,0.52,3.75,0.079,3.39,0.725,9.42,5.35
AMPH-0726,white,Rhodes,Duracina,-246,8.106,0.251,5.95,0.039,3.06,0.314,10.19,5.52
AMPH-0727,red,Thasos,Helvola,-247,8.333,0.58,0.6,0.098,3.3,0.592,10.84,6.38
AMPH-0728,red,Thasos,Argitis,-246,8.094,0.502,3.58,0.11,3.34,0.699,13.37,5.68
AMPH-0729,white,Kos,Aminean,-247,6.796,0.263,7.13,0.056,3.22,0.58,12.65,7.91
AMPH-0730,red,Rhodes,Duracina,-247,8.225,0.539,4.65,0.073,3.16,0.642,9.9,5.21
AMPH-0731,red,Thasos,Aminean,-245,8.367,0.631,1.04,0.085,3.23,0.814,12.84,8.78
AMPH-0732,red,Rhodes,Apian,-247,8.264,0.542,2.97,0.093,3.26,0.789,11.72,8.06
AMPH-0733,white,Rhodes,Duracina,-245,6.938,0.28,6.91,0.06,3.1,0.285,10.03,5.46
AMPH-0734,white,Kos,Eugenia,-245,6.821,0.318,7.2,0.052,3.08,0.569,9.93,7.32
AMPH-0735,white,Kos,Helvola,-247,7.103,0.305,5.75,0.055,3.11,0.677,10.22,5.67
AMPH-0736,white,Chios,Eugenia,-246,7.204,0.323,6.4,0.05,3.16,0.338,9.6,6.99
AMPH-0737,red,Kos,Duracina,-245,8.187,0.542,1.24,0.085,3.23,0.779,9.37,5.78
AMPH-0738,white,Chios,Apian,-246,7.727,0.293,6.46,0.051,3.12,0.564,11.29,7.68
AMPH-0739,red,Rhodes,Duracina,-246,8.782,0.487,2.45,0.078,3.31,0.587,9.38,5.29
AMPH-0740,red,Rhodes,Duracina,-247,9.514,0.47,2.52,0.103,3.34,0.704,9.82,5.64
AMPH-0741,red,Kos,Duracina,-247,7.027,0.519,1.64,0.101,3.34,0.797,10.26,5.56
AMPH-0742,white,Thasos,Helvola,-246,7.056,0.307,5.76,0.038,3.2,0.376,11.57,6.58
AMPH-0743,white,Chios,Eugenia,-246,7.616,0.313,7.09,0.057,3.25,0.562,9.72,7.64
AMPH-0744,white,Rhodes,Aminean,-247,7.749,0.253,5.76,0.037,3.36,0.706,12.2,7.01
AMPH-0745,white,Thasos,Duracina,-247,8.851,0.252,5.15,0.045,3.15,0.495,9.42,6.03
AMPH-0746,white,Chios,Aminean,-247,6.929,0.205,6.7,0.057,3.11,0.657,12.15,7.51
AMPH-0747,red,Chios,Eugenia,-246,8.287,0.541,0.77,0.09,3.31,0.711,9.72,8.16
AMPH-0748,red,Chios,Aminean,-245,8.503,0.525,2.65,0.087,3.24,0.468,11.58,7.46
AMPH-0749,white,Rhodes,Aminean,-245,5.409,0.233,5.38,0.061,3.17,0.544,11.44,7.23
AMPH-0750,red,Rhodes,Helvola,-245,7.448,0.468,1.25,0.076,3.47,0.855,10.64,5.52
AMPH-0751,white,Rhodes,Apian,-247,7.236,0.264,7.01,0.054,3.11,0.54,11.8,8.08
AMPH-0752,white,Thasos,Duracina,-247,7.56,0.209,5.78,0.033,3.08,0.517,10.24,6.16
AMPH-0753,red,Rhodes,Apian,-246,8.917,0.505,2.6,0.097,3.39,0.566,12.42,8.01
AMPH-0754,red,Kos,Helvola,-245,7.447,0.559,3.29,0.083,3.25,0.558,10.69,4.97
AMPH-0755,white,Chios,Aminean,-246,7.053,0.32,6.11,0.042,3.24,0.461,12.11,6.87
AMPH-0756,white,Chios,Apian,-247,6.941,0.262,5.65,0.046,3.15,0.412,11.85,8.27
AMPH-0757,white,Rhodes,Apian,-246,7.354,0.212,7.27,0.039,3.19,0.708,11.46,8.08
AMPH-0758,white,Kos,Argitis,-247,6.733,0.261,7.58,0.044,3.19,0.378,14.32,6.04
AMPH-0759,white,Rhodes,Duracina,-246,7.027,0.245,7.18,0.071,3.18,0.391,10.17,4.27
AMPH-0760,white,Thasos,Duracina,-247,7.053,0.263,6.96,0.068,3.34,0.46,9.84,6.18
AMPH-0761,white,Chios,Eugenia,-247,6.787,0.351,6.36,0.061,2.98,0.476,10.22,8.23
AMPH-0762,red,Thasos,Duracina,-247,8.443,0.456,2.77,0.091,3.3,0.55,9.81,6.15
AMPH-0763,red,Kos,Eugenia,-246,8.91,0.521,5.75,0.079,3.32,0.607,9.71,8.19
AMPH-0764,white,Rhodes,Helvola,-246,6.238,0.215,7.16,0.037,3.23,0.369,10.99,4.93
AMPH-0765,red,Chios,Apian,-245,8.449,0.491,2.27,0.094,3.27,0.778,12.12,7.48
AMPH-0766,white,Thasos,Helvola,-245,7.696,0.269,5.79,0.051,3.26,0.486,11.59,5.83
AMPH-0767,red,Thasos,Duracina,-246,8.719,0.46,1.06,0.105,3.48,0.6,9.92,6.06
AMPH-0768,white,Kos,Helvola,-247,6.849,0.369,5.68,0.062,3.35,0.637,11.48,4.74
AMPH-0769,white,Kos,Duracina,-245,7.8,0.25,8.99,0.05,3.26,0.63,10.06,6.13
AMPH-0770,white,Thasos,Duracina,-246,6.7,0.255,5.07,0.056,3.24,0.208,9.89,5.84
AMPH-0771,white,Rhodes,Duracina,-245,7.437,0.23,5.47,0.052,3.23,0.385,9.66,4.6
AMPH-0772,white,Chios,Aminean,-247,7.388,0.277,5.5,0.056,3.13,0.519,11.81,7.93
AMPH-0773,red,Chios,Eugenia,-246,7.709,0.559,2.92,0.105,3.36,0.616,10.18,7.07
AMPH-0774,white,Chios,Apian,-246,6.055,0.262,6.49,0.058,3.13,0.488,11.41,7.63
AMPH-0775,white,Kos,Aminean,-247,7.069,0.283,6.01,0.04,3.21,0.406,12.46,9.04
AMPH-0776,red,Chios,Eugenia,-246,7.888,0.524,2.12,0.09,3.3,0.885,9.71,7.32
AMPH-0777,white,Thasos,Helvola,-247,7.609,0.206,4.83,0.05,3.29,0.384,11.18,6.54
AMPH-0778,white,Kos,Argitis,-246,7.3,0.229,5.72,0.036,3.06,0.543,13.94,6.05
AMPH-0779,red,Kos,Duracina,-245,7.699,0.455,2.84,0.088,3.07,0.696,9.17,6.15
AMPH-0780,white,Chios,Eugenia,-246,6.933,0.269,5.13,0.055,3.3,0.695,10.18,7.95
AMPH-0781,white,Rhodes,Aminean,-247,6.385,0.326,3.87,0.046,3.2,0.7,12.81,7.48
AMPH-0782,red,Rhodes,Helvola,-245,7.19,0.469,1.28,0.092,3.18,0.587,11.13,6.06
AMPH-0783,red,Rhodes,Apian,-245,8.636,0.482,2.0,0.096,3.31,0.727,10.73,7.7
AMPH-0784,red,Kos,Apian,-246,9.257,0.505,2.13,0.101,3.23,0.623,11.83,7.87
AMPH-0785,white,Thasos,Argitis,-245,5.938,0.25,6.2,0.02,3.19,0.407,13.56,6.11
AMPH-0786,white,Thasos,Argitis,-247,6.514,0.281,5.45,0.06,3.12,0.325,14.04,5.53
AMPH-0787,white,Rhodes,Aminean,-245,7.57,0.172,4.33,0.047,3.27,0.425,11.75,7.71
AMPH-0788,white,Thasos,Duracina,-245,6.341,0.285,6.98,0.049,3.23,0.675,9.49,5.89
AMPH-0789,white,Kos,Aminean,-246,6.804,0.253,3.7,0.059,3.15,0.354,11.76,7.76
AMPH-0790,white,Kos,Apian,-246,5.691,0.201,3.59,0.043,3.16,0.599,11.03,8.48
AMPH-0791,red,Kos,Aminean,-246,8.667,0.534,3.1,0.085,3.28,0.507,12.07,7.94
AMPH-0792,red,Chios,Duracina,-246,8.735,0.522,3.39,0.091,3.33,0.524,9.3,4.49
AMPH-0793,red,Thasos,Eugenia,-246,7.359,0.564,2.71,0.075,3.26,0.618,9.6,8.16
AMPH-0794,red,Chios,Apian,-246,7.705,0.477,2.47,0.074,3.36,0.623,11.73,7.53
AMPH-0795,white,Rhodes,Aminean,-246,6.925,0.348,9.02,0.071,3.14,0.727,11.62,7.41
AMPH-0796,white,Kos,Duracina,-245,8.096,0.191,5.45,0.033,3.16,0.745,10.3,5.38
AMPH-0797,red,Rhodes,Eugenia,-247,8.394,0.551,1.77,0.086,3.46,0.449,10.44,7.38
AMPH-0798,red,Thasos,Argitis,-245,7.802,0.51,3.03,0.097,3.23,0.632,14.51,6.16
AMPH-0799,white,Kos,Eugenia,-246,7.497,0.23,3.53,0.053,3.09,0.508,10.58,7.29
AMPH-0800,white,Chios,Aminean,-245,7.041,0.281,5.33,0.052,3.24,0.405,12.91,7.89
AMPH-0801,white,Thasos,Aminean,-246,7.293,0.216,5.66,0.028,3.2,0.264,12.95,8.73
AMPH-0802,red,Chios,Apian,-245,8.063,0.537,3.67,0.084,3.28,0.526,11.76,7.19
AMPH-0803,red,Chios,Helvola,-246,7.671,0.516,2.84,0.066,3.28,0.538,10.99,5.06
AMPH-0804,white,Chios,Duracina,-247,5.564,0.341,6.41,0.042,3.19,0.516,9.16,4.7
AMPH-0805,white,Chios,Eugenia,-247,6.853,0.284,8.84,0.046,3.19,0.491,9.3,7.57
AMPH-0806,red,Chios,Apian,-247,8.06,0.621,3.39,0.083,3.18,0.883,11.68,7.56
AMPH-0807,red,Kos,Aminean,-245,7.925,0.573,1.27,0.074,3.34,0.771,12.59,8.82
AMPH-0808,white,Chios,Apian,-245,6.466,0.269,7.58,0.05,3.37,0.423,12.22,7.6
AMPH-0809,red,Rhodes,Argitis,-246,7.781,0.563,3.1,0.101,3.24,0.622,13.41,4.97
AMPH-0810,red,Chios,Apian,-247,7.603,0.499,1.02,0.109,3.1,1.019,11.5,7.88
AMPH-0811,red,Kos,Aminean,-246,7.061,0.495,2.79,0.081,3.41,0.659,12.31,7.7
AMPH-0812,red,Rhodes,Argitis,-247,9.032,0.551,1.93,0.097,3.37,0.797,13.28,5.87
AMPH-0813,red,Rhodes,Helvola,-246,8.303,0.547,2.25,0.091,3.44,0.728,11.32,4.59
AMPH-0814,white,Rhodes,Eugenia,-245,7.767,0.314,6.55,0.065,3.34,0.587,9.49,7.37
AMPH-0815,red,Rhodes,Eugenia,-247,8.032,0.564,2.26,0.078,3.3,0.705,10.72,7.52
AMPH-0816,white,Kos,Eugenia,-246,6.265,0.26,6.21,0.041,3.05,0.485,10.56,7.17
AMPH-0817,white,Thasos,Duracina,-247,7.263,0.233,8.05,0.037,3.31,0.823,9.35,6.52
AMPH-0818,white,Chios,Apian,-246,6.838,0.342,5.88,0.049,3.2,0.548,11.01,7.17
AMPH-0819,white,Chios,Eugenia,-247,7.461,0.401,8.45,0.036,3.21,0.477,9.7,7.61
AMPH-0820,white,Rhodes,Argitis,-245,7.13,0.264,6.05,0.05,3.21,0.43,13.94,5.46
AMPH-0821,red,Kos,Aminean,-245,9.337,0.596,2.51,0.069,3.32,0.694,12.64,7.63
AMPH-0822,white,Chios,Apian,-247,6.448,0.259,5.9,0.052,3.28,0.675,11.79,8.08
AMPH-0823,white,Kos,Apian,-247,7.163,0.287,5.31,0.032,3.14,0.513,11.29,8.3
AMPH-0824,red,Chios,Eugenia,-247,7.792,0.527,3.58,0.098,3.47,0.589,10.3,7.01
AMPH-0825,red,Thasos,Helvola,-245,9.783,0.487,0.6,0.098,3.52,0.489,11.14,6.12
AMPH-0826,red,Rhodes,Helvola,-246,8.368,0.545,2.72,0.075,3.36,0.507,10.88,5.04
AMPH-0827,white,Thasos,Duracina,-245,6.779,0.277,3.86,0.038,3.2,0.461,9.79,5.88
AMPH-0828,white,Kos,Aminean,-245,6.876,0.323,6.81,0.048,3.09,0.618,11.84,7.68
AMPH-0829,red,Chios,Apian,-245,8.793,0.568,2.06,0.075,3.21,0.576,11.55,7.37
AMPH-0830,white,Thasos,Helvola,-247,6.493,0.244,7.63,0.044,3.23,0.409,10.56,6.2
AMPH-0831,white,Thasos,Helvola,-246,7.289,0.244,5.81,0.047,3.12,0.433,11.2,6.29
AMPH-0832,white,Kos,Apian,-247,6.275,0.219,6.41,0.044,3.3,0.725,10.81,9.06
AMPH-0833,red,Chios,Apian,-246,7.294,0.484,5.63,0.089,3.3,0.639,12.06,8.53
AMPH-0834,white,Thasos,Helvola,-247,6.525,0.308,5.76,0.041,3.22,0.359,11.4,5.41
AMPH-0835,white,Chios,Eugenia,-245,7.158,0.307,5.61,0.029,3.33,0.599,9.79,7.27
AMPH-0836,red,Thasos,Argitis,-245,8.077,0.59,4.04,0.075,3.38,0.871,14.27,5.68
AMPH-0837,red,Rhodes,Argitis,-247,7.786,0.518,3.94,0.09,3.2,0.669,12.79,4.86
AMPH-0838,red,Chios,Eugenia,-245,8.473,0.458,1.27,0.086,3.24,0.644,10.0,7.12
AMPH-0839,red,Rhodes,Helvola,-246,8.049,0.561,2.73,0.093,3.32,0.731,10.57,5.16
AMPH-0840,white,Rhodes,Eugenia,-246,7.292,0.312,4.89,0.041,3.15,0.295,10.93,8.03
AMPH-0841,red,Thasos,Argitis,-247,8.892,0.501,4.31,0.072,3.39,0.886,14.13,6.43
AMPH-0842,white,Rhodes,Duracina,-246,6.753,0.264,5.56,0.052,3.16,0.578,9.77,4.49
AMPH-0843,white,Chios,Eugenia,-247,6.632,0.306,7.7,0.06,3.14,0.473,10.68,7.44
AMPH-0844,red,Kos,Eugenia,-247,8.796,0.574,3.66,0.079,3.25,0.696,10.03,8.08
AMPH-0845,white,Kos,Duracina,-246,7.67,0.284,6.5,0.026,3.22,0.55,9.59,6.49
AMPH-0846,red,Thasos,Duracina,-246,7.145,0.559,4.66,0.082,3.28,0.536,9.91,6.22
AMPH-0847,white,Thasos,Apian,-247,7.702,0.256,7.5,0.036,3.23,0.648,11.33,9.1
AMPH-0848,white,Rhodes,Duracina,-247,6.384,0.227,5.79,0.047,3.12,0.574,9.19,4.94
AMPH-0849,white,Thasos,Argitis,-245,7.201,0.259,6.37,0.042,3.23,0.641,13.32,6.27
AMPH-0850,red,Thasos,Helvola,-247,8.428,0.448,1.97,0.089,3.2,0.669,11.03,6.17
AMPH-0851,white,Thasos,Argitis,-247,7.474,0.279,5.12,0.036,3.24,0.55,13.04,5.55
AMPH-0852,white,Thasos,Helvola,-246,6.636,0.215,4.99,0.055,3.1,0.651,11.49,6.22
AMPH-0853,red,Thasos,Argitis,-245,8.578,0.548,1.47,0.092,3.46,0.802,13.13,5.92
AMPH-0854,white,Thasos,Aminean,-246,6.218,0.37,5.28,0.058,3.04,0.2,12.51,8.2
AMPH-0855,red,Chios,Helvola,-245,9.066,0.491,3.04,0.098,3.38,0.801,11.2,4.56
AMPH-0856,white,Chios,Eugenia,-247,6.412,0.226,4.26,0.033,3.2,0.371,10.13,7.04
AMPH-0857,red,Thasos,Helvola,-247,7.734,0.522,3.62,0.089,3.24,0.636,10.85,6.3
AMPH-0858,white,Chios,Apian,-245,6.224,0.26,5.79,0.031,3.19,0.496,11.82,7.03
AMPH-0859,red,Kos,Argitis,-246,8.684,0.585,4.13,0.094,3.3,0.751,13.53,5.47
AMPH-0860,white,Thasos,Argitis,-247,7.367,0.286,5.72,0.034,3.26,0.234,13.98,5.71
AMPH-0861,white,Rhodes,Argitis,-246,6.777,0.355,6.77,0.054,3.34,0.215,13.57,5.53
AMPH-0862,white,Rhodes,Argitis,-245,6.995,0.199,7.96,0.045,3.26,0.389,13.38,5.66
AMPH-0863,white,Thasos,Helvola,-247,7.179,0.366,6.06,0.054,3.11,0.257,11.26,6.55
AMPH-0864,red,Chios,Eugenia,-246,7.928,0.512,2.67,0.088,3.34,0.547,10.79,7.21
AMPH-0865,white,Rhodes,Argitis,-245,7.722,0.252,4.47,0.044,3.2,0.418,13.45,4.56
AMPH-0866,red,Chios,Aminean,-247,8.706,0.526,3.4,0.091,3.36,0.693,12.59,8.33
AMPH-0867,red,Thasos,Helvola,-247,7.518,0.515,2.74,0.087,3.3,0.616,10.46,6.14
AMPH-0868,white,Kos,Argitis,-245,6.327,0.228,6.07,0.033,3.04,0.34,13.2,5.74
AMPH-0869,red,Chios,Apian,-247,8.659,0.521,0.6,0.119,3.37,0.623,10.38,8.17
AMPH-0870,white,Kos,Helvola,-246,7.892,0.277,6.0,0.03,3.31,0.361,10.83,5.42
AMPH-0871,white,Thasos,Duracina,-245,7.11,0.285,7.59,0.048,3.14,0.359,10.02,6.58
AMPH-0872,white,Thasos,Argitis,-247,6.733,0.215,5.5,0.051,3.25,0.503,14.17,6.78
AMPH-0873,red,Rhodes,Duracina,-245,9.156,0.61,2.18,0.065,3.37,0.711,9.83,4.76
AMPH-0874,white,Chios,Apian,-246,6.594,0.288,8.85,0.041,3.24,0.359,11.21,8.22
AMPH-0875,white,Thasos,Helvola,-246,6.342,0.226,6.66,0.032,3.15,0.2,10.87,7.04
AMPH-0876,white,Thasos,Argitis,-245,6.757,0.343,6.16,0.047,3.15,0.214,13.44,5.96
AMPH-0877,red,Rhodes,Eugenia,-245,7.991,0.594,2.15,0.087,3.27,0.64,10.12,7.58
AMPH-0878,white,Kos,Aminean,-247,6.829,0.294,5.62,0.046,3.11,0.367,11.68,8.28
AMPH-0879,white,Rhodes,Aminean,-247,7.113,0.357,4.88,0.032,3.11,0.556,12.65,8.02
AMPH-0880,red,Thasos,Helvola,-246,8.697,0.45,3.38,0.087,3.24,0.673,11.25,6.12
AMPH-0881,red,Thasos,Duracina,-247,8.285,0.51,3.36,0.073,3.28,0.55,9.85,6.07
AMPH-0882,red,Kos,Apian,-245,7.769,0.472,3.75,0.095,3.27,0.675,11.23,8.25
AMPH-0883,white,Chios,Apian,-245,6.394,0.24,5.15,0.031,3.19,0.72,12.38,7.01
AMPH-0884,white,Chios,Apian,-246,5.947,0.274,8.06,0.027,3.1,0.503,11.58,8.05
AMPH-0885,white,Rhodes,Duracina,-245,8.044,0.306,5.92,0.043,3.14,0.204,9.78,5.15
AMPH-0886,white,Chios,Aminean,-246,6.706,0.274,6.73,0.034,3.23,0.846,11.96,7.43
AMPH-0887,red,Rhodes,Aminean,-245,9.248,0.583,3.79,0.11,3.24,0.665,11.97,7.3
AMPH-0888,red,Rhodes,Argitis,-246,9.19,0.521,3.8,0.093,3.2,0.717,14.48,5.34
AMPH-0889,red,Rhodes,Eugenia,-246,7.968,0.488,4.99,0.074,3.31,0.605,10.59,7.16
AMPH-0890,red,Rhodes,Aminean,-245,8.814,0.603,2.63,0.085,3.37,0.75,11.55,7.9
AMPH-0891,white,Chios,Apian,-245,6.669,0.221,5.58,0.039,3.18,0.397,11.05,7.07
AMPH-0892,red,Rhodes,Aminean,-245,8.457,0.579,2.09,0.089,3.41,0.738,12.05,7.64
AMPH-0893,red,Kos,Argitis,-245,8.736,0.479,2.18,0.087,3.41,0.475,14.19,6.18
AMPH-0894,white,Kos,Eugenia,-245,6.728,0.238,7.02,0.043,3.27,0.823,10.41,7.65
AMPH-0895,white,Kos,Eugenia,-246,7.603,0.264,7.0,0.047,3.19,0.415,10.59,8.3
AMPH-0896,red,Chios,Eugenia,-245,8.853,0.514,2.14,0.099,3.22,0.663,10.54,7.19
AMPH-0897,white,Kos,Apian,-246,6.836,0.396,5.71,0.063,3.21,0.251,11.59,8.22
AMPH-0898,white,Kos,Duracina,-247,7.148,0.301,7.1,0.039,3.3,0.355,9.6,5.97
AMPH-0899,red,Thasos,Argitis,-245,8.956,0.519,2.55,0.086,3.27,0.74,14.2,5.98
AMPH-0900,white,Thasos,Apian,-246,7.445,0.419,5.12,0.047,3.17,0.473,12.05,9.71
AMPH-0901,red,Chios,Apian,-246,8.099,0.522,1.48,0.083,3.27,0.628,10.77,8.39
AMPH-0902,red,Thasos,Helvola,-247,8.48,0.574,3.86,0.086,3.27,0.593,10.87,6.67
AMPH-0903,white,Chios,Aminean,-247,8.541,0.284,5.7,0.05,3.17,0.3,12.88,7.25
AMPH-0904,red,Rhodes,Duracina,-246,7.367,0.435,2.15,0.093,3.35,0.731,9.36,4.22
AMPH-0905,white,Kos,Apian,-246,7.539,0.245,5.1,0.046,3.08,0.586,11.02,8.5
AMPH-0906,white,Kos,Duracina,-247,6.668,0.337,6.52,0.049,3.16,0.378,9.52,5.91
AMPH-0907,white,Thasos,Helvola,-246,6.354,0.275,5.57,0.051,3.09,0.2,11.3,5.25
AMPH-0908,red,Chios,Apian,-247,8.355,0.574,1.84,0.064,3.42,0.595,11.51,7.67
AMPH-0909,red,Chios,Apian,-246,7.498,0.552,1.28,0.079,3.31,0.393,11.07,7.47
AMPH-0910,white,Kos,Apian,-246,5.9,0.395,4.6,0.037,3.16,0.6,10.65,7.59
AMPH-0911,white,Thasos,Argitis,-246,6.251,0.249,5.59,0.042,3.23,0.503,13.6,5.97
AMPH-0912,red,Chios,Apian,-245,8.914,0.569,1.21,0.079,3.43,0.869,10.9,7.52
AMPH-0913,red,Kos,Helvola,-246,9.263,0.569,4.38,0.094,3.28,0.741,11.6,4.82
AMPH-0914,red,Kos,Eugenia,-246,9.009,0.448,1.1,0.072,3.37,0.784,10.28,7.8
AMPH-0915,white,Thasos,Argitis,-247,6.32,0.342,7.29,0.067,3.11,0.474,14.1,6.66
AMPH-0916,red,Rhodes,Aminean,-247,8.77,0.565,0.6,0.077,3.33,0.645,12.41,8.6
AMPH-0917,white,Rhodes,Helvola,-245,7.269,0.306,6.85,0.051,3.06,0.626,10.9,4.61
AMPH-0918,white,Chios,Aminean,-245,6.68,0.301,4.84,0.033,3.22,0.742,12.12,7.57
AMPH-0919,red,Rhodes,Apian,-245,8.849,0.434,3.24,0.094,3.13,0.329,11.73,6.73
AMPH-0920,white,Kos,Apian,-246,6.847,0.292,6.97,0.042,3.32,0.629,11.77,8.05
AMPH-0921,white,Kos,Eugenia,-247,8.032,0.278,6.48,0.045,3.12,0.549,9.91,7.65
AMPH-0922,red,Chios,Eugenia,-246,8.689,0.581,2.09,0.084,3.22,0.845,9.24,6.82
AMPH-0923,white,Thasos,Argitis,-246,6.81,0.193,6.92,0.052,3.25,0.645,14.43,6.45
AMPH-0924,red,Kos,Duracina,-245,9.084,0.624,1.48,0.099,3.37,0.368,9.86,6.19
AMPH-0925,white,Chios,Apian,-246,8.073,0.174,6.45,0.031,3.24,0.402,11.33,8.06
AMPH-0926,red,Chios,Eugenia,-245,8.624,0.511,2.81,0.081,3.28,0.722,9.77,7.93
AMPH-0927,red,Chios,Apian,-247,9.121,0.467,1.91,0.089,3.29,0.695,10.98,7.48
AMPH-0928,red,Thasos,Apian,-246,8.175,0.455,2.36,0.103,3.37,0.711,10.69,8.74
AMPH-0929,white,Kos,Argitis,-246,6.87,0.235,5.69,0.069,3.1,0.572,13.57,5.01
AMPH-0930,white,Thasos,Duracina,-247,6.034,0.334,6.91,0.071,3.07,0.839,10.24,6.36
AMPH-0931,white,Rhodes,Helvola,-246,7.695,0.39,7.09,0.054,3.23,0.379,11.16,4.94
AMPH-0932,white,Thasos,Argitis,-245,6.974,0.262,6.01,0.05,3.09,0.422,14.3,5.92
AMPH-0933,white,Rhodes,Helvola,-245,6.952,0.198,6.28,0.03,3.24,0.532,11.24,5.31
AMPH-0934,white,Chios,Aminean,-245,7.201,0.272,7.15,0.057,3.14,0.426,12.7,8.03
AMPH-0935,red,Kos,Apian,-245,9.358,0.403,0.88,0.086,3.19,0.579,10.91,8.86
AMPH-0936,red,Chios,Apian,-247,8.525,0.532,2.24,0.092,3.38,0.503,10.67,7.45
AMPH-0937,red,Chios,Duracina,-246,7.754,0.544,2.52,0.1,3.22,0.684,9.55,5.11
AMPH-0938,white,Chios,Apian,-247,6.88,0.244,7.33,0.039,3.24,0.364,11.52,7.65
AMPH-0939,red,Kos,Aminean,-245,8.285,0.503,2.06,0.098,3.48,0.429,12.39,8.64
AMPH-0940,white,Thasos,Duracina,-247,7.652,0.283,6.42,0.046,3.24,0.65,9.49,5.96
AMPH-0941,red,Chios,Aminean,-245,8.397,0.547,1.1,0.073,3.31,0.563,11.95,7.6
AMPH-0942,white,Rhodes,Apian,-245,5.947,0.221,6.34,0.039,3.14,0.418,11.42,7.65
AMPH-0943,white,Thasos,Argitis,-246,6.964,0.304,7.88,0.054,3.14,0.413,13.79,6.24
AMPH-0944,red,Kos,Argitis,-246,9.242,0.517,1.7,0.084,3.33,0.73,14.4,5.19
AMPH-0945,white,Rhodes,Helvola,-246,7.176,0.256,6.56,0.05,3.1,0.423,10.55,5.77
AMPH-0946,white,Rhodes,Argitis,-245,6.95,0.304,7.88,0.039,3.24,0.489,13.03,4.83
AMPH-0947,red,Thasos,Argitis,-246,7.749,0.583,2.81,0.096,3.33,0.751,12.8,5.95
AMPH-0948,white,Chios,Aminean,-246,6.851,0.264,4.83,0.059,3.17,0.351,12.19,7.31
AMPH-0949,white,Thasos,Duracina,-246,5.709,0.337,5.45,0.048,3.3,0.522,9.99,5.7
AMPH-0950,white,Kos,Apian,-245,7.36,0.314,6.38,0.036,3.27,0.7,11.48,8.4
AMPH-0951,white,Thasos,Helvola,-246,6.85,0.351,7.16,0.041,3.02,0.386,10.51,6.24
AMPH-0952,red,Chios,Apian,-245,7.726,0.494,3.34,0.085,3.33,0.85,11.75,6.85
AMPH-0953,white,Thasos,Helvola,-245,6.567,0.22,6.44,0.058,3.1,0.33,10.65,6.19
AMPH-0954,white,Rhodes,Helvola,-245,6.788,0.285,6.54,0.05,3.18,0.516,10.41,5.37
AMPH-0955,red,Thasos,Helvola,-246,8.358,0.613,1.57,0.097,3.35,0.784,10.52,5.64
AMPH-0956,red,Kos,Aminean,-246,8.483,0.611,1.22,0.093,3.15,0.63,12.82,7.94
AMPH-0957,white,Rhodes,Duracina,-246,6.827,0.282,7.81,0.048,3.35,0.492,9.45,5.62
AMPH-0958,white,Thasos,Duracina,-245,6.759,0.272,7.95,0.052,3.28,0.474,10.26,6.75
AMPH-0959,white,Kos,Eugenia,-245,6.465,0.282,9.03,0.04,3.19,0.462,10.76,8.29
AMPH-0960,white,Thasos,Helvola,-247,6.609,0.342,8.31,0.036,3.29,0.2,11.87,5.78
AMPH-0961,white,Chios,Eugenia,-246,7.766,0.29,8.05,0.038,3.08,0.51,10.63,8.05
AMPH-0962,red,Kos,Argitis,-246,8.392,0.525,1.18,0.093,3.24,0.67,13.98,5.65
AMPH-0963,red,Thasos,Duracina,-247,7.664,0.504,1.53,0.082,3.32,0.783,9.62,6.47
AMPH-0964,white,Chios,Aminean,-247,7.88,0.29,6.44,0.041,3.31,0.522,12.37,6.84
AMPH-0965,white,Chios,Helvola,-245,6.777,0.22,7.59,0.03,3.18,0.609,10.97,5.77
AMPH-0966,white,Rhodes,Apian,-246,7.306,0.311,5.91,0.032,3.23,0.311,10.82,8.14
AMPH-0967,white,Chios,Eugenia,-246,6.789,0.23,7.92,0.044,3.13,0.554,10.52,8.37
AMPH-0968,red,Chios,Apian,-246,9.024,0.507,1.47,0.082,3.31,0.974,10.79,7.87
AMPH-0969,red,Chios,Aminean,-246,8.321,0.576,1.6,0.089,3.2,0.596,12.55,7.47
AMPH-0970,white,Kos,Eugenia,-245,7.512,0.218,5.95,0.043,3.06,0.581,10.16,7.93
AMPH-0971,red,Thasos,Duracina,-247,9.289,0.492,2.74,0.099,3.28,0.705,10.43,6.0
AMPH-0972,white,Chios,Helvola,-245,6.83,0.233,5.58,0.068,3.29,0.317,12.03,5.44
AMPH-0973,white,Thasos,Helvola,-246,7.295,0.251,6.48,0.044,3.17,0.442,11.36,6.3
AMPH-0974,white,Thasos,Argitis,-246,6.065,0.353,6.63,0.048,3.11,0.482,13.99,7.0
AMPH-0975,white,Thasos,Aminean,-246,7.22,0.278,6.74,0.057,3.22,0.359,12.84,8.83
AMPH-0976,white,Kos,Helvola,-246,7.743,0.283,3.84,0.053,3.27,0.5,11.18,5.48
AMPH-0977,white,Thasos,Argitis,-247,6.876,0.24,5.98,0.035,3.22,0.925,13.5,5.8
AMPH-0978,red,Thasos,Argitis,-246,8.109,0.535,3.33,0.093,3.26,0.74,13.93,6.71
AMPH-0979,white,Chios,Helvola,-247,7.219,0.263,8.03,0.05,3.18,0.362,11.23,5.65
AMPH-0980,white,Rhodes,Helvola,-247,7.036,0.199,5.87,0.076,3.23,0.419,11.46,5.52
AMPH-0981,white,Chios,Duracina,-246,6.552,0.233,6.58,0.047,3.28,0.425,9.27,4.98
AMPH-0982,red,Rhodes,Duracina,-246,8.393,0.628,1.31,0.08,3.21,0.781,10.3,5.54
AMPH-0983,white,Rhodes,Eugenia,-247,7.063,0.301,6.46,0.044,3.13,0.486,10.4,8.03
AMPH-0984,white,Chios,Aminean,-245,5.94,0.278,5.21,0.059,3.29,0.413,12.46,7.73
AMPH-0985,white,Chios,Eugenia,-246,8.187,0.205,7.34,0.032,3.0,0.689,10.17,7.34
AMPH-0986,red,Kos,Helvola,-246,8.894,0.597,2.7,0.089,3.36,0.582,10.97,5.11
AMPH-0987,white,Rhodes,Apian,-245,7.071,0.291,5.74,0.049,3.27,0.215,12.61,7.26
AMPH-0988,red,Chios,Aminean,-245,7.382,0.521,0.6,0.102,3.32,0.847,12.47,7.5
AMPH-0989,red,Thasos,Duracina,-245,8.357,0.514,3.74,0.079,3.31,0.616,9.82,6.14
AMPH-0990,red,Thasos,Duracina,-247,6.586,0.413,2.17,0.093,3.21,0.703,10.0,5.97
AMPH-0991,white,Chios,Aminean,-247,6.461,0.205,5.36,0.047,3.27,0.2,12.23,7.46
AMPH-0992,white,Chios,Apian,-246,6.554,0.273,6.91,0.045,3.24,0.502,11.36,6.51
AMPH-0993,red,Chios,Apian,-245,8.02,0.542,1.39,0.083,3.35,0.673,11.73,7.27
AMPH-0994,red,Chios,Aminean,-246,8.334,0.476,4.21,0.084,3.28,0.469,12.03,7.29
AMPH-0995,red,Chios,Eugenia,-246,9.415,0.607,6.03,0.095,3.28,0.723,10.04,7.7
AMPH-0996,white,Kos,Apian,-245,5.588,0.191,8.4,0.043,3.27,0.4,11.72,7.52
AMPH-0997,red,Rhodes,Duracina,-246,8.849,0.597,2.77,0.076,3.22,0.718,10.22,5.27
AMPH-0998,red,Rhodes,Aminean,-247,8.489,0.489,3.4,0.09,3.3,0.888,11.73,8.1
AMPH-0999,red,Kos,Duracina,-247,9.085,0.569,1.14,0.088,3.33,0.476,9.38,5.56
AMPH-1000,white,Kos,Apian,-246,7.998,0.339,4.61,0.03,3.19,0.4,11.37,8.2
AMPH-1001,red,Kos,Duracina,-245,8.321,0.532,3.85,0.084,3.27,0.768,9.5,5.63
AMPH-1002,red,Thasos,Helvola,-245,8.654,0.485,1.76,0.08,3.44,0.694,10.36,6.23
AMPH-1003,red,Kos,Eugenia,-245,8.476,0.503,4.49,0.077,3.47,0.692,10.93,8.28
AMPH-1004,white,Thasos,Duracina,-247,6.256,0.311,7.18,0.032,3.33,0.446,10.58,6.82
AMPH-1005,white,Kos,Helvola,-247,5.375,0.184,4.65,0.049,3.22,0.441,10.19,5.94
AMPH-1006,red,Thasos,Helvola,-246,7.988,0.524,2.21,0.102,3.2,0.577,10.46,6.15
AMPH-1007,white,Chios,Eugenia,-245,7.393,0.328,6.45,0.046,3.23,0.535,10.3,8.04
AMPH-1008,white,Thasos,Duracina,-245,8.238,0.294,8.13,0.041,3.27,0.436,9.2,6.07
AMPH-1009,red,Kos,Argitis,-246,8.29,0.458,2.15,0.111,3.27,0.941,13.56,5.34
AMPH-1010,red,Kos,Helvola,-245,8.247,0.516,1.49,0.081,3.35,0.701,11.19,5.6
AMPH-1011,red,Chios,Apian,-245,8.699,0.641,1.88,0.075,3.36,0.882,11.76,6.88
AMPH-1012,red,Thasos,Duracina,-245,8.274,0.525,2.46,0.074,3.29,0.593,10.38,5.68
AMPH-1013,white,Chios,Duracina,-246,7.423,0.371,6.28,0.047,3.17,0.628,9.52,5.07
AMPH-1014,white,Thasos,Helvola,-247,6.716,0.248,5.15,0.034,3.25,0.436,9.97,6.09
AMPH-1015,red,Chios,Apian,-245,8.89,0.528,0.9,0.09,3.33,0.73,11.77,7.67
AMPH-1016,white,Rhodes,Helvola,-247,6.52,0.25,7.41,0.048,3.22,0.64,10.85,4.71
AMPH-1017,white,Rhodes,Argitis,-246,6.539,0.269,2.9,0.051,3.31,0.497,13.8,5.28
AMPH-1018,red,Rhodes,Argitis,-245,8.471,0.584,3.19,0.094,3.22,0.562,14.08,5.71
AMPH-1019,white,Kos,Aminean,-246,6.546,0.226,4.15,0.044,3.07,0.365,12.42,7.9
AMPH-1020,red,Thasos,Duracina,-245,8.108,0.516,0.8,0.077,3.25,0.733,9.8,5.63
AMPH-1021,red,Thasos,Helvola,-245,8.288,0.518,1.49,0.079,3.21,0.589,11.31,6.59
AMPH-1022,white,Rhodes,Apian,-247,6.335,0.237,7.89,0.05,3.18,0.613,11.4,8.08
AMPH-1023,red,Kos,Apian,-247,7.949,0.54,1.18,0.092,3.34,0.586,11.42,8.08
AMPH-1024,white,Thasos,Helvola,-245,8.19,0.352,7.0,0.042,3.11,0.613,11.2,6.59
AMPH-1025,red,Thasos,Duracina,-245,8.442,0.562,2.52,0.077,3.37,0.612,9.78,6.18
AMPH-1026,white,Rhodes,Aminean,-245,6.901,0.321,7.05,0.074,3.16,0.401,12.69,8.25
AMPH-1027,white,Chios,Eugenia,-245,6.006,0.285,6.95,0.055,3.3,0.576,10.63,7.2
AMPH-1028,white,Chios,Aminean,-245,7.273,0.234,7.13,0.039,3.16,0.484,11.85,8.01
AMPH-1029,red,Thasos,Helvola,-245,8.757,0.542,2.71,0.089,3.24,0.466,10.74,6.81
AMPH-1030,white,Rhodes,Eugenia,-245,6.649,0.205,6.47,0.033,3.16,0.694,10.04,7.8
AMPH-1031,white,Chios,Apian,-247,5.536,0.28,7.06,0.036,3.26,0.393,11.97,7.26
AMPH-1032,white,Kos,Argitis,-245,6.77,0.219,6.16,0.044,3.27,0.218,13.93,5.75
AMPH-1033,white,Kos,Eugenia,-246,8.012,0.335,7.55,0.042,3.18,0.379,10.41,7.75
AMPH-1034,white,Kos,Eugenia,-247,7.225,0.278,8.44,0.043,3.18,0.52,9.36,8.51
AMPH-1035,white,Rhodes,Argitis,-247,7.074,0.222,4.54,0.045,3.22,0.525,14.35,5.43
AMPH-1036,white,Kos,Apian,-245,6.612,0.247,8.06,0.053,3.2,0.593,10.09,7.97
AMPH-1037,red,Chios,Eugenia,-247,8.516,0.594,3.6,0.084,3.39,0.445,10.02,7.84
AMPH-1038,white,Kos,Apian,-245,6.12,0.357,6.49,0.051,3.21,0.2,11.67,7.96
AMPH-1039,white,Rhodes,Helvola,-246,7.235,0.308,5.95,0.041,3.11,0.574,11.54,5.18
AMPH-1040,red,Rhodes,Eugenia,-247,8.596,0.433,2.57,0.082,3.22,0.637,10.57,7.15
AMPH-1041,white,Chios,Eugenia,-246,6.0,0.332,7.3,0.046,3.34,0.356,9.67,7.44
AMPH-1042,red,Rhodes,Apian,-245,8.776,0.517,4.37,0.086,3.18,0.515,11.31,8.03
AMPH-1043,white,Chios,Apian,-245,7.598,0.238,4.96,0.046,3.21,0.233,12.04,7.95
AMPH-1044,white,Chios,Eugenia,-245,5.112,0.395,4.26,0.057,3.15,0.532,10.2,7.95
AMPH-1045,red,Thasos,Helvola,-246,8.734,0.568,1.93,0.096,3.28,0.641,10.92,6.17
AMPH-1046,white,Thasos,Duracina,-245,7.448,0.294,8.43,0.044,3.16,0.793,10.26,6.4
AMPH-1047,white,Rhodes,Argitis,-247,6.523,0.261,8.5,0.052,3.21,0.36,13.77,4.74
AMPH-1048,red,Kos,Eugenia,-245,7.985,0.627,4.5,0.074,3.23,0.813,10.21,8.05
AMPH-1049,red,Thasos,Helvola,-246,7.867,0.498,0.6,0.116,3.21,0.859,10.48,6.9
AMPH-1050,red,Thasos,Argitis,-246,7.632,0.607,2.5,0.088,3.26,0.704,13.66,5.78
AMPH-1051,red,Kos,Helvola,-245,8.084,0.522,1.93,0.091,3.41,0.531,10.26,5.92
AMPH-1052,red,Thasos,Helvola,-247,8.604,0.611,2.78,0.079,3.27,0.461,11.54,5.63
AMPH-1053,red,Rhodes,Duracina,-247,7.988,0.542,3.41,0.098,3.22,0.475,9.67,5.92
AMPH-1054,white,Rhodes,Argitis,-246,7.022,0.289,5.81,0.052,3.21,0.508,13.97,5.81
AMPH-1055,white,Kos,Apian,-247,6.651,0.3,4.45,0.051,3.15,0.923,12.11,7.72
AMPH-1056,white,Rhodes,Eugenia,-245,6.528,0.23,7.73,0.027,3.14,0.456,10.96,7.47
AMPH-1057,white,Kos,Aminean,-247,6.383,0.345,5.02,0.05,3.14,0.316,12.1,9.38
AMPH-1058,white,Kos,Duracina,-245,7.038,0.277,8.49,0.041,3.14,0.463,9.67,5.86
AMPH-1059,white,Thasos,Helvola,-246,7.674,0.2,6.16,0.06,3.3,0.231,11.53,6.15
AMPH-1060,red,Thasos,Duracina,-247,8.531,0.546,2.34,0.078,3.45,0.719,9.33,6.68
AMPH-1061,white,Chios,Apian,-246,7.062,0.361,6.9,0.031,3.14,0.214,10.99,8.35
AMPH-1062,white,Kos,Duracina,-245,6.88,0.394,8.91,0.057,3.16,0.555,10.04,5.71
AMPH-1063,white,Kos,Aminean,-246,7.544,0.263,6.32,0.046,3.03,0.524,12.57,7.3
AMPH-1064,red,Chios,Aminean,-246,7.365,0.407,3.41,0.087,3.39,0.792,11.75,7.44
AMPH-1065,red,Kos,Eugenia,-245,8.503,0.546,2.15,0.108,3.42,0.793,10.25,7.69
AMPH-1066,white,Thasos,Eugenia,-247,7.402,0.252,7.24,0.053,3.29,0.57,9.94,9.27
AMPH-1067,white,Kos,Argitis,-246,6.336,0.286,6.85,0.041,3.14,0.7,13.6,5.61
AMPH-1068,red,Kos,Aminean,-247,7.695,0.618,1.06,0.083,3.27,0.538,12.27,8.28
AMPH-1069,white,Thasos,Argitis,-246,7.623,0.326,5.22,0.041,3.19,0.698,13.75,5.79
AMPH-1070,red,Chios,Argitis,-246,7.779,0.602,2.63,0.09,3.28,0.518,13.52,5.24
AMPH-1071,white,Rhodes,Argitis,-246,6.496,0.285,5.14,0.048,3.22,0.49,14.33,4.73
AMPH-1072,white,Chios,Aminean,-246,6.864,0.257,6.84,0.058,3.16,0.413,12.76,7.83
AMPH-1073,white,Thasos,Argitis,-246,6.774,0.263,5.75,0.043,3.26,0.415,13.31,5.81
AMPH-1074,white,Rhodes,Apian,-246,7.275,0.266,6.22,0.035,3.18,0.533,10.99,8.09
AMPH-1075,red,Chios,Aminean,-246,8.798,0.535,2.86,0.096,3.34,0.542,12.68,7.68
AMPH-1076,red,Chios,Aminean,-246,9.268,0.488,4.46,0.094,3.33,0.655,12.92,7.33
AMPH-1077,white,Chios,Eugenia,-246,6.61,0.306,6.14,0.057,3.19,0.289,9.05,7.55
AMPH-1078,white,Rhodes,Eugenia,-245,6.508,0.35,5.4,0.048,3.02,0.501,10.41,8.08
AMPH-1079,white,Rhodes,Helvola,-247,6.36,0.296,6.64,0.037,3.16,0.558,11.53,5.62
AMPH-1080,white,Chios,Aminean,-245,7.145,0.318,6.63,0.051,3.1,0.539,11.88,7.65
AMPH-1081,white,Thasos,Duracina,-247,6.728,0.299,6.32,0.043,3.09,0.415,9.79,6.26
AMPH-1082,white,Thasos,Helvola,-246,6.707,0.277,6.85,0.052,3.19,0.635,10.16,6.14
AMPH-1083,white,Rhodes,Eugenia,-245,8.107,0.373,4.37,0.049,3.14,0.457,10.14,8.06
AMPH-1084,red,Thasos,Aminean,-247,8.637,0.597,3.2,0.094,3.26,0.52,12.74,9.44
AMPH-1085,red,Chios,Eugenia,-246,8.982,0.601,4.15,0.087,3.31,0.63,10.48,8.28
AMPH-1086,red,Rhodes,Aminean,-247,8.334,0.552,2.55,0.079,3.2,0.705,12.14,7.65
AMPH-1087,white,Kos,Eugenia,-246,7.188,0.199,5.01,0.043,3.22,0.2,9.79,8.15
AMPH-1088,red,Chios,Aminean,-246,7.656,0.511,1.82,0.102,3.34,0.61,12.04,7.85
AMPH-1089,white,Chios,Aminean,-245,6.147,0.32,7.01,0.037,3.16,0.546,11.29,6.56
AMPH-1090,white,Kos,Helvola,-245,8.005,0.253,4.74,0.085,3.23,0.406,12.0,5.47
AMPH-1091,white,Kos,Apian,-245,6.083,0.277,7.87,0.059,3.02,0.376,11.7,8.43
AMPH-1092,red,Rhodes,Apian,-246,9.099,0.497,0.71,0.086,3.13,0.65,11.15,7.59
AMPH-1093,white,Thasos,Argitis,-246,6.133,0.282,7.46,0.031,3.19,0.557,13.04,6.3
AMPH-1094,red,Chios,Eugenia,-246,8.367,0.543,1.28,0.085,3.18,0.824,10.69,7.77
AMPH-1095,white,Kos,Aminean,-245,6.572,0.272,8.72,0.051,3.05,0.444,12.86,8.24
AMPH-1096,red,Chios,Apian,-245,8.843,0.536,2.88,0.085,3.29,0.24,11.51,8.05
AMPH-1097,red,Kos,Aminean,-247,9.03,0.525,1.06,0.085,3.32,0.49,12.4,7.56
AMPH-1098,red,Chios,Eugenia,-247,7.991,0.505,0.6,0.084,3.13,0.808,10.39,7.69
AMPH-1099,white,Rhodes,Helvola,-246,8.077,0.317,6.33,0.043,3.2,0.547,10.83,4.99
AMPH-1100,white,Chios,Apian,-247,6.872,0.301,7.88,0.059,3.13,0.302,11.65,7.93
AMPH-1101,red,Chios,Aminean,-246,9.316,0.567,2.91,0.074,3.38,0.76,11.97,7.19
AMPH-1102,white,Rhodes,Aminean,-246,7.117,0.206,7.01,0.044,3.16,0.564,12.24,8.04
AMPH-1103,white,Thasos,Duracina,-245,6.835,0.256,8.06,0.046,3.25,0.458,9.23,5.73
AMPH-1104,white,Thasos,Argitis,-247,6.824,0.348,6.35,0.062,3.17,0.674,13.73,6.02
AMPH-1105,white,Chios,Eugenia,-245,6.232,0.335,5.51,0.038,3.14,0.616,10.37,7.37
AMPH-1106,red,Thasos,Helvola,-246,7.132,0.483,4.48,0.084,3.23,0.577,10.9,6.19
AMPH-1107,red,Rhodes,Apian,-246,8.772,0.564,1.46,0.11,3.36,0.95,10.92,8.08
AMPH-1108,red,Kos,Apian,-246,7.783,0.509,0.69,0.074,3.17,0.585,12.16,8.03
AMPH-1109,red,Rhodes,Duracina,-247,8.755,0.519,0.6,0.101,3.28,0.75,9.75,5.24
AMPH-1110,white,Chios,Aminean,-245,6.832,0.254,6.9,0.042,3.16,0.517,12.33,7.49
AMPH-1111,white,Kos,Helvola,-247,7.18,0.326,7.61,0.051,3.19,0.406,11.12,5.3
AMPH-1112,red,Chios,Aminean,-245,8.281,0.534,2.36,0.082,3.4,0.715,12.14,6.84
AMPH-1113,white,Chios,Apian,-246,6.974,0.305,4.64,0.027,3.17,0.661,11.17,7.56
AMPH-1114,white,Kos,Eugenia,-247,7.982,0.271,7.07,0.046,3.29,0.39,9.42,7.99
AMPH-1115,white,Chios,Aminean,-246,6.208,0.365,3.94,0.044,3.09,0.369,12.28,8.38
AMPH-1116,white,Chios,Eugenia,-247,7.129,0.286,7.96,0.059,3.16,0.636,10.62,7.52
AMPH-1117,white,Rhodes,Argitis,-247,7.177,0.229,6.84,0.036,3.1,0.427,14.28,5.3
AMPH-1118,white,Chios,Eugenia,-247,7.523,0.213,5.6,0.044,3.3,0.635,10.51,7.74
AMPH-1119,red,Rhodes,Aminean,-246,7.952,0.61,3.03,0.081,3.31,0.624,12.03,7.91
AMPH-1120,red,Chios,Aminean,-246,8.83,0.528,2.43,0.084,3.25,0.702,11.92,7.43
AMPH-1121,red,Rhodes,Duracina,-246,8.364,0.496,2.61,0.086,3.27,0.462,10.22,6.07
AMPH-1122,red,Thasos,Helvola,-247,7.53,0.522,1.95,0.088,3.23,0.89,10.84,6.79
AMPH-1123,red,Kos,Duracina,-246,8.223,0.691,2.64,0.099,3.27,0.587,10.32,6.03
AMPH-1124,red,Thasos,Helvola,-247,8.875,0.498,0.6,0.092,3.38,0.572,11.67,5.78
AMPH-1125,white,Thasos,Duracina,-247,7.065,0.26,5.88,0.055,3.28,0.551,10.34,6.41
AMPH-1126,red,Chios,Aminean,-246,7.902,0.452,1.88,0.095,3.38,0.957,11.95,7.08
AMPH-1127,white,Kos,Apian,-247,6.524,0.219,5.31,0.058,3.14,0.313,10.68,8.12
AMPH-1128,white,Kos,Helvola,-247,7.045,0.307,4.38,0.051,3.14,0.515,11.51,5.87
AMPH-1129,white,Rhodes,Aminean,-245,6.564,0.273,10.28,0.035,3.2,0.36,12.37,8.02
AMPH-1130,white,Thasos,Duracina,-245,7.244,0.33,6.13,0.034,3.21,0.474,9.52,5.9
AMPH-1131,white,Kos,Duracina,-246,7.302,0.248,8.26,0.06,3.19,0.669,8.97,5.36
AMPH-1132,white,Thasos,Duracina,-247,7.456,0.298,5.43,0.056,3.14,0.348,9.46,5.97
AMPH-1133,white,Rhodes,Duracina,-246,7.459,0.272,6.95,0.034,3.15,0.671,9.95,5.38
AMPH-1134,white,Chios,Eugenia,-247,7.309,0.198,5.52,0.042,3.27,0.701,10.7,7.81
AMPH-1135,white,Kos,Apian,-246,6.532,0.238,7.59,0.041,3.15,0.364,10.87,7.84
AMPH-1136,white,Rhodes,Apian,-247,6.718,0.302,6.0,0.05,3.22,0.693,11.0,8.63
AMPH-1137,red,Chios,Apian,-245,7.747,0.561,3.26,0.095,3.42,0.648,11.09,7.54
AMPH-1138,red,Kos,Aminean,-245,7.701,0.525,3.98,0.088,3.22,0.611,12.48,8.68
AMPH-1139,red,Rhodes,Aminean,-245,8.927,0.505,0.6,0.102,3.19,0.602,12.01,8.03
AMPH-1140,white,Rhodes,Argitis,-247,6.885,0.248,7.96,0.052,3.26,0.341,12.96,4.14
AMPH-1141,red,Rhodes,Argitis,-246,8.728,0.471,1.8,0.095,3.27,0.588,13.92,4.57
AMPH-1142,red,Kos,Aminean,-246,7.49,0.448,3.45,0.076,3.31,0.855,12.3,8.56
AMPH-1143,white,Kos,Duracina,-246,6.847,0.297,5.69,0.025,3.18,0.21,9.66,5.78
AMPH-1144,red,Kos,Eugenia,-247,7.944,0.524,1.8,0.081,3.36,0.875,10.45,8.25
AMPH-1145,white,Chios,Apian,-247,6.646,0.283,8.17,0.059,3.35,0.453,11.7,7.32
AMPH-1146,red,Thasos,Argitis,-247,7.848,0.454,2.71,0.083,3.38,0.523,13.12,5.61
AMPH-1147,red,Chios,Apian,-247,8.426,0.594,2.59,0.081,3.33,0.585,11.99,7.49
AMPH-1148,white,Thasos,Duracina,-245,5.345,0.21,6.51,0.05,3.18,0.341,9.62,6.1
AMPH-1149,red,Kos,Duracina,-246,8.799,0.515,2.34,0.085,3.23,0.651,10.42,5.66
AMPH-1150,white,Thasos,Duracina,-246,7.078,0.264,6.14,0.062,3.1,0.713,10.02,6.13
AMPH-1151,white,Kos,Eugenia,-245,7.394,0.336,7.08,0.065,3.23,0.349,9.86,8.66
AMPH-1152,white,Kos,Argitis,-246,6.755,0.326,7.27,0.058,3.28,0.318,13.44,5.76
AMPH-1153,red,Thasos,Duracina,-246,7.316,0.533,1.71,0.081,3.3,0.559,10.3,5.99
AMPH-1154,white,Kos,Apian,-246,6.737,0.341,5.72,0.04,3.19,0.617,11.16,7.6
AMPH-1155,white,Thasos,Duracina,-246,8.431,0.265,4.5,0.053,3.25,0.379,9.16,6.56
AMPH-1156,red,Kos,Apian,-246,7.61,0.525,1.56,0.098,3.23,0.787,11.96,8.2
AMPH-1157,red,Kos,Helvola,-245,6.439,0.499,5.55,0.099,3.14,0.757,10.6,5.75
AMPH-1158,red,Chios,Eugenia,-247,8.937,0.573,2.12,0.086,3.29,0.668,9.6,7.13
AMPH-1159,red,Chios,Apian,-246,8.566,0.537,4.17,0.093,3.28,0.615,11.56,7.67
AMPH-1160,white,Rhodes,Apian,-247,7.29,0.31,6.93,0.037,3.17,0.662,11.11,8.01
AMPH-1161,red,Kos,Apian,-246,7.854,0.582,0.6,0.092,3.26,0.589,10.98,8.16
AMPH-1162,red,Thasos,Apian,-247,9.183,0.576,5.14,0.077,3.13,0.806,12.26,8.8
AMPH-1163,white,Thasos,Argitis,-247,6.832,0.201,7.05,0.03,3.22,0.592,13.65,6.51
AMPH-1164,white,Rhodes,Argitis,-245,6.31,0.257,6.5,0.025,3.22,0.555,13.24,5.52
AMPH-1165,white,Rhodes,Duracina,-245,7.83,0.187,5.72,0.049,3.26,0.308,10.51,5.34
AMPH-1166,red,Chios,Argitis,-247,7.981,0.549,4.48,0.084,3.28,0.779,13.62,4.58
AMPH-1167,red,Thasos,Duracina,-247,8.147,0.569,3.39,0.098,3.28,0.668,10.97,6.05
AMPH-1168,red,Kos,Eugenia,-246,7.403,0.477,3.37,0.092,3.27,0.702,10.49,7.46
AMPH-1169,white,Rhodes,Apian,-247,6.665,0.227,7.24,0.033,3.17,0.604,11.97,8.14
AMPH-1170,white,Rhodes,Helvola,-245,7.182,0.278,5.07,0.05,3.09,0.597,11.06,5.22
AMPH-1171,white,Rhodes,Duracina,-246,7.725,0.335,6.46,0.06,3.34,0.448,9.57,4.77
AMPH-1172,red,Thasos,Helvola,-246,8.268,0.597,0.76,0.094,3.34,0.649,11.59,6.4
AMPH-1173,white,Rhodes,Apian,-247,7.164,0.237,5.77,0.027,3.16,0.671,11.55,8.09
AMPH-1174,white,Rhodes,Eugenia,-247,6.676,0.197,6.0,0.039,3.26,0.713,10.19,7.36
AMPH-1175,red,Chios,Apian,-247,9.538,0.545,4.37,0.09,3.24,0.579,11.33,7.37
AMPH-1176,red,Thasos,Helvola,-246,9.39,0.55,2.77,0.086,3.27,0.847,9.72,5.78
AMPH-1177,white,Thasos,Argitis,-247,5.72,0.303,6.56,0.032,3.12,0.499,13.29,5.83
AMPH-1178,white,Kos,Eugenia,-246,7.417,0.29,8.81,0.045,3.17,0.591,9.67,7.92
AMPH-1179,red,Chios,Aminean,-246,9.384,0.474,5.12,0.084,3.3,0.7,12.1,7.59
AMPH-1180,white,Thasos,Argitis,-245,7.055,0.232,5.6,0.039,3.15,0.418,13.58,6.14
AMPH-1181,white,Chios,Apian,-246,6.975,0.262,6.9,0.05,3.07,0.426,11.37,7.85
AMPH-1182,red,Rhodes,Helvola,-245,9.004,0.507,2.91,0.096,3.29,0.74,11.32,4.77
AMPH-1183,red,Rhodes,Apian,-246,8.443,0.512,3.57,0.073,3.37,0.7,11.06,7.98
AMPH-1184,white,Rhodes,Eugenia,-245,7.057,0.214,5.31,0.047,3.12,0.538,10.08,7.71
AMPH-1185,red,Rhodes,Helvola,-247,8.071,0.517,1.83,0.069,3.24,0.701,10.6,5.43
AMPH-1186,red,Thasos,Helvola,-247,8.673,0.587,2.28,0.086,3.3,0.638,11.96,5.9
AMPH-1187,white,Kos,Argitis,-247,6.894,0.302,7.26,0.048,3.24,0.565,14.39,5.44
AMPH-1188,white,Kos,Duracina,-245,7.18,0.279,5.64,0.043,3.12,0.493,9.36,5.77
AMPH-1189,red,Chios,Eugenia,-245,8.703,0.423,3.38,0.102,3.27,0.682,10.14,7.47
AMPH-1190,white,Rhodes,Apian,-247,6.957,0.319,4.64,0.051,3.17,0.677,11.9,7.88
AMPH-1191,red,Kos,Aminean,-247,7.364,0.535,1.66,0.095,3.33,0.618,11.78,7.39
AMPH-1192,white,Chios,Apian,-247,7.824,0.285,6.01,0.048,3.14,0.486,11.95,7.73
AMPH-1193,white,Chios,Eugenia,-245,7.489,0.209,7.88,0.032,3.11,0.561,10.54,7.55
AMPH-1194,white,Chios,Eugenia,-247,6.468,0.35,7.38,0.06,3.12,0.355,9.88,7.85
AMPH-1195,red,Kos,Eugenia,-245,8.742,0.485,1.6,0.089,3.26,0.576,10.93,8.11
AMPH-1196,red,Kos,Duracina,-246,6.854,0.536,2.64,0.104,3.37,0.49,9.27,6.06
AMPH-1197,red,Kos,Argitis,-245,7.842,0.561,2.74,0.08,3.24,0.458,15.07,5.1
AMPH-1198,white,Kos,Apian,-245,7.374,0.251,8.69,0.028,3.21,0.379,11.87,7.74
AMPH-1199,red,Rhodes,Duracina,-247,8.698,0.589,3.71,0.095,3.38,0.621,9.05,5.14
AMPH-1200,white,Thasos,Argitis,-247,7.188,0.329,4.27,0.065,3.25,0.411,14.01,5.49
AMPH-1201,red,Chios,Argitis,-247,8.25,0.61,4.48,0.081,3.35,0.678,13.61,4.52
AMPH-1202,white,Rhodes,Duracina,-246,6.689,0.276,7.67,0.054,3.27,0.286,9.84,5.01
AMPH-1203,red,Rhodes,Helvola,-245,7.711,0.509,2.59,0.101,3.27,0.62,11.57,4.9
AMPH-1204,white,Rhodes,Helvola,-247,6.202,0.278,7.1,0.037,3.25,0.545,11.72,5.35
AMPH-1205,white,Rhodes,Aminean,-247,7.489,0.188,6.56,0.055,3.31,0.653,12.52,7.77
AMPH-1206,white,Chios,Aminean,-245,6.697,0.359,7.55,0.04,3.2,0.459,12.04,7.88
AMPH-1207,red,Rhodes,Duracina,-247,7.423,0.489,2.71,0.083,3.34,0.589,9.78,5.48
AMPH-1208,white,Chios,Aminean,-246,6.281,0.28,7.7,0.076,3.34,0.408,12.13,7.33
AMPH-1209,red,Chios,Apian,-246,9.739,0.577,3.5,0.089,3.39,0.7,11.45,7.06
AMPH-1210,red,Rhodes,Helvola,-246,7.205,0.496,5.01,0.083,3.37,0.451,11.0,4.76
AMPH-1211,red,Thasos,Duracina,-247,7.7,0.55,2.19,0.092,3.39,0.816,9.75,6.16
AMPH-1212,red,Kos,Duracina,-247,7.295,0.629,4.54,0.093,3.4,0.649,9.83,4.93
AMPH-1213,white,Kos,Duracina,-246,6.723,0.323,8.38,0.044,3.15,0.552,10.25,5.54
AMPH-1214,red,Rhodes,Eugenia,-246,8.975,0.58,3.1,0.081,3.35,0.688,9.46,7.42
AMPH-1215,white,Thasos,Argitis,-245,7.774,0.273,5.14,0.041,3.33,0.587,13.11,6.14
AMPH-1216,white,Rhodes,Eugenia,-247,7.931,0.247,7.36,0.062,3.23,0.576,9.73,7.53
AMPH-1217,white,Chios,Aminean,-245,8.086,0.281,7.35,0.052,3.32,0.435,12.64,7.89
AMPH-1218,white,Thasos,Duracina,-245,7.152,0.284,5.68,0.049,3.13,0.303,9.75,5.25
AMPH-1219,red,Rhodes,Helvola,-246,8.757,0.523,1.97,0.089,3.25,0.609,10.66,5.12
AMPH-1220,red,Thasos,Argitis,-246,9.187,0.527,3.2,0.073,3.23,0.44,12.6,6.78
AMPH-1221,white,Rhodes,Duracina,-246,6.432,0.274,5.96,0.048,3.19,0.355,9.26,6.41
AMPH-1222,white,Kos,Duracina,-246,6.788,0.303,4.3,0.042,3.34,0.677,9.51,5.64
AMPH-1223,white,Thasos,Duracina,-246,6.532,0.259,5.62,0.056,3.13,0.397,8.62,6.68
AMPH-1224,white,Thasos,Argitis,-246,7.502,0.267,9.58,0.058,3.19,0.417,14.14,6.06
AMPH-1225,white,Chios,Aminean,-247,6.868,0.272,7.43,0.04,3.34,0.438,12.16,7.75
AMPH-1226,red,Chios,Aminean,-247,8.462,0.481,3.68,0.102,3.44,0.62,11.99,8.09
AMPH-1227,red,Thasos,Helvola,-247,8.408,0.568,2.54,0.098,3.33,0.651,10.77,5.55
AMPH-1228,white,Thasos,Argitis,-247,7.094,0.153,7.36,0.046,3.31,0.621,14.36,6.84
AMPH-1229,white,Kos,Argitis,-247,7.53,0.297,7.72,0.033,3.18,0.396,13.38,5.43
AMPH-1230,white,Chios,Apian,-245,7.641,0.172,6.27,0.033,3.06,0.518,10.37,8.21
AMPH-1231,red,Thasos,Helvola,-245,8.356,0.595,2.75,0.096,3.22,0.752,10.09,6.06
AMPH-1232,white,Kos,Argitis,-246,5.754,0.315,5.52,0.052,3.18,0.494,14.08,5.45
AMPH-1233,white,Thasos,Argitis,-246,7.707,0.266,4.85,0.046,3.15,0.568,14.12,6.37
AMPH-1234,red,Thasos,Helvola,-247,9.042,0.653,3.26,0.066,3.24,0.687,11.7,6.16
AMPH-1235,red,Rhodes,Argitis,-247,9.374,0.691,4.09,0.1,3.38,0.415,13.33,4.91
AMPH-1236,red,Chios,Eugenia,-245,9.233,0.503,1.31,0.082,3.37,0.699,10.67,7.68
AMPH-1237,red,Chios,Helvola,-246,7.644,0.681,1.5,0.091,3.27,0.72,11.17,4.99
AMPH-1238,white,Rhodes,Aminean,-246,7.114,0.313,5.62,0.032,3.04,0.724,12.74,7.44
AMPH-1239,white,Rhodes,Helvola,-245,6.824,0.273,5.03,0.06,3.33,0.432,10.76,5.35
AMPH-1240,red,Thasos,Duracina,-245,8.115,0.586,2.8,0.081,3.3,0.614,9.3,5.77
AMPH-1241,white,Kos,Duracina,-245,6.42,0.292,5.74,0.044,3.13,0.556,9.95,5.14
AMPH-1242,white,Kos,Apian,-245,6.557,0.347,6.94,0.063,3.17,0.443,11.31,7.64
AMPH-1243,white,Thasos,Argitis,-247,6.207,0.22,6.66,0.043,3.33,0.708,13.39,6.01
AMPH-1244,red,Kos,Aminean,-247,7.402,0.53,2.94,0.089,3.26,0.677,11.98,8.51
AMPH-1245,red,Chios,Eugenia,-247,8.823,0.447,0.89,0.114,3.3,0.829,10.59,6.69
AMPH-1246,white,Chios,Argitis,-246,8.196,0.292,6.28,0.034,3.24,0.636,13.68,4.3
AMPH-1247,white,Thasos,Argitis,-246,7.535,0.315,7.48,0.061,3.13,0.402,14.93,6.44
AMPH-1248,white,Chios,Eugenia,-247,7.101,0.416,8.97,0.047,3.16,0.48,9.28,7.61
AMPH-1249,white,Thasos,Duracina,-246,6.725,0.241,6.66,0.043,3.15,0.553,9.46,6.06
AMPH-1250,white,Chios,Apian,-246,7.059,0.305,6.44,0.047,3.21,0.644,10.97,7.42
AMPH-1251,red,Kos,Apian,-247,7.201,0.514,1.22,0.085,3.42,0.876,11.11,7.26
AMPH-1252,red,Rhodes,Aminean,-246,8.924,0.479,3.74,0.093,3.31,0.663,11.55,7.25
AMPH-1253,white,Chios,Aminean,-246,7.09,0.338,6.16,0.055,3.33,0.655,11.95,7.95
AMPH-1254,white,Kos,Apian,-247,7.096,0.286,6.96,0.038,3.1,0.314,10.7,8.55
AMPH-1255,white,Thasos,Argitis,-247,6.713,0.258,6.0,0.052,3.18,0.599,13.79,6.43
AMPH-1256,red,Thasos,Duracina,-247,8.438,0.525,2.36,0.085,3.36,0.624,9.98,7.24
AMPH-1257,white,Rhodes,Eugenia,-246,7.01,0.245,3.86,0.047,3.21,0.68,10.06,7.37
AMPH-1258,white,Thasos,Argitis,-247,6.279,0.25,8.22,0.05,3.16,0.397,13.88,5.67
AMPH-1259,red,Thasos,Helvola,-247,7.114,0.542,1.32,0.083,3.26,0.763,10.28,5.89
AMPH-1260,white,Kos,Helvola,-246,6.444,0.347,5.9,0.037,3.19,0.5,11.07,6.15
AMPH-1261,white,Kos,Helvola,-245,7.038,0.158,7.35,0.046,3.31,0.455,11.66,6.0
AMPH-1262,red,Thasos,Duracina,-245,8.539,0.618,3.77,0.068,3.47,0.68,9.84,6.48
AMPH-1263,white,Kos,Helvola,-247,6.971,0.211,7.69,0.045,3.24,0.373,11.4,5.43
AMPH-1264,white,Chios,Apian,-245,7.174,0.318,5.49,0.051,3.17,0.78,11.45,8.14
AMPH-1265,white,Rhodes,Eugenia,-247,5.803,0.247,7.74,0.048,3.37,0.616,10.59,7.8
AMPH-1266,red,Rhodes,Eugenia,-246,8.464,0.541,1.17,0.095,3.27,0.623,9.62,7.39
AMPH-1267,white,Kos,Eugenia,-247,7.561,0.307,7.92,0.052,3.18,0.547,9.99,8.57
AMPH-1268,white,Thasos,Duracina,-245,7.005,0.268,4.22,0.041,3.25,0.391,9.95,5.87
AMPH-1269,white,Rhodes,Eugenia,-245,6.161,0.337,7.03,0.059,3.22,0.68,10.28,7.51
AMPH-1270,red,Chios,Apian,-245,8.938,0.597,2.48,0.086,3.3,0.717,11.94,7.57
AMPH-1271,white,Rhodes,Eugenia,-245,6.526,0.291,6.96,0.067,3.31,0.62,10.32,8.44
AMPH-1272,red,Chios,Apian,-246,8.386,0.484,0.6,0.099,3.22,0.747,11.34,7.66
AMPH-1273,white,Chios,Apian,-245,6.876,0.303,5.46,0.054,3.11,0.488,12.34,7.55
AMPH-1274,white,Kos,Eugenia,-245,6.655,0.278,6.26,0.057,3.18,0.628,9.51,8.29
AMPH-1275,white,Chios,Eugenia,-247,7.911,0.226,7.6,0.051,3.15,0.389,10.37,6.98
AMPH-1276,white,Thasos,Duracina,-247,6.719,0.239,7.0,0.042,3.09,0.375,9.54,6.01
AMPH-1277,white,Chios,Aminean,-247,7.075,0.273,4.36,0.042,3.17,0.298,11.63,7.86
AMPH-1278,red,Chios,Eugenia,-246,8.701,0.631,2.98,0.099,3.2,0.592,10.31,7.73
AMPH-1279,white,Rhodes,Apian,-247,7.269,0.211,6.72,0.037,3.24,0.375,11.0,7.76
AMPH-1280,red,Thasos,Argitis,-245,8.499,0.537,1.11,0.082,3.29,0.66,12.95,5.43
AMPH-1281,white,Chios,Aminean,-245,6.664,0.302,5.42,0.045,3.23,0.648,12.27,7.57
AMPH-1282,red,Thasos,Eugenia,-246,8.143,0.54,3.29,0.088,3.21,0.558,10.0,8.62
AMPH-1283,white,Kos,Helvola,-246,6.527,0.35,8.33,0.06,3.37,0.357,11.56,5.48
AMPH-1284,red,Thasos,Argitis,-246,8.225,0.58,3.23,0.101,3.36,0.619,14.18,6.26
AMPH-1285,white,Rhodes,Helvola,-245,7.035,0.283,6.02,0.042,3.17,0.384,10.97,6.24
AMPH-1286,white,Thasos,Helvola,-246,7.897,0.29,6.18,0.071,3.14,0.45,11.49,5.73
AMPH-1287,white,Rhodes,Apian,-247,7.118,0.3,5.48,0.048,3.12,0.349,12.24,6.97
AMPH-1288,red,Thasos,Duracina,-246,8.585,0.56,2.27,0.093,3.32,0.736,9.69,6.08
AMPH-1289,red,Kos,Duracina,-245,8.597,0.547,0.6,0.082,3.33,0.67,9.17,6.0
AMPH-1290,white,Chios,Aminean,-246,6.134,0.206,7.17,0.048,3.22,0.346,11.95,7.67
AMPH-1291,white,Chios,Eugenia,-247,7.526,0.271,4.99,0.043,3.1,0.607,9.9,8.05
AMPH-1292,white,Thasos,Argitis,-247,7.259,0.335,4.96,0.05,3.22,0.549,13.81,6.07
AMPH-1293,red,Chios,Aminean,-246,9.016,0.544,3.77,0.098,3.37,0.58,11.86,8.21
AMPH-1294,white,Chios,Apian,-247,6.999,0.279,4.95,0.047,3.14,0.416,10.62,7.73
AMPH-1295,white,Kos,Eugenia,-245,7.025,0.292,6.61,0.055,3.18,0.402,10.9,7.54
AMPH-1296,white,Rhodes,Apian,-245,6.206,0.282,7.19,0.048,3.23,0.521,11.56,7.39
AMPH-1297,white,Rhodes,Duracina,-245,6.928,0.231,6.13,0.051,3.14,0.563,9.79,5.87
AMPH-1298,red,Thasos,Argitis,-245,9.219,0.552,4.79,0.076,3.22,0.648,14.2,6.41
AMPH-1299,red,Rhodes,Aminean,-247,8.351,0.528,2.24,0.073,3.37,0.46,11.56,8.32
AMPH-1300,white,Thasos,Aminean,-247,7.704,0.194,7.12,0.033,3.27,0.635,12.55,8.42
AMPH-1301,white,Chios,Eugenia,-246,6.582,0.278,7.08,0.043,3.15,0.359,10.12,7.52
AMPH-1302,red,Chios,Aminean,-246,8.106,0.531,3.31,0.096,3.35,0.588,12.37,8.0
AMPH-1303,red,Rhodes,Duracina,-247,8.594,0.544,2.33,0.099,3.39,0.703,10.63,5.27
AMPH-1304,red,Thasos,Duracina,-245,8.558,0.533,2.73,0.092,3.26,0.56,9.36,6.2
AMPH-1305,white,Rhodes,Duracina,-247,6.956,0.29,7.29,0.052,3.1,0.649,8.75,5.42
AMPH-1306,red,Rhodes,Eugenia,-245,9.096,0.565,4.36,0.092,3.26,0.79,9.29,7.89
AMPH-1307,red,Rhodes,Duracina,-246,8.486,0.493,0.6,0.084,3.36,0.505,9.94,5.62
AMPH-1308,red,Kos,Duracina,-247,8.897,0.462,2.43,0.08,3.38,0.761,10.04,5.6
AMPH-1309,white,Chios,Apian,-247,6.623,0.298,5.87,0.042,3.22,0.33,11.93,7.79
AMPH-1310,red,Rhodes,Eugenia,-246,9.789,0.467,0.6,0.079,3.25,0.757,9.89,7.76
AMPH-1311,white,Kos,Helvola,-247,5.352,0.226,6.06,0.054,3.19,0.399,11.09,5.83
AMPH-1312,red,Thasos,Argitis,-246,7.576,0.558,2.78,0.087,3.38,0.657,13.52,5.76
AMPH-1313,red,Thasos,Helvola,-247,8.299,0.546,3.7,0.083,3.32,0.568,10.16,5.98
AMPH-1314,white,Thasos,Helvola,-247,6.205,0.249,6.57,0.044,3.27,0.723,10.98,6.45
AMPH-1315,red,Thasos,Duracina,-245,9.931,0.53,2.48,0.072,3.24,0.466,10.03,5.93
AMPH-1316,white,Rhodes,Duracina,-245,7.085,0.199,7.27,0.066,3.22,0.431,10.01,5.14
AMPH-1317,white,Thasos,Duracina,-247,6.428,0.283,4.57,0.04,3.16,0.272,9.73,6.19
AMPH-1318,white,Thasos,Argitis,-246,6.754,0.318,6.63,0.049,3.02,0.208,12.93,6.21
AMPH-1319,red,Rhodes,Helvola,-245,7.88,0.576,2.31,0.078,3.39,0.6,11.05,5.11
AMPH-1320,white,Thasos,Argitis,-245,7.525,0.367,6.69,0.05,3.18,0.425,14.46,6.21
AMPH-1321,red,Kos,Eugenia,-246,8.646,0.565,1.47,0.068,3.24,0.599,10.24,7.77
AMPH-1322,white,Rhodes,Eugenia,-245,6.768,0.303,5.21,0.043,3.25,0.678,9.96,7.88
AMPH-1323,red,Thasos,Duracina,-246,8.817,0.531,0.98,0.098,3.32,0.792,10.56,6.59
AMPH-1324,red,Kos,Argitis,-247,8.549,0.46,3.37,0.077,3.31,0.679,14.02,5.93
AMPH-1325,white,Kos,Eugenia,-246,6.153,0.271,4.88,0.058,3.26,0.532,10.41,8.7
AMPH-1326,white,Rhodes,Apian,-246,7.289,0.262,6.43,0.045,3.14,0.295,10.48,7.47
AMPH-1327,white,Rhodes,Eugenia,-245,6.565,0.35,6.22,0.043,3.19,0.702,10.35,7.74
AMPH-1328,white,Rhodes,Eugenia,-247,6.556,0.295,7.7,0.042,3.14,0.353,10.49,7.81
AMPH-1329,white,Kos,Argitis,-247,5.913,0.252,6.98,0.04,3.2,0.572,13.62,5.78
AMPH-1330,red,Chios,Eugenia,-246,8.932,0.502,1.76,0.097,3.36,0.624,10.2,7.62
AMPH-1331,white,Chios,Aminean,-246,7.245,0.275,7.04,0.041,3.24,0.654,11.8,7.47
AMPH-1332,red,Rhodes,Argitis,-245,7.81,0.538,3.99,0.089,3.32,0.627,13.79,4.94
AMPH-1333,white,Kos,Duracina,-247,6.743,0.405,6.15,0.066,3.14,0.506,9.34,5.82
AMPH-1334,white,Kos,Helvola,-246,6.514,0.29,6.64,0.059,3.32,0.431,10.85,5.7
AMPH-1335,white,Chios,Apian,-245,6.869,0.306,8.43,0.069,3.23,0.696,10.82,7.74
AMPH-1336,white,Thasos,Helvola,-245,6.971,0.345,6.28,0.056,3.2,0.372,10.26,6.19
AMPH-1337,red,Kos,Duracina,-245,7.421,0.522,2.69,0.09,3.3,0.602,9.77,5.42
AMPH-1338,white,Rhodes,Duracina,-247,8.193,0.252,6.59,0.042,3.25,0.453,9.77,5.23
AMPH-1339,white,Chios,Aminean,-247,7.145,0.329,5.09,0.057,3.26,0.272,12.46,7.76
AMPH-1340,white,Thasos,Argitis,-245,8.236,0.277,6.05,0.064,3.17,0.447,13.15,5.93
AMPH-1341,red,Thasos,Helvola,-247,7.71,0.572,4.19,0.083,3.11,0.627,10.61,6.13
AMPH-1342,white,Chios,Apian,-245,6.44,0.233,6.72,0.04,3.16,0.45,11.48,7.86
AMPH-1343,white,Kos,Apian,-247,6.907,0.274,6.85,0.042,3.3,0.338,12.31,8.29
AMPH-1344,red,Rhodes,Helvola,-246,9.383,0.452,1.52,0.073,3.26,0.573,11.41,4.79
AMPH-1345,red,Thasos,Helvola,-246,7.457,0.535,2.12,0.09,3.28,0.763,10.32,6.24
AMPH-1346,white,Rhodes,Eugenia,-245,7.025,0.202,5.94,0.047,3.24,0.226,9.47,7.99
AMPH-1347,white,Rhodes,Apian,-245,7.817,0.275,5.12,0.055,3.23,0.553,11.6,7.4
AMPH-1348,white,Chios,Duracina,-245,6.211,0.245,7.24,0.051,3.21,0.505,9.89,4.88
AMPH-1349,white,Kos,Argitis,-246,6.549,0.287,6.26,0.03,3.17,0.316,14.03,5.64
AMPH-1350,red,Kos,Apian,-245,9.62,0.607,4.18,0.087,3.24,0.722,11.41,8.56
AMPH-1351,white,Thasos,Argitis,-247,6.453,0.353,6.86,0.05,3.17,0.315,14.19,6.22
AMPH-1352,red,Kos,Helvola,-245,6.695,0.483,2.56,0.086,3.3,0.665,10.01,5.54
AMPH-1353,white,Kos,Apian,-246,7.236,0.304,7.58,0.041,3.27,0.394,12.12,7.62
AMPH-1354,white,Kos,Argitis,-245,7.13,0.317,6.97,0.038,3.12,0.807,13.09,5.03
AMPH-1355,white,Rhodes,Apian,-245,6.215,0.297,5.56,0.044,3.25,0.287,11.35,8.87
AMPH-1356,white,Kos,Apian,-246,7.253,0.274,5.68,0.062,3.2,0.522,11.68,8.01
AMPH-1357,white,Chios,Eugenia,-245,7.547,0.265,8.81,0.044,3.2,0.511,9.64,7.1
AMPH-1358,white,Rhodes,Helvola,-245,7.497,0.261,6.77,0.062,3.22,0.488,11.39,5.15
AMPH-1359,white,Thasos,Argitis,-246,7.016,0.306,5.72,0.046,3.08,0.332,13.43,6.61
AMPH-1360,white,Rhodes,Eugenia,-245,6.171,0.293,5.22,0.041,3.22,0.767,10.63,7.8
AMPH-1361,white,Chios,Apian,-247,7.614,0.333,7.27,0.047,2.99,0.56,12.15,7.14
AMPH-1362,white,Chios,Apian,-247,6.955,0.323,4.68,0.041,3.31,0.519,11.23,6.96
AMPH-1363,white,Chios,Apian,-246,7.632,0.279,6.87,0.056,3.2,0.52,11.38,8.33
AMPH-1364,white,Rhodes,Duracina,-245,7.613,0.31,7.16,0.053,3.26,0.534,9.93,5.48
AMPH-1365,white,Rhodes,Eugenia,-246,7.321,0.261,6.53,0.044,3.1,0.73,10.41,8.28
AMPH-1366,red,Chios,Eugenia,-247,8.114,0.55,2.17,0.096,3.31,0.574,9.42,7.38
AMPH-1367,white,Rhodes,Duracina,-247,8.008,0.183,4.15,0.046,3.2,0.752,10.05,5.16
AMPH-1368,red,Rhodes,Duracina,-245,8.433,0.552,3.87,0.08,3.15,0.817,9.8,5.46
AMPH-1369,white,Chios,Aminean,-246,7.112,0.335,7.12,0.047,3.28,0.604,12.45,7.43
AMPH-1370,red,Rhodes,Helvola,-245,7.974,0.522,2.62,0.079,3.35,0.892,11.8,5.17
AMPH-1371,white,Kos,Aminean,-245,6.084,0.27,5.74,0.046,3.21,0.427,11.37,8.18
AMPH-1372,red,Rhodes,Duracina,-247,7.867,0.531,1.9,0.08,3.23,0.768,10.14,5.22
AMPH-1373,white,Thasos,Helvola,-245,8.027,0.277,5.94,0.045,3.38,0.565,10.39,6.3
AMPH-1374,white,Thasos,Helvola,-245,6.73,0.26,6.59,0.038,3.18,0.655,10.7,6.08
AMPH-1375,white,Chios,Aminean,-245,6.31,0.322,5.28,0.045,3.3,0.285,12.58,7.13
AMPH-1376,white,Thasos,Duracina,-246,7.11,0.237,5.81,0.042,3.19,0.471,9.34,5.73
AMPH-1377,white,Kos,Argitis,-247,6.436,0.275,6.62,0.035,3.11,0.503,14.67,5.02
AMPH-1378,white,Kos,Apian,-246,5.595,0.285,4.14,0.047,3.1,0.536,12.05,8.36
AMPH-1379,red,Kos,Helvola,-246,8.68,0.535,4.36,0.08,3.25,0.766,11.37,5.76
AMPH-1380,white,Kos,Apian,-245,7.604,0.302,5.18,0.037,3.11,0.693,11.12,8.41
AMPH-1381,red,Rhodes,Eugenia,-245,8.115,0.486,2.77,0.078,3.41,0.679,9.86,7.8
AMPH-1382,white,Kos,Apian,-247,6.543,0.29,5.89,0.024,3.1,0.644,11.5,8.03
AMPH-1383,red,Thasos,Duracina,-246,8.94,0.54,5.36,0.068,3.18,0.81,10.62,6.66
AMPH-1384,white,Kos,Duracina,-245,7.108,0.232,7.33,0.037,3.24,0.367,10.02,6.25
AMPH-1385,white,Chios,Apian,-247,6.576,0.268,7.47,0.038,3.29,0.615,12.1,7.78
AMPH-1386,white,Thasos,Duracina,-245,6.887,0.253,7.76,0.041,3.15,0.463,9.31,6.86
AMPH-1387,white,Rhodes,Eugenia,-245,6.278,0.307,7.04,0.034,3.11,0.514,10.5,8.11
AMPH-1388,white,Kos,Apian,-245,7.763,0.29,6.15,0.045,3.26,0.405,11.2,7.89
AMPH-1389,red,Thasos,Argitis,-247,7.893,0.548,2.36,0.085,3.26,0.551,14.24,5.51
AMPH-1390,white,Chios,Aminean,-245,6.403,0.229,7.44,0.03,3.15,0.392,11.9,8.1
AMPH-1391,white,Chios,Aminean,-247,6.896,0.308,4.74,0.045,3.21,0.272,12.15,7.28
AMPH-1392,white,Kos,Duracina,-245,8.423,0.265,4.81,0.07,3.23,0.402,10.06,5.41
AMPH-1393,red,Rhodes,Duracina,-246,7.777,0.471,1.31,0.088,3.37,0.881,10.28,5.02
AMPH-1394,white,Rhodes,Duracina,-245,7.596,0.321,4.59,0.041,3.13,0.722,10.48,4.72
AMPH-1395,white,Rhodes,Argitis,-247,6.277,0.309,5.18,0.058,3.28,0.31,14.12,5.47
AMPH-1396,white,Thasos,Duracina,-245,5.691,0.37,5.18,0.034,3.17,0.567,9.36,6.55
AMPH-1397,red,Thasos,Apian,-246,8.175,0.49,1.77,0.096,3.45,0.591,10.77,8.17
AMPH-1398,white,Thasos,Duracina,-247,7.753,0.352,5.07,0.042,3.29,0.486,10.04,6.59
AMPH-1399,red,Thasos,Argitis,-245,8.203,0.445,3.55,0.076,3.2,0.637,13.75,6.01
AMPH-1400,red,Chios,Apian,-247,7.168,0.564,3.49,0.082,3.26,0.614,11.14,7.3
AMPH-1401,red,Chios,Eugenia,-245,9.078,0.522,2.93,0.09,3.09,0.773,9.34,7.68
AMPH-1402,white,Kos,Duracina,-247,7.093,0.28,8.06,0.058,3.08,0.392,10.56,4.88
AMPH-1403,red,Kos,Duracina,-246,9.174,0.594,3.04,0.071,3.21,0.4,10.29,5.06
AMPH-1404,white,Rhodes,Aminean,-245,7.305,0.311,6.69,0.067,3.28,0.729,13.1,8.35
AMPH-1405,red,Rhodes,Helvola,-245,7.915,0.513,3.25,0.103,3.25,0.628,10.75,5.36
AMPH-1406,red,Chios,Eugenia,-247,7.955,0.45,2.19,0.092,3.26,0.568,9.51,7.56
AMPH-1407,red,Thasos,Helvola,-246,7.272,0.483,3.08,0.073,3.47,0.621,10.85,6.94
AMPH-1408,white,Chios,Apian,-246,7.046,0.324,6.36,0.057,3.23,0.532,11.03,7.72
AMPH-1409,white,Rhodes,Duracina,-247,7.533,0.275,7.68,0.037,3.29,0.64,9.07,4.38
AMPH-1410,red,Rhodes,Apian,-245,7.966,0.429,3.14,0.087,3.38,0.481,10.85,7.22
AMPH-1411,white,Rhodes,Argitis,-245,6.688,0.319,8.37,0.021,3.19,0.644,14.59,5.28
AMPH-1412,white,Rhodes,Argitis,-247,6.0,0.277,7.92,0.039,3.15,0.637,13.73,6.0
AMPH-1413,red,Rhodes,Aminean,-247,7.926,0.525,3.23,0.072,3.29,0.844,12.39,7.74
AMPH-1414,red,Kos,Helvola,-245,8.312,0.547,1.69,0.085,3.27,0.617,10.63,4.98
AMPH-1415,red,Chios,Eugenia,-247,8.759,0.49,1.62,0.084,3.39,0.407,9.82,7.76
AMPH-1416,red,Chios,Aminean,-247,8.429,0.642,3.71,0.075,3.4,0.574,12.6,7.26
AMPH-1417,white,Kos,Duracina,-245,7.162,0.372,7.67,0.056,3.3,0.402,9.39,5.16
AMPH-1418,red,Thasos,Argitis,-246,9.008,0.443,1.89,0.084,3.19,0.73,13.79,6.99
AMPH-1419,white,Thasos,Helvola,-247,5.83,0.231,5.73,0.036,3.14,0.461,11.14,6.35
AMPH-1420,red,Kos,Aminean,-245,7.577,0.545,1.86,0.069,3.33,0.572,12.63,8.06
AMPH-1421,red,Rhodes,Helvola,-247,9.465,0.563,3.74,0.095,3.4,0.42,11.16,6.12
AMPH-1422,white,Kos,Eugenia,-247,7.432,0.284,6.87,0.042,3.25,0.56,10.33,6.96
AMPH-1423,red,Rhodes,Duracina,-247,8.125,0.541,2.22,0.073,3.24,0.469,10.26,5.56
AMPH-1424,white,Kos,Argitis,-245,7.206,0.208,5.87,0.078,3.19,0.572,13.91,5.07
AMPH-1425,white,Chios,Apian,-245,7.029,0.304,6.24,0.04,3.13,0.574,11.23,8.3
AMPH-1426,white,Kos,Duracina,-246,6.774,0.341,7.34,0.072,3.25,0.311,9.53,5.7
AMPH-1427,red,Chios,Eugenia,-245,8.179,0.617,0.64,0.072,3.29,0.626,10.09,6.98
AMPH-1428,white,Thasos,Duracina,-247,6.687,0.272,6.01,0.043,3.23,0.343,10.77,6.48
AMPH-1429,white,Chios,Apian,-245,7.535,0.359,6.01,0.057,3.21,0.411,11.08,7.43
AMPH-1430,white,Thasos,Duracina,-245,6.534,0.275,5.03,0.034,3.16,0.546,10.53,6.01
AMPH-1431,white,Thasos,Apian,-245,6.53,0.266,6.61,0.047,2.98,0.535,12.64,8.78
AMPH-1432,white,Thasos,Helvola,-246,8.35,0.328,6.76,0.046,3.2,0.425,11.23,5.91
AMPH-1433,red,Thasos,Helvola,-246,8.104,0.518,3.51,0.102,3.3,0.828,11.41,6.36
AMPH-1434,red,Rhodes,Duracina,-246,8.463,0.553,2.61,0.104,3.14,0.649,9.38,4.98
AMPH-1435,red,Thasos,Duracina,-247,7.249,0.48,2.08,0.094,3.22,0.884,9.4,6.71
AMPH-1436,red,Rhodes,Argitis,-245,8.058,0.522,2.44,0.061,3.19,0.747,14.18,5.34
AMPH-1437,white,Kos,Duracina,-246,7.519,0.319,7.09,0.059,3.11,0.695,9.7,5.09
AMPH-1438,red,Rhodes,Apian,-245,8.766,0.553,1.41,0.102,3.27,0.837,11.61,7.65
AMPH-1439,white,Chios,Aminean,-247,6.974,0.335,4.85,0.045,3.16,0.607,11.73,8.06
AMPH-1440,red,Rhodes,Duracina,-247,8.592,0.522,2.86,0.08,3.37,0.464,9.76,5.12
AMPH-1441,white,Chios,Aminean,-246,7.29,0.305,6.59,0.049,3.14,0.35,12.11,6.93
AMPH-1442,white,Kos,Helvola,-246,6.643,0.314,7.63,0.049,3.35,0.441,10.92,5.46
AMPH-1443,white,Rhodes,Apian,-245,6.884,0.239,8.77,0.047,3.17,0.424,12.07,7.02
AMPH-1444,red,Rhodes,Eugenia,-245,7.586,0.496,4.27,0.095,3.2,0.652,9.68,7.63
AMPH-1445,white,Chios,Eugenia,-245,6.556,0.248,7.86,0.021,3.16,0.579,9.85,7.63
AMPH-1446,white,Chios,Aminean,-245,7.429,0.342,6.08,0.065,3.13,0.756,12.72,6.85
AMPH-1447,red,Rhodes,Duracina,-247,7.412,0.507,1.45,0.094,3.44,0.828,9.82,5.09
AMPH-1448,white,Kos,Duracina,-247,7.471,0.321,4.0,0.054,3.15,0.679,9.12,5.66
AMPH-1449,red,Rhodes,Apian,-245,8.572,0.587,1.69,0.078,3.27,0.707,12.11,7.69
AMPH-1450,red,Chios,Aminean,-245,8.71,0.431,3.98,0.09,3.3,0.769,12.5,7.81
AMPH-1451,red,Chios,Eugenia,-247,8.384,0.589,2.16,0.084,3.43,0.618,10.7,8.42
AMPH-1452,red,Rhodes,Eugenia,-245,9.279,0.51,0.6,0.086,3.45,0.635,10.08,8.13
AMPH-1453,white,Kos,Helvola,-247,7.396,0.415,6.08,0.053,3.21,0.697,11.68,6.32
AMPH-1454,white,Rhodes,Argitis,-245,7.925,0.314,5.94,0.033,3.22,0.618,14.56,5.94
AMPH-1455,white,Rhodes,Duracina,-245,6.929,0.205,5.34,0.059,3.15,0.542,9.57,5.53
AMPH-1456,white,Chios,Apian,-246,6.048,0.23,7.58,0.051,3.22,0.547,10.87,7.7
AMPH-1457,red,Kos,Duracina,-246,9.689,0.482,0.6,0.078,3.19,0.579,9.91,5.71
AMPH-1458,white,Thasos,Argitis,-247,6.282,0.308,6.33,0.04,3.21,0.482,13.06,6.32
AMPH-1459,white,Rhodes,Duracina,-246,6.339,0.304,6.45,0.034,3.19,0.266,9.53,5.52
AMPH-1460,red,Chios,Eugenia,-247,6.951,0.508,3.86,0.071,3.33,0.857,10.48,6.97
AMPH-1461,white,Kos,Duracina,-247,6.235,0.18,7.82,0.043,3.29,0.488,9.59,5.67
AMPH-1462,red,Kos,Apian,-246,8.458,0.603,4.62,0.091,3.34,0.802,11.49,7.59
AMPH-1463,white,Thasos,Argitis,-245,7.721,0.332,6.57,0.035,3.17,0.43,14.3,6.25
AMPH-1464,red,Kos,Eugenia,-247,8.161,0.625,0.6,0.094,3.27,0.618,10.22,8.58
AMPH-1465,white,Thasos,Duracina,-246,6.64,0.232,6.52,0.04,3.16,0.34,9.29,6.44
AMPH-1466,white,Thasos,Argitis,-247,7.324,0.246,5.15,0.061,3.3,0.557,14.05,5.67
AMPH-1467,white,Chios,Argitis,-247,7.044,0.248,8.29,0.061,3.18,0.336,12.96,4.97
AMPH-1468,white,Kos,Aminean,-245,6.589,0.258,6.32,0.049,3.23,0.258,13.02,7.81
AMPH-1469,red,Kos,Apian,-246,8.773,0.49,3.63,0.084,3.26,0.563,11.08,8.32
AMPH-1470,white,Chios,Apian,-245,6.961,0.319,6.67,0.036,3.14,0.625,12.08,7.59
AMPH-1471,red,Chios,Apian,-246,7.768,0.466,3.2,0.077,3.27,0.569,11.0,8.04
AMPH-1472,white,Kos,Duracina,-246,6.224,0.326,5.57,0.044,3.22,0.714,10.11,6.34
AMPH-1473,red,Rhodes,Duracina,-247,7.993,0.494,0.6,0.089,3.23,0.443,10.24,5.08
AMPH-1474,red,Kos,Argitis,-247,8.879,0.523,1.55,0.09,3.3,0.799,13.98,5.47
AMPH-1475,white,Chios,Aminean,-245,6.379,0.211,8.58,0.05,3.18,0.441,12.86,7.67
AMPH-1476,white,Kos,Duracina,-245,7.12,0.355,8.69,0.048,3.11,0.326,10.34,5.17
AMPH-1477,white,Kos,Helvola,-245,6.131,0.411,5.96,0.045,3.27,0.782,11.33,5.9
AMPH-1478,white,Chios,Apian,-246,6.603,0.268,6.51,0.041,3.11,0.541,11.06,7.66
AMPH-1479,white,Thasos,Helvola,-247,6.533,0.318,5.18,0.063,3.29,0.514,10.38,6.32
AMPH-1480,red,Thasos,Duracina,-246,7.886,0.589,3.89,0.089,3.21,0.519,9.94,6.44
AMPH-1481,white,Chios,Aminean,-246,6.961,0.294,6.2,0.042,3.17,0.353,12.07,7.72
AMPH-1482,white,Chios,Aminean,-245,6.658,0.36,7.02,0.069,3.19,0.385,12.29,7.32
AMPH-1483,red,Rhodes,Aminean,-247,8.09,0.591,1.16,0.08,3.24,0.912,12.99,6.93
AMPH-1484,red,Kos,Argitis,-245,8.538,0.655,3.05,0.107,3.28,0.632,14.2,5.75
AMPH-1485,white,Thasos,Helvola,-245,6.148,0.303,6.89,0.044,3.05,0.596,11.37,5.77
AMPH-1486,white,Rhodes,Duracina,-247,6.642,0.304,6.77,0.031,3.17,0.555,9.45,5.43
AMPH-1487,white,Chios,Aminean,-245,6.89,0.336,4.98,0.041,3.1,0.48,12.36,7.52
AMPH-1488,white,Kos,Aminean,-245,7.537,0.274,4.36,0.037,3.24,0.583,11.44,7.43
AMPH-1489,red,Rhodes,Aminean,-246,8.123,0.575,2.49,0.066,3.32,0.669,12.34,8.07
AMPH-1490,white,Rhodes,Helvola,-247,7.553,0.331,5.79,0.056,3.3,0.298,10.81,5.65
AMPH-1491,red,Kos,Aminean,-245,8.083,0.57,4.13,0.088,3.35,0.614,12.66,8.14
AMPH-1492,red,Thasos,Helvola,-245,7.922,0.543,3.67,0.069,3.22,0.678,10.98,6.04
AMPH-1493,red,Kos,Argitis,-247,8.4,0.605,4.04,0.107,3.34,0.595,13.96,5.56
AMPH-1494,red,Kos,Eugenia,-246,9.041,0.499,1.53,0.088,3.21,0.735,10.43,8.34
AMPH-1495,white,Rhodes,Eugenia,-247,7.559,0.276,8.54,0.051,3.24,0.389,10.49,7.44
AMPH-1496,red,Rhodes,Apian,-247,8.233,0.444,2.1,0.093,3.32,0.975,11.5,7.67
AMPH-1497,red,Kos,Argitis,-245,9.183,0.47,1.35,0.085,3.32,0.6,13.52,5.94
AMPH-1498,red,Chios,Argitis,-247,8.522,0.497,0.6,0.076,3.2,0.614,14.75,5.46
AMPH-1499,white,Rhodes,Helvola,-245,6.256,0.282,7.24,0.048,3.14,0.32,10.83,5.0
AMPH-1500,white,Rhodes,Aminean,-246,6.312,0.233,7.42,0.031,3.19,0.406,12.12,7.44
AMPH-1501,white,Thasos,Eugenia,-247,6.686,0.303,6.47,0.033,3.23,0.626,10.09,9.01
AMPH-1502,red,Thasos,Helvola,-247,8.661,0.551,2.77,0.081,3.35,0.449,11.72,6.33
AMPH-1503,red,Chios,Aminean,-247,8.952,0.527,1.31,0.075,3.27,0.529,12.22,7.49
AMPH-1504,red,Chios,Eugenia,-245,7.45,0.499,1.03,0.095,3.33,0.821,10.56,7.29
AMPH-1505,white,Rhodes,Aminean,-247,7.7,0.199,7.09,0.052,3.21,0.793,12.42,8.24
AMPH-1506,white,Chios,Apian,-245,6.758,0.384,5.46,0.042,3.08,0.237,11.77,7.79
AMPH-1507,white,Thasos,Helvola,-247,7.274,0.285,7.78,0.059,3.21,0.481,11.24,6.45
AMPH-1508,red,Thasos,Helvola,-245,7.645,0.506,1.67,0.083,3.34,0.781,11.01,5.78
AMPH-1509,white,Thasos,Argitis,-245,6.153,0.261,8.05,0.045,3.13,0.304,13.39,5.63
AMPH-1510,white,Chios,Aminean,-246,7.207,0.206,6.66,0.068,3.23,0.483,11.99,7.34
AMPH-1511,white,Rhodes,Apian,-246,6.512,0.291,4.35,0.039,3.27,0.51,11.33,7.53
AMPH-1512,white,Thasos,Helvola,-245,5.648,0.227,5.28,0.041,3.07,0.426,11.2,6.09
AMPH-1513,white,Kos,Duracina,-245,6.291,0.322,6.47,0.05,3.23,0.726,9.15,5.47
AMPH-1514,red,Rhodes,Helvola,-246,8.265,0.443,1.37,0.099,3.27,0.783,10.69,5.69
AMPH-1515,white,Chios,Aminean,-247,5.936,0.152,6.78,0.045,3.12,0.2,12.51,8.48
AMPH-1516,red,Thasos,Duracina,-245,7.375,0.582,3.23,0.078,3.38,0.685,10.09,5.95
AMPH-1517,red,Thasos,Duracina,-247,7.856,0.443,2.74,0.079,3.13,0.746,9.2,6.27
AMPH-1518,red,Chios,Aminean,-246,8.198,0.614,3.77,0.079,3.35,0.834,11.93,7.07
AMPH-1519,white,Kos,Argitis,-245,7.451,0.257,5.3,0.043,3.16,0.51,13.99,4.92
AMPH-1520,white,Chios,Duracina,-245,6.921,0.276,6.86,0.045,3.11,0.527,9.55,5.53
AMPH-1521,white,Kos,Helvola,-246,6.89,0.246,7.13,0.056,3.15,0.405,10.34,5.38
AMPH-1522,red,Rhodes,Aminean,-246,9.01,0.557,1.08,0.089,3.26,0.552,12.62,6.98
AMPH-1523,white,Rhodes,Aminean,-247,7.456,0.275,5.24,0.057,3.14,0.445,12.4,8.34
AMPH-1524,red,Thasos,Aminean,-247,8.492,0.511,1.74,0.097,3.28,0.732,12.19,8.55
AMPH-1525,red,Rhodes,Eugenia,-246,7.803,0.468,2.77,0.081,3.29,0.841,10.85,7.28
AMPH-1526,red,Thasos,Duracina,-246,9.121,0.57,3.47,0.081,3.33,0.481,9.6,6.3
AMPH-1527,white,Thasos,Argitis,-245,6.705,0.365,7.36,0.06,3.28,0.234,13.69,5.72
AMPH-1528,white,Thasos,Duracina,-246,6.326,0.223,5.69,0.055,3.08,0.411,9.16,6.13
AMPH-1529,white,Thasos,Argitis,-246,6.997,0.317,6.92,0.056,3.21,0.673,14.18,6.34
AMPH-1530,white,Chios,Helvola,-246,7.225,0.277,5.26,0.064,3.18,0.325,11.25,5.18
AMPH-1531,white,Thasos,Helvola,-245,6.547,0.289,7.58,0.059,3.35,0.538,10.9,6.3
AMPH-1532,white,Chios,Eugenia,-246,5.816,0.203,7.6,0.053,3.29,0.517,10.59,7.52
AMPH-1533,white,Kos,Aminean,-247,7.082,0.251,6.27,0.043,3.06,0.475,11.37,7.72
AMPH-1534,red,Chios,Apian,-245,7.718,0.508,1.85,0.09,3.35,0.489,11.88,7.43
AMPH-1535,white,Rhodes,Eugenia,-245,7.946,0.268,8.57,0.051,3.27,0.575,9.91,7.27
AMPH-1536,red,Rhodes,Apian,-247,9.324,0.546,2.04,0.076,3.37,0.81,11.21,7.77
AMPH-1537,white,Rhodes,Helvola,-246,6.073,0.212,6.67,0.036,3.22,0.494,10.78,6.06
AMPH-1538,red,Thasos,Duracina,-245,8.353,0.562,2.63,0.095,3.34,0.501,9.99,6.28
AMPH-1539,white,Rhodes,Eugenia,-245,6.739,0.237,6.21,0.041,3.16,0.406,10.68,7.44
AMPH-1540,white,Thasos,Argitis,-247,7.727,0.284,6.84,0.037,3.2,0.397,14.03,6.57
AMPH-1541,red,Kos,Apian,-245,9.196,0.516,1.7,0.081,3.32,0.568,11.71,7.63
AMPH-1542,red,Thasos,Duracina,-245,8.579,0.519,2.07,0.075,3.5,0.567,9.52,5.96
AMPH-1543,white,Chios,Apian,-245,5.41,0.282,7.2,0.048,3.32,0.552,11.65,7.27
AMPH-1544,white,Chios,Eugenia,-246,6.707,0.302,7.7,0.045,3.18,0.411,9.64,7.44
AMPH-1545,white,Kos,Aminean,-245,7.425,0.298,8.4,0.053,3.16,0.524,11.72,7.92
AMPH-1546,white,Chios,Duracina,-245,6.811,0.19,5.67,0.039,3.12,0.381,9.64,4.93
AMPH-1547,white,Thasos,Argitis,-246,6.809,0.221,8.67,0.047,3.21,0.464,13.75,6.55
AMPH-1548,white,Chios,Eugenia,-246,7.177,0.293,7.14,0.057,3.08,0.542,10.31,7.3
AMPH-1549,white,Chios,Eugenia,-245,6.459,0.249,6.59,0.048,3.18,0.669,10.03,7.14
AMPH-1550,red,Chios,Apian,-247,8.757,0.531,1.9,0.094,3.29,0.564,10.89,7.24
AMPH-1551,white,Thasos,Argitis,-247,6.575,0.278,4.78,0.047,3.24,0.406,13.17,6.44
AMPH-1552,white,Thasos,Helvola,-246,6.947,0.261,6.62,0.051,3.21,0.442,11.35,6.73
AMPH-1553,red,Rhodes,Helvola,-245,8.943,0.473,0.6,0.084,3.32,0.652,10.7,5.1
AMPH-1554,white,Kos,Argitis,-245,6.414,0.363,7.13,0.034,3.26,0.51,13.76,5.17
AMPH-1555,white,Kos,Argitis,-245,6.656,0.302,5.89,0.042,3.23,0.563,13.6,5.31
AMPH-1556,white,Rhodes,Helvola,-247,6.85,0.166,5.34,0.043,3.22,0.442,10.76,5.24
AMPH-1557,white,Rhodes,Apian,-245,6.483,0.269,6.51,0.039,3.18,0.646,10.86,8.5
AMPH-1558,red,Chios,Aminean,-247,9.476,0.45,4.12,0.077,3.15,0.547,12.61,7.25
AMPH-1559,red,Kos,Argitis,-245,9.14,0.572,0.93,0.107,3.29,0.786,14.02,6.36
AMPH-1560,red,Rhodes,Apian,-246,9.033,0.627,2.41,0.087,3.45,0.586,11.42,7.47
AMPH-1561,white,Rhodes,Eugenia,-245,6.171,0.274,6.72,0.053,3.05,0.557,9.89,7.65
AMPH-1562,red,Rhodes,Aminean,-245,6.505,0.509,2.91,0.074,3.38,0.438,12.64,7.39
AMPH-1563,white,Thasos,Helvola,-245,6.548,0.331,6.82,0.03,3.28,0.591,10.7,6.32
AMPH-1564,white,Chios,Apian,-246,6.721,0.271,6.2,0.066,3.3,0.57,11.47,7.67
AMPH-1565,red,Kos,Aminean,-245,7.695,0.573,4.47,0.077,3.17,0.651,11.9,7.9
AMPH-1566,white,Chios,Aminean,-245,7.838,0.251,9.09,0.034,3.14,0.474,12.23,7.2
AMPH-1567,white,Kos,Eugenia,-245,5.759,0.254,7.8,0.046,3.19,0.366,10.68,8.12
AMPH-1568,red,Kos,Eugenia,-245,8.259,0.401,3.0,0.094,3.36,0.599,10.6,8.48
AMPH-1569,white,Chios,Helvola,-245,7.742,0.272,4.93,0.045,3.16,0.629,10.66,5.39
AMPH-1570,white,Kos,Argitis,-247,6.177,0.276,7.13,0.05,3.14,0.319,13.63,5.5
AMPH-1571,white,Chios,Eugenia,-246,7.674,0.242,6.66,0.053,3.1,0.262,10.76,7.08
AMPH-1572,white,Kos,Duracina,-247,6.48,0.209,7.72,0.04,3.24,0.482,9.53,6.01
AMPH-1573,white,Thasos,Helvola,-247,6.956,0.327,3.25,0.051,3.16,0.567,11.92,5.97
AMPH-1574,white,Kos,Helvola,-246,7.098,0.223,7.77,0.043,3.01,0.505,11.19,6.03
AMPH-1575,red,Kos,Argitis,-246,8.466,0.523,2.68,0.091,3.39,0.726,13.41,5.2
AMPH-1576,white,Thasos,Argitis,-247,8.154,0.288,5.73,0.046,3.1,0.353,14.32,6.12
AMPH-1577,red,Chios,Apian,-247,8.204,0.515,2.91,0.094,3.28,0.863,11.4,7.5
AMPH-1578,white,Thasos,Duracina,-246,6.805,0.312,6.72,0.06,3.18,0.412,10.07,5.98
AMPH-1579,white,Chios,Aminean,-247,6.025,0.194,6.66,0.045,3.2,0.741,12.77,7.77
AMPH-1580,red,Chios,Apian,-247,7.757,0.51,1.35,0.095,3.36,0.774,11.58,7.64
AMPH-1581,red,Rhodes,Argitis,-246,8.095,0.495,2.5,0.07,3.41,0.846,13.98,5.11
AMPH-1582,white,Rhodes,Argitis,-246,7.603,0.277,6.79,0.041,3.18,0.2,13.95,4.55
AMPH-1583,white,Chios,Apian,-247,7.544,0.222,5.78,0.043,3.31,0.307,11.47,7.58
AMPH-1584,red,Kos,Apian,-247,7.619,0.556,1.78,0.086,3.2,0.646,11.99,7.76
AMPH-1585,white,Thasos,Argitis,-245,7.121,0.233,5.79,0.038,3.23,0.569,13.42,6.01
AMPH-1586,white,Chios,Aminean,-245,7.739,0.275,4.02,0.048,3.26,0.488,11.39,7.24
AMPH-1587,white,Rhodes,Apian,-247,7.154,0.321,5.97,0.052,3.31,0.247,11.32,7.42
AMPH-1588,white,Chios,Apian,-245,6.716,0.331,6.74,0.047,3.14,0.361,12.13,7.44
AMPH-1589,red,Rhodes,Helvola,-246,8.07,0.502,2.44,0.082,3.21,0.724,11.67,5.51
AMPH-1590,white,Thasos,Argitis,-245,5.869,0.367,5.38,0.042,3.29,0.315,14.61,6.05
AMPH-1591,white,Thasos,Duracina,-245,6.046,0.193,7.34,0.042,3.06,0.506,8.97,5.93
AMPH-1592,red,Thasos,Duracina,-245,7.918,0.562,3.82,0.084,3.35,0.808,9.55,6.33
AMPH-1593,white,Chios,Apian,-246,6.794,0.326,5.32,0.041,3.22,0.372,12.48,7.62
AMPH-1594,red,Chios,Apian,-247,7.832,0.509,3.43,0.094,3.36,0.767,12.68,8.19
AMPH-1595,white,Chios,Argitis,-245,5.099,0.23,6.22,0.062,3.17,0.676,13.3,5.18
AMPH-1596,red,Chios,Eugenia,-245,8.803,0.552,1.25,0.079,3.28,0.635,10.91,8.0
AMPH-1597,red,Thasos,Helvola,-246,7.463,0.598,0.98,0.079,3.35,0.533,11.14,6.76
AMPH-1598,white,Rhodes,Argitis,-247,7.33,0.308,7.68,0.043,3.12,0.605,13.51,5.71
AMPH-1599,red,Kos,Argitis,-246,8.269,0.517,2.37,0.078,3.22,0.64,13.38,5.27
AMPH-1600,white,Rhodes,Argitis,-246,6.132,0.145,4.49,0.034,3.21,0.284,13.48,5.98
AMPH-1601,red,Kos,Duracina,-245,8.193,0.509,1.57,0.087,3.32,0.766,9.46,5.75
AMPH-1602,red,Thasos,Argitis,-247,8.578,0.546,2.05,0.101,3.3,0.484,14.14,6.62
AMPH-1603,white,Rhodes,Eugenia,-245,6.569,0.248,5.7,0.06,3.23,0.407,10.97,8.34
AMPH-1604,white,Rhodes,Aminean,-246,6.376,0.28,6.63,0.035,3.23,0.506,12.33,7.68
AMPH-1605,white,Kos,Argitis,-247,6.417,0.273,5.66,0.053,3.2,0.433,14.38,5.98
AMPH-1606,white,Kos,Helvola,-245,7.489,0.326,7.5,0.04,3.14,0.402,10.56,5.79
AMPH-1607,white,Thasos,Duracina,-246,6.787,0.257,6.95,0.057,3.2,0.481,10.11,6.56
AMPH-1608,white,Chios,Apian,-246,6.885,0.278,7.47,0.047,3.2,0.623,11.57,7.99
AMPH-1609,white,Chios,Aminean,-247,6.133,0.278,4.97,0.036,3.16,0.24,12.81,7.15
AMPH-1610,white,Chios,Eugenia,-245,6.471,0.208,4.62,0.026,3.08,0.464,10.03,7.55
AMPH-1611,white,Rhodes,Aminean,-247,6.819,0.189,6.57,0.024,3.23,0.403,12.3,8.08
AMPH-1612,red,Rhodes,Eugenia,-246,7.694,0.551,1.0,0.079,3.37,0.628,10.41,8.1
AMPH-1613,red,Chios,Eugenia,-246,8.953,0.568,0.6,0.077,3.34,0.832,10.19,7.46
AMPH-1614,white,Kos,Eugenia,-247,6.973,0.169,8.44,0.037,3.22,0.437,9.79,8.39
AMPH-1615,red,Chios,Apian,-245,8.733,0.515,1.32,0.094,3.26,0.56,11.26,7.01
AMPH-1616,red,Thasos,Duracina,-247,9.357,0.514,3.05,0.102,3.29,0.599,10.0,6.1
AMPH-1617,red,Kos,Apian,-247,7.928,0.558,2.23,0.09,3.2,0.716,10.78,8.89
AMPH-1618,red,Chios,Helvola,-247,8.071,0.51,1.7,0.09,3.25,0.787,11.53,5.4
AMPH-1619,white,Kos,Argitis,-246,7.341,0.236,6.4,0.05,3.13,0.441,14.47,4.79
AMPH-1620,red,Thasos,Helvola,-245,7.882,0.528,1.51,0.085,3.42,0.682,11.48,6.0
AMPH-1621,white,Thasos,Apian,-247,6.808,0.198,6.21,0.043,3.22,0.519,11.46,8.53
AMPH-1622,white,Chios,Eugenia,-247,6.348,0.365,8.57,0.045,3.28,0.542,10.69,7.71
AMPH-1623,red,Rhodes,Argitis,-246,7.926,0.55,0.6,0.063,3.28,0.479,12.58,5.56
AMPH-1624,white,Rhodes,Helvola,-247,6.397,0.304,5.93,0.052,3.2,0.473,10.44,5.15
AMPH-1625,white,Chios,Eugenia,-246,6.79,0.328,5.57,0.05,3.26,0.418,9.71,7.26
AMPH-1626,white,Kos,Aminean,-247,6.422,0.258,8.25,0.044,3.2,0.471,12.14,8.66
AMPH-1627,red,Chios,Duracina,-245,7.804,0.575,1.82,0.09,3.32,0.693,10.03,4.41
AMPH-1628,red,Chios,Argitis,-246,7.649,0.539,3.1,0.1,3.33,0.828,13.92,4.89
AMPH-1629,white,Rhodes,Helvola,-245,5.86,0.28,6.29,0.024,3.38,0.542,10.48,5.39
AMPH-1630,white,Chios,Aminean,-247,7.819,0.331,5.88,0.051,3.2,0.291,12.79,7.58
AMPH-1631,white,Rhodes,Aminean,-246,7.115,0.199,6.67,0.038,3.24,0.444,12.21,7.33
AMPH-1632,red,Rhodes,Argitis,-245,7.811,0.439,2.57,0.084,3.21,0.767,13.27,5.94
AMPH-1633,white,Rhodes,Apian,-247,7.238,0.391,5.51,0.044,3.31,0.297,11.09,7.41
AMPH-1634,red,Rhodes,Helvola,-247,7.379,0.494,0.6,0.078,3.33,0.783,11.23,4.54
AMPH-1635,white,Thasos,Duracina,-246,7.249,0.273,7.5,0.058,3.22,0.303,9.48,6.04
AMPH-1636,white,Chios,Aminean,-246,7.132,0.297,6.6,0.044,3.14,0.62,13.07,7.71
AMPH-1637,red,Chios,Aminean,-245,8.33,0.482,3.86,0.1,3.35,0.493,12.19,6.98
AMPH-1638,white,Chios,Aminean,-245,7.195,0.226,6.06,0.036,3.32,0.443,12.19,7.94
AMPH-1639,red,Rhodes,Duracina,-246,8.785,0.557,4.85,0.093,3.31,0.728,8.74,5.25
AMPH-1640,white,Kos,Helvola,-247,6.965,0.174,6.46,0.053,3.23,0.539,11.03,5.3
AMPH-1641,red,Rhodes,Eugenia,-247,7.425,0.488,2.33,0.092,3.41,0.573,10.5,8.21
AMPH-1642,white,Thasos,Argitis,-245,6.464,0.191,7.39,0.046,3.06,0.523,14.04,5.04
AMPH-1643,white,Thasos,Duracina,-245,7.815,0.256,4.17,0.05,3.31,0.457,9.14,6.27
AMPH-1644,white,Thasos,Duracina,-246,6.457,0.318,6.02,0.051,3.15,0.592,9.31,6.59
AMPH-1645,white,Thasos,Argitis,-246,6.364,0.282,7.11,0.063,3.26,0.465,13.45,6.52
AMPH-1646,red,Rhodes,Eugenia,-245,8.352,0.508,0.6,0.087,3.3,0.982,10.2,6.93
AMPH-1647,red,Rhodes,Duracina,-245,8.188,0.474,2.65,0.093,3.27,0.672,10.48,5.87
AMPH-1648,white,Thasos,Helvola,-246,8.606,0.314,4.96,0.052,3.15,0.338,11.61,6.82
AMPH-1649,red,Rhodes,Argitis,-245,8.078,0.568,3.23,0.077,3.33,0.54,13.54,5.31
AMPH-1650,red,Chios,Apian,-245,7.363,0.558,1.96,0.076,3.29,0.796,10.8,8.9
AMPH-1651,red,Chios,Apian,-247,7.994,0.497,2.1,0.068,3.43,0.74,12.23,7.08
AMPH-1652,red,Kos,Argitis,-247,6.369,0.498,0.94,0.074,3.27,0.711,14.07,5.45
AMPH-1653,white,Thasos,Eugenia,-246,7.512,0.326,5.53,0.04,3.27,0.261,10.3,8.79
AMPH-1654,red,Rhodes,Eugenia,-247,8.315,0.518,2.55,0.086,3.33,0.652,9.88,7.51
AMPH-1655,white,Thasos,Duracina,-246,6.696,0.344,5.02,0.058,3.28,0.368,9.18,5.69
AMPH-1656,white,Thasos,Duracina,-245,6.661,0.318,5.42,0.049,3.28,0.815,9.73,5.87
AMPH-1657,white,Kos,Aminean,-246,7.275,0.279,6.46,0.047,3.28,0.352,12.32,8.06
AMPH-1658,red,Kos,Eugenia,-247,10.007,0.528,1.52,0.072,3.25,0.606,10.57,7.93
AMPH-1659,white,Chios,Eugenia,-246,7.228,0.318,6.13,0.023,3.28,0.502,10.82,7.92
AMPH-1660,red,Chios,Aminean,-246,7.343,0.511,2.04,0.104,3.31,0.859,11.91,7.23
AMPH-1661,white,Kos,Duracina,-245,6.697,0.207,4.73,0.042,3.16,0.398,9.52,5.13
AMPH-1662,white,Chios,Helvola,-245,7.353,0.31,5.77,0.061,3.08,0.401,11.53,4.64
AMPH-1663,red,Thasos,Argitis,-245,7.551,0.596,2.67,0.093,3.33,0.732,13.03,6.21
AMPH-1664,red,Rhodes,Argitis,-247,7.736,0.513,2.8,0.081,3.21,0.711,13.74,5.86
AMPH-1665,red,Chios,Aminean,-247,9.057,0.625,1.17,0.084,3.26,0.572,12.39,7.81
AMPH-1666,white,Kos,Eugenia,-247,7.361,0.345,7.95,0.036,3.21,0.475,10.34,7.67
AMPH-1667,red,Rhodes,Helvola,-246,7.998,0.554,3.68,0.091,3.26,0.709,10.97,5.38
AMPH-1668,white,Thasos,Argitis,-246,6.244,0.145,5.96,0.049,3.32,0.599,13.89,6.14
AMPH-1669,red,Thasos,Duracina,-247,8.647,0.596,5.81,0.099,3.21,0.702,10.01,6.01
AMPH-1670,white,Kos,Apian,-246,6.208,0.268,5.6,0.034,3.2,0.719,11.45,7.93
AMPH-1671,white,Chios,Eugenia,-247,7.561,0.268,3.51,0.063,3.15,0.359,10.87,7.68
AMPH-1672,white,Chios,Apian,-246,6.122,0.238,7.39,0.02,3.13,0.563,11.22,7.73
AMPH-1673,white,Chios,Eugenia,-245,6.611,0.329,5.92,0.038,3.32,0.46,10.28,7.98
AMPH-1674,white,Thasos,Duracina,-246,6.741,0.255,8.04,0.059,3.21,0.729,10.18,6.21
AMPH-1675,red,Chios,Apian,-245,9.303,0.614,4.77,0.096,3.36,0.622,11.65,7.22
AMPH-1676,red,Rhodes,Aminean,-246,8.71,0.522,4.47,0.095,3.32,0.624,12.25,8.04
AMPH-1677,red,Thasos,Argitis,-247,8.264,0.567,3.86,0.072,3.37,0.73,13.77,5.91
AMPH-1678,red,Kos,Duracina,-246,8.594,0.565,2.31,0.081,3.28,0.603,9.67,5.89
AMPH-1679,white,Rhodes,Apian,-247,7.469,0.186,5.04,0.043,3.05,0.596,11.22,7.46
AMPH-1680,red,Thasos,Argitis,-246,8.673,0.493,2.73,0.086,3.31,0.635,13.4,6.52
AMPH-1681,red,Chios,Aminean,-247,8.669,0.604,1.11,0.094,3.26,0.834,11.82,7.86
AMPH-1682,red,Chios,Apian,-245,7.96,0.44,3.52,0.08,3.36,0.776,11.05,7.51
AMPH-1683,white,Thasos,Aminean,-246,6.424,0.338,7.1,0.034,3.12,0.464,11.92,8.62
AMPH-1684,white,Rhodes,Duracina,-245,7.426,0.22,5.63,0.061,3.16,0.473,9.16,4.97
AMPH-1685,white,Chios,Eugenia,-246,7.341,0.267,7.24,0.056,3.13,0.428,10.52,7.82
AMPH-1686,white,Thasos,Duracina,-246,6.808,0.226,4.87,0.063,3.14,0.401,10.1,7.1
AMPH-1687,white,Rhodes,Argitis,-247,7.188,0.258,4.85,0.044,3.21,0.339,13.35,4.97
AMPH-1688,white,Chios,Apian,-246,6.459,0.386,4.83,0.056,3.1,0.588,11.34,7.58
AMPH-1689,white,Rhodes,Apian,-245,6.56,0.253,5.57,0.047,3.22,0.639,11.3,7.81
AMPH-1690,red,Thasos,Helvola,-247,8.109,0.496,2.11,0.09,3.42,0.761,11.76,6.24
AMPH-1691,red,Thasos,Argitis,-245,6.873,0.517,1.07,0.092,3.33,0.549,14.53,6.17
AMPH-1692,white,Chios,Aminean,-247,7.557,0.326,7.15,0.04,3.24,0.499,11.86,7.03
AMPH-1693,white,Thasos,Argitis,-246,7.352,0.348,8.07,0.052,3.2,0.532,14.86,6.35
AMPH-1694,white,Rhodes,Eugenia,-246,7.358,0.273,7.34,0.046,3.25,0.68,10.76,7.77
AMPH-1695,white,Chios,Duracina,-247,8.566,0.371,8.54,0.046,3.26,0.574,9.93,4.34
AMPH-1696,white,Thasos,Argitis,-246,6.401,0.216,4.0,0.045,3.2,0.445,13.79,6.08
AMPH-1697,red,Kos,Apian,-245,8.602,0.603,1.6,0.09,3.27,0.674,11.49,8.15
AMPH-1698,white,Kos,Eugenia,-247,8.058,0.21,6.57,0.029,3.23,0.651,9.99,7.99
AMPH-1699,white,Rhodes,Argitis,-246,7.308,0.269,6.38,0.04,3.16,0.479,13.43,5.49
AMPH-1700,red,Chios,Apian,-245,8.668,0.485,1.74,0.084,3.14,0.848,11.9,7.26
AMPH-1701,white,Kos,Argitis,-247,6.322,0.239,3.76,0.05,3.09,0.317,13.96,5.55
AMPH-1702,white,Chios,Aminean,-246,7.193,0.229,7.53,0.041,3.2,0.319,12.22,7.53
AMPH-1703,red,Rhodes,Aminean,-247,7.785,0.58,2.35,0.087,3.44,0.604,12.09,8.15
AMPH-1704,red,Rhodes,Helvola,-245,7.693,0.524,0.6,0.077,3.27,0.429,11.2,5.38
AMPH-1705,white,Chios,Apian,-246,6.403,0.339,9.49,0.053,3.11,0.408,11.1,7.92
AMPH-1706,white,Thasos,Argitis,-246,7.625,0.348,5.62,0.04,3.2,0.616,14.39,6.11
AMPH-1707,white,Kos,Helvola,-246,7.051,0.265,5.33,0.049,3.24,0.747,11.11,5.5
AMPH-1708,white,Thasos,Duracina,-245,7.209,0.382,5.49,0.047,3.23,0.327,9.26,6.85
AMPH-1709,white,Kos,Eugenia,-247,6.445,0.325,5.63,0.046,3.11,0.573,10.36,7.4
AMPH-1710,white,Chios,Eugenia,-247,6.803,0.272,6.81,0.055,3.11,0.367,10.15,7.77
AMPH-1711,white,Chios,Aminean,-245,7.202,0.361,6.61,0.04,3.19,0.355,12.34,6.51
AMPH-1712,white,Thasos,Duracina,-247,7.388,0.273,9.52,0.05,3.15,0.47,10.14,6.2
AMPH-1713,red,Chios,Eugenia,-245,8.357,0.574,0.6,0.096,3.31,0.704,9.26,7.52
AMPH-1714,red,Thasos,Duracina,-246,7.555,0.572,1.17,0.08,3.16,0.569,10.05,6.51
AMPH-1715,red,Kos,Duracina,-246,7.781,0.549,0.6,0.095,3.29,0.646,9.84,5.45
AMPH-1716,white,Rhodes,Helvola,-247,7.018,0.257,7.79,0.046,3.1,0.666,11.15,5.34
AMPH-1717,white,Thasos,Duracina,-247,8.982,0.295,6.09,0.053,3.16,0.618,10.9,5.72
AMPH-1718,white,Kos,Argitis,-246,6.835,0.327,4.73,0.039,3.27,0.65,13.04,6.29
AMPH-1719,white,Rhodes,Aminean,-247,7.789,0.277,6.95,0.044,3.16,0.696,12.29,7.65
AMPH-1720,red,Thasos,Argitis,-247,8.287,0.556,0.91,0.087,3.26,0.539,13.9,6.27
AMPH-1721,white,Chios,Aminean,-247,7.974,0.251,7.75,0.059,3.14,0.601,12.5,8.03
AMPH-1722,red,Rhodes,Apian,-245,8.476,0.524,0.6,0.087,3.45,0.574,10.93,8.09
AMPH-1723,white,Thasos,Duracina,-246,6.565,0.263,6.61,0.058,3.18,0.574,9.67,5.83
AMPH-1724,red,Rhodes,Apian,-247,8.655,0.592,0.6,0.083,3.27,0.506,11.47,8.26
AMPH-1725,white,Rhodes,Aminean,-246,6.595,0.31,5.77,0.037,3.2,0.514,12.02,7.44
AMPH-1726,red,Kos,Eugenia,-247,7.794,0.568,4.09,0.106,3.47,0.779,10.45,7.93
AMPH-1727,red,Thasos,Argitis,-245,7.661,0.51,3.14,0.087,3.36,0.641,14.57,6.0
AMPH-1728,white,Kos,Helvola,-247,7.265,0.312,5.45,0.054,3.29,0.527,10.73,6.05
AMPH-1729,red,Thasos,Helvola,-246,9.24,0.534,0.6,0.086,3.39,0.704,10.66,6.04
AMPH-1730,white,Rhodes,Argitis,-246,6.461,0.268,7.75,0.041,3.11,0.422,13.5,4.78
AMPH-1731,white,Chios,Duracina,-247,6.225,0.302,4.01,0.062,3.14,0.46,10.62,4.86
AMPH-1732,white,Chios,Apian,-246,6.259,0.318,4.15,0.042,3.12,0.2,10.88,7.4
AMPH-1733,red,Rhodes,Duracina,-245,8.236,0.531,1.79,0.08,3.26,0.784,9.6,5.25
AMPH-1734,white,Chios,Eugenia,-246,6.949,0.339,4.39,0.039,3.21,0.311,10.35,7.74
AMPH-1735,white,Rhodes,Aminean,-245,7.524,0.374,6.02,0.051,3.01,0.446,11.85,7.28
AMPH-1736,white,Thasos,Argitis,-245,7.815,0.291,7.46,0.027,3.15,0.538,14.22,6.81
AMPH-1737,white,Rhodes,Helvola,-247,6.321,0.272,5.83,0.068,3.31,0.461,11.38,5.36
AMPH-1738,white,Thasos,Duracina,-246,6.692,0.219,8.39,0.038,3.19,0.305,9.86,5.59
AMPH-1739,white,Rhodes,Apian,-247,5.946,0.239,7.05,0.041,3.25,0.456,11.11,8.16
AMPH-1740,white,Thasos,Argitis,-246,7.413,0.28,7.29,0.053,3.21,0.236,13.69,5.71
AMPH-1741,red,Chios,Eugenia,-245,8.288,0.494,4.19,0.08,3.4,0.645,10.21,7.91
AMPH-1742,red,Rhodes,Eugenia,-247,8.438,0.495,0.6,0.084,3.29,0.568,9.95,7.63
AMPH-1743,red,Kos,Duracina,-246,8.364,0.497,3.2,0.072,3.48,0.838,10.42,5.99
AMPH-1744,white,Chios,Eugenia,-245,6.456,0.219,4.46,0.039,3.23,0.442,10.16,8.04
AMPH-1745,red,Chios,Helvola,-245,9.007,0.54,2.78,0.095,3.17,0.716,11.01,4.6
AMPH-1746,white,Rhodes,Apian,-246,6.717,0.345,7.88,0.064,3.12,0.656,12.0,7.85
AMPH-1747,white,Rhodes,Duracina,-246,8.108,0.363,7.3,0.045,3.1,0.686,9.12,5.66
AMPH-1748,white,Rhodes,Aminean,-246,6.001,0.257,4.6,0.035,3.16,0.712,11.75,8.52
AMPH-1749,red,Chios,Aminean,-247,7.601,0.567,1.82,0.088,3.34,0.774,12.73,7.25
AMPH-1750,red,Kos,Duracina,-245,8.877,0.642,1.7,0.08,3.19,0.945,9.5,5.44
AMPH-1751,white,Chios,Apian,-245,6.851,0.348,6.01,0.046,3.23,0.446,11.11,7.84
AMPH-1752,white,Thasos,Aminean,-247,5.793,0.238,7.21,0.043,3.16,0.503,11.97,8.47
AMPH-1753,white,Thasos,Duracina,-246,6.584,0.256,4.85,0.031,3.12,0.2,9.21,5.29
AMPH-1754,red,Rhodes,Apian,-245,7.906,0.501,2.09,0.106,3.23,0.785,11.81,7.55
AMPH-1755,red,Kos,Helvola,-247,8.363,0.443,0.6,0.099,3.46,0.514,11.51,6.51
AMPH-1756,white,Thasos,Duracina,-247,6.648,0.344,6.68,0.065,3.2,0.421,9.67,5.82
AMPH-1757,white,Thasos,Duracina,-246,7.057,0.249,7.29,0.038,3.33,0.459,9.82,6.43
AMPH-1758,red,Kos,Apian,-247,8.195,0.546,1.24,0.083,3.34,0.433,11.26,8.49
AMPH-1759,red,Chios,Apian,-245,8.362,0.6,2.43,0.08,3.3,0.647,12.0,7.24
AMPH-1760,white,Chios,Aminean,-246,6.446,0.17,6.31,0.062,3.12,0.527,12.3,7.06
AMPH-1761,white,Chios,Aminean,-247,7.359,0.309,3.35,0.06,3.24,0.633,12.37,7.94
AMPH-1762,white,Chios,Eugenia,-245,7.198,0.385,6.24,0.041,3.2,0.413,10.04,7.7
AMPH-1763,white,Kos,Eugenia,-245,6.582,0.283,5.09,0.06,3.22,0.476,10.7,8.02
AMPH-1764,white,Chios,Apian,-246,6.751,0.358,5.82,0.039,3.28,0.614,12.03,7.64
AMPH-1765,white,Thasos,Helvola,-245,7.075,0.327,7.83,0.032,3.21,0.356,10.81,6.46
AMPH-1766,white,Kos,Duracina,-245,7.744,0.226,7.69,0.054,3.26,0.627,9.6,5.69
AMPH-1767,white,Thasos,Duracina,-246,6.826,0.324,3.99,0.041,3.01,0.416,10.16,6.27
AMPH-1768,red,Chios,Eugenia,-247,8.731,0.556,1.75,0.086,3.39,0.302,9.89,7.39
AMPH-1769,red,Chios,Apian,-246,8.568,0.633,2.87,0.08,3.24,0.741,11.97,7.97
AMPH-1770,red,Chios,Apian,-246,9.116,0.52,2.81,0.096,3.23,0.527,11.2,7.44
AMPH-1771,red,Rhodes,Helvola,-246,9.091,0.527,3.58,0.093,3.36,0.549,11.59,5.03
AMPH-1772,white,Thasos,Argitis,-247,6.466,0.271,6.35,0.06,3.36,0.256,13.95,6.45
AMPH-1773,white,Rhodes,Eugenia,-246,6.741,0.265,8.53,0.056,3.27,0.726,9.92,8.09
AMPH-1774,white,Kos,Eugenia,-245,6.614,0.307,4.72,0.057,3.05,0.366,10.6,8.19
AMPH-1775,white,Rhodes,Argitis,-246,7.999,0.323,6.49,0.06,3.2,0.575,14.0,5.15
AMPH-1776,red,Thasos,Helvola,-245,8.32,0.528,2.0,0.088,3.28,0.582,12.23,6.74
AMPH-1777,white,Rhodes,Eugenia,-246,7.456,0.284,5.74,0.043,3.16,0.299,10.82,8.12
AMPH-1778,white,Thasos,Helvola,-245,6.854,0.292,4.8,0.045,3.05,0.433,10.86,6.11
AMPH-1779,white,Rhodes,Eugenia,-246,6.924,0.285,6.52,0.043,3.12,0.534,9.44,7.7
AMPH-1780,white,Thasos,Argitis,-247,6.045,0.294,5.58,0.057,3.15,0.426,13.46,6.25
AMPH-1781,red,Thasos,Argitis,-247,9.09,0.483,3.65,0.092,3.45,0.612,13.35,6.59
AMPH-1782,red,Rhodes,Argitis,-245,7.938,0.653,4.08,0.094,3.27,0.98,13.36,4.91
AMPH-1783,red,Rhodes,Duracina,-247,8.16,0.564,4.28,0.062,3.34,0.741,9.93,5.14
AMPH-1784,white,Thasos,Helvola,-247,6.775,0.336,7.05,0.043,3.08,0.697,10.97,6.18
AMPH-1785,white,Thasos,Duracina,-246,6.337,0.3,8.68,0.045,3.2,0.243,9.53,6.38
AMPH-1786,white,Thasos,Duracina,-245,6.724,0.234,6.36,0.045,3.09,0.524,9.12,6.26
AMPH-1787,red,Kos,Argitis,-246,8.832,0.537,2.71,0.071,3.31,0.809,14.22,5.57
AMPH-1788,white,Rhodes,Duracina,-246,6.7,0.327,5.09,0.041,3.24,0.51,10.14,4.99
AMPH-1789,red,Rhodes,Aminean,-245,7.68,0.556,1.57,0.089,3.37,0.68,11.99,7.95
AMPH-1790,white,Chios,Eugenia,-245,7.334,0.315,5.76,0.039,3.26,0.213,10.19,7.14
AMPH-1791,red,Rhodes,Duracina,-245,8.09,0.612,2.07,0.094,3.35,0.53,9.44,5.25
AMPH-1792,white,Kos,Apian,-245,6.479,0.333,6.42,0.041,3.19,0.614,11.89,7.69
AMPH-1793,white,Thasos,Helvola,-245,7.384,0.349,2.73,0.055,3.15,0.368,10.94,6.05
AMPH-1794,white,Thasos,Aminean,-246,6.217,0.253,7.52,0.046,3.06,0.439,12.51,8.15
AMPH-1795,red,Chios,Aminean,-245,8.807,0.596,0.6,0.083,3.29,0.609,12.09,7.55
AMPH-1796,white,Chios,Eugenia,-245,6.344,0.236,6.08,0.054,3.43,0.524,9.88,6.95
AMPH-1797,white,Rhodes,Apian,-246,6.479,0.246,5.45,0.044,3.14,0.492,11.66,7.81
AMPH-1798,white,Rhodes,Duracina,-246,8.277,0.336,6.09,0.039,3.25,0.509,10.4,5.1
AMPH-1799,white,Rhodes,Aminean,-246,7.592,0.25,4.45,0.045,3.18,0.497,12.15,8.07
AMPH-1800,red,Chios,Helvola,-247,7.94,0.532,3.16,0.08,3.3,0.859,10.59,4.57
AMPH-1801,red,Chios,Aminean,-245,7.594,0.492,2.97,0.088,3.34,0.533,12.01,7.82
AMPH-1802,white,Thasos,Helvola,-245,7.489,0.245,7.02,0.04,3.18,0.723,10.77,6.08
AMPH-1803,white,Chios,Apian,-246,5.23,0.361,6.92,0.052,3.17,0.372,11.52,7.78
AMPH-1804,white,Rhodes,Aminean,-246,7.44,0.317,5.74,0.063,3.17,0.477,11.66,8.01
AMPH-1805,white,Kos,Apian,-245,5.63,0.253,4.43,0.052,3.11,0.42,11.93,8.62
AMPH-1806,red,Chios,Aminean,-245,9.617,0.497,3.12,0.104,3.32,0.472,13.46,8.08
AMPH-1807,white,Thasos,Eugenia,-247,6.85,0.262,6.71,0.068,3.24,0.32,10.47,8.62
AMPH-1808,white,Rhodes,Eugenia,-245,7.345,0.231,6.05,0.029,3.29,0.287,10.25,7.57
AMPH-1809,white,Rhodes,Aminean,-245,7.359,0.206,8.03,0.06,3.09,0.521,12.19,7.44
AMPH-1810,white,Rhodes,Helvola,-247,7.486,0.212,7.84,0.079,3.16,0.424,11.06,6.12
AMPH-1811,white,Rhodes,Helvola,-245,6.23,0.207,7.84,0.063,3.05,0.486,11.13,5.95
AMPH-1812,red,Kos,Argitis,-245,8.742,0.536,2.87,0.081,3.22,0.652,13.33,6.61
AMPH-1813,red,Chios,Eugenia,-247,8.435,0.606,2.95,0.096,3.32,0.58,9.93,7.27
AMPH-1814,white,Rhodes,Helvola,-246,6.2,0.317,8.34,0.057,3.18,0.474,10.71,5.51
AMPH-1815,white,Rhodes,Duracina,-245,6.962,0.322,4.97,0.055,3.21,0.509,9.85,5.51
AMPH-1816,white,Thasos,Duracina,-245,6.868,0.279,5.78,0.043,3.17,0.439,9.44,5.97
AMPH-1817,red,Thasos,Helvola,-245,7.525,0.561,5.03,0.084,3.21,0.685,11.68,6.32
AMPH-1818,white,Chios,Eugenia,-247,6.301,0.34,9.75,0.04,3.3,0.298,10.22,6.79
AMPH-1819,red,Kos,Eugenia,-246,7.74,0.55,2.51,0.099,3.47,0.616,9.75,7.64
AMPH-1820,red,Chios,Apian,-247,8.428,0.498,3.01,0.083,3.36,0.748,11.78,8.18
AMPH-1821,white,Kos,Eugenia,-245,7.077,0.334,7.21,0.044,3.14,0.506,10.19,7.84
AMPH-1822,white,Rhodes,Helvola,-247,7.106,0.222,4.7,0.033,3.22,0.606,11.2,4.92
AMPH-1823,white,Chios,Aminean,-246,6.968,0.321,6.0,0.036,2.99,0.467,12.2,7.39
AMPH-1824,white,Kos,Argitis,-245,6.503,0.302,6.16,0.041,3.15,0.2,13.54,5.62
AMPH-1825,white,Rhodes,Helvola,-247,6.887,0.225,5.99,0.04,3.24,0.601,10.23,5.3
AMPH-1826,red,Chios,Eugenia,-246,8.272,0.493,1.05,0.081,3.3,0.608,9.44,7.1
AMPH-1827,white,Thasos,Apian,-246,6.795,0.256,7.24,0.034,3.17,0.708,10.38,9.09
AMPH-1828,red,Thasos,Argitis,-245,7.813,0.449,2.73,0.081,3.32,0.622,13.59,6.1
AMPH-1829,red,Rhodes,Duracina,-245,8.434,0.574,3.38,0.089,3.38,0.653,9.33,5.01
AMPH-1830,red,Kos,Aminean,-245,7.886,0.473,3.75,0.083,3.28,0.716,12.46,7.61
AMPH-1831,white,Thasos,Helvola,-246,7.588,0.217,9.38,0.054,3.06,0.542,10.39,5.9
AMPH-1832,white,Thasos,Helvola,-246,7.132,0.295,5.63,0.056,3.01,0.533,11.2,6.65
AMPH-1833,white,Chios,Aminean,-246,6.917,0.322,4.36,0.052,3.13,0.497,12.32,7.62
AMPH-1834,red,Kos,Apian,-247,9.192,0.531,3.11,0.096,3.21,0.425,11.43,8.31
AMPH-1835,white,Kos,Apian,-246,6.98,0.32,4.3,0.043,3.22,0.391,12.2,8.38
AMPH-1836,white,Rhodes,Eugenia,-247,7.438,0.229,8.31,0.059,3.23,0.584,10.41,8.0
AMPH-1837,red,Chios,Duracina,-246,8.339,0.578,0.93,0.08,3.36,0.872,9.99,5.08
AMPH-1838,red,Kos,Helvola,-245,8.679,0.396,2.05,0.073,3.46,0.67,11.41,5.24
AMPH-1839,white,Thasos,Argitis,-246,6.295,0.237,6.27,0.047,3.02,0.487,13.21,6.74
AMPH-1840,red,Rhodes,Duracina,-246,7.627,0.561,4.68,0.108,3.25,0.724,9.67,5.76
AMPH-1841,white,Chios,Aminean,-246,7.599,0.233,4.38,0.065,3.21,0.286,12.57,7.07
AMPH-1842,white,Chios,Apian,-247,6.688,0.233,4.47,0.038,3.18,0.601,10.55,7.52
AMPH-1843,red,Chios,Argitis,-245,8.733,0.489,3.6,0.066,3.34,0.728,12.99,5.42
AMPH-1844,white,Thasos,Helvola,-246,6.351,0.306,6.32,0.044,3.1,0.532,11.66,6.04
AMPH-1845,white,Thasos,Helvola,-246,6.525,0.255,7.02,0.049,3.19,0.724,11.09,5.41
AMPH-1846,white,Kos,Eugenia,-247,6.792,0.268,7.39,0.049,3.24,0.85,9.97,8.16
AMPH-1847,white,Kos,Argitis,-245,7.482,0.325,4.52,0.039,3.37,0.385,13.69,4.68
AMPH-1848,red,Chios,Aminean,-246,8.096,0.471,1.27,0.064,3.41,0.666,12.27,7.2
AMPH-1849,white,Rhodes,Aminean,-247,8.34,0.263,5.28,0.057,3.19,0.648,12.65,7.6
AMPH-1850,red,Rhodes,Argitis,-245,8.549,0.554,2.29,0.083,3.45,0.824,13.62,5.23
AMPH-1851,white,Kos,Eugenia,-246,7.248,0.27,6.31,0.04,3.19,0.491,9.78,8.26
AMPH-1852,red,Rhodes,Helvola,-247,8.751,0.498,2.54,0.083,3.3,0.54,11.32,5.38
AMPH-1853,red,Kos,Apian,-245,8.835,0.585,1.46,0.083,3.2,0.712,10.93,8.05
AMPH-1854,white,Kos,Eugenia,-247,6.166,0.273,4.08,0.067,3.15,0.452,9.99,8.19
AMPH-1855,white,Kos,Aminean,-246,6.743,0.256,7.18,0.055,3.13,0.576,11.77,8.29
AMPH-1856,white,Thasos,Argitis,-246,6.404,0.326,4.71,0.046,3.21,0.685,13.71,5.4
AMPH-1857,red,Rhodes,Aminean,-247,9.23,0.446,2.71,0.086,3.28,0.438,12.86,6.96
AMPH-1858,white,Rhodes,Helvola,-247,6.822,0.257,7.15,0.038,3.11,0.518,10.86,5.26
AMPH-1859,white,Chios,Eugenia,-246,7.349,0.199,7.31,0.033,3.06,0.546,10.37,7.48
AMPH-1860,white,Chios,Apian,-247,7.882,0.277,7.85,0.06,3.19,0.311,11.5,7.27
AMPH-1861,white,Chios,Eugenia,-245,7.786,0.322,5.79,0.055,3.19,0.455,10.43,6.92
AMPH-1862,white,Kos,Eugenia,-247,7.683,0.293,5.51,0.052,3.13,0.594,9.95,8.21
AMPH-1863,white,Kos,Aminean,-247,7.23,0.329,7.42,0.056,3.19,0.506,12.85,7.94
AMPH-1864,white,Kos,Aminean,-246,6.793,0.292,7.13,0.054,3.24,0.39,13.32,8.47
AMPH-1865,red,Thasos,Argitis,-247,8.791,0.567,2.13,0.098,3.38,0.796,13.93,5.61
AMPH-1866,red,Kos,Aminean,-246,8.26,0.494,0.6,0.087,3.25,0.586,12.32,7.99
AMPH-1867,white,Thasos,Duracina,-246,6.907,0.259,4.73,0.034,3.13,0.521,8.69,6.0
AMPH-1868,white,Thasos,Argitis,-245,6.352,0.225,6.95,0.042,3.17,0.765,13.82,5.79
AMPH-1869,white,Kos,Apian,-245,7.945,0.146,6.72,0.04,3.14,0.595,11.71,7.45
AMPH-1870,red,Chios,Eugenia,-247,9.583,0.57,4.0,0.096,3.19,0.592,10.77,7.57
AMPH-1871,white,Thasos,Argitis,-245,7.683,0.236,7.42,0.043,3.33,0.74,13.5,5.67
AMPH-1872,white,Chios,Aminean,-246,7.103,0.113,6.76,0.052,3.28,0.373,12.79,7.99
AMPH-1873,white,Rhodes,Apian,-247,7.058,0.32,4.91,0.04,3.05,0.316,12.54,7.75
AMPH-1874,white,Chios,Eugenia,-247,6.494,0.272,5.94,0.048,3.2,0.724,10.75,7.86
AMPH-1875,red,Chios,Aminean,-247,8.864,0.511,1.57,0.091,3.28,0.748,12.39,7.6
AMPH-1876,white,Chios,Eugenia,-247,6.587,0.269,5.7,0.046,3.22,0.498,9.69,8.15
AMPH-1877,white,Thasos,Argitis,-245,6.185,0.338,6.58,0.058,3.29,0.435,13.65,6.52
AMPH-1878,red,Thasos,Duracina,-247,8.518,0.503,4.1,0.083,3.17,0.632,10.28,5.78
AMPH-1879,white,Thasos,Helvola,-245,7.329,0.27,6.75,0.04,3.22,0.396,11.05,6.12
AMPH-1880,white,Kos,Eugenia,-247,5.972,0.306,7.41,0.051,3.02,0.653,10.86,8.39
AMPH-1881,white,Chios,Eugenia,-246,6.74,0.217,5.84,0.031,3.25,0.403,9.51,7.44
AMPH-1882,white,Kos,Duracina,-247,6.203,0.336,4.71,0.048,3.22,0.698,9.05,5.68
AMPH-1883,red,Rhodes,Duracina,-245,7.813,0.518,0.6,0.09,3.33,0.862,10.31,5.57
AMPH-1884,red,Thasos,Duracina,-247,7.535,0.57,4.52,0.086,3.3,0.528,9.7,5.75
AMPH-1885,red,Chios,Eugenia,-247,6.962,0.607,2.12,0.09,3.23,0.682,10.48,7.71
AMPH-1886,red,Kos,Aminean,-247,8.307,0.457,5.01,0.086,3.31,0.293,12.8,8.42
AMPH-1887,red,Chios,Apian,-247,8.417,0.497,5.13,0.101,3.19,0.83,11.16,7.79
AMPH-1888,white,Thasos,Argitis,-246,7.936,0.306,6.87,0.048,3.12,0.772,13.64,5.86
AMPH-1889,white,Thasos,Argitis,-246,6.928,0.307,5.95,0.036,3.18,0.315,14.28,6.32
AMPH-1890,white,Chios,Apian,-247,6.82,0.248,8.72,0.033,3.2,0.477,10.84,7.92
AMPH-1891,white,Thasos,Apian,-247,6.372,0.179,6.51,0.046,3.21,0.486,11.7,8.81
AMPH-1892,white,Thasos,Aminean,-246,6.228,0.311,5.46,0.05,3.17,0.417,12.72,8.36
AMPH-1893,white,Thasos,Duracina,-247,6.05,0.256,7.16,0.05,3.1,0.322,9.62,6.59
AMPH-1894,white,Rhodes,Apian,-245,7.326,0.323,5.33,0.028,3.25,0.258,11.12,7.93
AMPH-1895,red,Kos,Apian,-246,7.212,0.571,2.34,0.073,3.31,0.756,11.27,7.57
AMPH-1896,white,Chios,Eugenia,-247,6.865,0.334,3.75,0.064,3.21,0.42,9.75,7.73
AMPH-1897,white,Kos,Helvola,-245,5.633,0.253,7.05,0.043,3.2,0.638,10.89,5.1
AMPH-1898,white,Kos,Helvola,-247,5.987,0.354,7.52,0.067,3.12,0.469,11.45,5.8
AMPH-1899,white,Rhodes,Eugenia,-246,6.539,0.322,7.44,0.053,3.16,0.585,10.34,7.4
AMPH-1900,red,Chios,Argitis,-247,8.794,0.479,3.4,0.071,3.2,0.567,14.15,4.97
AMPH-1901,white,Rhodes,Aminean,-245,7.95,0.286,7.78,0.046,3.15,0.37,12.39,7.73
AMPH-1902,white,Thasos,Argitis,-247,7.328,0.274,7.49,0.051,3.28,0.471,13.37,5.64
AMPH-1903,white,Chios,Aminean,-245,7.648,0.362,5.19,0.051,3.18,0.388,12.23,7.71
AMPH-1904,white,Chios,Aminean,-247,7.469,0.273,8.12,0.059,3.16,0.324,12.34,8.29
AMPH-1905,white,Kos,Argitis,-245,6.664,0.205,5.16,0.051,3.31,0.69,14.09,4.77
AMPH-1906,white,Rhodes,Eugenia,-247,7.133,0.368,6.45,0.046,3.14,0.577,9.79,8.26
AMPH-1907,white,Rhodes,Aminean,-245,7.271,0.358,6.31,0.065,3.04,0.578,12.82,7.86
AMPH-1908,white,Kos,Aminean,-247,7.051,0.264,6.43,0.048,3.11,0.339,12.2,7.77
AMPH-1909,white,Kos,Apian,-247,6.432,0.338,6.45,0.039,3.14,0.361,11.58,8.81
AMPH-1910,white,Rhodes,Duracina,-245,6.868,0.344,7.74,0.045,3.29,0.326,10.25,4.92
AMPH-1911,red,Kos,Duracina,-247,8.273,0.499,2.49,0.069,3.15,0.583,10.53,5.66
AMPH-1912,red,Rhodes,Duracina,-247,8.103,0.536,0.97,0.091,3.22,0.537,9.75,6.03
AMPH-1913,white,Kos,Argitis,-247,6.111,0.217,8.19,0.045,3.27,0.69,14.29,5.23
AMPH-1914,red,Chios,Apian,-247,7.307,0.506,2.5,0.071,3.21,0.802,11.06,6.97
AMPH-1915,red,Rhodes,Apian,-245,8.897,0.573,2.15,0.094,3.31,0.591,12.17,7.69
AMPH-1916,white,Rhodes,Apian,-247,6.41,0.327,6.64,0.047,3.32,0.438,11.44,7.41
AMPH-1917,red,Kos,Duracina,-245,8.25,0.562,0.61,0.073,3.37,0.778,10.09,5.64
AMPH-1918,red,Chios,Eugenia,-245,8.7,0.539,2.93,0.092,3.34,0.821,9.99,6.88
AMPH-1919,white,Kos,Apian,-247,6.595,0.388,7.22,0.03,3.26,0.497,11.32,7.58
AMPH-1920,white,Chios,Apian,-247,5.516,0.271,6.13,0.039,3.19,0.448,12.16,8.07
AMPH-1921,red,Thasos,Duracina,-245,8.665,0.526,2.36,0.088,3.27,0.851,10.45,7.21
AMPH-1922,white,Kos,Apian,-247,7.065,0.39,7.51,0.041,2.95,0.543,11.71,8.03
AMPH-1923,white,Kos,Duracina,-245,7.233,0.259,5.5,0.039,3.26,0.585,9.79,5.65
AMPH-1924,white,Kos,Apian,-247,5.982,0.265,4.73,0.049,3.17,0.741,12.05,7.86
AMPH-1925,white,Thasos,Eugenia,-245,6.957,0.253,7.69,0.064,3.18,0.419,10.22,7.95
AMPH-1926,white,Rhodes,Eugenia,-245,7.323,0.257,7.04,0.068,3.21,0.462,10.0,7.23
AMPH-1927,red,Rhodes,Duracina,-246,7.737,0.572,2.35,0.08,3.43,0.678,9.32,5.48
AMPH-1928,red,Thasos,Argitis,-245,9.588,0.511,1.65,0.082,3.37,0.524,13.41,6.16
AMPH-1929,white,Kos,Aminean,-246,6.984,0.253,6.86,0.034,3.12,0.552,12.09,8.25
AMPH-1930,white,Kos,Eugenia,-247,7.449,0.238,6.2,0.054,3.24,0.467,9.53,8.82
AMPH-1931,red,Rhodes,Eugenia,-246,8.208,0.609,3.81,0.098,3.24,0.663,10.35,7.5
AMPH-1932,red,Thasos,Helvola,-245,7.561,0.511,2.38,0.094,3.2,0.835,11.56,6.54
AMPH-1933,red,Rhodes,Helvola,-246,7.517,0.515,0.6,0.099,3.45,0.715,11.06,5.15
AMPH-1934,red,Chios,Aminean,-245,8.442,0.537,2.1,0.078,3.31,0.574,12.97,7.49
AMPH-1935,red,Thasos,Helvola,-245,7.593,0.501,1.91,0.093,3.42,0.804,11.32,5.94
AMPH-1936,red,Chios,Aminean,-246,8.251,0.589,2.19,0.084,3.23,0.714,12.6,7.55
AMPH-1937,white,Thasos,Duracina,-247,6.005,0.309,6.48,0.031,3.2,0.468,10.65,6.02
AMPH-1938,red,Thasos,Argitis,-245,7.748,0.506,2.86,0.107,3.46,0.641,13.81,5.87
AMPH-1939,red,Kos,Argitis,-246,8.566,0.504,3.82,0.084,3.37,0.548,12.93,5.6
AMPH-1940,red,Kos,Argitis,-246,7.273,0.485,1.27,0.065,3.21,0.45,13.99,6.02
AMPH-1941,red,Thasos,Argitis,-247,8.242,0.523,3.29,0.092,3.23,0.636,13.86,6.31
AMPH-1942,white,Thasos,Helvola,-247,8.356,0.292,5.81,0.037,3.14,0.631,11.08,6.32
AMPH-1943,white,Chios,Eugenia,-246,7.397,0.262,5.29,0.061,3.26,0.415,9.75,7.94
AMPH-1944,white,Kos,Duracina,-246,7.657,0.253,7.71,0.035,3.24,0.606,9.54,5.16
AMPH-1945,white,Chios,Helvola,-246,6.375,0.333,6.03,0.054,3.19,0.71,10.71,4.74
AMPH-1946,red,Rhodes,Helvola,-246,8.293,0.591,2.38,0.084,3.25,0.633,11.37,4.75
AMPH-1947,white,Kos,Apian,-246,7.28,0.356,5.23,0.049,3.24,0.555,10.73,7.64
AMPH-1948,red,Thasos,Aminean,-246,7.967,0.533,2.19,0.093,3.54,0.76,12.4,8.21
AMPH-1949,red,Chios,Aminean,-245,9.395,0.58,0.67,0.097,3.36,0.517,12.24,7.44
AMPH-1950,red,Chios,Apian,-247,8.353,0.509,3.26,0.113,3.33,0.618,12.04,7.21
AMPH-1951,red,Thasos,Argitis,-247,8.964,0.514,0.6,0.08,3.26,0.625,13.98,6.8
AMPH-1952,white,Thasos,Argitis,-247,6.435,0.28,6.0,0.043,3.16,0.662,14.35,5.66
AMPH-1953,white,Thasos,Helvola,-247,6.575,0.265,4.66,0.044,3.21,0.275,11.1,6.56
AMPH-1954,red,Chios,Aminean,-246,8.328,0.484,1.52,0.099,3.33,0.809,11.82,7.15
AMPH-1955,white,Kos,Apian,-245,6.042,0.223,5.9,0.032,3.15,0.476,11.98,7.8
AMPH-1956,white,Kos,Apian,-246,6.815,0.229,7.74,0.036,3.17,0.611,10.97,8.84
AMPH-1957,white,Kos,Argitis,-245,6.71,0.334,5.85,0.039,3.16,0.477,14.05,5.36
AMPH-1958,red,Kos,Duracina,-245,8.306,0.487,2.08,0.086,3.36,0.487,10.49,5.69
AMPH-1959,red,Rhodes,Duracina,-247,8.136,0.494,3.15,0.092,3.38,0.561,9.69,5.61
AMPH-1960,red,Chios,Aminean,-247,8.264,0.585,4.22,0.083,3.26,0.758,12.7,7.19
AMPH-1961,white,Rhodes,Aminean,-245,8.123,0.221,7.58,0.029,3.29,0.672,11.78,7.93
AMPH-1962,red,Rhodes,Helvola,-247,7.129,0.52,2.95,0.094,3.34,0.677,10.84,5.46
AMPH-1963,white,Rhodes,Argitis,-245,7.521,0.314,6.75,0.05,3.29,0.615,14.15,5.26
AMPH-1964,red,Kos,Apian,-245,8.915,0.496,1.6,0.098,3.38,0.716,11.36,8.17
AMPH-1965,white,Chios,Eugenia,-245,6.753,0.163,6.58,0.029,3.1,0.729,9.5,7.5
AMPH-1966,red,Chios,Apian,-245,9.55,0.497,2.53,0.094,3.36,0.405,10.58,7.92
AMPH-1967,red,Chios,Apian,-247,8.518,0.497,3.59,0.085,3.32,0.693,10.98,8.28
AMPH-1968,white,Chios,Argitis,-245,6.051,0.334,5.27,0.044,3.26,0.478,12.88,5.39
AMPH-1969,red,Kos,Aminean,-246,7.713,0.58,2.96,0.091,3.37,0.56,12.99,8.12
AMPH-1970,white,Rhodes,Helvola,-245,7.579,0.266,6.1,0.034,3.24,0.501,11.37,5.66
AMPH-1971,white,Thasos,Apian,-247,6.976,0.297,6.49,0.052,3.19,0.372,11.68,7.86
AMPH-1972,white,Rhodes,Aminean,-247,7.56,0.341,5.3,0.041,3.12,0.46,12.98,7.47
AMPH-1973,white,Chios,Aminean,-246,6.891,0.298,6.16,0.068,3.31,0.509,12.35,6.94
AMPH-1974,red,Kos,Apian,-246,9.037,0.603,1.13,0.109,3.19,0.545,11.45,9.02
AMPH-1975,white,Kos,Duracina,-246,6.779,0.297,5.03,0.041,3.25,0.503,9.06,6.06
AMPH-1976,red,Kos,Apian,-245,8.447,0.489,3.37,0.072,3.31,0.49,10.88,8.43
AMPH-1977,white,Chios,Eugenia,-245,6.607,0.232,5.09,0.066,3.23,0.341,10.58,6.98
AMPH-1978,red,Rhodes,Helvola,-246,8.691,0.463,2.02,0.081,3.39,0.619,10.75,4.79
AMPH-1979,white,Rhodes,Eugenia,-247,6.902,0.32,6.59,0.05,3.04,0.574,10.24,7.62
AMPH-1980,white,Rhodes,Eugenia,-246,5.752,0.343,6.44,0.056,3.25,0.306,10.06,7.03
AMPH-1981,red,Rhodes,Duracina,-246,8.582,0.596,1.37,0.086,3.35,0.716,10.01,5.33
AMPH-1982,white,Kos,Helvola,-247,6.663,0.279,8.12,0.053,3.29,0.653,11.63,5.27
AMPH-1983,white,Rhodes,Duracina,-247,7.308,0.366,5.58,0.047,3.13,0.2,10.22,5.17
AMPH-1984,white,Kos,Eugenia,-246,6.742,0.338,7.05,0.031,3.12,0.489,10.09,8.25
AMPH-1985,white,Thasos,Duracina,-245,7.013,0.294,5.39,0.059,3.16,0.334,9.7,6.08
AMPH-1986,white,Chios,Eugenia,-246,7.313,0.247,7.2,0.039,3.35,0.459,10.95,6.97
AMPH-1987,white,Rhodes,Aminean,-247,7.485,0.314,6.06,0.048,3.11,0.468,13.3,9.08
AMPH-1988,white,Thasos,Eugenia,-245,7.069,0.196,5.03,0.05,3.13,0.296,10.51,8.27
AMPH-1989,white,Chios,Eugenia,-247,7.373,0.263,5.6,0.047,3.24,0.376,10.86,7.42
AMPH-1990,white,Thasos,Helvola,-246,7.217,0.219,6.0,0.046,3.26,0.49,11.14,6.15
AMPH-1991,red,Chios,Argitis,-245,8.75,0.614,1.19,0.106,3.32,0.553,13.89,5.36
AMPH-1992,white,Chios,Apian,-247,6.48,0.221,4.5,0.062,3.24,0.438,12.23,7.66
AMPH-1993,red,Rhodes,Duracina,-246,8.71,0.506,1.64,0.087,3.3,0.574,9.49,4.96
AMPH-1994,white,Chios,Argitis,-245,6.595,0.236,7.93,0.037,3.27,0.634,13.81,5.39
AMPH-1995,white,Chios,Eugenia,-246,7.442,0.368,7.54,0.046,3.23,0.634,9.75,7.47
AMPH-1996,white,Thasos,Argitis,-247,6.3,0.328,7.28,0.024,3.27,0.446,13.72,6.49
AMPH-1997,white,Thasos,Duracina,-245,6.791,0.266,6.39,0.047,3.24,0.372,9.11,6.71
AMPH-1998,white,Rhodes,Duracina,-245,5.892,0.309,6.36,0.051,3.13,0.562,10.48,5.71
AMPH-1999,red,Chios,Aminean,-247,7.983,0.48,1.14,0.101,3.4,0.734,12.03,7.36
AMPH-2000,white,Chios,Apian,-247,7.925,0.254,7.07,0.034,3.19,0.297,11.25,6.98
AMPH-2001,red,Thasos,Duracina,-246,8.963,0.552,1.51,0.079,3.29,0.553,10.0,5.64
AMPH-2002,white,Thasos,Duracina,-245,7.909,0.317,5.77,0.045,3.12,0.499,9.25,5.81
AMPH-2003,white,Kos,Duracina,-246,7.042,0.329,6.19,0.037,3.19,0.35,10.16,5.2
AMPH-2004,white,Kos,Aminean,-246,7.566,0.242,6.69,0.037,3.09,0.713,12.63,7.45
AMPH-2005,red,Rhodes,Duracina,-246,6.791,0.511,3.67,0.097,3.4,0.776,9.39,5.26
AMPH-2006,white,Chios,Apian,-245,6.776,0.244,6.65,0.056,3.29,0.408,11.98,7.2
AMPH-2007,white,Chios,Aminean,-247,6.979,0.337,5.04,0.056,3.2,0.606,12.54,7.47
AMPH-2008,red,Kos,Helvola,-247,7.925,0.479,2.44,0.087,3.31,0.452,10.93,5.04
AMPH-2009,white,Thasos,Duracina,-246,7.335,0.322,7.77,0.042,3.34,0.255,10.19,6.86
AMPH-2010,white,Rhodes,Eugenia,-246,6.542,0.306,6.47,0.042,3.18,0.544,10.72,7.56
AMPH-2011,white,Thasos,Helvola,-247,6.938,0.248,6.25,0.047,3.21,0.661,11.07,6.02
AMPH-2012,white,Kos,Duracina,-247,6.564,0.294,8.44,0.032,3.14,0.42,10.7,5.83
AMPH-2013,white,Chios,Eugenia,-245,7.145,0.241,6.56,0.027,3.34,0.638,10.52,6.95
AMPH-2014,white,Chios,Apian,-246,6.624,0.199,6.38,0.046,3.11,0.576,11.01,6.58
AMPH-2015,red,Chios,Aminean,-246,8.688,0.564,2.4,0.085,3.42,0.645,12.84,7.5
AMPH-2016,white,Rhodes,Argitis,-246,6.188,0.296,7.54,0.041,3.11,0.453,14.77,5.28
AMPH-2017,white,Kos,Aminean,-245,6.698,0.264,8.35,0.026,3.16,0.369,11.69,7.93
AMPH-2018,white,Thasos,Duracina,-245,7.36,0.27,4.83,0.052,3.19,0.63,9.76,6.81
AMPH-2019,white,Chios,Aminean,-245,7.895,0.284,7.3,0.052,3.13,0.459,12.94,7.46
AMPH-2020,red,Kos,Argitis,-247,8.669,0.526,2.78,0.087,3.25,0.596,13.26,5.78
AMPH-2021,white,Kos,Duracina,-247,7.986,0.332,7.59,0.055,3.24,0.44,9.94,6.02
AMPH-2022,red,Kos,Duracina,-245,8.763,0.638,1.05,0.113,3.25,0.772,9.78,5.76
AMPH-2023,white,Rhodes,Duracina,-247,6.282,0.271,7.76,0.057,3.22,0.574,9.42,5.16
AMPH-2024,white,Chios,Eugenia,-246,6.424,0.33,6.8,0.047,3.09,0.515,10.32,7.38
AMPH-2025,red,Kos,Helvola,-246,7.856,0.502,2.49,0.094,3.32,0.577,11.98,5.21
AMPH-2026,red,Kos,Aminean,-247,8.474,0.548,4.0,0.095,3.4,0.661,12.13,7.82
AMPH-2027,red,Thasos,Eugenia,-245,8.577,0.568,2.37,0.107,3.32,0.728,9.41,8.88
AMPH-2028,white,Kos,Apian,-247,6.965,0.248,6.59,0.04,3.11,0.529,10.8,7.71
AMPH-2029,white,Rhodes,Argitis,-247,5.892,0.225,5.33,0.024,3.14,0.39,13.87,5.04
AMPH-2030,white,Rhodes,Eugenia,-247,7.162,0.293,7.42,0.038,3.32,0.439,10.44,7.64
AMPH-2031,red,Thasos,Duracina,-247,7.101,0.513,3.36,0.087,3.4,0.48,10.42,6.77
AMPH-2032,white,Chios,Eugenia,-247,6.866,0.235,4.58,0.057,3.17,0.531,10.1,7.75
AMPH-2033,white,Rhodes,Duracina,-247,6.016,0.303,4.92,0.044,3.23,0.515,9.35,3.99
AMPH-2034,white,Thasos,Duracina,-247,7.117,0.305,5.64,0.051,3.18,0.444,9.24,6.37
AMPH-2035,white,Kos,Helvola,-245,7.606,0.218,7.34,0.043,3.05,0.528,10.65,5.55
AMPH-2036,red,Kos,Aminean,-245,8.099,0.523,1.66,0.083,3.53,0.597,12.48,7.98
AMPH-2037,white,Thasos,Helvola,-245,6.393,0.237,7.18,0.061,3.09,0.2,11.2,6.08
AMPH-2038,red,Kos,Eugenia,-246,8.113,0.582,2.7,0.087,3.41,0.718,10.01,8.31
AMPH-2039,white,Kos,Argitis,-247,6.413,0.309,5.37,0.055,3.2,0.65,14.25,5.62
AMPH-2040,white,Chios,Aminean,-247,7.926,0.215,7.14,0.041,3.21,0.372,11.36,7.34
AMPH-2041,white,Rhodes,Helvola,-247,7.771,0.27,4.52,0.051,3.18,0.714,10.77,5.16
AMPH-2042,white,Kos,Eugenia,-246,6.003,0.344,6.32,0.041,3.29,0.765,10.04,7.58
AMPH-2043,red,Kos,Apian,-245,8.039,0.563,1.42,0.082,3.27,0.494,10.77,7.21
AMPH-2044,white,Kos,Helvola,-245,6.311,0.272,4.81,0.048,3.18,0.456,10.85,5.8
AMPH-2045,red,Kos,Helvola,-246,8.679,0.525,2.57,0.1,3.35,0.644,10.47,4.96
AMPH-2046,white,Kos,Duracina,-246,7.228,0.227,6.15,0.062,3.18,0.49,9.62,5.39
AMPH-2047,white,Thasos,Argitis,-245,7.441,0.312,6.12,0.051,3.28,0.424,13.9,6.83
AMPH-2048,red,Thasos,Argitis,-245,7.386,0.523,2.84,0.068,3.48,0.586,13.28,6.81
AMPH-2049,white,Thasos,Duracina,-245,6.93,0.277,8.88,0.048,3.26,0.362,10.5,6.51
AMPH-2050,white,Kos,Aminean,-247,7.259,0.244,7.67,0.023,3.07,0.3,12.75,7.96
AMPH-2051,white,Chios,Apian,-246,6.74,0.269,6.18,0.033,3.18,0.568,11.14,7.34
AMPH-2052,white,Rhodes,Argitis,-245,7.118,0.33,7.87,0.037,3.1,0.503,13.5,5.06
AMPH-2053,red,Thasos,Helvola,-246,8.171,0.566,2.49,0.096,3.23,0.601,10.62,6.2
AMPH-2054,white,Rhodes,Eugenia,-246,5.659,0.331,7.22,0.057,3.17,0.439,9.92,7.48
AMPH-2055,white,Chios,Aminean,-246,7.354,0.283,5.92,0.045,3.09,0.366,12.12,7.7
AMPH-2056,red,Thasos,Duracina,-246,7.626,0.55,1.52,0.084,3.47,0.7,9.33,6.02
AMPH-2057,white,Kos,Eugenia,-246,7.586,0.309,7.19,0.039,3.22,0.424,11.08,9.0
AMPH-2058,white,Kos,Helvola,-246,6.075,0.271,5.41,0.067,3.31,0.482,11.2,6.45
AMPH-2059,white,Rhodes,Eugenia,-246,6.863,0.224,6.59,0.027,3.31,0.431,10.13,7.83
AMPH-2060,red,Kos,Aminean,-247,7.895,0.449,1.21,0.093,3.18,0.601,12.22,8.25
AMPH-2061,white,Rhodes,Apian,-247,6.931,0.253,9.04,0.052,3.18,0.394,11.79,7.63
AMPH-2062,white,Kos,Eugenia,-245,6.992,0.187,6.17,0.041,3.24,0.552,10.18,8.13
AMPH-2063,white,Kos,Aminean,-247,5.508,0.295,5.85,0.064,3.06,0.592,12.28,8.4
AMPH-2064,white,Kos,Apian,-245,6.533,0.301,5.94,0.048,3.22,0.365,11.52,8.2
AMPH-2065,white,Rhodes,Apian,-245,6.376,0.275,5.11,0.044,3.35,0.407,11.28,7.76
AMPH-2066,white,Kos,Apian,-245,6.994,0.329,5.49,0.055,3.19,0.355,11.59,8.22
AMPH-2067,red,Chios,Eugenia,-247,7.506,0.456,3.07,0.076,3.24,0.658,9.89,7.55
AMPH-2068,white,Kos,Aminean,-247,6.846,0.262,7.36,0.042,3.08,0.628,11.52,8.22
AMPH-2069,white,Kos,Eugenia,-245,7.668,0.306,6.91,0.064,3.21,0.575,9.66,8.07
AMPH-2070,red,Thasos,Eugenia,-247,7.678,0.469,1.32,0.088,3.3,0.627,9.92,8.98
AMPH-2071,white,Thasos,Eugenia,-246,5.665,0.292,5.22,0.033,3.24,0.779,10.21,8.6
AMPH-2072,white,Kos,Argitis,-247,7.372,0.284,6.01,0.054,3.14,0.577,13.88,5.76
AMPH-2073,white,Kos,Apian,-246,6.294,0.189,4.75,0.03,3.27,0.648,11.14,7.71
AMPH-2074,white,Kos,Argitis,-247,6.351,0.309,8.63,0.069,3.18,0.31,14.28,5.73
AMPH-2075,white,Thasos,Helvola,-245,6.982,0.243,7.02,0.041,3.17,0.525,10.76,6.32
AMPH-2076,red,Kos,Apian,-246,7.902,0.492,1.87,0.096,3.26,0.666,11.7,7.75
AMPH-2077,white,Thasos,Duracina,-247,6.307,0.344,6.84,0.038,3.19,0.615,10.2,6.17
AMPH-2078,red,Rhodes,Argitis,-246,8.373,0.587,3.33,0.094,3.23,0.943,13.6,5.43
AMPH-2079,white,Kos,Argitis,-245,7.17,0.29,4.9,0.046,3.2,0.385,13.45,5.41
AMPH-2080,red,Chios,Apian,-247,7.443,0.613,3.68,0.081,3.24,0.499,11.41,6.84
AMPH-2081,white,Kos,Eugenia,-246,7.805,0.361,7.3,0.035,3.33,0.615,10.47,8.95
AMPH-2082,white,Rhodes,Apian,-245,6.912,0.214,5.95,0.038,3.23,0.499,11.57,8.15
AMPH-2083,white,Thasos,Argitis,-246,6.42,0.196,6.59,0.05,3.25,0.202,14.29,6.59
AMPH-2084,white,Chios,Apian,-245,7.777,0.279,6.04,0.05,3.25,0.604,12.04,7.77
AMPH-2085,red,Thasos,Helvola,-245,7.977,0.55,2.89,0.108,3.41,0.939,10.23,6.85
AMPH-2086,white,Thasos,Argitis,-246,6.713,0.218,7.33,0.078,3.18,0.372,14.54,6.39
AMPH-2087,white,Chios,Eugenia,-247,7.307,0.254,4.62,0.024,3.24,0.437,10.63,8.12
AMPH-2088,red,Chios,Duracina,-246,8.216,0.566,2.27,0.086,3.26,0.474,9.88,4.89
AMPH-2089,red,Kos,Argitis,-245,7.765,0.424,2.88,0.078,3.28,0.528,13.3,5.09
AMPH-2090,red,Chios,Aminean,-246,8.067,0.449,2.71,0.09,3.27,0.704,11.75,7.49
AMPH-2091,white,Chios,Aminean,-246,6.962,0.306,6.63,0.044,3.03,0.591,13.28,7.37
AMPH-2092,red,Rhodes,Apian,-245,7.268,0.476,4.47,0.078,3.49,0.78,11.49,7.29
AMPH-2093,white,Chios,Helvola,-247,6.337,0.295,7.98,0.042,3.11,0.611,11.3,4.98
AMPH-2094,white,Thasos,Duracina,-245,7.007,0.296,5.12,0.039,3.05,0.556,9.66,5.66
AMPH-2095,red,Rhodes,Aminean,-245,8.791,0.524,2.07,0.08,3.19,0.82,12.53,7.46
AMPH-2096,red,Thasos,Argitis,-247,7.218,0.538,0.6,0.087,3.37,0.38,13.08,6.36
AMPH-2097,white,Kos,Helvola,-246,6.652,0.358,7.09,0.047,3.17,0.385,11.24,6.24
AMPH-2098,red,Kos,Argitis,-245,8.447,0.496,4.73,0.076,3.25,0.743,13.09,6.1
AMPH-2099,white,Chios,Argitis,-246,6.171,0.24,5.44,0.047,3.19,0.546,13.26,4.93
AMPH-2100,white,Thasos,Helvola,-246,6.524,0.287,4.85,0.051,3.18,0.467,10.76,6.2
AMPH-2101,white,Chios,Aminean,-247,6.937,0.3,7.65,0.038,3.16,0.411,12.13,7.56
AMPH-2102,white,Thasos,Argitis,-247,7.051,0.242,7.18,0.067,3.15,0.597,13.78,6.33
AMPH-2103,white,Thasos,Argitis,-245,7.25,0.232,6.43,0.034,3.2,0.429,14.24,5.92
AMPH-2104,white,Thasos,Argitis,-246,7.265,0.125,6.74,0.064,3.09,0.606,14.34,6.68
AMPH-2105,red,Rhodes,Helvola,-245,8.213,0.46,3.15,0.075,3.3,0.923,10.66,4.59
AMPH-2106,white,Chios,Eugenia,-247,5.458,0.252,6.02,0.05,3.15,0.582,10.12,7.44
AMPH-2107,white,Kos,Argitis,-247,6.394,0.324,9.64,0.042,3.27,0.528,13.35,5.11
AMPH-2108,white,Kos,Argitis,-245,6.732,0.254,7.97,0.049,3.05,0.65,13.14,5.04
AMPH-2109,white,Kos,Argitis,-247,6.742,0.331,8.43,0.055,3.09,0.559,12.99,5.93
AMPH-2110,red,Thasos,Helvola,-247,8.712,0.45,4.96,0.107,3.39,0.85,11.46,6.09
AMPH-2111,white,Thasos,Helvola,-246,7.225,0.306,6.99,0.041,3.25,0.597,10.05,6.02
AMPH-2112,white,Thasos,Helvola,-247,6.968,0.285,4.17,0.063,3.22,0.251,11.43,7.08
AMPH-2113,white,Thasos,Helvola,-247,7.118,0.274,6.05,0.038,3.09,0.601,10.87,6.26
AMPH-2114,red,Kos,Helvola,-247,8.023,0.525,2.74,0.104,3.17,0.747,10.99,5.59
AMPH-2115,red,Kos,Duracina,-245,7.849,0.573,3.07,0.075,3.43,0.621,9.39,5.21
AMPH-2116,white,Chios,Aminean,-247,6.909,0.231,5.4,0.045,3.17,0.418,11.94,7.32
AMPH-2117,white,Chios,Aminean,-246,6.166,0.247,4.93,0.038,3.21,0.457,12.0,7.19
AMPH-2118,white,Thasos,Helvola,-245,6.766,0.338,6.58,0.04,3.3,0.2,10.92,6.66
AMPH-2119,white,Rhodes,Aminean,-245,6.532,0.243,8.04,0.034,3.12,0.419,11.93,7.27
AMPH-2120,red,Rhodes,Duracina,-245,8.252,0.573,4.39,0.079,3.36,0.641,8.88,5.32
AMPH-2121,white,Rhodes,Argitis,-246,6.979,0.249,5.7,0.06,3.09,0.402,13.72,5.15
AMPH-2122,white,Kos,Duracina,-247,6.306,0.349,6.27,0.047,3.2,0.536,9.42,5.32
AMPH-2123,red,Kos,Eugenia,-247,8.288,0.633,2.08,0.109,3.31,0.808,10.63,8.53
AMPH-2124,red,Thasos,Duracina,-245,8.964,0.485,2.54,0.082,3.25,0.597,9.78,6.04
AMPH-2125,red,Rhodes,Duracina,-245,9.25,0.467,1.02,0.103,3.3,0.682,9.84,5.37
AMPH-2126,red,Kos,Argitis,-247,9.777,0.419,2.4,0.076,3.28,0.547,14.88,5.82
AMPH-2127,white,Chios,Apian,-247,7.53,0.126,5.34,0.039,3.19,0.331,11.21,7.52
AMPH-2128,white,Thasos,Duracina,-246,7.636,0.33,8.67,0.042,3.26,0.634,9.85,6.33
AMPH-2129,white,Chios,Apian,-245,7.565,0.241,5.41,0.055,3.17,0.416,11.49,7.22
AMPH-2130,red,Rhodes,Helvola,-245,9.145,0.579,1.92,0.09,3.23,0.605,11.49,4.68
AMPH-2131,white,Rhodes,Duracina,-246,6.803,0.192,3.82,0.057,3.14,0.338,9.8,4.92
AMPH-2132,white,Thasos,Argitis,-246,6.086,0.258,7.28,0.031,3.28,0.442,13.07,6.07
AMPH-2133,red,Chios,Eugenia,-245,8.461,0.48,1.75,0.079,3.24,0.676,10.04,6.73
AMPH-2134,white,Thasos,Helvola,-245,7.177,0.246,5.97,0.046,3.27,0.552,10.78,6.62
AMPH-2135,red,Chios,Eugenia,-247,8.19,0.459,2.73,0.1,3.29,0.646,10.58,7.73
AMPH-2136,red,Chios,Apian,-245,7.87,0.567,1.14,0.079,3.28,0.693,11.52,7.32
AMPH-2137,white,Kos,Duracina,-246,7.376,0.32,6.59,0.035,3.21,0.317,10.27,4.73
AMPH-2138,white,Thasos,Duracina,-245,6.212,0.328,7.08,0.047,3.34,0.709,10.33,6.05
AMPH-2139,red,Rhodes,Aminean,-247,7.585,0.528,1.15,0.095,3.38,0.609,12.48,7.85
AMPH-2140,white,Kos,Duracina,-246,5.916,0.237,6.05,0.042,3.08,0.327,9.29,5.6
AMPH-2141,white,Kos,Eugenia,-247,6.783,0.351,6.88,0.045,3.28,0.579,10.07,8.02
AMPH-2142,white,Kos,Aminean,-245,7.063,0.26,6.39,0.047,3.14,0.502,12.15,8.41
AMPH-2143,red,Rhodes,Aminean,-247,8.647,0.528,2.28,0.089,3.43,0.469,12.15,7.72
AMPH-2144,red,Rhodes,Aminean,-246,8.796,0.54,2.98,0.085,3.25,0.261,12.79,7.87
AMPH-2145,white,Thasos,Argitis,-247,7.141,0.233,5.35,0.056,3.07,0.458,13.28,5.97
AMPH-2146,red,Chios,Eugenia,-246,8.641,0.451,2.93,0.082,3.39,0.848,10.53,7.45
AMPH-2147,red,Chios,Helvola,-247,6.988,0.497,1.12,0.073,3.42,0.89,10.38,4.89
AMPH-2148,white,Kos,Helvola,-245,7.357,0.153,6.88,0.033,3.11,0.65,11.25,4.81
AMPH-2149,red,Rhodes,Eugenia,-246,8.185,0.524,3.17,0.083,3.31,0.78,10.0,7.54
AMPH-2150,red,Rhodes,Apian,-246,7.906,0.489,1.36,0.106,3.32,0.337,11.12,7.35
AMPH-2151,white,Thasos,Duracina,-245,6.463,0.14,8.38,0.044,3.14,0.538,9.74,6.22
AMPH-2152,red,Chios,Eugenia,-246,8.952,0.563,1.64,0.075,3.33,0.718,10.18,8.14
AMPH-2153,red,Rhodes,Duracina,-245,8.192,0.584,0.96,0.087,3.47,0.632,9.94,5.74
AMPH-2154,white,Chios,Eugenia,-246,6.597,0.168,5.78,0.046,3.2,0.368,9.71,7.25
AMPH-2155,red,Kos,Argitis,-245,8.345,0.58,0.6,0.083,3.34,0.672,13.33,5.68
AMPH-2156,white,Kos,Eugenia,-245,7.491,0.251,7.01,0.053,3.08,0.377,10.35,8.02
AMPH-2157,red,Rhodes,Eugenia,-245,9.358,0.498,3.9,0.088,3.37,0.761,9.43,7.74
AMPH-2158,white,Rhodes,Eugenia,-245,7.146,0.276,5.45,0.065,3.21,0.253,10.58,7.76
AMPH-2159,white,Thasos,Helvola,-246,7.187,0.246,7.46,0.053,3.19,0.2,11.14,5.97
AMPH-2160,white,Rhodes,Argitis,-245,7.022,0.279,6.82,0.066,3.19,0.454,14.01,4.82
AMPH-2161,white,Rhodes,Argitis,-245,6.454,0.284,5.59,0.061,3.12,0.51,14.26,5.3
AMPH-2162,white,Rhodes,Duracina,-245,6.77,0.294,6.02,0.034,3.29,0.515,10.01,4.94
AMPH-2163,white,Thasos,Duracina,-246,6.826,0.341,6.3,0.033,3.16,0.509,9.97,6.22
AMPH-2164,white,Kos,Apian,-245,6.941,0.263,7.87,0.038,3.23,0.415,11.82,8.53
AMPH-2165,red,Thasos,Argitis,-246,8.589,0.417,2.49,0.091,3.4,0.641,13.16,6.21
AMPH-2166,white,Chios,Aminean,-245,6.96,0.17,7.33,0.052,3.16,0.324,12.42,7.4
AMPH-2167,white,Kos,Duracina,-246,5.915,0.299,7.15,0.035,3.1,0.354,8.87,5.01
AMPH-2168,white,Rhodes,Aminean,-245,7.384,0.417,7.65,0.066,3.15,0.205,12.85,7.87
AMPH-2169,white,Rhodes,Eugenia,-247,7.496,0.214,7.62,0.046,3.17,0.541,10.41,8.21
AMPH-2170,white,Rhodes,Aminean,-247,7.251,0.311,6.55,0.054,3.14,0.576,12.47,7.81
AMPH-2171,white,Kos,Helvola,-245,6.172,0.451,4.5,0.04,3.09,0.534,10.97,5.39
AMPH-2172,white,Thasos,Helvola,-247,6.703,0.284,4.48,0.052,3.16,0.472,10.97,5.99
AMPH-2173,white,Chios,Aminean,-247,8.444,0.288,5.34,0.04,3.27,0.5,12.72,7.06
AMPH-2174,red,Chios,Aminean,-247,8.22,0.548,1.04,0.096,3.36,0.742,12.2,7.96
AMPH-2175,red,Rhodes,Eugenia,-246,8.861,0.604,3.37,0.087,3.32,0.761,10.1,7.61
AMPH-2176,white,Thasos,Duracina,-247,7.079,0.342,5.15,0.056,3.22,0.407,9.27,6.12
AMPH-2177,white,Chios,Aminean,-246,7.304,0.3,5.46,0.061,2.99,0.295,11.43,7.28
AMPH-2178,red,Kos,Helvola,-247,8.009,0.487,2.17,0.084,3.14,0.931,11.41,5.89
AMPH-2179,red,Kos,Eugenia,-245,7.606,0.513,2.06,0.097,3.21,1.084,10.75,8.17
AMPH-2180,red,Rhodes,Helvola,-246,8.354,0.555,1.55,0.074,3.24,0.623,11.56,5.09
AMPH-2181,red,Kos,Apian,-247,7.588,0.502,2.56,0.088,3.28,0.795,11.29,8.92
AMPH-2182,red,Kos,Argitis,-247,8.763,0.506,1.37,0.078,3.4,0.801,14.12,5.22
AMPH-2183,red,Rhodes,Apian,-246,9.094,0.509,3.14,0.088,3.41,0.683,11.73,7.12
AMPH-2184,red,Kos,Helvola,-246,8.552,0.479,3.97,0.078,3.27,0.527,11.62,5.72
AMPH-2185,white,Thasos,Argitis,-247,7.669,0.301,6.82,0.061,3.07,0.573,14.19,6.32
AMPH-2186,white,Thasos,Helvola,-247,7.289,0.242,6.0,0.042,3.13,0.425,11.33,6.56
AMPH-2187,white,Chios,Apian,-245,6.664,0.224,5.13,0.036,3.15,0.2,10.81,7.01
AMPH-2188,white,Rhodes,Aminean,-245,7.632,0.383,10.12,0.042,3.38,0.489,12.25,7.02
AMPH-2189,red,Thasos,Argitis,-246,8.96,0.566,2.32,0.096,3.34,0.649,13.26,5.28
AMPH-2190,white,Thasos,Duracina,-246,6.638,0.312,5.55,0.047,3.24,0.447,9.81,5.88
AMPH-2191,red,Thasos,Duracina,-247,7.265,0.551,2.45,0.083,3.18,0.555,10.0,5.79
AMPH-2192,white,Kos,Duracina,-246,7.359,0.323,6.4,0.046,3.13,0.2,9.16,6.03
AMPH-2193,red,Kos,Helvola,-247,8.92,0.572,1.91,0.08,3.17,0.562,11.49,5.28
AMPH-2194,white,Chios,Apian,-247,6.414,0.343,5.08,0.032,3.24,0.447,11.04,7.54
AMPH-2195,white,Rhodes,Helvola,-247,6.513,0.365,6.1,0.047,2.98,0.339,11.32,5.86
AMPH-2196,white,Thasos,Helvola,-245,7.129,0.364,4.67,0.066,3.2,0.614,10.88,6.14
AMPH-2197,white,Rhodes,Aminean,-245,7.671,0.321,6.45,0.033,3.11,0.388,12.59,7.24
AMPH-2198,red,Chios,Apian,-246,8.446,0.555,4.18,0.092,3.52,0.613,10.92,6.85
AMPH-2199,white,Rhodes,Duracina,-246,6.923,0.357,8.07,0.039,3.28,0.739,8.94,5.34
AMPH-2200,white,Chios,Apian,-247,6.766,0.265,7.46,0.061,3.14,0.731,11.45,7.28
AMPH-2201,white,Kos,Helvola,-247,7.593,0.229,6.89,0.039,3.15,0.453,11.28,6.0
AMPH-2202,red,Thasos,Helvola,-247,7.903,0.543,2.34,0.093,3.33,0.852,10.94,6.06
AMPH-2203,white,Rhodes,Duracina,-245,6.634,0.263,6.47,0.049,2.98,0.604,9.25,5.29
AMPH-2204,white,Rhodes,Argitis,-245,6.457,0.337,6.14,0.054,3.13,0.448,14.62,4.48
AMPH-2205,red,Thasos,Duracina,-247,7.747,0.477,3.07,0.091,3.46,0.568,10.0,6.42
AMPH-2206,white,Kos,Eugenia,-247,5.883,0.349,7.09,0.041,3.19,0.366,9.93,7.54
AMPH-2207,red,Thasos,Argitis,-245,7.887,0.52,2.36,0.098,3.42,0.417,13.77,6.96
AMPH-2208,red,Kos,Duracina,-245,9.244,0.489,2.31,0.088,3.32,0.747,9.67,5.29
AMPH-2209,red,Kos,Argitis,-245,8.506,0.601,3.28,0.089,3.34,0.507,13.89,5.28
AMPH-2210,red,Kos,Apian,-246,9.244,0.44,1.46,0.088,3.4,0.636,11.44,8.2
AMPH-2211,white,Rhodes,Eugenia,-246,6.855,0.34,7.24,0.036,3.11,0.402,10.6,8.48
AMPH-2212,red,Kos,Eugenia,-246,7.576,0.491,1.24,0.097,3.35,0.737,10.08,8.05
AMPH-2213,white,Chios,Aminean,-246,7.554,0.294,6.44,0.058,3.17,0.532,12.69,8.02
AMPH-2214,red,Kos,Duracina,-246,9.196,0.437,2.73,0.075,3.33,0.612,9.63,5.62
AMPH-2215,white,Thasos,Duracina,-246,6.646,0.261,6.94,0.043,3.17,0.228,9.62,5.98
AMPH-2216,white,Chios,Aminean,-246,6.983,0.274,6.02,0.054,3.19,0.777,12.63,7.32
AMPH-2217,white,Rhodes,Apian,-245,7.451,0.245,8.1,0.035,3.11,0.578,12.46,7.05
AMPH-2218,red,Thasos,Duracina,-245,9.051,0.555,2.58,0.079,3.36,0.587,8.71,6.45
AMPH-2219,white,Rhodes,Aminean,-245,5.661,0.211,5.49,0.055,3.15,0.464,12.38,7.64
AMPH-2220,red,Chios,Apian,-246,8.257,0.532,0.6,0.087,3.31,0.508,11.96,7.32
AMPH-2221,red,Thasos,Duracina,-246,9.182,0.546,4.46,0.097,3.23,0.609,9.52,7.73
AMPH-2222,red,Chios,Duracina,-247,7.556,0.532,4.0,0.09,3.31,0.553,9.97,5.87
AMPH-2223,white,Chios,Aminean,-246,7.199,0.224,5.14,0.054,3.19,0.435,12.67,7.53
AMPH-2224,red,Rhodes,Argitis,-245,8.865,0.538,1.1,0.1,3.29,0.409,12.87,5.19
AMPH-2225,white,Chios,Eugenia,-247,7.762,0.349,4.99,0.063,3.24,0.511,10.22,7.19
AMPH-2226,red,Chios,Eugenia,-247,8.623,0.446,0.84,0.102,3.17,0.481,10.85,8.19
AMPH-2227,white,Thasos,Duracina,-247,7.639,0.255,6.49,0.039,3.11,0.542,9.6,6.25
AMPH-2228,red,Thasos,Helvola,-247,7.845,0.535,3.26,0.074,3.44,0.412,9.97,6.28
AMPH-2229,white,Thasos,Helvola,-245,6.533,0.338,4.29,0.042,3.25,0.336,10.23,7.22
AMPH-2230,red,Rhodes,Argitis,-246,8.757,0.518,3.2,0.088,3.42,0.58,14.23,5.72
AMPH-2231,white,Kos,Helvola,-247,7.008,0.175,4.51,0.045,3.17,0.462,10.44,5.23
AMPH-2232,white,Chios,Apian,-246,7.001,0.264,7.65,0.039,3.28,0.39,11.05,7.85
AMPH-2233,red,Chios,Aminean,-247,8.671,0.476,1.98,0.079,3.37,0.628,12.53,7.99
AMPH-2234,red,Rhodes,Aminean,-245,7.52,0.575,2.95,0.086,3.31,0.956,12.16,8.08
AMPH-2235,red,Kos,Helvola,-247,9.712,0.498,3.87,0.088,3.14,0.738,10.82,4.67
AMPH-2236,white,Rhodes,Argitis,-246,6.588,0.255,5.39,0.036,3.23,0.418,14.15,5.04
AMPH-2237,white,Rhodes,Argitis,-246,6.801,0.267,6.99,0.054,3.17,0.368,13.18,5.95
AMPH-2238,white,Kos,Aminean,-245,6.834,0.23,5.58,0.028,3.09,0.519,12.25,7.47
AMPH-2239,red,Rhodes,Argitis,-246,8.517,0.666,2.42,0.086,3.35,0.657,14.5,6.23
AMPH-2240,white,Kos,Argitis,-247,7.148,0.21,4.61,0.066,3.18,0.579,13.24,5.54
AMPH-2241,red,Thasos,Argitis,-245,9.082,0.64,4.15,0.094,3.31,0.506,13.39,6.6
AMPH-2242,white,Chios,Apian,-246,6.804,0.25,8.53,0.047,3.21,0.477,11.32,7.32
AMPH-2243,red,Chios,Eugenia,-245,8.694,0.519,2.33,0.084,3.26,0.561,11.11,7.67
AMPH-2244,white,Rhodes,Argitis,-247,7.02,0.241,6.04,0.053,3.3,0.2,13.85,5.43
AMPH-2245,red,Kos,Helvola,-246,8.008,0.507,2.18,0.082,3.29,0.551,10.1,6.48
AMPH-2246,white,Kos,Aminean,-247,5.729,0.302,7.19,0.051,3.18,0.522,12.33,7.88
AMPH-2247,white,Kos,Eugenia,-247,7.209,0.252,5.25,0.043,3.3,0.459,10.16,7.93
AMPH-2248,white,Chios,Apian,-247,6.96,0.314,5.92,0.04,3.18,0.602,12.37,7.92
AMPH-2249,white,Thasos,Helvola,-245,7.264,0.337,4.57,0.036,3.31,0.593,11.72,5.88
AMPH-2250,red,Thasos,Argitis,-246,8.479,0.594,3.16,0.081,3.45,0.698,14.58,6.87
AMPH-2251,red,Rhodes,Aminean,-246,8.33,0.628,4.76,0.082,3.18,0.699,13.54,7.65
AMPH-2252,red,Chios,Aminean,-247,7.847,0.529,4.8,0.074,3.25,0.857,12.88,7.8
AMPH-2253,white,Rhodes,Helvola,-246,7.379,0.223,6.55,0.046,3.31,0.408,10.72,5.69
AMPH-2254,white,Thasos,Apian,-247,7.318,0.337,8.53,0.043,3.13,0.354,11.25,8.81
AMPH-2255,white,Kos,Eugenia,-247,6.976,0.317,6.52,0.053,3.21,0.559,9.68,7.44
AMPH-2256,red,Rhodes,Argitis,-246,7.44,0.492,5.12,0.085,3.33,0.71,14.14,4.87
AMPH-2257,red,Thasos,Helvola,-245,8.837,0.516,2.0,0.07,3.31,0.526,10.63,6.6
AMPH-2258,white,Chios,Apian,-245,7.512,0.328,6.51,0.038,3.19,0.521,11.65,7.84
AMPH-2259,white,Rhodes,Duracina,-246,6.429,0.304,8.13,0.05,3.01,0.524,9.27,4.68
AMPH-2260,white,Chios,Eugenia,-246,7.231,0.259,5.41,0.044,3.23,0.301,9.95,8.27
AMPH-2261,red,Kos,Eugenia,-245,9.759,0.528,3.16,0.112,3.33,0.795,10.69,8.23
AMPH-2262,red,Thasos,Helvola,-247,7.377,0.533,2.11,0.074,3.24,0.44,11.11,6.72
AMPH-2263,red,Thasos,Argitis,-247,7.719,0.54,1.89,0.096,3.35,0.502,13.72,7.12
AMPH-2264,red,Chios,Aminean,-245,8.225,0.533,2.07,0.07,3.35,0.695,12.76,7.89
AMPH-2265,white,Chios,Eugenia,-245,7.398,0.316,5.08,0.043,3.18,0.423,10.77,7.62
AMPH-2266,red,Kos,Helvola,-246,9.136,0.549,1.21,0.07,3.2,0.678,11.18,5.6
AMPH-2267,white,Rhodes,Aminean,-246,6.502,0.268,5.95,0.045,3.13,0.556,12.28,8.14
AMPH-2268,white,Kos,Apian,-246,6.813,0.284,8.12,0.043,3.2,0.559,12.18,8.16
AMPH-2269,red,Kos,Argitis,-246,8.0,0.466,1.13,0.09,3.43,0.801,14.13,5.35
AMPH-2270,white,Chios,Aminean,-247,6.837,0.263,6.85,0.061,3.23,0.601,12.12,7.57
AMPH-2271,red,Chios,Apian,-245,9.382,0.607,2.55,0.072,3.57,0.759,11.35,7.44
AMPH-2272,red,Rhodes,Aminean,-246,8.565,0.489,2.07,0.085,3.24,0.7,12.02,7.24
AMPH-2273,red,Chios,Argitis,-245,7.492,0.579,2.83,0.097,3.35,0.763,13.74,4.89
AMPH-2274,red,Kos,Eugenia,-246,7.543,0.56,1.04,0.078,3.29,0.955,10.84,7.04
AMPH-2275,white,Thasos,Helvola,-246,6.701,0.228,6.28,0.044,3.18,0.765,11.77,6.11
AMPH-2276,white,Chios,Eugenia,-245,6.899,0.312,5.73,0.042,3.25,0.66,10.0,7.46
AMPH-2277,white,Thasos,Duracina,-247,6.761,0.28,8.01,0.045,3.23,0.425,10.07,6.07
AMPH-2278,red,Thasos,Argitis,-246,8.753,0.566,1.86,0.088,3.38,0.762,13.1,6.67
AMPH-2279,red,Thasos,Aminean,-246,8.721,0.535,2.46,0.097,3.36,0.59,12.16,8.42
AMPH-2280,red,Kos,Argitis,-247,8.045,0.525,0.71,0.079,3.3,0.609,13.19,5.73
AMPH-2281,white,Kos,Duracina,-245,7.208,0.21,5.42,0.033,3.18,0.436,9.86,5.48
AMPH-2282,white,Rhodes,Duracina,-246,7.486,0.277,7.88,0.05,3.18,0.477,10.55,4.77
AMPH-2283,red,Kos,Eugenia,-245,8.209,0.493,0.6,0.086,3.25,0.537,9.97,7.58
AMPH-2284,red,Kos,Argitis,-247,8.51,0.518,2.28,0.081,3.19,0.488,14.3,5.71
AMPH-2285,red,Chios,Duracina,-247,8.243,0.423,3.65,0.077,3.37,0.511,10.2,5.07
AMPH-2286,white,Rhodes,Helvola,-245,6.517,0.283,5.48,0.053,3.08,0.401,11.54,5.18
AMPH-2287,white,Chios,Aminean,-247,6.266,0.333,7.03,0.035,3.14,0.648,12.41,7.11
AMPH-2288,white,Chios,Eugenia,-247,7.299,0.233,7.81,0.05,3.06,0.512,10.44,7.37
AMPH-2289,red,Chios,Apian,-247,8.766,0.548,2.83,0.077,3.46,0.658,11.2,7.35
AMPH-2290,red,Thasos,Argitis,-245,7.883,0.489,4.46,0.088,3.37,0.641,13.13,6.17
AMPH-2291,red,Thasos,Duracina,-246,8.227,0.493,2.13,0.09,3.38,0.435,9.75,6.06
AMPH-2292,white,Chios,Eugenia,-245,8.091,0.284,7.07,0.052,3.23,0.359,10.12,7.72
AMPH-2293,red,Chios,Apian,-247,8.678,0.481,0.83,0.088,3.54,0.466,11.28,7.4
AMPH-2294,white,Kos,Duracina,-246,6.25,0.304,6.44,0.077,3.28,0.482,9.1,5.41
AMPH-2295,white,Kos,Argitis,-247,7.0,0.326,6.74,0.051,3.04,0.297,14.38,5.79
AMPH-2296,white,Thasos,Duracina,-246,5.999,0.29,6.29,0.072,3.16,0.381,9.27,7.1
AMPH-2297,red,Kos,Argitis,-245,8.589,0.46,3.63,0.082,3.29,0.57,12.71,5.74
AMPH-2298,white,Kos,Apian,-246,7.108,0.283,6.82,0.045,3.22,0.535,12.0,8.28
AMPH-2299,red,Thasos,Duracina,-245,8.938,0.605,1.76,0.085,3.26,0.35,9.84,6.19
AMPH-2300,red,Kos,Helvola,-245,7.427,0.531,0.6,0.091,3.37,0.513,10.44,5.66
AMPH-2301,white,Chios,Apian,-245,7.184,0.291,6.24,0.041,3.1,0.206,11.87,7.14
AMPH-2302,red,Thasos,Apian,-245,7.508,0.424,1.37,0.084,3.18,0.689,11.88,8.75
AMPH-2303,white,Chios,Duracina,-246,6.667,0.267,8.31,0.051,3.19,0.361,9.63,4.92
AMPH-2304,white,Thasos,Aminean,-247,6.862,0.283,7.96,0.034,3.14,0.566,13.11,9.09
AMPH-2305,red,Kos,Helvola,-245,9.181,0.511,2.83,0.075,3.21,0.54,10.89,5.63
AMPH-2306,red,Rhodes,Apian,-245,8.275,0.588,2.16,0.084,3.33,0.739,11.21,7.13
AMPH-2307,white,Thasos,Argitis,-247,7.24,0.223,5.46,0.026,3.31,0.773,14.06,6.39
AMPH-2308,red,Thasos,Helvola,-246,9.105,0.536,1.89,0.108,3.22,0.424,11.31,6.64
AMPH-2309,white,Thasos,Duracina,-245,5.175,0.341,6.23,0.04,3.21,0.357,10.69,6.22
AMPH-2310,red,Kos,Duracina,-246,7.829,0.558,1.82,0.078,3.25,0.589,9.85,6.08
AMPH-2311,white,Chios,Apian,-246,6.011,0.205,7.47,0.06,3.12,0.601,10.88,7.61
AMPH-2312,red,Chios,Eugenia,-246,8.183,0.592,0.71,0.098,3.29,0.73,9.55,6.83
AMPH-2313,white,Rhodes,Eugenia,-247,7.2,0.287,6.96,0.049,3.01,0.521,10.87,7.93
AMPH-2314,white,Chios,Aminean,-247,6.195,0.268,6.62,0.034,3.26,0.557,11.72,7.83
AMPH-2315,white,Rhodes,Aminean,-246,6.226,0.34,5.61,0.043,3.2,0.725,12.47,7.11
AMPH-2316,white,Rhodes,Eugenia,-247,6.314,0.308,5.69,0.044,3.17,0.59,10.18,7.73
AMPH-2317,red,Thasos,Argitis,-246,8.078,0.534,1.98,0.091,3.11,0.796,13.43,6.43
AMPH-2318,white,Rhodes,Duracina,-247,6.835,0.225,7.04,0.033,3.42,0.643,9.92,6.07
AMPH-2319,white,Chios,Aminean,-247,7.135,0.33,6.43,0.04,3.16,0.806,11.36,7.2
AMPH-2320,white,Chios,Apian,-247,7.032,0.163,7.36,0.042,3.09,0.532,11.14,7.81
AMPH-2321,red,Chios,Apian,-245,9.111,0.537,1.09,0.095,3.35,0.931,12.0,8.03
AMPH-2322,white,Kos,Duracina,-245,8.49,0.336,7.51,0.055,3.15,0.526,8.71,5.36
AMPH-2323,red,Rhodes,Eugenia,-246,7.19,0.584,0.6,0.055,3.44,0.712,11.1,7.55
AMPH-2324,white,Thasos,Duracina,-246,7.173,0.365,5.92,0.06,3.22,0.268,9.81,6.68
AMPH-2325,white,Kos,Aminean,-247,6.398,0.334,5.59,0.054,3.21,0.327,12.58,7.91
AMPH-2326,white,Chios,Eugenia,-247,6.863,0.301,7.08,0.053,3.19,0.803,8.99,8.06
AMPH-2327,red,Kos,Helvola,-245,8.374,0.538,2.58,0.074,3.33,0.708,10.46,5.64
AMPH-2328,white,Chios,Eugenia,-245,7.726,0.21,7.9,0.047,3.15,0.331,9.68,7.35
AMPH-2329,red,Rhodes,Aminean,-247,8.517,0.483,0.6,0.089,3.4,0.575,13.16,8.11
AMPH-2330,white,Kos,Eugenia,-246,6.574,0.263,6.84,0.045,3.19,0.493,9.65,7.77
AMPH-2331,white,Kos,Apian,-246,7.221,0.316,8.01,0.04,3.3,0.539,11.05,7.62
AMPH-2332,red,Rhodes,Eugenia,-245,8.243,0.528,4.71,0.086,3.21,0.686,10.0,7.1
AMPH-2333,white,Kos,Apian,-245,6.847,0.252,6.09,0.049,3.15,0.408,11.31,7.53
AMPH-2334,white,Kos,Argitis,-246,6.569,0.303,5.7,0.045,3.23,0.607,13.93,5.03
AMPH-2335,red,Chios,Aminean,-245,8.538,0.621,1.47,0.083,3.33,0.784,11.71,7.35
AMPH-2336,white,Kos,Duracina,-246,6.629,0.226,5.17,0.027,3.09,0.559,9.02,6.32
AMPH-2337,white,Chios,Apian,-245,7.228,0.442,7.46,0.048,3.1,0.553,11.22,7.56
AMPH-2338,red,Kos,Helvola,-246,7.532,0.521,2.5,0.101,3.12,0.704,11.31,5.47
AMPH-2339,white,Rhodes,Helvola,-245,7.22,0.229,5.99,0.038,3.14,0.542,10.69,5.37
AMPH-2340,red,Rhodes,Argitis,-246,7.69,0.486,2.12,0.099,3.45,0.804,14.11,5.61
AMPH-2341,white,Rhodes,Argitis,-245,7.124,0.272,6.1,0.055,3.12,0.656,14.71,5.59
AMPH-2342,red,Rhodes,Helvola,-247,8.102,0.508,2.72,0.088,3.29,0.66,10.99,5.18
AMPH-2343,white,Kos,Argitis,-247,6.245,0.343,7.0,0.055,3.08,0.382,14.01,5.96
AMPH-2344,red,Rhodes,Eugenia,-247,9.227,0.523,1.45,0.08,3.28,0.853,10.8,6.82
AMPH-2345,red,Kos,Helvola,-246,8.238,0.516,2.64,0.09,3.39,0.846,10.22,5.61
AMPH-2346,red,Kos,Duracina,-246,7.956,0.558,0.8,0.108,3.37,0.604,9.2,5.61
AMPH-2347,red,Kos,Apian,-246,8.95,0.592,2.26,0.075,3.24,0.69,11.26,8.63
AMPH-2348,red,Rhodes,Helvola,-245,9.26,0.516,1.81,0.085,3.21,0.835,11.11,6.08
AMPH-2349,white,Chios,Apian,-245,8.067,0.262,6.55,0.051,3.24,0.372,11.26,7.96
AMPH-2350,red,Thasos,Argitis,-247,7.535,0.596,1.22,0.083,3.39,0.573,14.69,5.96
AMPH-2351,white,Thasos,Helvola,-245,7.891,0.327,5.81,0.06,3.17,0.556,10.47,5.99
AMPH-2352,white,Rhodes,Duracina,-245,6.189,0.371,6.62,0.05,3.22,0.424,9.34,5.75
AMPH-2353,red,Thasos,Duracina,-246,8.413,0.599,1.54,0.081,3.3,0.925,9.82,6.82
AMPH-2354,white,Chios,Apian,-246,6.507,0.306,5.8,0.062,3.12,0.632,11.37,7.13
AMPH-2355,red,Kos,Argitis,-246,7.515,0.527,2.88,0.093,3.25,0.864,13.95,6.62
AMPH-2356,red,Rhodes,Apian,-246,8.864,0.571,3.08,0.086,3.14,0.682,11.57,7.42
AMPH-2357,white,Chios,Apian,-245,6.885,0.262,6.61,0.017,3.27,0.713,11.22,7.11
AMPH-2358,white,Rhodes,Aminean,-247,6.866,0.286,7.34,0.046,3.17,0.491,12.48,7.69
AMPH-2359,red,Chios,Apian,-246,8.351,0.495,2.37,0.077,3.33,0.562,11.42,7.63
AMPH-2360,red,Chios,Apian,-245,8.822,0.527,1.38,0.066,3.36,0.62,11.25,7.52
AMPH-2361,red,Thasos,Duracina,-247,8.985,0.612,3.46,0.093,3.24,0.704,9.91,6.82
AMPH-2362,red,Chios,Aminean,-246,7.916,0.537,2.63,0.089,3.26,0.66,12.2,7.64
AMPH-2363,white,Kos,Helvola,-245,6.278,0.184,8.92,0.046,3.14,0.814,10.81,5.8
AMPH-2364,red,Rhodes,Aminean,-247,8.534,0.542,2.02,0.084,3.26,0.851,12.41,6.96
AMPH-2365,white,Chios,Apian,-245,7.358,0.275,5.96,0.049,3.16,0.625,12.06,7.29
AMPH-2366,white,Thasos,Argitis,-245,7.791,0.248,7.68,0.036,3.27,0.582,13.83,6.51
AMPH-2367,red,Chios,Eugenia,-247,8.931,0.472,3.23,0.09,3.19,0.718,9.77,7.61
AMPH-2368,white,Chios,Duracina,-247,7.321,0.311,9.53,0.054,3.26,0.492,9.36,4.04
AMPH-2369,white,Rhodes,Helvola,-247,7.139,0.221,6.81,0.042,3.23,0.438,11.15,4.93
AMPH-2370,red,Kos,Eugenia,-247,7.642,0.482,3.49,0.098,3.31,0.415,10.81,8.25
AMPH-2371,white,Chios,Apian,-246,5.662,0.256,3.58,0.05,3.18,0.409,11.01,7.69
AMPH-2372,white,Chios,Apian,-246,7.689,0.284,7.69,0.053,3.16,0.489,10.75,6.49
AMPH-2373,white,Chios,Apian,-245,6.282,0.352,6.46,0.043,3.15,0.243,12.06,7.55
AMPH-2374,red,Rhodes,Argitis,-247,8.499,0.575,3.7,0.073,3.17,0.785,13.48,5.19
AMPH-2375,white,Thasos,Helvola,-245,8.062,0.262,5.99,0.046,3.15,0.524,11.1,6.39
AMPH-2376,white,Thasos,Apian,-245,6.938,0.219,4.97,0.044,3.26,0.408,12.62,8.95
AMPH-2377,red,Chios,Eugenia,-247,8.474,0.601,3.12,0.083,3.13,0.671,10.81,6.85
AMPH-2378,white,Kos,Apian,-247,6.474,0.285,6.75,0.053,2.95,0.494,11.1,8.02
AMPH-2379,red,Thasos,Argitis,-247,8.12,0.608,2.36,0.096,3.27,0.583,13.95,5.58
AMPH-2380,white,Kos,Aminean,-245,6.777,0.284,6.47,0.047,3.19,0.514,11.9,8.71
AMPH-2381,white,Chios,Aminean,-246,7.446,0.282,7.25,0.043,3.13,0.37,12.26,7.04
AMPH-2382,white,Chios,Apian,-247,7.466,0.324,5.88,0.041,3.15,0.293,11.31,7.68
AMPH-2383,red,Rhodes,Helvola,-245,8.102,0.51,3.48,0.101,3.38,0.556,11.4,5.51
AMPH-2384,white,Rhodes,Argitis,-247,7.2,0.163,8.04,0.044,3.09,0.527,14.71,5.75
AMPH-2385,red,Rhodes,Helvola,-245,8.084,0.614,2.05,0.091,3.32,0.474,11.11,5.0
AMPH-2386,white,Thasos,Argitis,-245,6.271,0.253,4.05,0.059,3.26,0.567,13.76,6.08
AMPH-2387,white,Kos,Helvola,-247,7.622,0.327,7.64,0.054,3.12,0.465,11.14,6.23
AMPH-2388,white,Chios,Aminean,-247,6.608,0.256,4.43,0.049,3.32,0.614,11.64,7.09
AMPH-2389,white,Kos,Eugenia,-245,7.332,0.338,7.15,0.045,2.96,0.559,9.95,8.21
AMPH-2390,white,Rhodes,Eugenia,-247,8.42,0.283,4.6,0.045,3.23,0.384,10.16,8.25
AMPH-2391,white,Chios,Apian,-247,6.307,0.291,6.29,0.036,3.19,0.492,11.39,7.13
AMPH-2392,red,Kos,Argitis,-247,8.779,0.519,3.64,0.096,3.39,0.644,14.14,5.95
AMPH-2393,white,Rhodes,Aminean,-245,7.833,0.266,7.0,0.047,3.12,0.504,12.0,7.83
AMPH-2394,white,Rhodes,Duracina,-247,8.097,0.248,9.93,0.03,3.16,0.444,9.43,4.7
AMPH-2395,white,Kos,Aminean,-247,7.431,0.272,5.72,0.072,3.31,0.54,11.78,7.93
AMPH-2396,red,Rhodes,Argitis,-245,9.037,0.567,3.0,0.099,3.37,0.745,13.14,5.59
AMPH-2397,white,Chios,Helvola,-247,7.113,0.275,7.64,0.049,3.37,0.46,11.51,5.09
AMPH-2398,red,Rhodes,Duracina,-245,8.494,0.512,3.78,0.086,3.37,0.831,10.03,6.09
AMPH-2399,red,Chios,Eugenia,-246,9.521,0.513,2.61,0.086,3.29,0.675,9.88,6.71
AMPH-2400,white,Rhodes,Duracina,-247,8.169,0.348,6.1,0.058,3.15,0.612,9.48,5.59
AMPH-2401,white,Rhodes,Argitis,-245,7.208,0.33,7.03,0.047,3.16,0.391,13.33,5.72
AMPH-2402,white,Chios,Apian,-246,7.476,0.251,6.38,0.052,3.13,0.577,11.78,7.93
AMPH-2403,white,Kos,Argitis,-247,6.822,0.382,5.08,0.03,3.11,0.643,13.63,5.76
AMPH-2404,red,Thasos,Helvola,-246,7.999,0.502,3.62,0.085,3.25,0.609,11.12,6.19
AMPH-2405,red,Thasos,Duracina,-245,8.433,0.445,1.5,0.091,3.2,1.063,9.46,6.18
AMPH-2406,white,Chios,Aminean,-245,6.932,0.331,8.58,0.033,3.28,0.817,11.94,7.72
AMPH-2407,white,Kos,Helvola,-247,7.962,0.304,6.66,0.057,3.17,0.513,11.19,5.74
AMPH-2408,red,Rhodes,Duracina,-247,7.877,0.588,2.95,0.072,3.3,0.959,9.67,4.97
AMPH-2409,white,Kos,Argitis,-247,5.96,0.234,7.07,0.051,3.25,0.746,13.71,5.34
AMPH-2410,white,Thasos,Duracina,-245,7.443,0.279,6.93,0.05,3.15,0.363,10.58,6.45
AMPH-2411,white,Kos,Argitis,-247,7.291,0.209,6.35,0.039,3.33,0.564,13.9,5.39
AMPH-2412,red,Thasos,Helvola,-247,8.685,0.503,0.75,0.094,3.3,0.801,10.3,6.77
AMPH-2413,white,Kos,Eugenia,-245,7.315,0.271,5.86,0.052,3.29,0.566,9.75,7.62
AMPH-2414,white,Kos,Eugenia,-247,5.836,0.284,5.22,0.026,3.19,0.242,9.71,8.42
AMPH-2415,white,Kos,Apian,-247,6.167,0.301,4.76,0.05,3.2,0.218,11.82,8.31
AMPH-2416,red,Kos,Helvola,-245,7.851,0.56,1.54,0.06,3.25,0.78,11.98,5.85
AMPH-2417,white,Rhodes,Helvola,-247,6.743,0.194,5.8,0.047,3.27,0.553,10.64,5.15
AMPH-2418,red,Thasos,Apian,-245,8.66,0.581,1.37,0.08,3.31,0.942,12.18,8.56
AMPH-2419,white,Chios,Aminean,-247,6.881,0.398,8.2,0.037,3.12,0.462,12.34,8.24
AMPH-2420,white,Kos,Apian,-245,6.771,0.187,5.68,0.045,3.23,0.615,10.62,8.45
AMPH-2421,white,Kos,Argitis,-247,7.768,0.301,4.7,0.054,3.14,0.678,13.56,6.06
AMPH-2422,red,Thasos,Duracina,-245,7.594,0.54,1.69,0.079,3.3,0.461,9.7,6.52
AMPH-2423,red,Chios,Apian,-245,7.015,0.5,1.9,0.096,3.38,0.48,11.6,7.72
AMPH-2424,white,Chios,Aminean,-247,7.083,0.256,7.52,0.058,3.26,0.464,12.87,7.39
AMPH-2425,white,Chios,Apian,-246,6.23,0.272,7.36,0.047,3.23,0.543,11.89,8.3
AMPH-2426,white,Kos,Argitis,-247,7.54,0.273,6.78,0.046,3.17,0.411,14.37,5.84
AMPH-2427,red,Thasos,Duracina,-246,7.365,0.473,1.96,0.091,3.34,0.6,9.82,5.92
AMPH-2428,white,Kos,Apian,-245,6.342,0.228,5.95,0.052,3.29,0.566,11.19,7.67
AMPH-2429,white,Chios,Eugenia,-247,7.296,0.282,6.98,0.036,3.11,0.483,10.01,7.68
AMPH-2430,red,Kos,Aminean,-245,8.16,0.567,3.33,0.076,3.26,0.629,12.07,8.58
AMPH-2431,white,Thasos,Argitis,-245,6.727,0.291,7.59,0.052,3.21,0.458,14.35,5.9
AMPH-2432,white,Chios,Aminean,-246,7.342,0.254,5.29,0.058,3.19,0.776,12.58,7.3
AMPH-2433,white,Kos,Apian,-246,5.633,0.246,3.27,0.07,3.1,0.273,11.25,8.12
AMPH-2434,white,Kos,Duracina,-245,6.739,0.254,7.89,0.056,3.24,0.477,10.3,5.61
AMPH-2435,white,Chios,Eugenia,-245,5.963,0.285,5.0,0.06,3.2,0.58,10.1,7.65
AMPH-2436,white,Kos,Apian,-246,6.696,0.343,6.9,0.057,3.16,0.459,11.97,7.89
AMPH-2437,white,Rhodes,Duracina,-245,6.881,0.295,5.98,0.047,3.09,0.645,10.14,5.35
AMPH-2438,red,Chios,Eugenia,-247,9.008,0.478,1.25,0.089,3.24,0.566,9.45,6.87
AMPH-2439,white,Thasos,Helvola,-247,8.035,0.246,7.99,0.035,3.14,0.443,11.44,5.67
AMPH-2440,red,Thasos,Helvola,-247,7.904,0.521,1.36,0.097,3.43,0.678,10.84,6.04
AMPH-2441,red,Chios,Aminean,-246,8.616,0.469,4.4,0.088,3.3,0.67,12.0,7.5
AMPH-2442,white,Kos,Argitis,-245,5.532,0.298,7.9,0.05,3.19,0.259,13.76,5.83
AMPH-2443,white,Rhodes,Aminean,-245,7.19,0.282,4.83,0.048,3.21,0.533,12.1,7.66
AMPH-2444,white,Thasos,Helvola,-245,7.187,0.277,5.57,0.04,3.18,0.459,11.49,6.68
AMPH-2445,white,Rhodes,Aminean,-245,6.57,0.248,2.3,0.038,3.17,0.435,12.48,7.71
AMPH-2446,white,Chios,Eugenia,-247,6.719,0.297,6.91,0.047,3.29,0.272,11.52,7.08
AMPH-2447,white,Rhodes,Eugenia,-246,8.127,0.303,5.09,0.054,3.13,0.616,10.66,7.89
AMPH-2448,white,Rhodes,Helvola,-246,8.311,0.257,6.92,0.044,3.19,0.814,10.73,5.41
AMPH-2449,red,Thasos,Argitis,-246,8.284,0.573,2.39,0.109,3.39,0.493,14.0,6.15
AMPH-2450,white,Chios,Apian,-245,7.374,0.375,7.52,0.06,3.15,0.547,11.9,7.11
AMPH-2451,red,Thasos,Argitis,-245,8.21,0.534,2.55,0.073,3.3,0.593,12.98,6.35
AMPH-2452,red,Thasos,Duracina,-247,8.619,0.502,2.8,0.089,3.27,0.772,10.2,5.98
AMPH-2453,white,Kos,Duracina,-245,6.569,0.341,6.88,0.047,3.17,0.668,10.35,5.15
AMPH-2454,red,Thasos,Duracina,-245,7.741,0.555,2.66,0.094,3.5,0.687,10.54,6.19
AMPH-2455,white,Kos,Eugenia,-247,7.005,0.372,5.69,0.05,3.2,0.345,9.85,8.38
AMPH-2456,red,Kos,Helvola,-247,8.334,0.454,3.11,0.093,3.26,0.754,11.07,5.64
AMPH-2457,white,Kos,Argitis,-247,6.942,0.325,6.34,0.062,3.15,0.613,13.78,6.5
AMPH-2458,white,Kos,Duracina,-246,7.199,0.305,6.06,0.032,3.07,0.595,9.86,5.78
AMPH-2459,white,Rhodes,Helvola,-247,7.045,0.306,7.93,0.033,3.01,0.467,11.4,5.26
AMPH-2460,white,Rhodes,Duracina,-245,5.999,0.204,6.53,0.034,3.21,0.572,9.7,4.74
AMPH-2461,red,Rhodes,Apian,-247,9.278,0.549,2.13,0.093,3.34,0.604,11.35,8.11
AMPH-2462,white,Kos,Helvola,-246,8.187,0.292,6.18,0.041,3.29,0.59,11.23,5.75
AMPH-2463,white,Chios,Apian,-247,6.875,0.251,6.54,0.048,3.04,0.624,11.36,7.87
AMPH-2464,white,Kos,Eugenia,-246,7.965,0.276,4.92,0.036,3.21,0.547,9.83,7.93
AMPH-2465,white,Chios,Eugenia,-247,5.776,0.341,5.48,0.06,3.2,0.367,10.21,7.57
AMPH-2466,red,Chios,Eugenia,-247,7.5,0.423,3.52,0.076,3.42,0.33,10.04,7.67
AMPH-2467,white,Thasos,Argitis,-245,7.011,0.303,7.54,0.041,3.12,0.35,14.25,6.31
AMPH-2468,white,Thasos,Duracina,-247,6.799,0.276,9.52,0.032,3.14,0.456,10.01,6.45
AMPH-2469,white,Thasos,Argitis,-246,6.576,0.252,5.2,0.029,3.2,0.581,13.89,6.57
AMPH-2470,white,Thasos,Argitis,-247,6.848,0.283,6.92,0.059,3.17,0.46,14.25,6.45
AMPH-2471,red,Thasos,Duracina,-247,9.159,0.498,3.92,0.068,3.29,0.557,10.03,5.77
AMPH-2472,white,Rhodes,Argitis,-247,6.423,0.186,5.73,0.036,3.27,0.363,13.81,5.45
AMPH-2473,red,Chios,Aminean,-245,8.416,0.435,1.76,0.089,3.4,0.768,13.15,7.84
AMPH-2474,white,Thasos,Helvola,-246,7.305,0.361,5.98,0.046,3.31,0.308,11.06,6.27
AMPH-2475,red,Thasos,Helvola,-247,7.682,0.563,3.23,0.091,3.24,0.9,11.06,5.98
AMPH-2476,white,Chios,Apian,-246,7.655,0.284,6.43,0.045,3.24,0.425,12.25,7.8
AMPH-2477,red,Rhodes,Argitis,-246,8.603,0.586,3.86,0.092,3.37,0.606,14.99,6.08
AMPH-2478,white,Thasos,Argitis,-247,7.08,0.314,4.46,0.037,3.3,0.401,13.47,6.42
AMPH-2479,white,Thasos,Duracina,-246,7.355,0.298,5.11,0.041,3.35,0.535,10.29,5.42
AMPH-2480,red,Kos,Apian,-246,7.669,0.482,1.66,0.09,3.2,0.808,11.72,7.68
AMPH-2481,white,Kos,Duracina,-245,6.859,0.361,5.26,0.041,3.07,0.2,9.52,4.89
AMPH-2482,red,Kos,Helvola,-247,9.059,0.554,2.9,0.096,3.14,0.86,11.51,6.15
AMPH-2483,red,Rhodes,Helvola,-246,8.875,0.536,1.91,0.084,3.36,0.568,11.03,5.7
AMPH-2484,white,Chios,Eugenia,-245,8.283,0.198,7.49,0.058,3.19,0.618,11.02,7.32
AMPH-2485,white,Kos,Aminean,-247,6.777,0.291,6.13,0.05,3.08,0.266,12.67,7.94
AMPH-2486,white,Kos,Apian,-247,7.906,0.193,5.33,0.031,3.23,0.314,10.91,9.11
AMPH-2487,white,Rhodes,Eugenia,-246,6.639,0.253,5.92,0.056,3.14,0.647,10.53,8.59
AMPH-2488,white,Chios,Aminean,-246,6.02,0.16,6.58,0.042,3.26,0.394,12.52,7.44
AMPH-2489,red,Kos,Helvola,-246,8.336,0.6,0.72,0.076,3.32,0.698,10.32,6.57
AMPH-2490,white,Chios,Eugenia,-247,6.544,0.268,7.55,0.05,3.18,0.365,10.19,7.8
AMPH-2491,red,Thasos,Argitis,-245,8.463,0.535,2.04,0.1,3.36,0.642,13.52,6.51
AMPH-2492,white,Chios,Eugenia,-245,7.232,0.408,6.84,0.049,3.15,0.571,10.52,7.32
AMPH-2493,white,Kos,Helvola,-246,7.086,0.217,5.22,0.038,3.21,0.336,11.01,5.23
AMPH-2494,white,Thasos,Aminean,-245,7.267,0.316,7.33,0.046,3.09,0.6,12.35,9.13
AMPH-2495,red,Kos,Duracina,-246,9.007,0.511,2.58,0.073,3.11,0.382,9.72,6.0
AMPH-2496,red,Kos,Duracina,-247,7.882,0.529,3.64,0.079,3.19,0.591,11.45,6.11
AMPH-2497,red,Thasos,Argitis,-245,7.885,0.566,3.35,0.08,3.38,0.901,13.81,6.0
AMPH-2498,white,Rhodes,Apian,-245,6.923,0.38,6.51,0.053,3.21,0.379,11.68,7.68
AMPH-2499,white,Rhodes,Apian,-245,7.621,0.313,7.79,0.034,3.09,0.459,10.98,7.06
AMPH-2500,red,Chios,Aminean,-247,8.26,0.44,0.6,0.103,3.42,0.866,11.79,7.59
AMPH-2501,red,Chios,Argitis,-245,8.283,0.539,3.34,0.087,3.27,1.024,13.71,4.8
AMPH-2502,white,Chios,Argitis,-245,7.517,0.302,8.6,0.062,3.23,0.484,13.31,4.98
AMPH-2503,white,Chios,Argitis,-246,6.118,0.257,6.18,0.043,3.16,0.301,13.74,4.92
AMPH-2504,white,Kos,Duracina,-245,7.207,0.313,7.48,0.067,3.07,0.41,9.38,5.36
AMPH-2505,white,Rhodes,Helvola,-247,7.116,0.27,7.03,0.057,3.17,0.529,11.45,5.35
AMPH-2506,red,Kos,Helvola,-246,8.615,0.547,0.6,0.082,3.24,0.739,11.19,5.82
AMPH-2507,red,Chios,Eugenia,-246,8.686,0.534,1.68,0.087,3.47,0.54,9.91,7.15
AMPH-2508,white,Thasos,Duracina,-245,7.859,0.216,5.91,0.045,2.96,0.42,10.41,6.35
AMPH-2509,red,Kos,Apian,-247,8.526,0.426,1.7,0.104,3.24,0.494,10.36,8.06
AMPH-2510,white,Thasos,Duracina,-245,7.407,0.318,6.17,0.049,3.27,0.483,10.48,5.89
AMPH-2511,white,Chios,Aminean,-245,7.101,0.261,5.7,0.063,3.22,0.728,12.45,7.47
AMPH-2512,red,Chios,Aminean,-246,9.099,0.555,2.7,0.089,3.22,0.369,12.17,7.4
AMPH-2513,red,Kos,Eugenia,-246,8.546,0.592,4.15,0.097,3.38,1.069,10.07,8.11
AMPH-2514,white,Chios,Aminean,-245,6.737,0.322,5.91,0.051,3.23,0.609,12.76,7.77
AMPH-2515,white,Chios,Aminean,-247,6.265,0.261,6.74,0.065,3.22,0.677,12.53,7.42
AMPH-2516,red,Kos,Helvola,-246,8.505,0.592,2.16,0.079,3.4,0.858,11.22,5.92
AMPH-2517,red,Chios,Aminean,-246,8.152,0.518,1.83,0.076,3.15,0.493,12.56,7.34
AMPH-2518,red,Rhodes,Helvola,-245,8.435,0.54,4.41,0.095,3.36,0.611,10.42,5.26
AMPH-2519,white,Kos,Eugenia,-245,7.128,0.27,3.99,0.052,3.15,0.361,10.67,7.7
AMPH-2520,red,Kos,Helvola,-247,8.013,0.61,4.22,0.087,3.35,0.728,10.21,5.71
AMPH-2521,red,Kos,Aminean,-245,7.774,0.522,3.56,0.088,3.35,0.661,12.25,8.32
AMPH-2522,red,Thasos,Helvola,-246,7.666,0.544,2.0,0.074,3.34,0.709,11.29,6.49
AMPH-2523,red,Thasos,Duracina,-245,8.288,0.581,1.13,0.088,3.38,0.539,9.74,6.59
AMPH-2524,white,Chios,Aminean,-246,7.378,0.259,6.69,0.07,3.2,0.648,12.12,7.1
AMPH-2525,red,Chios,Aminean,-247,7.912,0.431,0.6,0.096,3.2,0.538,12.54,7.9
AMPH-2526,white,Kos,Helvola,-246,7.067,0.176,7.17,0.062,3.15,0.592,10.52,5.8
AMPH-2527,white,Thasos,Helvola,-246,7.521,0.226,5.32,0.058,3.14,0.523,10.54,6.62
AMPH-2528,white,Kos,Eugenia,-245,8.236,0.264,7.97,0.046,3.13,0.406,10.13,7.46
AMPH-2529,white,Chios,Eugenia,-247,6.621,0.252,5.7,0.023,3.18,0.707,10.56,8.27
AMPH-2530,white,Chios,Apian,-247,7.257,0.342,6.02,0.051,3.24,0.583,11.31,7.32
AMPH-2531,white,Thasos,Helvola,-247,7.505,0.207,5.39,0.04,3.26,0.431,11.28,6.9
AMPH-2532,white,Rhodes,Helvola,-247,7.327,0.299,6.32,0.046,3.16,0.33,11.53,5.39
AMPH-2533,white,Kos,Argitis,-247,7.939,0.293,6.39,0.044,3.13,0.593,14.77,5.78
AMPH-2534,white,Chios,Eugenia,-246,6.493,0.324,5.33,0.055,3.29,0.614,10.28,7.02
AMPH-2535,white,Kos,Helvola,-247,7.052,0.19,6.9,0.029,3.2,0.357,11.5,5.84
AMPH-2536,white,Thasos,Argitis,-247,6.01,0.253,4.79,0.027,3.3,0.582,14.27,6.04
AMPH-2537,red,Chios,Eugenia,-246,7.663,0.501,1.58,0.07,3.2,0.62,10.43,7.51
AMPH-2538,red,Kos,Helvola,-246,8.199,0.547,1.95,0.083,3.35,0.448,10.38,5.11
AMPH-2539,white,Chios,Apian,-245,7.074,0.351,7.45,0.039,3.25,0.401,11.8,8.11
AMPH-2540,red,Thasos,Apian,-247,8.453,0.523,3.21,0.065,3.4,0.89,11.43,8.61
AMPH-2541,white,Kos,Apian,-245,7.68,0.32,4.7,0.045,3.17,0.371,11.19,8.26
AMPH-2542,white,Thasos,Duracina,-246,6.939,0.205,6.26,0.028,3.21,0.557,9.73,6.16
AMPH-2543,white,Chios,Aminean,-247,6.602,0.276,6.53,0.05,3.14,0.43,12.44,7.57
AMPH-2544,white,Thasos,Duracina,-245,6.533,0.293,5.75,0.045,3.22,0.516,9.82,6.24
AMPH-2545,red,Thasos,Duracina,-247,7.164,0.535,2.92,0.097,3.3,0.609,10.67,6.15
AMPH-2546,white,Rhodes,Argitis,-246,6.323,0.163,7.19,0.039,3.29,0.7,14.24,5.59
AMPH-2547,white,Thasos,Duracina,-246,7.944,0.212,7.69,0.041,3.08,0.445,10.6,5.77
AMPH-2548,red,Rhodes,Eugenia,-245,7.94,0.543,1.19,0.083,3.5,0.558,9.61,7.64
AMPH-2549,red,Kos,Eugenia,-247,8.061,0.616,1.4,0.098,3.34,0.496,9.1,7.75
AMPH-2550,white,Chios,Eugenia,-245,7.268,0.211,6.05,0.05,3.25,0.628,10.69,7.68
AMPH-2551,white,Thasos,Argitis,-246,7.499,0.267,6.57,0.053,3.25,0.501,13.58,6.13
AMPH-2552,white,Rhodes,Apian,-246,6.013,0.246,7.46,0.042,3.17,0.416,11.87,8.05
AMPH-2553,white,Rhodes,Eugenia,-245,6.576,0.263,8.96,0.038,3.13,0.493,9.6,7.65
AMPH-2554,white,Rhodes,Duracina,-246,7.212,0.244,5.54,0.044,3.18,0.534,9.6,4.82
AMPH-2555,white,Chios,Eugenia,-246,6.865,0.258,7.03,0.053,3.12,0.518,10.31,7.76
AMPH-2556,white,Kos,Duracina,-246,7.094,0.292,6.64,0.037,3.14,0.63,9.44,5.62
AMPH-2557,white,Rhodes,Eugenia,-247,6.954,0.314,6.66,0.037,3.19,0.35,9.84,8.1
AMPH-2558,white,Kos,Apian,-247,5.905,0.217,9.06,0.049,3.18,0.287,11.42,7.17
AMPH-2559,white,Thasos,Helvola,-245,7.182,0.215,5.75,0.042,3.17,0.434,11.63,6.71
AMPH-2560,white,Chios,Aminean,-247,6.682,0.24,6.16,0.04,3.19,0.214,12.14,7.48
AMPH-2561,white,Kos,Argitis,-245,5.929,0.33,8.4,0.049,3.29,0.709,14.02,5.29
AMPH-2562,white,Thasos,Duracina,-246,7.179,0.357,5.68,0.047,3.32,0.395,9.35,7.08
AMPH-2563,red,Thasos,Argitis,-245,8.419,0.598,2.29,0.077,3.23,0.572,13.6,6.28
AMPH-2564,white,Kos,Eugenia,-247,7.787,0.361,6.55,0.033,3.08,0.461,9.91,8.66
AMPH-2565,white,Rhodes,Duracina,-246,7.48,0.362,7.81,0.041,3.13,0.385,9.89,4.76
AMPH-2566,white,Kos,Aminean,-245,6.633,0.248,6.69,0.039,3.15,0.234,12.21,7.89
AMPH-2567,white,Kos,Helvola,-245,7.466,0.242,4.87,0.053,3.29,0.651,11.4,5.65
AMPH-2568,red,Rhodes,Aminean,-247,8.133,0.507,2.96,0.077,3.21,0.472,13.05,8.42
AMPH-2569,white,Rhodes,Helvola,-246,7.364,0.208,7.49,0.041,3.21,0.329,10.85,4.86
AMPH-2570,white,Kos,Apian,-247,6.109,0.267,5.01,0.046,3.22,0.637,10.54,8.22
AMPH-2571,white,Thasos,Helvola,-247,7.728,0.282,7.62,0.048,3.14,0.329,10.95,5.69
AMPH-2572,red,Thasos,Duracina,-246,7.483,0.648,1.65,0.088,3.31,0.742,9.43,6.45
AMPH-2573,red,Thasos,Argitis,-247,8.076,0.529,2.62,0.081,3.28,0.777,14.16,6.43
AMPH-2574,white,Kos,Helvola,-247,6.591,0.262,6.44,0.053,3.2,0.551,11.03,5.56
AMPH-2575,white,Kos,Argitis,-245,6.782,0.318,6.13,0.052,3.21,0.677,14.22,4.9
AMPH-2576,white,Chios,Aminean,-245,6.298,0.38,5.9,0.045,3.25,0.589,12.4,7.32
AMPH-2577,white,Rhodes,Eugenia,-246,8.501,0.229,8.21,0.059,3.11,0.456,9.73,7.49
AMPH-2578,white,Rhodes,Helvola,-247,7.665,0.258,4.84,0.047,3.2,0.419,10.62,5.28
AMPH-2579,white,Thasos,Argitis,-245,8.127,0.243,6.28,0.043,3.19,0.754,13.79,5.76
AMPH-2580,white,Rhodes,Eugenia,-245,7.72,0.258,7.06,0.06,3.26,0.624,9.81,8.05
AMPH-2581,white,Rhodes,Argitis,-245,6.973,0.291,5.56,0.041,3.0,0.675,13.88,5.36
AMPH-2582,white,Thasos,Argitis,-246,5.634,0.244,5.36,0.05,3.08,0.416,14.26,6.68
AMPH-2583,white,Chios,Helvola,-246,6.143,0.375,5.79,0.045,3.01,0.453,11.59,4.78
AMPH-2584,red,Rhodes,Argitis,-247,8.19,0.505,4.02,0.097,3.32,0.727,13.44,5.02
AMPH-2585,red,Thasos,Argitis,-246,8.78,0.444,3.06,0.076,3.27,0.707,13.62,5.64
AMPH-2586,red,Chios,Eugenia,-246,8.67,0.538,3.95,0.08,3.29,0.506,9.76,7.37
AMPH-2587,red,Kos,Apian,-246,7.95,0.49,3.74,0.108,3.14,0.605,11.17,8.38
AMPH-2588,white,Kos,Aminean,-246,6.906,0.219,6.12,0.047,3.19,0.534,12.57,7.84
AMPH-2589,white,Thasos,Helvola,-246,6.9,0.339,5.27,0.047,3.17,0.485,10.71,6.38
AMPH-2590,white,Chios,Argitis,-246,6.711,0.274,3.75,0.048,3.24,0.268,13.86,4.91
AMPH-2591,white,Rhodes,Apian,-245,6.435,0.269,5.91,0.045,3.24,0.57,11.38,8.05
AMPH-2592,white,Chios,Apian,-247,6.851,0.265,6.28,0.05,3.21,0.36,11.68,7.4
AMPH-2593,red,Rhodes,Aminean,-246,8.7,0.577,1.08,0.094,3.26,0.63,12.65,8.16
AMPH-2594,white,Rhodes,Aminean,-247,6.645,0.242,5.24,0.04,3.16,0.244,11.87,8.23
AMPH-2595,white,Thasos,Apian,-247,7.153,0.239,7.47,0.027,3.09,0.327,12.19,8.94
AMPH-2596,red,Thasos,Helvola,-245,7.742,0.464,1.37,0.086,3.47,0.808,10.36,5.63
AMPH-2597,red,Rhodes,Argitis,-245,7.486,0.436,2.34,0.081,3.42,0.506,14.09,5.97
AMPH-2598,white,Rhodes,Aminean,-247,6.848,0.295,6.26,0.037,3.23,0.511,11.79,7.97
AMPH-2599,white,Thasos,Helvola,-246,7.146,0.325,6.65,0.04,3.21,0.508,10.83,5.9
AMPH-2600,red,Rhodes,Duracina,-245,9.028,0.547,0.6,0.081,3.13,0.621,10.06,5.62
AMPH-2601,white,Rhodes,Aminean,-246,6.164,0.267,8.5,0.045,3.34,0.422,12.38,8.03
AMPH-2602,white,Rhodes,Duracina,-246,6.713,0.316,6.63,0.044,3.23,0.257,9.05,5.32
AMPH-2603,white,Rhodes,Argitis,-246,6.454,0.359,7.7,0.047,3.21,0.478,13.62,4.74
AMPH-2604,red,Kos,Eugenia,-247,9.167,0.42,3.13,0.077,3.29,0.27,10.33,8.3
AMPH-2605,red,Rhodes,Apian,-245,8.497,0.573,1.63,0.082,3.5,0.584,12.04,7.62
AMPH-2606,white,Kos,Argitis,-247,6.761,0.227,5.59,0.053,3.23,0.284,12.98,5.69
AMPH-2607,white,Kos,Argitis,-246,6.784,0.326,8.02,0.051,3.15,0.62,13.66,5.77
AMPH-2608,red,Kos,Helvola,-245,8.326,0.43,4.44,0.086,3.43,0.693,11.14,4.95
AMPH-2609,white,Thasos,Helvola,-245,6.935,0.349,5.73,0.057,3.3,0.527,10.98,5.95
AMPH-2610,white,Thasos,Argitis,-245,7.233,0.271,7.45,0.063,3.12,0.618,13.63,6.08
AMPH-2611,red,Chios,Aminean,-247,8.365,0.515,0.6,0.094,3.27,0.703,11.69,8.13
AMPH-2612,white,Thasos,Duracina,-245,6.766,0.258,5.37,0.042,3.33,0.484,9.41,6.61
AMPH-2613,red,Thasos,Duracina,-246,8.664,0.447,4.95,0.078,3.3,0.464,9.16,6.38
AMPH-2614,red,Rhodes,Apian,-245,7.455,0.475,4.04,0.095,3.26,0.518,11.49,7.68
AMPH-2615,white,Chios,Eugenia,-246,6.877,0.303,8.86,0.055,3.0,0.624,10.87,7.68
AMPH-2616,white,Thasos,Helvola,-245,6.235,0.19,5.13,0.044,3.1,0.613,11.34,5.78
AMPH-2617,red,Kos,Helvola,-245,8.052,0.506,3.81,0.072,3.38,0.682,11.96,5.25
AMPH-2618,white,Rhodes,Aminean,-247,7.885,0.249,5.43,0.051,3.3,0.4,12.99,7.68
AMPH-2619,red,Chios,Eugenia,-247,8.206,0.579,0.6,0.078,3.37,0.664,9.7,7.79
AMPH-2620,white,Rhodes,Eugenia,-246,6.992,0.25,9.49,0.052,3.18,0.441,9.88,7.52
AMPH-2621,white,Kos,Helvola,-247,7.091,0.261,6.7,0.062,3.04,0.428,10.46,5.66
AMPH-2622,white,Kos,Duracina,-247,7.773,0.34,7.74,0.059,3.07,0.733,9.99,5.67
AMPH-2623,white,Thasos,Helvola,-247,6.565,0.258,5.71,0.04,3.23,0.484,10.81,6.47
AMPH-2624,white,Thasos,Apian,-247,6.3,0.315,6.58,0.045,3.11,0.422,11.85,9.13
AMPH-2625,white,Thasos,Argitis,-246,7.12,0.189,7.94,0.042,3.13,0.393,14.35,6.57
AMPH-2626,red,Rhodes,Duracina,-246,8.011,0.531,3.33,0.087,3.42,0.63,10.1,5.43
AMPH-2627,white,Rhodes,Aminean,-245,6.459,0.287,4.48,0.036,3.14,0.328,12.89,7.82
AMPH-2628,red,Kos,Aminean,-247,8.316,0.426,3.15,0.082,3.4,0.919,12.49,7.81
AMPH-2629,white,Kos,Helvola,-247,7.359,0.287,6.64,0.051,3.25,0.836,10.51,6.07
AMPH-2630,red,Thasos,Argitis,-246,7.913,0.479,3.0,0.085,3.32,0.567,13.94,5.57
AMPH-2631,white,Thasos,Helvola,-247,5.884,0.395,7.89,0.045,3.26,0.296,9.98,6.06
AMPH-2632,white,Chios,Eugenia,-247,7.584,0.333,5.5,0.056,3.14,0.522,10.22,7.8
AMPH-2633,red,Rhodes,Argitis,-247,8.553,0.56,2.6,0.069,3.27,0.604,14.5,5.38
AMPH-2634,white,Thasos,Helvola,-247,6.464,0.256,5.23,0.046,3.19,0.65,11.12,6.29
AMPH-2635,white,Thasos,Argitis,-246,6.894,0.316,5.56,0.054,3.16,0.212,13.69,6.02
AMPH-2636,red,Kos,Aminean,-247,7.873,0.5,2.19,0.095,3.21,0.865,12.45,8.14
AMPH-2637,red,Thasos,Helvola,-245,7.987,0.572,3.83,0.094,3.27,0.747,11.02,6.78
AMPH-2638,white,Kos,Apian,-245,6.73,0.292,6.43,0.044,3.27,0.268,11.52,8.27
AMPH-2639,red,Chios,Apian,-247,8.065,0.514,3.0,0.085,3.39,0.735,12.0,7.65
AMPH-2640,white,Rhodes,Aminean,-245,6.452,0.285,8.15,0.044,3.37,0.303,12.29,8.21
AMPH-2641,red,Thasos,Duracina,-245,7.489,0.562,2.79,0.097,3.38,0.734,9.07,6.54
AMPH-2642,red,Thasos,Duracina,-246,8.056,0.54,2.93,0.096,3.25,0.769,10.12,6.36
AMPH-2643,white,Chios,Aminean,-246,6.309,0.283,5.09,0.046,3.22,0.257,12.71,8.09
AMPH-2644,white,Rhodes,Apian,-245,6.94,0.179,7.53,0.057,3.22,0.635,11.37,7.52
AMPH-2645,white,Chios,Eugenia,-245,6.348,0.359,5.28,0.056,3.24,0.386,10.39,7.94
AMPH-2646,white,Rhodes,Aminean,-245,7.19,0.305,7.39,0.055,3.24,0.473,12.36,8.18
AMPH-2647,white,Kos,Aminean,-246,6.509,0.387,4.07,0.035,3.19,0.598,13.08,7.84
AMPH-2648,white,Kos,Apian,-247,6.467,0.325,7.03,0.055,3.24,0.724,11.6,7.99
AMPH-2649,red,Kos,Apian,-247,8.257,0.521,3.05,0.099,3.37,0.789,11.52,7.44
AMPH-2650,red,Chios,Aminean,-247,8.367,0.63,3.32,0.079,3.37,0.565,12.43,7.02
AMPH-2651,white,Kos,Argitis,-245,7.135,0.194,6.02,0.053,3.2,0.402,14.59,6.17
AMPH-2652,white,Chios,Aminean,-246,7.736,0.319,5.88,0.034,3.13,0.468,12.83,7.51
AMPH-2653,white,Chios,Aminean,-247,7.035,0.349,8.12,0.067,3.02,0.595,12.61,7.35
AMPH-2654,white,Thasos,Argitis,-245,6.321,0.225,6.4,0.053,3.11,0.679,13.85,5.99
AMPH-2655,red,Rhodes,Apian,-247,8.891,0.541,4.46,0.088,3.32,0.533,10.75,7.69
AMPH-2656,white,Chios,Apian,-247,7.115,0.293,6.4,0.067,3.1,0.538,10.87,7.59
AMPH-2657,red,Thasos,Argitis,-245,7.972,0.579,1.97,0.089,3.26,0.608,13.55,6.41
AMPH-2658,white,Chios,Aminean,-246,7.528,0.306,5.98,0.029,3.24,0.798,11.87,7.06
AMPH-2659,white,Kos,Aminean,-247,6.774,0.242,7.81,0.035,3.27,0.361,12.51,8.15
AMPH-2660,white,Rhodes,Helvola,-246,6.385,0.363,5.4,0.052,3.13,0.489,10.72,4.95
AMPH-2661,red,Thasos,Argitis,-246,7.588,0.446,2.0,0.087,3.23,0.71,13.82,5.72
AMPH-2662,white,Chios,Apian,-246,6.138,0.193,6.28,0.027,3.25,0.562,11.76,7.13
AMPH-2663,white,Thasos,Helvola,-245,6.803,0.376,6.54,0.033,3.25,0.68,11.17,6.14
AMPH-2664,white,Kos,Duracina,-245,7.117,0.317,5.79,0.053,3.21,0.428,9.97,5.74
AMPH-2665,white,Thasos,Argitis,-246,6.769,0.294,7.17,0.045,3.11,0.327,14.13,5.82
AMPH-2666,white,Rhodes,Apian,-245,6.56,0.261,5.9,0.031,3.26,0.588,11.89,7.89
AMPH-2667,white,Rhodes,Duracina,-246,7.918,0.295,4.29,0.045,3.34,0.404,9.8,5.85
AMPH-2668,white,Rhodes,Eugenia,-245,5.816,0.406,6.38,0.044,3.2,0.399,10.04,8.41
AMPH-2669,white,Thasos,Argitis,-246,7.284,0.312,6.3,0.049,3.26,0.423,12.98,5.34
AMPH-2670,white,Chios,Eugenia,-246,7.16,0.272,5.07,0.043,3.07,0.567,10.49,7.78
AMPH-2671,white,Rhodes,Duracina,-246,7.272,0.354,5.58,0.043,3.26,0.729,10.44,5.1
AMPH-2672,white,Rhodes,Argitis,-247,7.2,0.28,4.84,0.04,3.27,0.473,13.26,5.46
AMPH-2673,red,Chios,Eugenia,-247,8.039,0.568,1.56,0.076,3.16,0.613,9.92,7.52
AMPH-2674,white,Kos,Eugenia,-245,6.557,0.333,6.7,0.056,3.06,0.287,9.98,8.02
AMPH-2675,white,Thasos,Duracina,-247,5.384,0.27,8.31,0.039,3.14,0.201,9.52,6.39
AMPH-2676,red,Kos,Duracina,-245,8.047,0.511,2.46,0.095,3.3,0.382,9.85,5.66
AMPH-2677,white,Thasos,Argitis,-246,6.962,0.303,6.38,0.039,3.17,0.45,13.8,6.08
AMPH-2678,red,Thasos,Argitis,-245,7.659,0.543,2.52,0.091,3.4,0.538,13.91,6.87
AMPH-2679,white,Thasos,Argitis,-245,6.964,0.284,7.32,0.052,3.26,0.632,13.34,6.38
AMPH-2680,white,Rhodes,Helvola,-247,8.208,0.308,7.11,0.041,3.23,0.415,11.35,5.23
AMPH-2681,red,Chios,Apian,-246,8.973,0.474,1.95,0.094,3.35,0.698,11.21,7.26
AMPH-2682,red,Kos,Aminean,-246,7.95,0.496,3.01,0.075,3.31,0.589,12.32,7.48
AMPH-2683,red,Rhodes,Duracina,-245,8.891,0.614,1.74,0.098,3.32,0.735,10.69,5.82
AMPH-2684,white,Rhodes,Duracina,-245,7.141,0.286,5.75,0.057,3.26,0.355,10.48,5.03
AMPH-2685,white,Thasos,Helvola,-246,6.936,0.347,5.91,0.029,3.22,0.583,11.3,6.5
AMPH-2686,white,Kos,Helvola,-245,6.96,0.274,6.83,0.042,3.21,0.384,10.46,5.29
AMPH-2687,white,Rhodes,Eugenia,-245,7.034,0.377,7.37,0.052,3.27,0.608,10.93,8.12
AMPH-2688,red,Thasos,Duracina,-246,8.871,0.539,1.77,0.095,3.3,0.554,9.61,5.96
AMPH-2689,red,Thasos,Argitis,-245,7.776,0.467,2.16,0.095,3.25,0.478,12.87,6.3
AMPH-2690,red,Rhodes,Apian,-246,7.36,0.546,3.31,0.095,3.28,0.567,10.97,7.93
AMPH-2691,white,Kos,Argitis,-245,6.388,0.325,8.63,0.056,3.32,0.387,14.89,5.83
AMPH-2692,red,Kos,Eugenia,-245,8.525,0.579,3.35,0.1,3.33,0.73,10.24,7.85
AMPH-2693,red,Chios,Aminean,-246,7.718,0.498,1.51,0.083,3.39,0.865,11.94,6.68
AMPH-2694,white,Thasos,Argitis,-246,5.856,0.298,4.75,0.037,3.26,0.341,14.31,6.7
AMPH-2695,white,Rhodes,Duracina,-245,6.318,0.218,4.65,0.06,3.27,0.36,10.06,5.5
AMPH-2696,white,Chios,Apian,-246,7.019,0.271,6.03,0.036,3.31,0.586,11.45,7.96
AMPH-2697,white,Chios,Apian,-246,7.298,0.296,8.06,0.054,3.16,0.511,12.2,7.24
AMPH-2698,white,Chios,Eugenia,-247,7.248,0.322,5.46,0.043,3.21,0.344,10.22,7.04
AMPH-2699,red,Kos,Apian,-245,8.221,0.531,3.01,0.077,3.3,0.785,11.81,8.31
AMPH-2700,red,Thasos,Apian,-246,9.248,0.561,0.6,0.085,3.36,0.65,11.11,8.84
AMPH-2701,red,Chios,Argitis,-247,8.171,0.489,3.25,0.088,3.28,0.581,13.92,5.66
AMPH-2702,white,Chios,Aminean,-245,7.049,0.293,4.48,0.047,3.02,0.656,12.67,7.65
AMPH-2703,red,Rhodes,Eugenia,-245,9.14,0.462,0.76,0.093,3.37,0.629,10.17,7.83
AMPH-2704,red,Thasos,Duracina,-246,9.323,0.55,3.44,0.098,3.3,0.749,9.54,6.23
AMPH-2705,white,Chios,Eugenia,-246,7.317,0.213,5.97,0.058,3.11,0.729,10.85,7.89
AMPH-2706,red,Kos,Duracina,-246,9.255,0.524,1.12,0.082,3.21,0.733,9.97,6.12
AMPH-2707,white,Chios,Eugenia,-246,6.09,0.261,5.42,0.04,3.14,0.219,10.45,7.57
AMPH-2708,white,Thasos,Duracina,-245,6.725,0.228,7.25,0.04,3.12,0.351,9.63,5.97
AMPH-2709,white,Kos,Argitis,-246,7.509,0.258,4.78,0.049,3.26,0.208,14.4,5.72
AMPH-2710,white,Thasos,Helvola,-246,6.807,0.264,4.83,0.044,3.09,0.566,11.45,6.78
AMPH-2711,red,Chios,Duracina,-246,7.539,0.585,1.67,0.095,3.4,0.663,9.93,4.81
AMPH-2712,red,Kos,Argitis,-246,8.202,0.471,1.94,0.074,3.36,0.525,14.69,5.8
AMPH-2713,red,Rhodes,Argitis,-246,9.37,0.485,4.02,0.074,3.36,0.538,13.09,5.14
AMPH-2714,red,Kos,Argitis,-245,8.556,0.507,5.56,0.086,3.19,0.714,13.45,5.88
AMPH-2715,red,Thasos,Helvola,-247,8.035,0.484,2.91,0.073,3.4,0.66,11.15,6.02
AMPH-2716,white,Chios,Eugenia,-246,7.531,0.25,5.7,0.031,3.14,0.416,10.99,8.29
AMPH-2717,red,Chios,Eugenia,-245,8.194,0.525,4.22,0.082,3.25,0.609,9.78,7.15
AMPH-2718,white,Chios,Eugenia,-247,7.214,0.299,5.65,0.047,3.29,0.495,10.83,7.99
AMPH-2719,white,Rhodes,Eugenia,-245,6.416,0.383,6.49,0.043,3.14,0.73,10.74,8.33
AMPH-2720,white,Thasos,Helvola,-246,6.789,0.237,7.13,0.052,3.28,0.485,10.68,6.47
AMPH-2721,white,Kos,Eugenia,-247,6.898,0.262,4.35,0.051,3.13,0.402,9.73,8.09
AMPH-2722,red,Rhodes,Duracina,-246,8.099,0.622,0.89,0.086,3.24,0.71,9.75,4.99
AMPH-2723,white,Thasos,Helvola,-245,6.487,0.25,5.08,0.022,3.05,0.385,10.82,5.94
AMPH-2724,white,Rhodes,Helvola,-246,7.561,0.247,7.11,0.054,3.34,0.655,10.82,5.55
AMPH-2725,white,Kos,Eugenia,-245,6.354,0.209,7.03,0.056,3.14,0.652,10.62,7.96
AMPH-2726,red,Thasos,Apian,-247,8.004,0.542,1.5,0.094,3.35,0.548,10.85,8.83
AMPH-2727,white,Rhodes,Argitis,-246,7.752,0.363,5.77,0.047,3.22,0.432,13.97,5.31
AMPH-2728,white,Chios,Apian,-245,6.384,0.137,8.03,0.053,3.28,0.49,11.02,7.47
AMPH-2729,white,Thasos,Argitis,-247,6.696,0.238,6.99,0.045,3.24,0.38,14.54,5.98
AMPH-2730,white,Thasos,Duracina,-245,6.49,0.186,6.24,0.041,3.18,0.424,10.27,6.29
AMPH-2731,red,Rhodes,Argitis,-247,7.414,0.527,2.25,0.077,3.17,0.834,14.01,5.82
AMPH-2732,white,Chios,Apian,-247,6.662,0.395,5.36,0.024,3.28,0.467,11.78,7.58
AMPH-2733,white,Rhodes,Eugenia,-247,6.913,0.252,6.0,0.042,3.17,0.452,10.58,7.68
AMPH-2734,white,Chios,Eugenia,-245,7.108,0.192,6.95,0.044,3.27,0.445,9.25,7.47
AMPH-2735,white,Thasos,Helvola,-246,6.637,0.28,6.27,0.038,3.23,0.563,10.31,6.15
AMPH-2736,white,Chios,Aminean,-245,6.743,0.332,6.86,0.063,3.16,0.5,11.88,7.05
AMPH-2737,white,Rhodes,Duracina,-247,7.144,0.305,7.67,0.037,3.23,0.247,10.15,5.4
AMPH-2738,red,Kos,Duracina,-246,8.018,0.522,1.85,0.095,3.29,1.004,9.26,5.77
AMPH-2739,red,Thasos,Duracina,-247,8.118,0.631,3.94,0.079,3.25,0.85,10.19,6.32
AMPH-2740,white,Kos,Eugenia,-245,6.301,0.344,8.01,0.046,3.1,0.714,9.83,7.22
AMPH-2741,white,Kos,Apian,-246,6.678,0.246,7.43,0.042,3.3,0.749,11.89,7.92
AMPH-2742,red,Kos,Argitis,-247,8.765,0.475,1.47,0.087,3.27,0.616,13.86,5.47
AMPH-2743,white,Chios,Apian,-245,6.828,0.211,6.77,0.045,3.22,0.275,11.07,8.34
AMPH-2744,white,Rhodes,Argitis,-247,6.74,0.247,6.28,0.045,3.18,0.334,14.01,5.44
AMPH-2745,red,Thasos,Argitis,-246,8.689,0.548,2.24,0.082,3.33,0.531,13.65,5.43
AMPH-2746,white,Kos,Duracina,-245,6.73,0.236,6.41,0.057,3.3,0.657,10.28,5.49
AMPH-2747,red,Kos,Helvola,-246,8.345,0.522,4.26,0.089,3.29,0.556,11.14,5.13
AMPH-2748,white,Kos,Apian,-245,7.224,0.382,7.57,0.056,3.27,0.47,11.93,7.33
AMPH-2749,red,Kos,Duracina,-246,8.608,0.517,1.57,0.08,3.37,0.786,9.79,5.37
AMPH-2750,red,Rhodes,Duracina,-246,7.077,0.576,2.87,0.091,3.28,0.856,9.31,4.91
AMPH-2751,white,Thasos,Argitis,-246,7.104,0.285,5.23,0.032,3.24,0.641,13.43,6.1
AMPH-2752,white,Thasos,Aminean,-247,6.912,0.253,5.21,0.047,3.23,0.519,12.95,8.68
AMPH-2753,red,Thasos,Duracina,-246,8.413,0.585,2.4,0.078,3.55,0.757,9.58,6.55
AMPH-2754,white,Rhodes,Aminean,-245,5.956,0.24,5.55,0.055,3.18,0.909,12.35,7.51
AMPH-2755,white,Kos,Apian,-247,6.962,0.259,5.78,0.04,3.24,0.511,11.02,8.48
AMPH-2756,white,Chios,Aminean,-246,6.333,0.361,8.6,0.056,3.13,0.817,12.37,7.6
AMPH-2757,red,Rhodes,Aminean,-246,8.208,0.564,2.28,0.087,3.4,0.579,12.73,8.66
AMPH-2758,red,Kos,Eugenia,-246,8.749,0.461,3.1,0.087,3.37,0.606,10.08,7.93
AMPH-2759,red,Chios,Eugenia,-247,7.234,0.463,2.99,0.092,3.35,0.594,10.17,6.57
AMPH-2760,red,Thasos,Argitis,-247,8.671,0.656,1.3,0.11,3.22,0.604,13.4,6.08
AMPH-2761,white,Kos,Duracina,-245,7.182,0.294,7.78,0.029,3.27,0.334,10.0,5.6
AMPH-2762,white,Chios,Eugenia,-247,8.008,0.155,9.68,0.058,3.12,0.39,10.47,8.09
AMPH-2763,red,Kos,Duracina,-247,7.943,0.508,2.64,0.079,3.26,0.765,10.0,5.82
AMPH-2764,white,Rhodes,Helvola,-246,6.424,0.338,8.28,0.055,3.17,0.556,11.0,6.06
AMPH-2765,red,Chios,Aminean,-247,8.35,0.544,1.37,0.09,3.27,0.847,12.33,7.38
AMPH-2766,white,Kos,Duracina,-246,7.738,0.199,6.38,0.05,3.19,0.547,9.29,5.57
AMPH-2767,white,Kos,Duracina,-246,7.405,0.254,7.46,0.04,3.16,0.481,9.83,5.71
AMPH-2768,white,Kos,Aminean,-245,6.751,0.328,6.84,0.053,3.2,0.575,12.65,8.57
AMPH-2769,red,Chios,Helvola,-247,8.075,0.581,2.48,0.09,3.32,0.604,10.65,5.25
AMPH-2770,white,Chios,Aminean,-246,6.585,0.182,7.22,0.036,3.17,0.335,12.71,7.31
AMPH-2771,white,Rhodes,Helvola,-247,6.305,0.252,8.96,0.049,3.25,0.597,11.38,5.97
AMPH-2772,red,Kos,Apian,-245,8.74,0.534,1.31,0.069,3.33,0.538,11.09,8.26
AMPH-2773,red,Rhodes,Argitis,-245,8.653,0.602,2.67,0.1,3.41,0.769,14.14,5.28
AMPH-2774,red,Thasos,Argitis,-247,7.647,0.547,2.5,0.079,3.43,0.816,13.81,5.87
AMPH-2775,red,Kos,Helvola,-246,7.343,0.554,2.3,0.083,3.35,0.959,11.39,5.1
AMPH-2776,white,Chios,Apian,-246,7.323,0.27,3.53,0.042,3.19,0.671,10.31,7.29
AMPH-2777,white,Thasos,Helvola,-247,7.017,0.173,8.25,0.055,3.15,0.244,10.42,6.76
AMPH-2778,white,Rhodes,Argitis,-245,6.888,0.297,7.31,0.042,3.31,0.216,13.97,5.63
AMPH-2779,white,Rhodes,Eugenia,-247,6.186,0.251,6.71,0.046,3.19,0.607,10.38,8.71
AMPH-2780,white,Rhodes,Duracina,-245,6.532,0.237,7.57,0.05,3.24,0.429,9.64,5.72
AMPH-2781,red,Thasos,Duracina,-245,8.1,0.627,3.16,0.097,3.38,0.939,9.33,6.55
AMPH-2782,white,Thasos,Duracina,-246,7.858,0.22,8.45,0.039,3.16,0.812,9.58,6.28
AMPH-2783,red,Chios,Apian,-246,8.552,0.498,2.34,0.109,3.38,0.775,12.12,7.32
AMPH-2784,white,Kos,Eugenia,-245,6.461,0.397,7.92,0.041,3.23,0.366,10.11,8.86
AMPH-2785,white,Kos,Helvola,-246,6.048,0.239,5.73,0.058,3.2,0.58,10.96,5.38
AMPH-2786,white,Chios,Aminean,-245,6.018,0.26,7.61,0.044,3.16,0.325,12.52,7.58
AMPH-2787,red,Kos,Eugenia,-245,7.438,0.52,2.15,0.087,3.32,0.635,10.81,7.94
AMPH-2788,white,Thasos,Duracina,-245,5.825,0.219,8.07,0.065,3.19,0.513,10.18,5.6
AMPH-2789,red,Kos,Aminean,-245,8.118,0.429,0.6,0.098,3.24,0.594,12.56,7.52
AMPH-2790,white,Chios,Apian,-246,7.245,0.198,5.87,0.063,3.22,0.869,11.52,7.21
AMPH-2791,white,Chios,Aminean,-246,7.974,0.227,5.25,0.04,3.2,0.318,12.33,7.99
AMPH-2792,red,Kos,Duracina,-246,7.451,0.53,0.96,0.086,3.43,0.685,9.44,4.99
AMPH-2793,white,Thasos,Argitis,-247,6.598,0.313,4.53,0.052,3.13,0.462,13.89,5.57
AMPH-2794,red,Rhodes,Aminean,-245,8.139,0.466,1.9,0.109,3.39,0.654,12.44,7.94
AMPH-2795,white,Thasos,Helvola,-247,6.48,0.35,7.31,0.049,3.16,0.559,11.3,5.49
AMPH-2796,white,Chios,Eugenia,-247,6.893,0.252,6.23,0.045,3.29,0.43,9.51,7.61
AMPH-2797,white,Rhodes,Argitis,-247,7.547,0.255,6.38,0.034,3.22,0.302,14.56,5.29
AMPH-2798,red,Kos,Aminean,-246,7.775,0.524,3.02,0.09,3.37,0.647,12.06,8.29
AMPH-2799,white,Kos,Aminean,-245,7.798,0.229,3.64,0.056,3.1,0.332,12.43,7.69
AMPH-2800,white,Thasos,Argitis,-247,6.662,0.248,7.63,0.019,3.01,0.451,14.09,6.22
AMPH-2801,white,Kos,Aminean,-247,7.152,0.237,3.86,0.048,3.19,0.402,12.71,8.02
AMPH-2802,red,Thasos,Duracina,-246,8.186,0.573,1.31,0.09,3.28,0.697,10.08,6.44
AMPH-2803,red,Chios,Apian,-245,9.746,0.507,0.94,0.083,3.31,0.851,11.6,7.5
AMPH-2804,red,Chios,Aminean,-246,8.848,0.57,1.32,0.087,3.27,0.58,12.68,7.8
AMPH-2805,red,Rhodes,Argitis,-246,7.627,0.553,2.65,0.066,3.45,0.613,14.06,5.27
AMPH-2806,white,Chios,Aminean,-245,8.115,0.318,6.32,0.043,3.09,0.649,11.92,7.24
AMPH-2807,red,Rhodes,Aminean,-246,7.977,0.545,1.9,0.088,3.27,0.633,11.64,7.25
AMPH-2808,white,Chios,Eugenia,-245,6.573,0.294,6.96,0.039,3.12,0.547,10.56,7.26
AMPH-2809,white,Kos,Argitis,-247,7.452,0.315,5.53,0.037,3.13,0.556,13.91,5.33
AMPH-2810,white,Thasos,Argitis,-245,6.872,0.34,6.05,0.042,3.14,0.507,13.54,6.49
AMPH-2811,white,Thasos,Helvola,-246,6.826,0.176,7.09,0.034,3.16,0.554,10.29,5.85
AMPH-2812,white,Chios,Aminean,-245,6.082,0.343,5.85,0.033,3.29,0.711,12.89,8.12
AMPH-2813,white,Kos,Apian,-246,7.446,0.259,7.29,0.042,3.21,0.624,11.57,8.32
AMPH-2814,red,Chios,Eugenia,-247,8.076,0.532,2.05,0.081,3.24,0.553,10.12,6.68
AMPH-2815,white,Kos,Helvola,-246,6.715,0.263,5.66,0.042,3.21,0.235,11.58,5.65
AMPH-2816,white,Chios,Apian,-246,6.679,0.239,3.92,0.033,3.18,0.588,11.66,7.68
AMPH-2817,white,Chios,Eugenia,-246,6.752,0.228,7.64,0.054,3.27,0.352,10.26,7.78
AMPH-2818,white,Kos,Duracina,-245,6.422,0.36,6.98,0.037,3.08,0.254,10.2,5.4
AMPH-2819,red,Rhodes,Duracina,-246,9.1,0.49,1.66,0.085,3.26,0.632,10.26,5.29
AMPH-2820,red,Chios,Aminean,-246,8.48,0.511,5.49,0.087,3.36,0.682,12.69,7.94
AMPH-2821,white,Rhodes,Argitis,-247,7.752,0.324,6.44,0.052,3.1,0.735,13.55,4.82
AMPH-2822,white,Kos,Eugenia,-246,6.872,0.357,5.54,0.044,3.07,0.636,10.02,7.79
AMPH-2823,white,Thasos,Helvola,-246,7.388,0.297,3.36,0.066,3.15,0.544,11.31,6.25
AMPH-2824,white,Chios,Aminean,-245,7.685,0.245,6.1,0.039,3.16,0.374,11.56,7.35
AMPH-2825,white,Kos,Eugenia,-245,5.923,0.267,4.26,0.051,3.26,0.507,10.47,7.7
AMPH-2826,red,Rhodes,Eugenia,-245,8.214,0.54,4.9,0.082,3.31,0.778,10.38,7.78
AMPH-2827,white,Thasos,Duracina,-247,6.102,0.333,6.67,0.041,3.21,0.438,9.4,5.79
AMPH-2828,red,Kos,Argitis,-247,7.761,0.485,3.37,0.101,3.37,0.64,14.49,5.36
AMPH-2829,white,Chios,Eugenia,-245,6.415,0.291,4.98,0.049,3.18,0.39,9.95,7.19
AMPH-2830,white,Rhodes,Eugenia,-246,8.412,0.323,5.15,0.058,3.23,0.537,10.23,7.86
AMPH-2831,red,Thasos,Helvola,-245,7.975,0.531,0.6,0.077,3.23,0.706,11.21,6.14
AMPH-2832,red,Kos,Helvola,-247,8.941,0.52,3.18,0.104,3.5,0.699,10.33,5.78
AMPH-2833,red,Thasos,Argitis,-247,8.553,0.439,2.38,0.108,3.38,0.508,13.37,6.53
AMPH-2834,white,Rhodes,Duracina,-247,8.07,0.235,6.87,0.043,3.17,0.589,9.52,5.32
AMPH-2835,red,Thasos,Duracina,-245,8.071,0.501,1.19,0.082,3.37,0.641,9.15,5.83
AMPH-2836,red,Chios,Argitis,-246,7.466,0.554,3.81,0.102,3.34,0.623,13.98,5.02
AMPH-2837,red,Rhodes,Duracina,-245,9.484,0.459,3.69,0.095,3.14,0.699,9.82,5.77
AMPH-2838,white,Kos,Apian,-246,7.729,0.283,7.41,0.059,3.2,0.388,11.21,7.53
AMPH-2839,white,Rhodes,Aminean,-247,7.486,0.217,6.42,0.037,3.23,0.24,12.66,7.86
AMPH-2840,red,Chios,Apian,-245,7.738,0.556,3.68,0.091,3.34,0.528,11.29,7.7
AMPH-2841,white,Kos,Aminean,-246,7.641,0.26,7.19,0.051,3.19,0.415,12.14,7.76
AMPH-2842,white,Kos,Aminean,-246,5.686,0.18,8.0,0.044,3.27,0.27,11.86,8.27
AMPH-2843,white,Kos,Duracina,-245,6.247,0.293,5.7,0.034,3.28,0.74,10.22,6.03
AMPH-2844,white,Kos,Argitis,-246,5.766,0.26,7.06,0.035,3.1,0.45,13.8,5.52
AMPH-2845,white,Chios,Apian,-245,6.696,0.228,7.04,0.051,3.2,0.526,12.24,7.21
AMPH-2846,white,Kos,Apian,-247,6.366,0.313,6.96,0.048,3.1,0.691,11.27,8.44
AMPH-2847,red,Chios,Eugenia,-247,9.072,0.543,0.6,0.094,3.29,0.646,9.94,8.16
AMPH-2848,red,Thasos,Duracina,-247,7.477,0.542,3.21,0.089,3.16,0.526,9.95,6.26
AMPH-2849,red,Chios,Apian,-246,8.287,0.446,1.72,0.088,3.21,0.63,11.29,8.44
AMPH-2850,white,Rhodes,Apian,-247,7.612,0.305,6.65,0.044,3.23,0.484,11.35,7.48
AMPH-2851,red,Rhodes,Aminean,-245,8.857,0.439,3.86,0.079,3.25,0.918,11.7,8.39
AMPH-2852,white,Chios,Argitis,-245,7.452,0.309,5.2,0.046,3.36,0.653,13.31,4.56
AMPH-2853,white,Chios,Apian,-246,6.612,0.354,7.67,0.067,3.22,0.402,11.86,7.19
AMPH-2854,red,Kos,Helvola,-245,8.881,0.452,1.91,0.079,3.42,0.44,11.47,6.12
AMPH-2855,red,Rhodes,Duracina,-246,9.461,0.524,4.09,0.1,3.28,0.764,9.14,5.13
AMPH-2856,red,Kos,Helvola,-245,8.864,0.549,2.58,0.073,3.39,0.464,11.13,5.28
AMPH-2857,white,Rhodes,Aminean,-245,7.298,0.259,5.27,0.059,3.27,0.434,12.23,7.87
AMPH-2858,white,Kos,Helvola,-247,6.955,0.247,6.14,0.065,3.03,0.562,10.9,5.41
AMPH-2859,white,Thasos,Duracina,-247,6.474,0.268,6.68,0.033,3.03,0.344,10.59,5.64
AMPH-2860,white,Chios,Apian,-247,6.191,0.334,6.58,0.037,3.29,0.489,11.27,7.52
AMPH-2861,white,Rhodes,Helvola,-247,5.807,0.238,5.82,0.04,3.11,0.544,11.98,5.34
AMPH-2862,red,Chios,Eugenia,-245,8.098,0.561,2.3,0.1,3.29,0.555,9.78,6.82
AMPH-2863,red,Rhodes,Argitis,-245,8.699,0.518,3.12,0.09,3.43,0.897,13.36,5.03
AMPH-2864,white,Rhodes,Argitis,-246,8.452,0.231,5.52,0.038,3.21,0.433,13.47,5.16
AMPH-2865,white,Kos,Helvola,-245,6.453,0.321,6.9,0.049,3.21,0.65,11.12,5.47
AMPH-2866,red,Chios,Apian,-245,7.992,0.491,2.93,0.088,3.2,0.419,11.49,7.19
AMPH-2867,red,Chios,Apian,-247,7.998,0.545,3.34,0.102,3.21,0.74,11.16,7.33
AMPH-2868,white,Chios,Apian,-245,6.676,0.229,6.15,0.044,3.15,0.599,11.3,8.11
AMPH-2869,white,Kos,Eugenia,-245,6.263,0.223,8.38,0.035,3.26,0.45,9.96,8.47
AMPH-2870,white,Chios,Eugenia,-245,8.012,0.301,7.11,0.063,3.17,0.442,10.15,7.7
AMPH-2871,white,Thasos,Argitis,-247,5.887,0.267,4.97,0.066,3.23,0.32,12.95,6.03
AMPH-2872,white,Kos,Apian,-247,7.762,0.387,4.6,0.034,3.19,0.49,10.82,8.25
AMPH-2873,white,Kos,Duracina,-247,6.836,0.313,6.89,0.053,3.11,0.464,9.8,5.95
AMPH-2874,red,Chios,Apian,-245,8.004,0.61,3.15,0.082,3.34,0.759,10.83,7.25
AMPH-2875,white,Thasos,Helvola,-245,7.166,0.252,7.33,0.049,3.33,0.532,11.07,5.97
AMPH-2876,white,Rhodes,Apian,-246,7.161,0.339,6.8,0.046,3.29,0.453,10.79,7.98
AMPH-2877,red,Rhodes,Argitis,-246,8.518,0.543,2.95,0.084,3.34,0.687,14.26,4.38
AMPH-2878,white,Thasos,Helvola,-245,7.194,0.252,6.49,0.059,3.11,0.464,10.83,5.96
AMPH-2879,white,Thasos,Helvola,-247,7.766,0.403,7.37,0.029,3.14,0.62,10.92,5.78
AMPH-2880,white,Kos,Argitis,-247,5.98,0.309,7.69,0.04,3.05,0.302,13.66,4.8
AMPH-2881,white,Thasos,Argitis,-245,6.795,0.313,8.09,0.04,3.25,0.575,13.81,5.83
AMPH-2882,red,Chios,Apian,-246,7.482,0.597,1.48,0.11,3.21,0.952,11.96,6.89
AMPH-2883,white,Chios,Aminean,-247,7.093,0.239,6.2,0.061,3.26,0.234,12.12,7.34
AMPH-2884,white,Chios,Eugenia,-245,6.982,0.229,10.03,0.039,3.08,0.287,10.12,7.77
AMPH-2885,white,Kos,Aminean,-246,6.334,0.269,6.0,0.047,3.21,0.384,11.87,8.76
AMPH-2886,white,Rhodes,Duracina,-247,6.403,0.193,6.32,0.038,3.16,0.617,9.44,4.71
AMPH-2887,white,Chios,Aminean,-246,8.383,0.283,6.87,0.05,3.23,0.514,12.46,7.87
AMPH-2888,white,Kos,Aminean,-246,7.094,0.273,7.18,0.04,3.25,0.509,11.62,7.6
AMPH-2889,white,Kos,Argitis,-247,6.552,0.278,6.24,0.031,3.21,0.369,13.18,5.7
AMPH-2890,white,Rhodes,Eugenia,-247,7.602,0.225,8.68,0.037,3.18,0.467,10.19,8.28
AMPH-2891,white,Rhodes,Aminean,-245,6.63,0.312,6.67,0.043,3.33,0.615,12.53,7.49
AMPH-2892,white,Kos,Duracina,-246,6.928,0.341,5.79,0.055,3.16,0.564,9.76,5.47
AMPH-2893,white,Kos,Aminean,-245,6.969,0.249,4.75,0.049,3.25,0.438,12.03,8.93
AMPH-2894,white,Kos,Helvola,-247,7.325,0.304,6.69,0.046,3.2,0.699,11.23,5.53
AMPH-2895,red,Kos,Eugenia,-245,8.19,0.422,3.08,0.075,3.33,0.382,9.21,7.12
AMPH-2896,white,Kos,Apian,-245,6.163,0.254,4.12,0.039,3.13,0.34,11.36,7.85
AMPH-2897,red,Kos,Helvola,-245,8.615,0.604,1.12,0.068,3.42,0.524,10.29,5.2
AMPH-2898,red,Kos,Apian,-246,8.747,0.543,2.38,0.089,3.21,0.816,12.0,8.05
AMPH-2899,white,Kos,Helvola,-245,8.006,0.354,6.46,0.048,3.28,0.264,10.96,5.32
AMPH-2900,white,Thasos,Argitis,-245,6.287,0.311,4.58,0.04,3.13,0.48,13.94,5.85
AMPH-2901,white,Chios,Aminean,-245,6.881,0.297,6.15,0.038,3.19,0.512,12.99,7.48
AMPH-2902,white,Chios,Apian,-245,7.848,0.241,4.33,0.054,3.31,0.613,10.65,7.41
AMPH-2903,white,Thasos,Argitis,-245,6.289,0.264,5.71,0.056,3.29,0.592,14.29,6.73
AMPH-2904,red,Rhodes,Apian,-245,8.718,0.566,1.21,0.106,3.34,0.688,11.73,8.58
AMPH-2905,white,Kos,Eugenia,-246,7.832,0.279,5.17,0.041,3.23,0.706,10.19,7.9
AMPH-2906,red,Thasos,Duracina,-247,7.189,0.522,2.66,0.09,3.37,0.739,10.05,6.73
AMPH-2907,white,Chios,Eugenia,-245,6.817,0.248,7.17,0.054,3.1,0.672,9.79,7.86
AMPH-2908,white,Kos,Apian,-245,6.891,0.24,7.19,0.045,3.17,0.231,11.83,7.99
AMPH-2909,white,Chios,Aminean,-247,6.218,0.244,4.21,0.037,3.24,0.214,12.54,7.74
AMPH-2910,red,Kos,Aminean,-247,7.984,0.562,1.86,0.08,3.24,0.581,11.19,8.27
AMPH-2911,white,Thasos,Aminean,-246,6.418,0.276,5.68,0.05,3.06,0.443,12.09,8.84
AMPH-2912,white,Chios,Eugenia,-245,6.562,0.355,3.75,0.032,3.06,0.488,10.38,7.44
AMPH-2913,white,Rhodes,Eugenia,-247,6.26,0.213,6.3,0.047,3.17,0.746,10.51,7.33
AMPH-2914,white,Kos,Apian,-246,8.067,0.221,6.41,0.049,3.34,0.381,12.0,7.87
AMPH-2915,white,Chios,Eugenia,-245,7.422,0.27,6.53,0.052,3.08,0.564,9.71,7.25
AMPH-2916,white,Kos,Eugenia,-246,8.013,0.275,5.96,0.039,3.32,0.314,10.06,8.37
AMPH-2917,red,Chios,Aminean,-246,8.296,0.566,2.53,0.091,3.2,0.989,12.34,7.38
AMPH-2918,red,Rhodes,Eugenia,-245,7.502,0.571,3.34,0.079,3.2,0.745,9.95,7.72
AMPH-2919,white,Rhodes,Eugenia,-247,7.205,0.223,6.55,0.055,3.12,0.405,9.91,7.69
AMPH-2920,white,Thasos,Argitis,-246,6.235,0.27,7.8,0.043,3.32,0.58,13.44,6.29
AMPH-2921,red,Chios,Aminean,-246,8.926,0.569,1.01,0.088,3.33,0.289,12.5,7.39
AMPH-2922,white,Rhodes,Apian,-245,8.118,0.301,3.51,0.043,3.16,0.437,10.64,7.4
AMPH-2923,red,Kos,Aminean,-245,9.411,0.472,2.36,0.097,3.23,0.735,11.82,9.25
AMPH-2924,white,Rhodes,Argitis,-246,7.043,0.283,4.72,0.042,3.14,0.556,13.65,4.89
AMPH-2925,white,Thasos,Helvola,-245,6.686,0.231,5.77,0.026,3.15,0.376,11.54,6.42
AMPH-2926,white,Thasos,Duracina,-246,7.355,0.334,5.15,0.046,3.1,0.319,10.06,6.33
AMPH-2927,white,Kos,Apian,-245,6.865,0.279,5.93,0.045,3.16,0.375,11.25,8.42
AMPH-2928,white,Thasos,Duracina,-245,6.222,0.293,7.87,0.036,3.28,0.49,10.03,6.38
AMPH-2929,red,Thasos,Helvola,-245,8.597,0.455,2.99,0.096,3.33,0.794,10.71,6.28
AMPH-2930,red,Thasos,Argitis,-247,8.922,0.497,3.08,0.075,3.27,0.586,13.43,5.98
AMPH-2931,red,Rhodes,Eugenia,-245,8.744,0.514,1.17,0.077,3.26,0.651,10.07,7.63
AMPH-2932,white,Chios,Apian,-245,6.427,0.267,6.08,0.052,3.04,0.538,11.9,7.64
AMPH-2933,white,Thasos,Helvola,-245,7.317,0.259,5.82,0.049,3.18,0.273,11.08,5.71
AMPH-2934,red,Rhodes,Eugenia,-246,7.25,0.646,2.68,0.086,3.21,0.888,10.69,6.82
AMPH-2935,white,Kos,Argitis,-246,7.268,0.303,6.72,0.043,3.02,0.669,14.04,4.56
AMPH-2936,red,Chios,Eugenia,-247,8.774,0.538,3.48,0.091,3.34,0.589,10.36,7.32
AMPH-2937,white,Thasos,Helvola,-245,5.906,0.313,7.42,0.048,3.14,0.411,10.5,5.92
AMPH-2938,white,Rhodes,Eugenia,-246,7.11,0.288,6.54,0.046,3.19,0.412,10.19,8.23
AMPH-2939,white,Thasos,Helvola,-245,6.728,0.255,7.94,0.042,3.22,0.596,11.31,6.04
AMPH-2940,white,Chios,Aminean,-247,7.413,0.276,6.23,0.053,3.09,0.53,12.14,7.49
AMPH-2941,white,Chios,Eugenia,-246,6.358,0.259,7.18,0.048,3.18,0.597,9.64,6.85
AMPH-2942,white,Thasos,Duracina,-247,7.823,0.268,5.66,0.066,3.19,0.639,9.74,6.32
AMPH-2943,red,Kos,Duracina,-245,7.632,0.469,1.22,0.084,3.3,0.455,9.99,5.26
AMPH-2944,white,Rhodes,Duracina,-246,6.397,0.305,6.07,0.06,3.31,0.674,9.98,5.27
AMPH-2945,white,Thasos,Helvola,-245,7.072,0.31,6.71,0.03,3.3,0.276,11.4,5.92
AMPH-2946,white,Thasos,Duracina,-245,5.986,0.233,6.15,0.035,3.2,0.343,9.58,6.21
AMPH-2947,white,Rhodes,Eugenia,-247,6.439,0.283,5.13,0.039,3.37,0.518,9.92,7.96
AMPH-2948,white,Chios,Eugenia,-245,8.108,0.217,4.99,0.05,3.24,0.502,10.05,7.81
AMPH-2949,red,Thasos,Duracina,-246,8.141,0.659,2.29,0.087,3.19,0.867,10.56,6.35
AMPH-2950,white,Kos,Argitis,-246,8.249,0.31,6.72,0.059,3.24,0.434,13.39,5.12
AMPH-2951,red,Thasos,Duracina,-247,9.313,0.575,2.76,0.077,3.27,0.59,9.48,6.43
AMPH-2952,white,Rhodes,Aminean,-245,6.097,0.176,8.14,0.043,3.16,0.2,12.84,7.46
AMPH-2953,red,Thasos,Argitis,-247,7.718,0.524,1.53,0.088,3.27,0.424,13.06,6.22
AMPH-2954,red,Kos,Duracina,-245,8.19,0.531,0.68,0.101,3.22,0.958,10.15,4.83
AMPH-2955,white,Thasos,Duracina,-246,7.477,0.312,5.21,0.054,3.04,0.444,10.02,5.88
AMPH-2956,red,Rhodes,Duracina,-246,8.859,0.576,2.35,0.098,3.31,1.027,10.52,5.43
AMPH-2957,white,Rhodes,Argitis,-246,6.516,0.241,9.21,0.029,3.12,0.434,14.01,4.78
AMPH-2958,red,Chios,Apian,-246,7.567,0.541,0.69,0.104,3.37,0.728,11.45,7.75
AMPH-2959,red,Thasos,Helvola,-246,8.305,0.535,3.77,0.088,3.31,0.532,11.17,5.92
AMPH-2960,red,Thasos,Duracina,-245,8.294,0.415,1.91,0.086,3.35,0.621,10.44,6.4
AMPH-2961,white,Thasos,Apian,-245,6.432,0.294,7.72,0.046,3.17,0.532,11.34,8.65
AMPH-2962,white,Kos,Duracina,-246,8.029,0.262,6.7,0.067,3.19,0.491,9.8,5.73
AMPH-2963,white,Chios,Apian,-245,7.699,0.266,6.37,0.054,3.37,0.2,12.03,7.7
AMPH-2964,white,Thasos,Helvola,-246,7.553,0.345,8.05,0.065,3.18,0.388,10.75,6.14
AMPH-2965,white,Kos,Argitis,-246,6.569,0.234,5.27,0.038,3.24,0.251,13.88,5.59
AMPH-2966,red,Thasos,Helvola,-245,8.309,0.593,3.38,0.085,3.38,0.522,11.07,6.88
AMPH-2967,white,Chios,Eugenia,-246,8.318,0.326,7.26,0.05,3.13,0.385,9.61,7.54
AMPH-2968,white,Kos,Duracina,-247,7.313,0.22,6.17,0.05,3.17,0.605,10.18,5.62
AMPH-2969,red,Thasos,Helvola,-245,8.067,0.553,2.56,0.085,3.37,0.793,12.16,6.75
AMPH-2970,white,Kos,Argitis,-246,6.123,0.176,4.31,0.054,3.26,0.315,14.31,5.35
AMPH-2971,red,Rhodes,Eugenia,-246,8.695,0.523,2.68,0.079,3.28,0.651,9.75,7.57
AMPH-2972,white,Thasos,Argitis,-245,6.898,0.278,6.81,0.048,3.17,0.504,13.2,6.34
AMPH-2973,red,Rhodes,Aminean,-247,8.453,0.5,2.49,0.104,3.31,0.636,11.51,8.22
AMPH-2974,red,Kos,Apian,-246,7.882,0.563,2.18,0.098,3.29,0.793,11.35,7.91
AMPH-2975,white,Chios,Apian,-246,6.986,0.364,6.37,0.051,3.06,0.399,11.24,7.13
AMPH-2976,red,Rhodes,Helvola,-246,8.392,0.555,4.01,0.088,3.21,0.573,11.83,5.41
AMPH-2977,white,Kos,Apian,-245,6.228,0.31,5.25,0.061,3.27,0.64,11.23,8.08
AMPH-2978,white,Chios,Apian,-247,7.04,0.289,6.43,0.042,3.26,0.56,11.46,8.02
AMPH-2979,white,Rhodes,Eugenia,-245,7.663,0.277,9.51,0.052,3.22,0.62,9.81,8.64
AMPH-2980,white,Kos,Aminean,-245,6.449,0.274,9.7,0.053,3.26,0.461,12.37,8.07
AMPH-2981,red,Thasos,Argitis,-246,8.407,0.575,1.62,0.078,3.23,0.539,13.26,6.59
AMPH-2982,white,Chios,Apian,-245,6.564,0.372,5.87,0.03,3.28,0.616,11.38,7.4
AMPH-2983,white,Rhodes,Argitis,-246,6.653,0.239,6.0,0.065,3.07,0.437,13.54,4.8
AMPH-2984,red,Kos,Apian,-245,7.564,0.528,1.92,0.081,3.37,0.753,11.01,8.43
AMPH-2985,red,Kos,Argitis,-245,8.311,0.495,2.51,0.083,3.19,0.693,13.47,5.65
AMPH-2986,red,Kos,Eugenia,-247,8.466,0.424,0.71,0.086,3.41,0.38,10.68,7.85
AMPH-2987,red,Thasos,Duracina,-245,8.776,0.512,2.33,0.084,3.33,0.445,9.3,5.75
AMPH-2988,white,Rhodes,Helvola,-246,7.297,0.34,7.02,0.052,3.18,0.614,10.99,4.89
AMPH-2989,white,Kos,Duracina,-245,7.003,0.313,5.4,0.042,3.14,0.481,9.65,5.4
AMPH-2990,white,Thasos,Argitis,-247,6.426,0.306,6.75,0.046,3.13,0.307,14.22,6.39
AMPH-2991,white,Kos,Apian,-247,6.393,0.331,5.85,0.036,3.14,0.377,11.14,8.15
AMPH-2992,red,Thasos,Apian,-245,8.697,0.583,3.17,0.083,3.22,0.715,11.31,8.88
AMPH-2993,white,Thasos,Argitis,-245,6.486,0.183,6.05,0.05,3.25,0.39,13.82,5.71
AMPH-2994,white,Chios,Apian,-246,6.878,0.265,4.07,0.051,3.0,0.557,11.73,8.1
AMPH-2995,white,Rhodes,Eugenia,-247,7.368,0.284,8.05,0.049,3.29,0.479,10.09,7.67
AMPH-2996,white,Thasos,Duracina,-245,6.123,0.385,4.99,0.034,2.97,0.415,9.6,6.42
AMPH-2997,white,Chios,Apian,-246,6.732,0.296,7.03,0.053,3.18,0.417,10.86,8.02
AMPH-2998,red,Kos,Argitis,-247,8.353,0.5,1.81,0.071,3.34,0.421,13.67,5.92
AMPH-2999,white,Thasos,Apian,-246,7.529,0.262,4.63,0.051,3.15,0.333,11.25,8.29
AMPH-3000,white,Thasos,Argitis,-245,6.981,0.284,5.18,0.063,3.17,0.442,13.3,5.96
AMPH-3001,white,Kos,Eugenia,-245,6.504,0.346,8.1,0.061,3.0,0.649,9.93,8.78
AMPH-3002,white,Chios,Aminean,-246,6.777,0.314,8.12,0.053,3.2,0.478,12.99,7.26
AMPH-3003,white,Rhodes,Apian,-247,7.345,0.301,5.43,0.039,3.03,0.395,11.36,7.83
AMPH-3004,red,Thasos,Duracina,-245,9.182,0.52,2.57,0.083,3.24,0.787,10.52,6.32
AMPH-3005,white,Kos,Aminean,-245,6.535,0.354,5.47,0.049,3.13,0.511,12.05,7.49
AMPH-3006,white,Kos,Apian,-245,6.582,0.348,9.76,0.066,3.3,0.643,11.02,8.07
AMPH-3007,red,Thasos,Aminean,-247,7.91,0.491,3.51,0.082,3.21,0.805,11.23,7.63
AMPH-3008,white,Thasos,Argitis,-246,5.397,0.305,4.31,0.054,3.15,0.493,13.74,5.92
AMPH-3009,white,Chios,Argitis,-245,6.955,0.311,6.56,0.061,3.23,0.74,13.91,4.36
AMPH-3010,red,Thasos,Argitis,-245,7.119,0.478,1.02,0.091,3.31,0.644,13.22,6.34
AMPH-3011,white,Kos,Helvola,-245,7.097,0.302,6.01,0.051,3.01,0.362,10.27,5.43
AMPH-3012,white,Kos,Duracina,-245,7.322,0.306,6.83,0.033,3.14,0.529,9.43,5.87
AMPH-3013,white,Rhodes,Aminean,-245,8.299,0.228,4.67,0.051,3.21,0.636,13.12,7.06
AMPH-3014,white,Kos,Aminean,-245,7.487,0.217,6.71,0.026,3.2,0.619,12.0,7.84
AMPH-3015,white,Thasos,Helvola,-245,6.198,0.337,4.87,0.046,3.12,0.613,11.0,5.63
AMPH-3016,red,Kos,Aminean,-245,8.288,0.581,1.96,0.083,3.34,0.383,12.13,7.91
AMPH-3017,white,Kos,Eugenia,-246,6.153,0.312,7.44,0.056,3.12,0.361,9.96,7.91
AMPH-3018,white,Thasos,Argitis,-245,7.518,0.278,8.79,0.027,3.11,0.452,13.72,6.12
AMPH-3019,red,Rhodes,Duracina,-247,8.189,0.537,3.75,0.073,3.37,0.664,10.09,5.4
AMPH-3020,white,Chios,Apian,-246,6.262,0.336,6.14,0.044,3.19,0.542,10.98,7.53
AMPH-3021,red,Thasos,Duracina,-246,8.809,0.561,0.67,0.079,3.27,0.611,9.78,5.81
AMPH-3022,red,Thasos,Duracina,-245,8.277,0.519,3.09,0.091,3.33,0.572,9.53,6.48
AMPH-3023,red,Kos,Aminean,-245,7.84,0.608,1.31,0.09,3.3,0.977,11.7,7.87
AMPH-3024,white,Chios,Eugenia,-245,6.705,0.266,6.24,0.05,3.17,0.349,10.42,6.59
AMPH-3025,red,Rhodes,Apian,-247,7.929,0.493,2.84,0.074,3.35,0.708,12.17,7.36
AMPH-3026,white,Kos,Apian,-247,8.684,0.312,5.0,0.046,3.25,0.34,12.26,8.49
AMPH-3027,red,Kos,Duracina,-245,7.121,0.589,2.97,0.107,3.21,0.669,9.36,5.73
AMPH-3028,white,Rhodes,Eugenia,-246,6.843,0.238,8.94,0.052,3.14,0.568,10.86,7.5
AMPH-3029,red,Thasos,Helvola,-245,8.671,0.49,1.92,0.076,3.35,0.608,11.17,6.71
AMPH-3030,white,Kos,Argitis,-245,6.55,0.36,5.32,0.025,3.19,0.342,13.22,5.46
AMPH-3031,white,Kos,Aminean,-247,7.078,0.346,6.91,0.062,3.1,0.307,12.02,8.13
AMPH-3032,white,Chios,Eugenia,-245,6.826,0.347,6.03,0.031,3.08,0.421,9.93,7.94
AMPH-3033,white,Rhodes,Duracina,-247,6.846,0.345,7.63,0.055,3.23,0.385,10.21,4.47
AMPH-3034,red,Rhodes,Aminean,-247,7.446,0.475,1.8,0.082,3.51,0.439,12.6,8.3
AMPH-3035,white,Thasos,Argitis,-247,7.45,0.229,8.03,0.033,3.26,0.444,13.56,6.63
AMPH-3036,white,Thasos,Helvola,-245,7.067,0.254,5.22,0.052,3.32,0.538,10.66,6.6
AMPH-3037,red,Rhodes,Argitis,-247,9.146,0.569,4.2,0.099,3.44,0.553,14.46,5.71
AMPH-3038,white,Kos,Argitis,-246,8.176,0.263,6.34,0.042,3.2,0.534,13.65,6.03
AMPH-3039,red,Kos,Argitis,-245,7.268,0.514,3.72,0.094,3.26,0.731,13.66,6.48
AMPH-3040,red,Chios,Aminean,-245,9.036,0.508,2.23,0.065,3.29,0.713,11.78,7.71
AMPH-3041,red,Kos,Apian,-246,8.841,0.524,4.52,0.073,3.23,0.728,11.54,8.06
AMPH-3042,white,Thasos,Helvola,-247,6.29,0.258,5.86,0.057,3.18,0.383,10.93,5.95
AMPH-3043,red,Rhodes,Duracina,-245,7.534,0.591,2.63,0.11,3.33,0.663,9.92,5.1
AMPH-3044,red,Rhodes,Argitis,-245,8.182,0.624,3.59,0.085,3.37,0.683,14.13,4.75
AMPH-3045,red,Kos,Argitis,-245,7.858,0.611,3.33,0.081,3.16,0.671,14.11,5.26
AMPH-3046,white,Kos,Aminean,-247,7.112,0.258,5.93,0.033,3.34,0.631,12.98,7.91
AMPH-3047,white,Thasos,Duracina,-246,7.425,0.296,7.42,0.053,3.2,0.754,9.38,6.28
AMPH-3048,white,Kos,Apian,-246,7.129,0.339,5.54,0.06,3.22,0.293,10.89,8.1
AMPH-3049,white,Chios,Aminean,-246,6.841,0.396,6.78,0.057,3.2,0.431,12.14,8.19
AMPH-3050,red,Thasos,Argitis,-245,7.853,0.613,0.8,0.101,3.42,0.528,14.18,6.54
AMPH-3051,red,Rhodes,Eugenia,-247,7.971,0.56,2.66,0.093,3.25,0.585,10.09,7.57
AMPH-3052,white,Thasos,Helvola,-247,6.209,0.364,5.07,0.039,3.25,0.73,11.03,6.57
AMPH-3053,white,Thasos,Helvola,-247,7.36,0.18,4.47,0.047,3.24,0.448,10.77,6.65
AMPH-3054,red,Kos,Duracina,-247,7.834,0.445,4.95,0.079,3.3,0.703,10.67,5.76
AMPH-3055,white,Kos,Argitis,-246,6.706,0.244,5.28,0.025,3.12,0.617,15.0,5.33
AMPH-3056,white,Chios,Eugenia,-247,8.142,0.22,7.54,0.043,3.24,0.269,9.94,7.18
AMPH-3057,red,Chios,Apian,-247,7.801,0.511,3.41,0.076,3.37,0.472,11.67,6.81
AMPH-3058,white,Kos,Duracina,-247,6.762,0.26,5.98,0.043,3.06,0.515,10.0,6.27
AMPH-3059,white,Kos,Aminean,-246,6.836,0.265,6.32,0.045,3.11,0.809,12.12,8.12
AMPH-3060,red,Kos,Helvola,-247,8.402,0.493,2.4,0.076,3.25,0.586,10.63,5.69
AMPH-3061,white,Rhodes,Apian,-245,7.073,0.251,7.04,0.042,3.2,0.461,11.44,7.83
AMPH-3062,white,Kos,Duracina,-246,7.215,0.324,7.16,0.051,3.02,0.675,9.86,5.33
AMPH-3063,white,Thasos,Argitis,-247,6.342,0.201,6.56,0.049,3.2,0.552,13.82,6.06
AMPH-3064,white,Thasos,Argitis,-245,7.369,0.313,6.87,0.036,3.26,0.57,14.24,5.82
AMPH-3065,red,Chios,Eugenia,-245,7.884,0.607,0.72,0.095,3.4,0.709,10.32,7.17
AMPH-3066,red,Kos,Argitis,-245,7.991,0.59,1.97,0.101,3.34,0.61,13.75,5.16
AMPH-3067,white,Kos,Helvola,-245,7.396,0.263,5.82,0.052,3.23,0.453,11.23,5.68
AMPH-3068,white,Thasos,Helvola,-245,6.776,0.302,5.81,0.055,3.21,0.426,11.15,6.09
AMPH-3069,white,Thasos,Argitis,-246,7.366,0.307,7.14,0.025,3.08,0.537,13.52,6.13
AMPH-3070,red,Thasos,Duracina,-246,7.971,0.676,2.79,0.071,3.52,0.902,8.98,6.9
AMPH-3071,red,Thasos,Argitis,-245,8.732,0.547,2.5,0.077,3.41,0.722,13.62,6.31
AMPH-3072,white,Thasos,Helvola,-245,6.36,0.212,6.66,0.049,2.98,0.457,11.01,7.31
AMPH-3073,red,Rhodes,Helvola,-245,7.239,0.533,3.88,0.105,3.41,0.826,12.03,5.39
AMPH-3074,white,Rhodes,Argitis,-245,6.915,0.305,7.45,0.025,3.1,0.565,13.6,4.79
AMPH-3075,white,Thasos,Argitis,-246,6.143,0.29,7.17,0.043,3.12,0.701,13.85,5.9
AMPH-3076,white,Rhodes,Argitis,-246,7.365,0.265,4.76,0.035,3.06,0.565,14.1,5.74
AMPH-3077,white,Kos,Aminean,-245,7.018,0.341,6.72,0.043,3.12,0.298,11.97,8.15
AMPH-3078,white,Thasos,Argitis,-246,6.855,0.342,6.19,0.041,3.23,0.554,14.47,6.54
AMPH-3079,white,Chios,Apian,-245,6.824,0.273,6.63,0.055,3.08,0.528,11.68,7.37
AMPH-3080,red,Rhodes,Helvola,-247,8.386,0.608,2.54,0.084,3.21,0.458,10.94,5.5
AMPH-3081,red,Rhodes,Eugenia,-246,9.079,0.535,5.09,0.079,3.32,0.886,9.69,7.82
AMPH-3082,white,Rhodes,Eugenia,-246,7.31,0.288,8.31,0.049,2.97,0.401,9.36,7.1
AMPH-3083,white,Thasos,Apian,-247,6.341,0.36,6.49,0.05,3.17,0.666,11.13,9.08
AMPH-3084,red,Thasos,Argitis,-245,8.412,0.506,3.03,0.099,3.34,0.445,13.52,6.02
AMPH-3085,white,Thasos,Argitis,-247,7.072,0.304,7.34,0.051,3.24,0.546,12.75,6.56
AMPH-3086,red,Chios,Aminean,-245,7.495,0.548,3.63,0.089,3.16,0.783,12.45,6.97
AMPH-3087,red,Kos,Eugenia,-245,8.745,0.575,0.6,0.081,3.33,0.598,10.34,8.17
AMPH-3088,white,Rhodes,Helvola,-246,8.109,0.186,6.11,0.045,3.25,0.343,10.75,4.65
AMPH-3089,white,Kos,Eugenia,-245,7.965,0.279,5.16,0.048,3.13,0.615,10.17,7.83
AMPH-3090,white,Rhodes,Argitis,-245,6.487,0.257,6.56,0.052,3.21,0.499,14.14,4.73
AMPH-3091,red,Chios,Aminean,-245,8.461,0.588,2.65,0.07,3.2,0.883,12.54,7.46
AMPH-3092,white,Rhodes,Helvola,-247,7.6,0.25,6.49,0.056,3.08,0.409,10.73,5.34
AMPH-3093,red,Rhodes,Helvola,-246,7.916,0.568,2.66,0.08,3.15,0.442,11.55,5.51
AMPH-3094,red,Thasos,Helvola,-246,7.821,0.498,0.71,0.076,3.29,0.359,10.8,6.22
AMPH-3095,white,Thasos,Duracina,-246,8.489,0.356,8.8,0.056,3.12,0.494,10.25,7.03
AMPH-3096,white,Thasos,Helvola,-246,6.216,0.227,7.72,0.054,3.15,0.383,10.55,6.74
AMPH-3097,red,Chios,Eugenia,-245,7.497,0.539,2.34,0.094,3.28,0.554,9.2,7.35
AMPH-3098,white,Rhodes,Duracina,-246,6.838,0.307,5.12,0.059,3.15,0.618,9.57,5.05
AMPH-3099,red,Rhodes,Helvola,-247,8.161,0.573,3.3,0.097,3.16,0.851,11.57,5.54
AMPH-3100,red,Chios,Aminean,-246,8.138,0.541,3.4,0.084,3.28,0.691,11.81,7.67
AMPH-3101,white,Kos,Aminean,-247,7.374,0.215,8.61,0.053,3.28,0.425,12.21,8.06
AMPH-3102,white,Thasos,Argitis,-247,5.817,0.273,6.75,0.038,3.19,0.69,14.09,6.82
AMPH-3103,red,Thasos,Helvola,-245,7.767,0.465,0.87,0.09,3.29,0.582,10.68,6.41
AMPH-3104,red,Thasos,Argitis,-247,8.921,0.549,4.53,0.097,3.35,0.771,13.16,6.62
AMPH-3105,red,Rhodes,Duracina,-247,8.157,0.51,2.61,0.074,3.29,0.683,8.85,5.22
AMPH-3106,red,Thasos,Duracina,-246,8.413,0.501,2.14,0.072,3.32,0.346,10.06,6.04
AMPH-3107,red,Kos,Argitis,-246,8.528,0.545,0.6,0.087,3.35,0.768,14.21,5.32
AMPH-3108,white,Kos,Apian,-245,7.17,0.342,6.83,0.05,3.21,0.4,11.44,8.4
AMPH-3109,red,Rhodes,Argitis,-245,9.134,0.545,1.92,0.083,3.41,0.784,12.94,5.63
AMPH-3110,white,Kos,Duracina,-247,8.68,0.3,8.24,0.033,3.15,0.421,9.96,5.65
AMPH-3111,red,Kos,Argitis,-245,9.273,0.507,0.6,0.102,3.14,0.513,13.79,5.29
AMPH-3112,white,Thasos,Duracina,-247,6.786,0.298,7.55,0.027,3.04,0.407,9.71,5.99
AMPH-3113,white,Kos,Eugenia,-246,6.017,0.255,5.97,0.05,3.23,0.429,10.5,9.04
AMPH-3114,red,Thasos,Argitis,-247,6.829,0.501,1.54,0.104,3.24,0.546,13.99,5.93
AMPH-3115,white,Kos,Argitis,-247,7.574,0.361,6.63,0.061,3.11,0.215,14.23,5.18
AMPH-3116,red,Chios,Apian,-247,9.47,0.488,3.63,0.092,3.11,0.771,12.48,8.15
AMPH-3117,white,Rhodes,Aminean,-246,7.384,0.248,5.21,0.042,3.17,0.543,12.49,8.46
AMPH-3118,white,Chios,Apian,-245,6.225,0.278,5.75,0.036,3.29,0.511,11.71,7.09
AMPH-3119,red,Thasos,Argitis,-247,7.745,0.488,1.78,0.085,3.26,0.646,13.99,5.95
AMPH-3120,white,Rhodes,Aminean,-246,6.081,0.203,6.19,0.055,3.25,0.365,12.55,8.26
AMPH-3121,white,Chios,Aminean,-245,6.826,0.265,4.6,0.043,3.18,0.691,12.86,7.98
AMPH-3122,red,Rhodes,Helvola,-247,8.432,0.512,0.97,0.094,3.4,0.596,10.61,5.01
AMPH-3123,red,Kos,Helvola,-247,7.926,0.615,3.95,0.098,3.32,0.583,10.87,5.2
AMPH-3124,red,Rhodes,Argitis,-247,7.896,0.532,3.76,0.088,3.21,0.861,13.97,4.41
AMPH-3125,red,Kos,Aminean,-246,9.458,0.514,3.82,0.081,3.28,0.56,12.96,8.32
AMPH-3126,white,Kos,Aminean,-247,6.627,0.228,5.11,0.05,3.14,0.322,12.0,8.28
AMPH-3127,white,Thasos,Argitis,-245,6.665,0.245,4.23,0.036,3.07,0.353,13.82,6.03
AMPH-3128,red,Thasos,Duracina,-246,8.088,0.596,0.6,0.079,3.41,0.728,9.7,5.84
AMPH-3129,red,Rhodes,Helvola,-247,8.509,0.587,2.17,0.085,3.35,0.567,11.24,4.6
AMPH-3130,red,Chios,Apian,-246,8.883,0.655,2.95,0.092,3.36,0.634,11.56,7.66
AMPH-3131,red,Rhodes,Eugenia,-247,8.502,0.453,2.47,0.095,3.34,0.552,10.04,7.35
AMPH-3132,red,Rhodes,Aminean,-245,9.314,0.483,4.01,0.097,3.23,0.598,12.7,7.77
AMPH-3133,white,Kos,Argitis,-245,6.97,0.294,6.63,0.067,3.21,0.478,13.46,4.71
AMPH-3134,white,Rhodes,Apian,-247,7.373,0.285,4.08,0.039,3.18,0.41,10.02,7.07
AMPH-3135,red,Thasos,Duracina,-246,8.498,0.488,1.3,0.082,3.33,0.608,9.36,6.06
AMPH-3136,white,Thasos,Helvola,-247,6.861,0.223,7.68,0.052,3.34,0.695,10.49,5.74
AMPH-3137,white,Thasos,Helvola,-246,7.46,0.331,7.19,0.054,3.17,0.496,11.67,5.91
AMPH-3138,white,Kos,Argitis,-246,6.618,0.283,5.91,0.041,3.21,0.607,13.36,5.49
AMPH-3139,white,Rhodes,Argitis,-246,7.654,0.256,8.01,0.06,3.27,0.522,14.32,5.51
AMPH-3140,white,Kos,Duracina,-245,7.144,0.251,4.66,0.052,3.14,0.33,9.53,6.41
AMPH-3141,white,Chios,Eugenia,-245,7.673,0.269,9.42,0.053,3.22,0.637,10.33,7.32
AMPH-3142,white,Kos,Helvola,-245,4.862,0.306,6.85,0.025,3.16,0.435,10.86,5.59
AMPH-3143,white,Thasos,Duracina,-245,7.429,0.199,5.68,0.056,3.27,0.515,9.94,6.3
AMPH-3144,white,Thasos,Aminean,-246,6.836,0.222,6.4,0.051,3.28,0.375,12.18,8.88
AMPH-3145,red,Rhodes,Argitis,-246,8.709,0.602,1.03,0.094,3.17,0.611,13.29,5.33
AMPH-3146,white,Rhodes,Argitis,-246,6.05,0.231,7.21,0.059,3.2,0.316,13.67,4.77
AMPH-3147,red,Kos,Eugenia,-247,8.459,0.506,3.41,0.08,3.18,0.461,10.08,8.14
AMPH-3148,red,Rhodes,Duracina,-245,9.501,0.501,1.11,0.077,3.31,0.482,9.72,5.72
AMPH-3149,white,Kos,Helvola,-246,7.755,0.25,6.35,0.054,3.08,0.418,10.75,4.8
AMPH-3150,white,Chios,Aminean,-247,7.057,0.302,6.87,0.04,3.22,0.575,12.64,7.3
AMPH-3151,white,Thasos,Helvola,-245,6.759,0.235,6.85,0.06,3.09,0.464,10.78,5.71
AMPH-3152,white,Rhodes,Argitis,-247,7.122,0.412,7.52,0.049,3.27,0.378,14.66,4.97
AMPH-3153,white,Chios,Eugenia,-245,6.609,0.301,8.03,0.047,3.2,0.566,9.91,7.75
AMPH-3154,white,Chios,Apian,-247,6.625,0.275,5.04,0.06,3.15,0.5,11.1,7.79
AMPH-3155,red,Kos,Helvola,-247,8.337,0.51,3.09,0.071,3.27,0.611,10.55,5.95
AMPH-3156,white,Kos,Helvola,-245,7.827,0.249,5.96,0.057,3.17,0.724,11.08,4.84
AMPH-3157,white,Kos,Eugenia,-247,7.106,0.326,4.36,0.036,3.24,0.872,10.6,7.8
AMPH-3158,red,Rhodes,Helvola,-245,7.651,0.523,1.51,0.089,3.44,0.503,11.13,5.39
AMPH-3159,white,Rhodes,Aminean,-246,8.103,0.245,5.35,0.034,3.14,0.464,12.3,8.02
AMPH-3160,red,Chios,Apian,-245,8.347,0.558,4.34,0.083,3.43,0.825,11.65,7.67
AMPH-3161,white,Thasos,Argitis,-245,6.45,0.316,5.97,0.038,3.35,0.523,13.72,5.89
AMPH-3162,white,Chios,Apian,-247,6.662,0.276,5.87,0.056,3.19,0.491,11.15,7.53
AMPH-3163,white,Rhodes,Helvola,-246,6.653,0.37,7.26,0.05,3.14,0.494,11.47,5.75
AMPH-3164,white,Chios,Eugenia,-247,6.988,0.28,6.61,0.047,3.15,0.248,10.22,7.86
AMPH-3165,white,Chios,Argitis,-245,7.257,0.257,6.91,0.053,3.1,0.606,14.49,5.39
AMPH-3166,red,Kos,Aminean,-245,9.158,0.607,1.64,0.103,3.23,0.579,12.51,8.02
AMPH-3167,white,Kos,Duracina,-247,6.753,0.251,7.66,0.049,3.04,0.478,10.24,5.36
AMPH-3168,red,Rhodes,Eugenia,-246,7.774,0.53,2.13,0.054,3.42,0.545,10.1,7.74
AMPH-3169,white,Kos,Argitis,-245,5.347,0.385,9.43,0.061,3.21,0.514,13.38,5.78
AMPH-3170,white,Thasos,Argitis,-245,7.24,0.313,5.96,0.037,3.18,0.564,14.28,6.33
AMPH-3171,white,Kos,Helvola,-247,6.858,0.249,4.89,0.056,3.14,0.602,10.89,5.12
AMPH-3172,white,Kos,Apian,-246,7.652,0.345,7.36,0.032,3.08,0.508,12.46,8.43
AMPH-3173,white,Rhodes,Eugenia,-245,6.176,0.314,5.75,0.043,3.23,0.39,9.21,7.74
AMPH-3174,white,Chios,Apian,-245,6.76,0.256,8.18,0.048,3.18,0.379,11.78,8.11
AMPH-3175,red,Chios,Aminean,-245,7.828,0.502,2.92,0.085,3.46,0.972,12.41,8.02
AMPH-3176,red,Rhodes,Duracina,-246,8.192,0.552,2.5,0.089,3.46,0.776,9.82,5.68
AMPH-3177,white,Rhodes,Duracina,-245,6.233,0.229,5.54,0.044,3.1,0.324,10.32,6.02
AMPH-3178,white,Chios,Aminean,-246,6.795,0.306,7.11,0.052,3.24,0.321,12.53,7.95
AMPH-3179,white,Rhodes,Helvola,-245,7.192,0.308,8.35,0.054,3.14,0.515,10.29,5.17
AMPH-3180,white,Thasos,Eugenia,-245,6.768,0.259,6.68,0.047,3.13,0.741,10.36,9.01
AMPH-3181,red,Chios,Helvola,-247,8.426,0.478,3.29,0.082,3.33,0.701,11.1,4.6
AMPH-3182,red,Thasos,Duracina,-247,8.187,0.55,2.19,0.097,3.26,0.707,9.65,5.71
AMPH-3183,white,Chios,Eugenia,-246,7.404,0.354,7.32,0.042,3.32,0.324,9.69,7.94
AMPH-3184,white,Rhodes,Eugenia,-247,7.205,0.196,6.81,0.049,3.16,0.716,9.78,7.81
AMPH-3185,white,Thasos,Argitis,-246,7.173,0.305,8.16,0.04,3.08,0.57,14.01,5.95
AMPH-3186,red,Chios,Argitis,-245,8.552,0.543,2.26,0.08,3.28,0.65,14.33,5.31
AMPH-3187,white,Kos,Eugenia,-245,6.399,0.243,7.04,0.045,3.07,0.542,9.73,8.78
AMPH-3188,red,Kos,Aminean,-247,8.366,0.56,1.37,0.091,3.3,0.731,12.06,8.3
AMPH-3189,red,Rhodes,Helvola,-246,8.08,0.576,0.6,0.08,3.52,0.783,10.68,5.29
AMPH-3190,red,Kos,Eugenia,-247,7.714,0.593,3.58,0.089,3.43,0.958,9.81,8.04
AMPH-3191,red,Chios,Eugenia,-246,8.656,0.546,3.43,0.085,3.2,0.607,10.7,8.09
AMPH-3192,white,Rhodes,Aminean,-245,6.492,0.243,6.55,0.053,3.1,0.561,11.45,7.89
AMPH-3193,white,Kos,Duracina,-246,5.682,0.301,7.93,0.028,3.15,0.2,9.97,5.04
AMPH-3194,red,Kos,Eugenia,-247,7.494,0.519,4.1,0.09,3.32,0.706,10.71,8.72
AMPH-3195,red,Kos,Apian,-247,8.255,0.611,3.07,0.083,3.19,0.878,10.88,8.43
AMPH-3196,red,Thasos,Aminean,-245,9.299,0.546,5.77,0.088,3.4,0.634,11.71,8.73
AMPH-3197,red,Chios,Eugenia,-245,8.354,0.57,3.78,0.066,3.4,0.715,10.37,7.52
AMPH-3198,white,Chios,Apian,-245,7.482,0.177,7.78,0.053,3.07,0.584,11.62,8.12
AMPH-3199,white,Kos,Aminean,-247,7.214,0.274,7.02,0.048,3.26,0.577,12.16,7.98
AMPH-3200,white,Thasos,Helvola,-247,6.041,0.287,8.06,0.05,3.22,0.632,11.8,6.09
AMPH-3201,white,Kos,Eugenia,-247,7.395,0.321,5.04,0.028,3.2,0.719,10.23,7.9
AMPH-3202,red,Kos,Eugenia,-246,9.163,0.55,0.79,0.095,3.41,0.645,10.62,8.22
AMPH-3203,red,Kos,Aminean,-245,7.602,0.536,2.42,0.081,3.33,0.608,11.13,8.35
AMPH-3204,white,Kos,Aminean,-246,7.008,0.357,5.55,0.045,3.25,0.389,12.8,8.03
AMPH-3205,white,Chios,Apian,-247,7.402,0.332,6.2,0.053,3.26,0.473,11.13,7.44
AMPH-3206,white,Kos,Aminean,-245,6.016,0.37,5.23,0.045,3.17,0.33,12.88,7.5
AMPH-3207,white,Kos,Helvola,-245,6.1,0.301,7.88,0.041,3.16,0.411,10.88,5.3
AMPH-3208,white,Rhodes,Duracina,-245,6.736,0.353,6.85,0.031,3.08,0.499,9.8,5.1
AMPH-3209,red,Rhodes,Helvola,-245,7.707,0.516,2.45,0.078,3.29,0.572,10.82,5.25
AMPH-3210,red,Chios,Apian,-245,7.586,0.606,3.14,0.072,3.32,0.64,11.56,6.97
AMPH-3211,white,Chios,Apian,-246,5.987,0.291,3.45,0.051,3.35,0.501,11.56,7.63
AMPH-3212,white,Kos,Apian,-247,7.097,0.267,6.15,0.046,3.23,0.457,11.57,8.65
AMPH-3213,white,Chios,Aminean,-245,7.492,0.294,8.37,0.027,3.22,0.666,13.27,7.47
AMPH-3214,white,Thasos,Helvola,-246,6.72,0.252,5.67,0.057,3.25,0.502,10.95,6.04
AMPH-3215,white,Kos,Duracina,-247,6.611,0.298,6.04,0.038,3.22,0.441,9.56,5.92
AMPH-3216,white,Kos,Apian,-247,6.815,0.285,6.45,0.053,3.25,0.482,11.29,8.45
AMPH-3217,red,Chios,Aminean,-247,8.771,0.501,0.6,0.096,3.28,0.59,12.26,7.03
AMPH-3218,white,Rhodes,Helvola,-246,6.869,0.255,5.6,0.049,3.37,0.572,11.02,5.52
AMPH-3219,red,Rhodes,Apian,-245,7.625,0.584,2.08,0.081,3.33,0.377,11.47,8.15
AMPH-3220,white,Thasos,Duracina,-246,7.688,0.241,6.4,0.029,3.32,0.456,10.33,6.24
AMPH-3221,white,Kos,Helvola,-247,6.405,0.322,7.28,0.038,3.17,0.382,10.43,5.48
AMPH-3222,white,Kos,Argitis,-246,6.253,0.407,8.11,0.033,3.24,0.324,13.86,5.33
AMPH-3223,red,Chios,Apian,-245,8.078,0.443,3.24,0.096,3.26,0.657,11.27,7.27
AMPH-3224,red,Rhodes,Argitis,-246,8.843,0.542,3.09,0.072,3.47,0.707,13.87,4.93
AMPH-3225,white,Kos,Apian,-247,7.424,0.182,6.71,0.048,3.19,0.378,11.46,8.5
AMPH-3226,red,Chios,Apian,-245,8.254,0.564,0.6,0.102,3.4,0.723,11.4,7.52
AMPH-3227,red,Chios,Apian,-246,8.27,0.697,4.8,0.101,3.47,0.96,11.23,7.6
AMPH-3228,red,Rhodes,Aminean,-247,8.28,0.524,4.75,0.076,3.29,0.5,12.03,7.51
AMPH-3229,white,Rhodes,Helvola,-245,6.437,0.278,7.51,0.034,3.16,0.4,11.73,4.93
AMPH-3230,white,Thasos,Helvola,-246,5.276,0.321,7.08,0.047,3.06,0.553,11.57,6.42
AMPH-3231,red,Rhodes,Helvola,-247,9.303,0.643,3.92,0.086,3.27,0.599,10.91,5.54
AMPH-3232,white,Kos,Eugenia,-247,6.582,0.309,6.14,0.038,3.39,0.352,10.53,8.19
AMPH-3233,white,Thasos,Helvola,-245,7.737,0.226,4.29,0.05,3.22,0.452,10.9,5.81
AMPH-3234,white,Rhodes,Helvola,-247,7.299,0.268,5.32,0.049,3.25,0.416,11.71,5.36
AMPH-3235,red,Rhodes,Apian,-246,8.828,0.549,2.92,0.094,3.29,0.527,11.32,7.52
AMPH-3236,red,Thasos,Helvola,-246,8.004,0.581,2.83,0.089,3.27,0.658,11.18,5.64
AMPH-3237,red,Thasos,Helvola,-245,8.835,0.547,1.65,0.085,3.28,0.583,10.92,6.36
AMPH-3238,white,Kos,Argitis,-247,7.548,0.319,6.62,0.054,3.19,0.556,12.91,5.37
AMPH-3239,white,Thasos,Helvola,-247,8.279,0.309,4.64,0.05,3.18,0.256,10.77,6.8
AMPH-3240,red,Thasos,Helvola,-245,8.922,0.451,1.85,0.103,3.33,0.573,11.45,6.3
AMPH-3241,white,Kos,Aminean,-246,6.906,0.317,8.83,0.047,3.11,0.426,12.54,8.44
AMPH-3242,red,Chios,Aminean,-246,8.384,0.517,1.89,0.076,3.28,0.676,12.57,7.35
AMPH-3243,white,Chios,Aminean,-247,5.959,0.224,6.02,0.045,3.24,0.6,12.42,7.37
AMPH-3244,white,Thasos,Argitis,-247,6.912,0.328,8.47,0.041,3.01,0.379,13.97,6.98
AMPH-3245,red,Chios,Aminean,-247,7.63,0.691,5.95,0.095,3.27,0.864,12.87,7.37
AMPH-3246,white,Kos,Duracina,-246,6.955,0.235,6.43,0.053,3.21,0.442,10.41,6.35
AMPH-3247,red,Rhodes,Apian,-246,8.155,0.521,2.79,0.1,3.31,0.523,11.9,8.05
AMPH-3248,red,Rhodes,Apian,-246,7.99,0.511,1.17,0.088,3.25,0.475,12.12,8.14
AMPH-3249,red,Kos,Apian,-247,8.468,0.474,2.72,0.075,3.39,0.803,11.73,7.83
AMPH-3250,white,Chios,Apian,-245,7.633,0.272,5.92,0.041,3.3,0.727,11.37,7.85
AMPH-3251,red,Thasos,Argitis,-246,8.16,0.524,0.75,0.086,3.18,0.562,14.04,6.17
AMPH-3252,white,Kos,Argitis,-246,7.032,0.388,10.32,0.034,3.34,0.252,13.42,5.69
AMPH-3253,white,Thasos,Helvola,-247,7.797,0.343,6.39,0.065,3.1,0.571,11.86,6.05
AMPH-3254,red,Chios,Aminean,-246,7.622,0.563,3.34,0.084,3.45,0.77,12.29,7.97
AMPH-3255,red,Rhodes,Aminean,-245,7.118,0.564,0.9,0.091,3.32,0.803,12.75,8.05
AMPH-3256,white,Thasos,Duracina,-246,7.529,0.286,7.35,0.044,3.22,0.37,10.4,6.25
AMPH-3257,white,Thasos,Helvola,-246,7.003,0.322,7.67,0.032,3.13,0.402,10.64,6.25
AMPH-3258,red,Kos,Apian,-247,9.088,0.488,2.9,0.076,3.29,0.629,10.7,7.32
AMPH-3259,white,Thasos,Helvola,-247,6.668,0.266,7.49,0.046,3.11,0.58,11.78,6.65
AMPH-3260,red,Kos,Duracina,-245,7.621,0.631,2.32,0.08,3.35,0.238,9.83,5.6
AMPH-3261,white,Thasos,Helvola,-247,7.586,0.214,8.45,0.036,3.24,0.646,11.3,6.51
AMPH-3262,red,Kos,Apian,-247,8.113,0.475,2.16,0.09,3.26,0.27,11.62,8.46
AMPH-3263,red,Chios,Eugenia,-246,7.493,0.483,3.27,0.084,3.26,0.807,10.66,7.2
AMPH-3264,red,Kos,Helvola,-247,7.466,0.488,4.66,0.091,3.32,0.833,10.98,5.47
AMPH-3265,white,Kos,Argitis,-246,7.41,0.19,5.59,0.04,3.22,0.366,14.06,5.47
AMPH-3266,white,Kos,Argitis,-247,6.976,0.284,6.76,0.049,3.14,0.407,14.13,5.5
AMPH-3267,red,Chios,Duracina,-247,8.412,0.514,2.85,0.085,3.28,0.869,10.12,5.16
AMPH-3268,white,Rhodes,Eugenia,-246,7.746,0.301,3.81,0.052,3.18,0.685,10.88,7.68
AMPH-3269,white,Chios,Aminean,-245,7.724,0.296,6.69,0.041,3.16,0.501,11.87,8.48
AMPH-3270,white,Thasos,Argitis,-245,7.8,0.296,7.11,0.035,3.06,0.559,14.73,6.36
AMPH-3271,white,Kos,Helvola,-245,7.069,0.252,4.86,0.04,3.07,0.759,11.0,5.4
AMPH-3272,white,Thasos,Aminean,-245,6.728,0.225,7.1,0.031,3.24,0.551,12.39,8.4
AMPH-3273,red,Kos,Apian,-245,7.274,0.549,1.81,0.095,3.32,0.522,11.38,7.86
AMPH-3274,red,Chios,Eugenia,-245,8.077,0.51,1.27,0.089,3.25,0.382,10.88,7.52
AMPH-3275,red,Thasos,Helvola,-245,9.207,0.516,2.49,0.085,3.33,0.457,10.61,6.49
AMPH-3276,red,Chios,Eugenia,-245,9.449,0.516,4.56,0.089,3.27,0.571,10.76,7.22
AMPH-3277,white,Thasos,Helvola,-245,6.519,0.296,6.36,0.052,3.22,0.5,11.05,5.74
AMPH-3278,white,Thasos,Duracina,-246,6.411,0.29,7.98,0.032,3.11,0.445,10.14,6.34
AMPH-3279,white,Kos,Argitis,-247,7.899,0.267,8.52,0.046,3.18,0.404,13.26,5.82
AMPH-3280,red,Rhodes,Argitis,-247,9.038,0.556,4.31,0.083,3.39,0.54,13.5,5.68
AMPH-3281,red,Kos,Eugenia,-247,8.076,0.644,2.62,0.079,3.4,0.717,10.09,7.88
AMPH-3282,red,Chios,Aminean,-245,7.554,0.682,3.66,0.089,3.39,0.725,13.05,7.58
AMPH-3283,white,Rhodes,Argitis,-246,6.055,0.241,5.4,0.055,3.15,0.578,13.18,5.5
AMPH-3284,red,Kos,Eugenia,-247,8.7,0.527,1.69,0.076,3.33,0.719,9.38,7.61
AMPH-3285,white,Kos,Duracina,-245,7.528,0.24,6.79,0.043,3.22,0.572,9.52,5.6
AMPH-3286,red,Rhodes,Argitis,-247,8.011,0.524,1.56,0.099,3.24,0.76,13.72,5.62
AMPH-3287,white,Kos,Aminean,-247,6.42,0.376,6.37,0.029,3.14,0.525,12.55,7.58
AMPH-3288,red,Kos,Apian,-245,8.602,0.544,5.31,0.094,3.23,0.594,11.29,8.14
AMPH-3289,red,Rhodes,Duracina,-246,8.622,0.502,3.28,0.076,3.43,0.561,9.49,5.51
AMPH-3290,red,Kos,Duracina,-245,8.908,0.595,1.57,0.075,3.44,0.597,10.35,5.27
AMPH-3291,red,Rhodes,Helvola,-247,7.356,0.594,0.6,0.074,3.39,0.689,10.41,5.01
AMPH-3292,red,Thasos,Duracina,-247,8.925,0.551,2.74,0.076,3.29,0.799,9.43,7.33
AMPH-3293,white,Rhodes,Duracina,-246,7.049,0.26,4.58,0.059,3.17,0.538,10.17,5.41
AMPH-3294,red,Kos,Helvola,-247,8.573,0.499,3.96,0.079,3.39,0.786,10.49,5.89
AMPH-3295,white,Chios,Duracina,-246,6.124,0.225,7.92,0.032,3.2,0.444,9.33,5.56
AMPH-3296,white,Kos,Helvola,-245,7.488,0.186,5.56,0.075,3.17,0.324,11.41,6.11
AMPH-3297,red,Thasos,Aminean,-246,8.177,0.5,1.3,0.082,3.25,0.806,12.09,8.8
AMPH-3298,red,Thasos,Helvola,-247,7.499,0.535,0.79,0.095,3.34,0.819,10.93,6.14
AMPH-3299,red,Rhodes,Apian,-246,8.877,0.522,3.38,0.067,3.29,0.545,11.71,7.44
AMPH-3300,red,Thasos,Helvola,-245,7.691,0.607,2.82,0.08,3.43,0.636,11.12,6.93
AMPH-3301,red,Chios,Aminean,-245,7.766,0.568,3.68,0.083,3.27,0.495,11.9,8.28
AMPH-3302,white,Chios,Apian,-245,6.708,0.304,6.4,0.042,3.1,0.7,11.94,7.56
AMPH-3303,white,Rhodes,Eugenia,-245,7.449,0.284,6.15,0.03,3.03,0.776,10.48,7.98
AMPH-3304,red,Chios,Eugenia,-247,8.602,0.447,2.75,0.102,3.22,0.832,10.32,7.76
AMPH-3305,white,Rhodes,Apian,-246,7.154,0.265,6.63,0.058,3.2,0.574,11.12,7.4
AMPH-3306,red,Kos,Aminean,-245,7.099,0.601,3.96,0.094,3.17,0.533,11.93,7.3
AMPH-3307,red,Thasos,Duracina,-247,8.092,0.616,1.02,0.074,3.2,0.747,10.05,5.93
AMPH-3308,red,Thasos,Argitis,-245,8.167,0.551,2.35,0.062,3.32,0.577,13.44,6.55
AMPH-3309,red,Thasos,Duracina,-246,7.759,0.485,2.05,0.087,3.24,0.7,9.72,6.92
AMPH-3310,white,Rhodes,Helvola,-246,6.126,0.337,5.97,0.045,3.06,0.641,11.03,5.15
AMPH-3311,white,Thasos,Helvola,-245,6.346,0.228,4.96,0.039,3.11,0.602,11.47,5.51
AMPH-3312,white,Rhodes,Argitis,-245,7.249,0.243,5.07,0.056,3.18,0.558,14.2,5.48
AMPH-3313,white,Kos,Argitis,-245,6.724,0.307,6.06,0.057,3.22,0.533,13.92,6.02
AMPH-3314,white,Kos,Argitis,-245,6.361,0.269,7.93,0.043,3.19,0.433,13.17,6.2
AMPH-3315,red,Kos,Duracina,-246,8.649,0.429,1.86,0.083,3.14,0.602,9.7,6.11
AMPH-3316,white,Chios,Eugenia,-246,5.81,0.341,6.2,0.045,3.29,0.53,10.66,7.83
AMPH-3317,red,Thasos,Helvola,-245,7.368,0.464,4.26,0.093,3.33,0.791,10.81,7.25
AMPH-3318,red,Thasos,Duracina,-247,8.668,0.571,3.1,0.071,3.25,0.628,10.08,6.27
AMPH-3319,white,Rhodes,Apian,-245,7.128,0.257,5.8,0.05,3.16,0.617,11.23,7.67
AMPH-3320,white,Rhodes,Aminean,-247,7.303,0.346,6.61,0.038,3.23,0.594,12.46,7.54
AMPH-3321,white,Thasos,Aminean,-245,6.807,0.178,7.09,0.024,3.19,0.417,12.04,8.11
AMPH-3322,red,Rhodes,Argitis,-247,7.798,0.549,0.72,0.099,3.42,0.647,14.05,4.75
AMPH-3323,white,Rhodes,Helvola,-247,7.6,0.296,4.95,0.051,3.25,0.313,11.4,5.48
AMPH-3324,white,Thasos,Argitis,-247,7.021,0.212,6.38,0.044,3.15,0.569,13.97,5.99
AMPH-3325,white,Thasos,Argitis,-247,6.428,0.232,5.37,0.051,3.14,0.47,14.07,6.17
AMPH-3326,white,Rhodes,Eugenia,-247,6.727,0.278,6.26,0.052,3.08,0.518,10.31,8.09
AMPH-3327,white,Thasos,Helvola,-245,6.406,0.373,6.49,0.037,3.25,0.58,11.43,7.03
AMPH-3328,white,Thasos,Argitis,-247,7.133,0.273,6.92,0.041,3.2,0.346,13.32,5.68
AMPH-3329,white,Kos,Aminean,-246,6.9,0.221,4.54,0.03,3.2,0.553,12.06,8.59
AMPH-3330,white,Chios,Eugenia,-247,6.498,0.305,7.46,0.042,3.37,0.576,10.31,8.5
AMPH-3331,white,Thasos,Helvola,-245,7.861,0.311,7.83,0.029,3.09,0.754,10.85,6.21
AMPH-3332,red,Kos,Eugenia,-245,8.448,0.546,3.11,0.08,3.31,0.853,10.33,8.88
AMPH-3333,red,Chios,Eugenia,-247,8.616,0.512,2.34,0.089,3.41,0.746,10.21,7.31
AMPH-3334,red,Kos,Duracina,-247,7.476,0.556,2.41,0.089,3.28,0.454,10.76,5.78
AMPH-3335,white,Thasos,Helvola,-245,7.754,0.261,8.3,0.054,3.26,0.671,11.72,4.94
AMPH-3336,white,Thasos,Argitis,-247,6.934,0.254,6.85,0.054,3.19,0.515,14.11,5.59
AMPH-3337,white,Rhodes,Duracina,-247,6.151,0.276,7.32,0.05,3.27,0.618,9.68,5.34
AMPH-3338,white,Thasos,Helvola,-246,8.241,0.258,6.46,0.029,3.18,0.536,11.31,5.8
AMPH-3339,red,Kos,Duracina,-247,8.848,0.641,3.7,0.087,3.5,0.409,10.79,6.4
AMPH-3340,red,Thasos,Argitis,-245,7.717,0.526,1.79,0.101,3.29,0.387,13.64,5.97
AMPH-3341,red,Kos,Argitis,-247,8.087,0.484,2.84,0.079,3.16,0.692,13.72,5.55
AMPH-3342,white,Kos,Argitis,-246,6.453,0.271,6.73,0.037,3.25,0.588,14.1,5.93
AMPH-3343,white,Thasos,Helvola,-246,6.384,0.264,6.44,0.049,3.15,0.647,10.42,6.09
AMPH-3344,red,Thasos,Helvola,-245,8.711,0.504,2.14,0.08,3.34,0.503,10.89,6.03
AMPH-3345,white,Rhodes,Helvola,-245,5.859,0.24,5.21,0.058,3.25,0.567,11.71,5.18
AMPH-3346,white,Chios,Eugenia,-245,7.077,0.303,4.16,0.03,3.2,0.345,10.41,7.45
AMPH-3347,red,Kos,Eugenia,-247,7.623,0.593,2.24,0.081,3.28,0.847,10.1,7.46
AMPH-3348,red,Thasos,Argitis,-246,7.094,0.501,2.09,0.11,3.19,0.611,13.94,6.0
AMPH-3349,white,Chios,Eugenia,-247,6.544,0.179,6.82,0.053,3.28,0.239,10.28,7.81
AMPH-3350,red,Kos,Eugenia,-245,8.619,0.574,2.9,0.088,3.31,0.681,10.48,8.77
AMPH-3351,red,Kos,Helvola,-246,8.174,0.516,1.69,0.104,3.49,0.627,10.58,4.8
AMPH-3352,white,Thasos,Argitis,-246,8.045,0.264,5.02,0.058,3.17,0.449,13.8,6.34
AMPH-3353,white,Rhodes,Duracina,-247,7.746,0.226,5.29,0.03,3.32,0.462,10.58,4.61
AMPH-3354,white,Thasos,Aminean,-245,7.516,0.255,5.38,0.052,3.15,0.409,12.16,8.44
AMPH-3355,white,Rhodes,Apian,-247,5.916,0.273,6.56,0.025,3.21,0.585,10.76,7.81
AMPH-3356,red,Rhodes,Aminean,-247,8.015,0.503,2.64,0.081,3.35,0.662,11.69,7.49
AMPH-3357,white,Thasos,Helvola,-247,6.943,0.251,6.21,0.038,3.07,0.577,10.73,5.49
AMPH-3358,red,Kos,Aminean,-247,9.158,0.484,2.88,0.073,3.3,0.884,11.7,8.51
AMPH-3359,red,Thasos,Helvola,-245,8.284,0.559,1.41,0.093,3.37,0.507,10.44,5.95
AMPH-3360,red,Kos,Helvola,-246,9.033,0.514,1.84,0.083,3.28,0.301,11.04,5.26
AMPH-3361,red,Kos,Eugenia,-247,8.497,0.56,1.63,0.093,3.19,0.707,9.71,8.08
AMPH-3362,white,Chios,Apian,-247,6.078,0.264,7.95,0.048,3.28,0.573,11.95,7.15
AMPH-3363,red,Kos,Aminean,-247,7.974,0.538,1.85,0.068,3.21,0.66,12.2,7.63
AMPH-3364,white,Rhodes,Eugenia,-247,7.394,0.334,6.52,0.029,3.16,0.33,10.16,8.22
AMPH-3365,white,Thasos,Duracina,-247,7.057,0.389,7.49,0.068,3.17,0.569,9.89,6.32
AMPH-3366,white,Chios,Helvola,-247,6.78,0.225,7.57,0.045,3.21,0.454,10.73,5.08
AMPH-3367,white,Rhodes,Eugenia,-245,6.613,0.279,6.68,0.046,3.15,0.682,10.26,7.83
AMPH-3368,white,Rhodes,Duracina,-245,6.741,0.263,6.13,0.053,3.25,0.521,9.71,5.53
AMPH-3369,white,Chios,Aminean,-247,6.26,0.279,6.34,0.029,3.22,0.368,13.18,7.43
AMPH-3370,white,Thasos,Duracina,-246,6.909,0.247,6.34,0.043,3.2,0.371,10.61,6.14
AMPH-3371,white,Rhodes,Helvola,-247,6.656,0.331,7.89,0.026,3.2,0.71,10.53,5.56
AMPH-3372,white,Chios,Aminean,-247,8.459,0.287,5.53,0.05,2.97,0.488,11.63,7.28
AMPH-3373,white,Rhodes,Apian,-245,6.577,0.261,6.53,0.037,3.09,0.601,11.31,7.64
AMPH-3374,white,Thasos,Duracina,-245,7.367,0.288,4.58,0.045,3.16,0.362,10.71,5.71
AMPH-3375,red,Rhodes,Argitis,-245,7.684,0.508,1.54,0.087,3.18,0.623,12.78,5.16
AMPH-3376,white,Kos,Argitis,-246,8.02,0.256,6.11,0.052,3.26,0.576,13.65,5.61
AMPH-3377,white,Kos,Helvola,-247,6.259,0.21,8.25,0.029,3.17,0.292,10.82,4.93
AMPH-3378,red,Kos,Aminean,-246,7.863,0.561,5.14,0.076,3.14,0.71,12.24,7.76
AMPH-3379,white,Thasos,Eugenia,-247,6.828,0.296,6.86,0.04,3.13,0.449,10.04,8.32
AMPH-3380,red,Kos,Duracina,-245,8.822,0.477,1.83,0.072,3.28,0.517,10.4,5.99
AMPH-3381,white,Kos,Duracina,-247,7.449,0.175,5.62,0.045,3.2,0.28,9.48,4.99
AMPH-3382,white,Thasos,Argitis,-247,6.601,0.213,6.88,0.034,3.07,0.54,13.85,6.26
AMPH-3383,red,Kos,Argitis,-247,7.739,0.495,2.46,0.079,3.21,0.846,13.74,5.3
AMPH-3384,red,Thasos,Helvola,-247,9.574,0.576,4.41,0.088,3.32,0.666,10.9,5.98
AMPH-3385,red,Rhodes,Aminean,-245,8.58,0.496,1.62,0.077,3.45,0.657,12.85,8.41
AMPH-3386,white,Kos,Helvola,-247,6.656,0.258,7.32,0.054,3.27,0.53,11.57,5.84
AMPH-3387,white,Kos,Duracina,-246,6.371,0.327,5.23,0.047,3.12,0.2,9.37,6.19
AMPH-3388,white,Chios,Eugenia,-245,6.505,0.234,4.67,0.054,3.14,0.417,10.4,6.76
AMPH-3389,red,Thasos,Duracina,-246,8.415,0.516,2.59,0.078,3.38,0.663,9.78,6.55
AMPH-3390,white,Kos,Duracina,-245,6.51,0.304,4.71,0.056,3.19,0.443,10.95,5.61
AMPH-3391,white,Kos,Apian,-245,6.724,0.274,6.39,0.042,3.28,0.299,11.85,7.9
AMPH-3392,white,Thasos,Argitis,-245,6.509,0.4,6.62,0.04,3.23,0.561,13.72,6.48
AMPH-3393,white,Rhodes,Aminean,-247,6.976,0.295,6.01,0.037,3.33,0.65,13.6,8.11
AMPH-3394,red,Rhodes,Argitis,-245,8.206,0.595,2.34,0.095,3.12,0.864,13.21,5.35
AMPH-3395,white,Kos,Argitis,-245,7.167,0.272,5.18,0.028,3.29,0.414,14.19,5.52
AMPH-3396,white,Rhodes,Aminean,-245,6.338,0.357,6.61,0.053,3.34,0.456,13.25,7.7
AMPH-3397,white,Thasos,Argitis,-245,6.169,0.287,4.68,0.069,3.11,0.333,13.74,6.06
AMPH-3398,red,Thasos,Helvola,-247,8.753,0.606,3.94,0.079,3.32,0.612,10.99,6.02
AMPH-3399,white,Kos,Aminean,-245,7.288,0.375,7.16,0.051,3.14,0.563,12.49,8.14
AMPH-3400,white,Thasos,Helvola,-247,5.91,0.184,6.04,0.032,3.21,0.468,10.96,5.84
AMPH-3401,white,Kos,Argitis,-247,6.043,0.325,6.95,0.029,3.17,0.507,13.6,5.37
AMPH-3402,red,Kos,Duracina,-245,8.729,0.498,4.18,0.076,3.46,0.599,10.38,6.06
AMPH-3403,white,Kos,Apian,-245,5.995,0.346,8.13,0.053,3.1,0.53,11.78,7.84
AMPH-3404,white,Thasos,Aminean,-246,6.202,0.31,7.16,0.049,3.24,0.386,12.08,8.48
AMPH-3405,white,Chios,Eugenia,-245,7.646,0.243,6.56,0.068,3.21,0.455,10.12,7.33
AMPH-3406,white,Rhodes,Helvola,-246,6.349,0.231,7.27,0.054,3.24,0.51,10.56,5.73
AMPH-3407,red,Rhodes,Duracina,-246,9.285,0.591,3.86,0.082,3.27,0.392,10.31,4.69
AMPH-3408,red,Chios,Helvola,-246,8.512,0.604,1.48,0.089,3.46,0.73,11.49,5.47
AMPH-3409,white,Thasos,Argitis,-247,5.759,0.273,6.96,0.059,3.26,0.411,13.95,6.2
AMPH-3410,white,Thasos,Argitis,-245,8.329,0.266,7.38,0.047,3.24,0.523,13.56,6.82
AMPH-3411,white,Chios,Apian,-245,7.429,0.216,7.76,0.054,3.27,0.64,12.09,7.91
AMPH-3412,white,Kos,Apian,-245,6.773,0.281,3.53,0.053,3.14,0.537,11.0,8.36
AMPH-3413,red,Thasos,Helvola,-245,8.571,0.509,2.66,0.075,3.38,0.643,10.9,6.29
AMPH-3414,white,Rhodes,Argitis,-247,7.366,0.308,6.05,0.042,3.0,0.215,13.81,5.69
AMPH-3415,white,Thasos,Duracina,-246,7.372,0.234,8.29,0.045,3.23,0.2,9.45,6.04
AMPH-3416,white,Chios,Aminean,-246,7.483,0.256,3.56,0.039,3.15,0.429,11.53,7.15
AMPH-3417,red,Chios,Argitis,-245,8.447,0.497,2.6,0.1,3.34,0.403,13.79,5.39
AMPH-3418,white,Rhodes,Duracina,-247,6.156,0.249,7.07,0.056,3.35,0.503,9.28,5.26
AMPH-3419,white,Chios,Eugenia,-246,6.339,0.3,5.99,0.039,3.14,0.599,9.66,7.26
AMPH-3420,red,Chios,Apian,-245,8.438,0.455,3.36,0.073,3.21,0.654,11.46,7.1
AMPH-3421,red,Thasos,Helvola,-246,8.58,0.493,3.55,0.084,3.26,0.618,10.51,6.76
AMPH-3422,red,Kos,Duracina,-246,7.792,0.413,5.37,0.085,3.23,0.512,10.34,5.55
AMPH-3423,white,Chios,Apian,-246,6.906,0.281,6.67,0.033,3.25,0.468,11.92,6.91
AMPH-3424,white,Rhodes,Duracina,-245,7.678,0.187,6.83,0.055,3.15,0.276,10.59,5.22
AMPH-3425,white,Kos,Helvola,-246,7.744,0.318,4.13,0.051,3.25,0.354,10.54,5.38
AMPH-3426,red,Chios,Eugenia,-246,7.61,0.502,2.59,0.08,3.39,0.378,10.78,7.49
AMPH-3427,red,Chios,Apian,-247,8.93,0.547,2.84,0.084,3.12,0.593,11.66,6.87
AMPH-3428,white,Chios,Aminean,-246,5.661,0.266,6.41,0.072,3.16,0.454,12.09,7.7
AMPH-3429,red,Chios,Eugenia,-245,8.226,0.545,1.9,0.1,3.27,0.73,9.92,7.87
AMPH-3430,red,Rhodes,Argitis,-246,7.797,0.465,0.62,0.086,3.45,0.676,13.93,5.29
AMPH-3431,white,Chios,Eugenia,-245,7.781,0.294,4.64,0.065,3.31,0.615,10.87,7.32
AMPH-3432,red,Thasos,Helvola,-245,7.952,0.576,2.33,0.095,3.33,0.64,10.65,6.4
AMPH-3433,white,Thasos,Helvola,-247,6.25,0.32,8.1,0.048,3.22,0.792,11.72,6.19
AMPH-3434,red,Rhodes,Eugenia,-247,8.441,0.548,4.85,0.094,3.23,0.632,9.78,7.29
AMPH-3435,red,Chios,Apian,-247,8.865,0.496,3.24,0.08,3.38,0.702,11.82,7.43
AMPH-3436,white,Chios,Apian,-247,7.175,0.309,6.15,0.038,3.14,0.464,11.7,7.18
AMPH-3437,white,Thasos,Duracina,-247,5.828,0.358,4.47,0.043,3.28,0.616,10.29,6.65
AMPH-3438,white,Chios,Apian,-245,7.072,0.247,6.7,0.045,3.18,0.468,11.37,7.3
AMPH-3439,white,Kos,Duracina,-246,6.49,0.207,6.12,0.065,3.36,0.344,10.13,5.22
AMPH-3440,white,Rhodes,Apian,-245,7.259,0.322,6.44,0.052,3.18,0.2,12.07,7.82
AMPH-3441,red,Chios,Eugenia,-246,7.718,0.516,3.8,0.084,3.34,0.756,10.51,7.47
AMPH-3442,white,Thasos,Duracina,-245,6.567,0.324,7.11,0.065,3.12,0.464,10.18,5.67
AMPH-3443,white,Thasos,Argitis,-247,5.943,0.185,5.26,0.042,3.13,0.47,13.58,5.48
AMPH-3444,white,Chios,Aminean,-245,6.111,0.286,6.08,0.05,3.3,0.535,11.84,7.47
AMPH-3445,white,Rhodes,Argitis,-247,6.992,0.289,6.34,0.046,3.09,0.411,13.4,5.53
AMPH-3446,red,Thasos,Duracina,-246,8.37,0.53,2.27,0.072,3.24,0.525,10.37,5.96
AMPH-3447,red,Thasos,Duracina,-246,8.251,0.596,1.96,0.087,3.29,0.707,10.8,6.53
AMPH-3448,white,Rhodes,Aminean,-245,6.588,0.28,5.59,0.04,3.15,0.344,12.63,7.39
AMPH-3449,red,Thasos,Eugenia,-245,9.205,0.614,4.28,0.08,3.39,0.768,10.41,8.57
AMPH-3450,red,Chios,Eugenia,-247,9.673,0.511,1.92,0.06,3.21,0.366,10.1,8.11
AMPH-3451,white,Kos,Helvola,-247,6.478,0.327,7.41,0.051,3.19,0.573,10.84,5.75
AMPH-3452,white,Chios,Duracina,-247,7.054,0.356,6.26,0.049,3.18,0.809,9.04,4.99
AMPH-3453,white,Chios,Aminean,-247,7.375,0.195,6.07,0.036,3.14,0.44,12.53,7.46
AMPH-3454,white,Chios,Eugenia,-246,6.536,0.296,7.81,0.039,3.27,0.793,10.27,7.27
AMPH-3455,red,Kos,Argitis,-246,9.139,0.505,3.04,0.087,3.28,0.559,14.45,5.75
AMPH-3456,white,Chios,Aminean,-246,7.127,0.252,7.43,0.037,3.32,0.416,12.63,7.26
AMPH-3457,white,Chios,Apian,-246,6.453,0.231,7.86,0.06,3.17,0.2,12.26,6.75
AMPH-3458,red,Kos,Aminean,-246,8.086,0.549,1.48,0.09,3.22,0.734,12.37,8.14
AMPH-3459,white,Chios,Apian,-245,6.163,0.336,4.96,0.032,3.26,0.556,11.22,7.56
AMPH-3460,red,Kos,Duracina,-247,8.111,0.594,3.39,0.084,3.39,0.585,9.75,5.81
AMPH-3461,white,Thasos,Duracina,-246,6.098,0.204,5.2,0.057,3.21,0.515,9.46,6.59
AMPH-3462,white,Kos,Duracina,-246,6.925,0.284,6.44,0.034,3.15,0.31,9.49,5.77
AMPH-3463,red,Thasos,Argitis,-246,8.74,0.467,2.88,0.082,3.23,0.845,12.54,6.24
AMPH-3464,red,Chios,Aminean,-247,7.606,0.507,2.51,0.094,3.4,0.451,11.88,6.88
AMPH-3465,red,Thasos,Argitis,-245,9.291,0.567,1.15,0.096,3.26,0.805,13.66,6.14
AMPH-3466,white,Rhodes,Aminean,-245,5.716,0.269,6.79,0.058,3.21,0.502,12.52,7.78
AMPH-3467,red,Rhodes,Eugenia,-246,8.527,0.474,2.35,0.082,3.22,0.808,9.82,8.07
AMPH-3468,white,Thasos,Apian,-246,7.065,0.27,6.93,0.044,3.14,0.66,10.94,8.99
AMPH-3469,red,Thasos,Helvola,-247,7.914,0.571,2.91,0.08,3.31,1.099,10.99,6.43
AMPH-3470,white,Kos,Argitis,-247,7.26,0.382,5.83,0.046,3.21,0.391,13.71,5.68
AMPH-3471,red,Chios,Aminean,-246,8.734,0.485,2.37,0.086,3.19,0.354,12.06,7.6
AMPH-3472,white,Thasos,Argitis,-246,7.342,0.266,5.66,0.052,3.28,0.2,13.28,5.64
AMPH-3473,red,Rhodes,Argitis,-245,7.613,0.5,4.34,0.081,3.38,0.865,13.95,5.45
AMPH-3474,white,Chios,Apian,-245,7.405,0.245,6.93,0.057,3.23,0.344,11.58,8.59
AMPH-3475,red,Thasos,Eugenia,-246,8.37,0.538,3.28,0.097,3.19,0.568,10.52,8.69
AMPH-3476,white,Kos,Aminean,-246,6.921,0.271,5.67,0.041,3.27,0.613,12.76,7.17
AMPH-3477,white,Kos,Aminean,-247,6.575,0.354,5.27,0.038,3.21,0.44,12.32,7.88
AMPH-3478,red,Chios,Aminean,-245,8.051,0.519,2.56,0.076,3.42,0.67,12.73,7.13
AMPH-3479,red,Rhodes,Duracina,-246,7.686,0.593,2.99,0.083,3.26,0.657,10.15,5.17
AMPH-3480,white,Thasos,Duracina,-245,7.009,0.317,5.97,0.046,3.18,0.595,10.02,6.73
AMPH-3481,white,Thasos,Helvola,-245,7.685,0.334,3.82,0.039,3.31,0.449,11.16,6.31
AMPH-3482,red,Chios,Aminean,-245,6.83,0.533,1.76,0.097,3.24,0.708,12.13,7.7
AMPH-3483,white,Thasos,Duracina,-246,7.179,0.3,6.08,0.05,3.41,0.361,8.93,5.52
AMPH-3484,white,Kos,Eugenia,-247,7.277,0.292,8.86,0.041,3.33,0.473,9.19,7.74
AMPH-3485,white,Chios,Helvola,-245,6.776,0.215,7.1,0.044,3.31,0.535,10.68,4.61
AMPH-3486,white,Kos,Eugenia,-247,6.646,0.34,8.39,0.041,3.24,0.433,9.29,7.75
AMPH-3487,red,Rhodes,Apian,-246,7.884,0.504,1.86,0.079,3.4,0.725,10.77,8.33
AMPH-3488,white,Chios,Eugenia,-245,6.796,0.287,5.04,0.058,3.21,0.644,10.44,7.41
AMPH-3489,white,Thasos,Duracina,-246,6.516,0.269,4.36,0.044,3.31,0.611,9.5,6.37
AMPH-3490,white,Rhodes,Eugenia,-246,6.235,0.283,6.44,0.052,3.12,0.565,10.34,7.89
AMPH-3491,white,Thasos,Apian,-245,6.445,0.327,5.61,0.056,3.29,0.49,11.41,9.23
AMPH-3492,white,Thasos,Duracina,-245,7.398,0.365,5.28,0.062,3.28,0.733,9.63,5.88
AMPH-3493,white,Thasos,Apian,-245,6.479,0.231,6.77,0.052,3.28,0.437,10.8,8.02
AMPH-3494,red,Kos,Eugenia,-247,7.896,0.577,1.88,0.088,3.34,0.699,10.24,7.66
AMPH-3495,white,Thasos,Duracina,-245,6.983,0.326,7.64,0.059,3.22,0.237,9.34,6.49
AMPH-3496,white,Rhodes,Eugenia,-245,7.41,0.262,6.13,0.046,3.25,0.514,10.31,6.95
AMPH-3497,white,Chios,Eugenia,-246,6.799,0.307,3.42,0.043,3.26,0.576,10.27,7.99
AMPH-3498,white,Chios,Aminean,-247,6.217,0.258,6.07,0.041,3.22,0.512,12.25,8.16
AMPH-3499,red,Thasos,Argitis,-246,8.145,0.557,3.67,0.092,3.27,0.902,13.69,6.51
AMPH-3500,white,Thasos,Argitis,-246,7.436,0.233,5.15,0.044,3.29,0.711,13.92,6.55
AMPH-3501,white,Thasos,Helvola,-246,6.794,0.334,5.09,0.058,3.21,0.497,11.21,5.93
AMPH-3502,white,Chios,Apian,-245,7.177,0.331,5.11,0.064,3.19,0.612,11.35,6.8
AMPH-3503,white,Chios,Aminean,-246,7.277,0.341,5.15,0.051,3.24,0.23,12.59,7.89
AMPH-3504,red,Rhodes,Helvola,-245,8.484,0.585,2.81,0.113,3.33,0.75,11.2,5.35
AMPH-3505,white,Chios,Apian,-247,6.84,0.33,8.72,0.045,3.17,0.439,11.54,7.9
AMPH-3506,red,Rhodes,Helvola,-245,7.651,0.476,0.6,0.086,3.48,0.642,10.75,5.94
AMPH-3507,red,Chios,Eugenia,-247,7.902,0.488,2.44,0.085,3.25,0.814,10.75,7.41
AMPH-3508,red,Kos,Aminean,-245,8.579,0.621,4.66,0.085,3.14,0.61,12.61,7.75
AMPH-3509,white,Rhodes,Argitis,-246,6.372,0.333,6.95,0.055,3.22,0.748,13.81,5.48
AMPH-3510,red,Kos,Apian,-245,9.846,0.504,0.6,0.1,3.22,0.803,11.57,7.92
AMPH-3511,red,Chios,Aminean,-247,9.079,0.498,3.9,0.097,3.3,0.712,12.43,7.48
AMPH-3512,white,Kos,Aminean,-245,7.115,0.307,6.26,0.053,3.26,0.514,11.74,8.53
AMPH-3513,white,Thasos,Argitis,-246,7.111,0.294,6.6,0.052,3.31,0.341,14.29,6.58
AMPH-3514,white,Kos,Argitis,-247,7.003,0.23,7.32,0.024,3.18,0.639,13.3,5.61
AMPH-3515,white,Rhodes,Apian,-246,7.221,0.213,6.12,0.063,3.1,0.2,11.61,7.0
AMPH-3516,white,Thasos,Argitis,-246,6.094,0.289,6.38,0.025,3.22,0.417,13.26,5.82
AMPH-3517,white,Thasos,Duracina,-245,7.958,0.22,6.74,0.036,3.09,0.627,9.07,5.38
AMPH-3518,red,Kos,Argitis,-245,7.825,0.511,3.41,0.081,3.45,0.755,13.84,6.07
AMPH-3519,red,Rhodes,Duracina,-247,8.436,0.545,2.76,0.078,3.34,0.703,9.97,5.16
AMPH-3520,red,Kos,Duracina,-245,7.651,0.534,2.43,0.081,3.37,0.48,9.74,5.65
AMPH-3521,white,Rhodes,Argitis,-245,6.544,0.373,5.13,0.04,3.27,0.209,13.55,4.46
AMPH-3522,white,Rhodes,Eugenia,-246,7.308,0.275,8.44,0.033,3.15,0.329,10.67,7.62
AMPH-3523,red,Rhodes,Aminean,-245,7.568,0.549,0.6,0.081,3.25,0.405,12.25,7.62
AMPH-3524,white,Kos,Duracina,-247,7.443,0.183,7.45,0.036,3.16,0.48,9.76,6.02
AMPH-3525,white,Thasos,Argitis,-247,6.765,0.354,5.01,0.041,3.15,0.381,14.1,6.48
AMPH-3526,white,Kos,Helvola,-247,6.925,0.282,8.2,0.044,3.32,0.493,11.31,5.61
AMPH-3527,white,Thasos,Duracina,-245,6.906,0.331,8.07,0.051,3.08,0.383,9.68,5.91
AMPH-3528,red,Kos,Duracina,-246,8.634,0.503,0.96,0.079,3.17,0.587,9.42,5.72
AMPH-3529,white,Thasos,Helvola,-247,7.034,0.27,6.51,0.063,3.29,0.518,11.74,5.44
AMPH-3530,red,Kos,Apian,-247,8.034,0.491,2.1,0.1,3.25,0.701,11.18,7.9
AMPH-3531,red,Thasos,Argitis,-247,8.227,0.482,1.75,0.102,3.27,0.602,13.36,6.12
AMPH-3532,white,Chios,Eugenia,-245,6.412,0.172,5.25,0.041,3.26,0.484,10.89,7.49
AMPH-3533,red,Kos,Argitis,-247,8.036,0.548,3.59,0.095,3.26,0.743,13.57,5.36
AMPH-3534,white,Chios,Apian,-246,7.928,0.242,5.27,0.038,3.23,0.425,11.47,7.66
AMPH-3535,white,Chios,Argitis,-247,7.195,0.371,7.16,0.032,3.26,0.599,13.49,5.35
AMPH-3536,white,Thasos,Helvola,-247,6.744,0.289,4.19,0.041,3.31,0.424,11.18,5.83
AMPH-3537,white,Chios,Apian,-246,6.58,0.293,8.47,0.054,3.12,0.558,11.23,7.87
AMPH-3538,red,Chios,Apian,-245,8.654,0.627,2.57,0.09,3.39,0.828,11.85,6.84
AMPH-3539,red,Chios,Eugenia,-245,8.457,0.526,2.17,0.093,3.2,0.435,10.39,7.77
AMPH-3540,red,Chios,Apian,-246,8.715,0.513,2.17,0.092,3.27,0.682,11.38,7.42
AMPH-3541,white,Rhodes,Duracina,-247,7.336,0.278,4.3,0.037,3.07,0.387,9.86,5.11
AMPH-3542,red,Thasos,Duracina,-245,9.145,0.581,1.86,0.072,3.46,0.752,10.03,6.13
AMPH-3543,red,Rhodes,Apian,-247,8.424,0.455,2.35,0.071,3.46,0.749,12.06,7.94
AMPH-3544,red,Thasos,Argitis,-245,8.994,0.501,4.13,0.073,3.34,0.646,13.52,5.75
AMPH-3545,red,Rhodes,Aminean,-247,8.634,0.601,3.64,0.088,3.37,0.728,12.51,8.12
AMPH-3546,red,Thasos,Helvola,-245,7.78,0.508,3.34,0.07,3.25,0.734,11.4,6.11
AMPH-3547,red,Kos,Duracina,-247,7.894,0.505,0.6,0.103,3.44,0.795,9.84,5.71
AMPH-3548,red,Chios,Eugenia,-245,7.997,0.56,1.4,0.108,3.36,0.593,10.62,7.7
AMPH-3549,white,Kos,Argitis,-245,5.337,0.303,7.9,0.042,3.23,0.677,14.26,5.76
AMPH-3550,white,Kos,Helvola,-246,7.594,0.218,5.02,0.034,3.06,0.727,10.17,5.73
AMPH-3551,red,Kos,Apian,-247,7.79,0.532,2.62,0.093,3.22,0.767,11.7,8.45
AMPH-3552,white,Rhodes,Eugenia,-245,6.565,0.257,7.07,0.055,3.23,0.507,10.42,7.83
AMPH-3553,red,Kos,Argitis,-246,8.151,0.566,3.44,0.087,3.38,0.55,13.23,5.9
AMPH-3554,red,Rhodes,Helvola,-245,8.016,0.558,3.62,0.094,3.34,0.786,11.23,5.74
AMPH-3555,red,Thasos,Argitis,-246,6.935,0.559,3.12,0.077,3.24,0.545,13.4,6.36
AMPH-3556,white,Kos,Argitis,-247,6.84,0.207,6.63,0.033,3.17,0.694,14.38,4.85
AMPH-3557,white,Chios,Helvola,-246,6.852,0.299,7.92,0.056,3.36,0.795,11.32,4.58
AMPH-3558,red,Kos,Apian,-245,7.617,0.511,3.44,0.1,3.48,0.627,11.26,8.09
AMPH-3559,white,Kos,Duracina,-246,6.1,0.232,7.09,0.047,3.02,0.432,11.02,6.05
AMPH-3560,red,Chios,Apian,-247,8.35,0.529,1.53,0.074,3.23,0.737,11.82,7.43
AMPH-3561,red,Thasos,Apian,-247,8.461,0.517,3.98,0.092,3.22,0.838,11.29,7.96
AMPH-3562,white,Thasos,Argitis,-245,7.86,0.286,6.27,0.044,3.17,0.536,14.2,6.5
AMPH-3563,red,Kos,Apian,-246,9.378,0.616,2.56,0.097,3.28,0.754,11.66,7.4
AMPH-3564,white,Kos,Argitis,-245,6.031,0.171,6.75,0.041,3.28,0.588,13.16,5.37
AMPH-3565,white,Kos,Duracina,-245,5.752,0.254,6.53,0.045,3.03,0.499,9.94,5.96
AMPH-3566,red,Rhodes,Duracina,-245,7.186,0.584,1.18,0.088,3.37,0.518,9.81,6.43
AMPH-3567,white,Chios,Eugenia,-246,7.482,0.175,6.24,0.06,3.09,0.345,10.6,7.22
AMPH-3568,white,Chios,Aminean,-247,6.887,0.316,4.92,0.038,3.18,0.439,12.03,7.19
AMPH-3569,white,Thasos,Duracina,-247,6.602,0.335,6.03,0.04,3.2,0.347,9.77,6.72
AMPH-3570,white,Chios,Apian,-246,6.201,0.298,7.2,0.055,3.23,0.528,11.74,7.52
AMPH-3571,white,Thasos,Duracina,-247,7.069,0.356,4.33,0.04,3.27,0.596,8.75,6.37
AMPH-3572,white,Rhodes,Helvola,-247,7.687,0.301,6.38,0.032,3.33,0.549,11.0,5.0
AMPH-3573,red,Kos,Apian,-246,8.935,0.592,2.63,0.088,3.36,0.741,12.06,7.71
AMPH-3574,red,Thasos,Duracina,-246,9.226,0.503,1.85,0.09,3.31,0.645,9.51,5.97
AMPH-3575,white,Kos,Aminean,-246,7.205,0.321,4.86,0.042,3.19,0.327,12.37,8.76
AMPH-3576,white,Chios,Aminean,-247,6.859,0.229,6.86,0.055,3.21,0.657,11.81,7.9
AMPH-3577,white,Rhodes,Aminean,-245,7.548,0.307,5.4,0.051,3.19,0.272,11.93,8.37
AMPH-3578,white,Chios,Apian,-246,7.003,0.279,8.11,0.024,3.14,0.503,11.6,7.06
AMPH-3579,white,Thasos,Helvola,-246,7.224,0.275,6.2,0.031,3.3,0.329,10.75,6.11
AMPH-3580,white,Rhodes,Argitis,-245,6.226,0.272,4.23,0.04,3.15,0.393,13.16,5.75
AMPH-3581,white,Rhodes,Argitis,-245,6.897,0.26,4.04,0.042,3.16,0.309,13.39,5.34
AMPH-3582,white,Thasos,Duracina,-246,7.304,0.307,7.33,0.039,3.11,0.443,9.7,6.08
AMPH-3583,white,Thasos,Helvola,-245,5.496,0.245,5.0,0.054,3.12,0.557,11.26,6.67
AMPH-3584,red,Chios,Argitis,-245,7.994,0.654,2.42,0.103,3.44,0.696,14.01,4.39
AMPH-3585,white,Kos,Apian,-245,6.736,0.318,7.62,0.037,3.14,0.384,11.29,8.2
AMPH-3586,red,Thasos,Argitis,-245,8.902,0.628,3.31,0.076,3.2,0.469,13.54,6.01
AMPH-3587,white,Chios,Aminean,-245,6.269,0.348,6.05,0.039,3.25,0.522,12.12,7.8
AMPH-3588,red,Chios,Aminean,-246,8.339,0.508,3.83,0.089,3.29,1.055,12.12,7.02
AMPH-3589,white,Thasos,Eugenia,-246,6.547,0.213,7.49,0.049,3.14,0.249,10.82,8.28
AMPH-3590,white,Rhodes,Apian,-245,7.311,0.293,6.99,0.037,3.25,0.275,11.17,7.95
AMPH-3591,white,Rhodes,Aminean,-246,6.988,0.255,7.01,0.049,3.17,0.514,11.58,7.45
AMPH-3592,white,Thasos,Duracina,-246,7.245,0.295,7.59,0.044,3.21,0.349,9.66,6.24
AMPH-3593,white,Thasos,Argitis,-246,6.633,0.263,4.22,0.064,3.19,0.493,13.44,5.73
AMPH-3594,red,Rhodes,Eugenia,-247,7.417,0.511,2.67,0.113,3.36,0.59,10.14,7.71
AMPH-3595,red,Chios,Aminean,-246,8.878,0.514,3.8,0.084,3.42,0.669,12.42,7.57
AMPH-3596,red,Thasos,Argitis,-245,9.693,0.531,2.84,0.101,3.24,0.779,13.9,7.08
AMPH-3597,white,Rhodes,Helvola,-245,6.565,0.31,7.21,0.032,3.4,0.666,11.29,5.67
AMPH-3598,red,Thasos,Aminean,-245,8.894,0.506,3.5,0.082,3.27,0.746,12.82,8.11
AMPH-3599,white,Chios,Eugenia,-245,7.761,0.288,5.48,0.059,3.12,0.681,10.28,7.43
AMPH-3600,white,Rhodes,Helvola,-245,7.011,0.374,7.82,0.05,3.22,0.473,11.22,5.09
AMPH-3601,white,Kos,Apian,-245,6.14,0.271,8.89,0.06,3.14,0.609,11.47,8.16
AMPH-3602,white,Rhodes,Aminean,-245,6.96,0.323,6.03,0.033,3.12,0.498,12.33,8.09
AMPH-3603,white,Rhodes,Helvola,-247,6.631,0.252,6.81,0.05,3.06,0.441,10.76,5.08
AMPH-3604,white,Kos,Duracina,-245,7.334,0.287,5.96,0.049,3.19,0.53,9.6,5.59
AMPH-3605,red,Chios,Aminean,-247,8.455,0.491,2.96,0.072,3.21,0.634,13.19,7.74
AMPH-3606,red,Chios,Apian,-246,8.524,0.517,3.89,0.113,3.23,0.475,11.03,7.69
AMPH-3607,white,Kos,Aminean,-247,6.668,0.346,5.44,0.054,3.24,0.47,12.32,8.35
AMPH-3608,red,Chios,Apian,-245,7.971,0.62,3.13,0.072,3.37,0.737,11.66,7.76
AMPH-3609,white,Thasos,Duracina,-246,6.347,0.344,5.98,0.046,3.21,0.2,10.07,6.85
AMPH-3610,white,Thasos,Apian,-247,7.86,0.246,5.39,0.059,3.39,0.514,10.65,8.5
AMPH-3611,white,Chios,Eugenia,-246,6.82,0.333,6.15,0.043,3.25,0.402,9.73,7.47
AMPH-3612,red,Thasos,Duracina,-246,7.993,0.514,4.16,0.091,3.15,0.425,9.58,5.87
AMPH-3613,white,Kos,Argitis,-245,7.719,0.313,6.37,0.038,3.16,0.496,13.04,5.54
AMPH-3614,white,Chios,Aminean,-247,6.318,0.299,6.9,0.022,3.14,0.405,12.18,7.02
AMPH-3615,white,Kos,Duracina,-247,7.747,0.265,7.38,0.041,3.07,0.344,9.89,5.47
AMPH-3616,white,Kos,Eugenia,-247,6.565,0.384,5.37,0.038,3.18,0.507,10.16,8.41
AMPH-3617,white,Thasos,Duracina,-245,6.277,0.341,6.86,0.034,3.22,0.858,9.82,6.65
AMPH-3618,red,Thasos,Argitis,-247,9.235,0.586,2.51,0.089,3.43,0.692,13.68,6.67
AMPH-3619,white,Kos,Eugenia,-245,7.732,0.235,6.46,0.049,3.18,0.645,10.56,7.89
AMPH-3620,red,Thasos,Helvola,-246,7.366,0.462,2.3,0.08,3.46,0.738,11.01,5.99
AMPH-3621,white,Kos,Argitis,-247,6.791,0.292,5.67,0.04,3.32,0.469,13.91,5.36
AMPH-3622,red,Kos,Duracina,-245,8.831,0.426,2.13,0.083,3.36,0.654,9.38,5.21
AMPH-3623,white,Chios,Aminean,-247,7.222,0.258,7.8,0.039,3.24,0.44,11.82,7.87
AMPH-3624,white,Thasos,Argitis,-245,6.482,0.351,5.78,0.035,3.2,0.361,13.59,6.43
AMPH-3625,white,Chios,Eugenia,-245,6.65,0.376,5.2,0.043,3.22,0.572,10.27,8.56
AMPH-3626,white,Thasos,Helvola,-246,7.315,0.356,6.66,0.053,3.29,0.2,11.3,5.72
AMPH-3627,red,Chios,Aminean,-247,8.856,0.525,1.43,0.092,3.39,0.781,12.25,7.48
AMPH-3628,white,Chios,Aminean,-246,7.439,0.216,4.67,0.05,3.21,0.403,11.67,6.89
AMPH-3629,white,Kos,Aminean,-245,7.244,0.228,4.13,0.054,3.23,0.35,11.83,7.86
AMPH-3630,red,Rhodes,Aminean,-245,8.603,0.485,4.27,0.109,3.29,0.771,12.27,8.21
AMPH-3631,red,Rhodes,Eugenia,-247,8.287,0.573,4.06,0.086,3.36,0.772,10.02,8.23
AMPH-3632,white,Kos,Apian,-245,6.652,0.284,4.33,0.048,3.23,0.474,11.28,8.03
AMPH-3633,white,Thasos,Duracina,-245,6.279,0.317,7.5,0.04,3.14,0.361,9.63,5.96
AMPH-3634,white,Thasos,Aminean,-246,7.755,0.265,6.47,0.032,3.01,0.782,12.61,9.43
AMPH-3635,white,Chios,Aminean,-247,7.066,0.309,7.76,0.049,3.2,0.642,13.09,8.27
AMPH-3636,white,Thasos,Duracina,-245,6.075,0.224,6.22,0.028,3.11,0.469,9.83,5.85
AMPH-3637,white,Kos,Argitis,-247,7.069,0.28,7.44,0.055,3.17,0.551,13.86,6.3
AMPH-3638,white,Thasos,Argitis,-245,6.361,0.283,5.63,0.054,3.24,0.524,14.01,5.93
AMPH-3639,red,Kos,Eugenia,-247,7.519,0.612,2.34,0.099,3.39,0.735,9.82,7.84
AMPH-3640,white,Chios,Argitis,-245,6.177,0.219,5.91,0.034,3.19,0.614,13.78,5.14
AMPH-3641,red,Rhodes,Argitis,-245,8.049,0.522,1.28,0.069,3.3,0.862,13.47,6.11
AMPH-3642,white,Rhodes,Helvola,-247,7.206,0.235,6.52,0.039,3.13,0.559,11.3,5.5
AMPH-3643,red,Thasos,Argitis,-246,8.454,0.494,2.69,0.084,3.33,0.644,13.86,6.64
AMPH-3644,red,Rhodes,Argitis,-247,8.517,0.511,4.46,0.089,3.22,0.602,14.42,6.24
AMPH-3645,red,Rhodes,Apian,-246,8.821,0.549,1.18,0.103,3.26,0.488,12.08,7.5
AMPH-3646,red,Thasos,Argitis,-246,8.459,0.531,2.13,0.087,3.39,0.659,13.82,6.73
AMPH-3647,red,Rhodes,Helvola,-247,8.631,0.517,1.92,0.088,3.19,0.84,11.81,4.59
AMPH-3648,red,Kos,Helvola,-246,9.042,0.57,3.12,0.082,3.22,0.429,11.01,5.64
AMPH-3649,red,Rhodes,Apian,-247,7.533,0.515,3.99,0.085,3.28,0.405,12.27,7.44
AMPH-3650,white,Rhodes,Aminean,-246,7.338,0.247,5.45,0.045,3.26,0.202,12.11,7.08
AMPH-3651,red,Thasos,Argitis,-247,7.484,0.592,1.84,0.102,3.29,0.545,14.19,6.28
AMPH-3652,white,Chios,Aminean,-247,6.944,0.266,5.43,0.041,3.23,0.394,12.58,6.97
AMPH-3653,white,Thasos,Argitis,-247,7.046,0.3,5.43,0.043,3.23,0.562,14.19,6.18
AMPH-3654,red,Thasos,Argitis,-246,8.566,0.623,1.66,0.08,3.25,0.785,14.28,6.48
AMPH-3655,red,Thasos,Duracina,-245,8.425,0.564,2.34,0.087,3.32,0.485,10.26,5.93
AMPH-3656,red,Chios,Apian,-246,8.344,0.475,2.62,0.085,3.16,0.588,12.46,7.27
AMPH-3657,white,Thasos,Argitis,-245,6.663,0.317,5.34,0.052,3.19,0.681,14.5,6.08
AMPH-3658,white,Kos,Eugenia,-247,6.357,0.303,7.0,0.027,3.17,0.432,9.93,8.1
AMPH-3659,white,Thasos,Helvola,-245,7.033,0.185,5.51,0.039,3.16,0.34,11.23,6.43
AMPH-3660,red,Chios,Duracina,-245,6.961,0.526,2.5,0.086,3.24,0.753,9.3,4.92
AMPH-3661,red,Rhodes,Apian,-246,7.68,0.582,2.37,0.107,3.28,0.66,10.65,7.79
AMPH-3662,white,Rhodes,Apian,-245,6.502,0.308,6.17,0.054,3.11,0.425,11.27,7.91
AMPH-3663,white,Thasos,Argitis,-246,7.268,0.204,6.38,0.058,3.24,0.407,13.69,5.55
AMPH-3664,white,Chios,Aminean,-247,7.265,0.186,6.42,0.045,3.28,0.58,12.34,8.62
AMPH-3665,white,Kos,Aminean,-246,6.927,0.301,5.91,0.047,3.27,0.622,11.75,7.89
AMPH-3666,white,Rhodes,Duracina,-246,6.648,0.239,7.63,0.057,3.02,0.439,9.59,5.6
AMPH-3667,white,Chios,Apian,-246,7.396,0.282,7.9,0.054,3.08,0.5,11.74,8.04
AMPH-3668,white,Thasos,Duracina,-247,6.751,0.312,7.06,0.031,3.19,0.46,9.59,6.1
AMPH-3669,white,Kos,Argitis,-247,6.755,0.285,5.95,0.05,3.26,0.491,13.72,5.34
AMPH-3670,white,Rhodes,Eugenia,-245,7.364,0.228,7.26,0.057,3.17,0.454,10.56,7.82
AMPH-3671,white,Rhodes,Helvola,-245,6.361,0.27,6.21,0.044,3.22,0.296,10.92,5.43
AMPH-3672,red,Thasos,Eugenia,-246,7.993,0.536,1.62,0.096,3.25,0.535,10.69,8.25
AMPH-3673,red,Chios,Aminean,-245,8.597,0.518,1.85,0.083,3.33,0.75,13.1,7.3
AMPH-3674,red,Thasos,Duracina,-245,7.665,0.475,2.56,0.097,3.15,0.607,9.59,5.64
AMPH-3675,white,Kos,Apian,-246,5.599,0.309,6.59,0.051,3.31,0.545,11.3,7.59
AMPH-3676,white,Thasos,Helvola,-246,6.402,0.278,6.8,0.04,3.23,0.499,11.52,6.2
AMPH-3677,red,Thasos,Duracina,-245,8.17,0.552,0.6,0.085,3.36,0.424,9.63,5.94
AMPH-3678,white,Rhodes,Helvola,-245,7.48,0.317,8.16,0.048,3.3,0.2,11.4,5.62
AMPH-3679,white,Rhodes,Argitis,-245,6.354,0.302,6.33,0.028,3.2,0.649,13.57,4.88
AMPH-3680,white,Chios,Aminean,-246,7.812,0.31,4.87,0.032,3.16,0.569,12.41,7.19
AMPH-3681,white,Rhodes,Apian,-247,6.622,0.27,5.91,0.046,3.14,0.422,11.58,7.87
AMPH-3682,red,Chios,Apian,-246,8.762,0.527,1.27,0.072,3.26,0.501,10.85,7.22
AMPH-3683,white,Chios,Apian,-245,6.269,0.248,7.72,0.049,3.22,0.327,11.99,7.61
AMPH-3684,red,Kos,Eugenia,-245,8.774,0.52,2.61,0.084,3.37,0.852,9.95,8.18
AMPH-3685,red,Thasos,Duracina,-247,8.562,0.53,2.81,0.092,3.36,0.68,9.5,5.95
AMPH-3686,white,Kos,Aminean,-245,7.603,0.298,6.6,0.039,3.22,0.451,12.31,8.13
AMPH-3687,red,Rhodes,Duracina,-246,7.241,0.598,4.91,0.068,3.3,0.75,9.36,5.1
AMPH-3688,white,Chios,Eugenia,-247,6.906,0.282,7.67,0.054,3.26,0.507,10.27,8.03
AMPH-3689,red,Chios,Duracina,-247,8.415,0.502,2.27,0.116,3.38,0.709,9.63,4.04
AMPH-3690,white,Kos,Argitis,-246,6.542,0.267,6.54,0.06,3.05,0.446,13.92,5.53
AMPH-3691,white,Kos,Argitis,-247,6.877,0.295,4.45,0.062,3.18,0.828,13.79,5.51
AMPH-3692,white,Rhodes,Argitis,-245,6.199,0.21,5.26,0.062,3.16,0.26,14.02,5.51
AMPH-3693,white,Rhodes,Aminean,-246,6.396,0.29,7.72,0.036,3.12,0.651,12.69,7.78
AMPH-3694,white,Kos,Helvola,-245,6.959,0.269,6.7,0.045,3.19,0.538,11.27,5.13
AMPH-3695,white,Rhodes,Argitis,-245,7.27,0.232,5.68,0.041,3.23,0.458,13.84,4.92
AMPH-3696,red,Thasos,Duracina,-247,8.513,0.485,2.58,0.091,3.32,0.61,10.18,6.45
AMPH-3697,white,Rhodes,Duracina,-246,6.418,0.254,6.3,0.042,3.14,0.453,9.59,5.59
AMPH-3698,red,Thasos,Eugenia,-246,7.703,0.577,3.44,0.087,3.28,0.665,9.81,8.19
AMPH-3699,red,Chios,Eugenia,-245,9.137,0.488,2.15,0.075,3.25,0.645,9.75,7.81
AMPH-3700,red,Kos,Helvola,-247,7.602,0.586,1.18,0.082,3.28,0.537,11.12,5.76
AMPH-3701,white,Chios,Apian,-245,7.954,0.26,7.43,0.062,3.24,0.552,12.29,7.06
AMPH-3702,red,Rhodes,Duracina,-245,8.235,0.628,3.51,0.089,3.32,0.811,9.44,5.17
AMPH-3703,white,Rhodes,Helvola,-245,7.216,0.314,4.22,0.056,3.16,0.44,10.45,5.68
AMPH-3704,white,Kos,Argitis,-247,6.106,0.299,6.06,0.044,3.18,0.545,14.23,5.39
AMPH-3705,white,Thasos,Argitis,-247,7.28,0.298,6.35,0.052,3.17,0.545,13.3,6.41
AMPH-3706,white,Thasos,Argitis,-246,7.289,0.235,7.78,0.031,3.13,0.63,13.9,6.36
AMPH-3707,white,Chios,Aminean,-246,6.491,0.266,4.85,0.051,3.13,0.423,11.88,7.09
AMPH-3708,red,Kos,Apian,-246,8.38,0.578,2.35,0.092,3.33,0.89,10.96,8.4
AMPH-3709,red,Rhodes,Aminean,-245,8.176,0.524,2.93,0.107,3.22,0.696,11.96,8.16
AMPH-3710,red,Chios,Apian,-247,7.576,0.507,2.99,0.104,3.33,0.775,11.23,7.51
AMPH-3711,white,Thasos,Helvola,-246,6.087,0.348,7.43,0.045,3.16,0.35,10.83,6.5
AMPH-3712,white,Rhodes,Duracina,-247,6.275,0.215,6.13,0.026,3.17,0.418,9.87,4.77
AMPH-3713,red,Rhodes,Aminean,-246,8.835,0.606,3.3,0.092,3.47,0.625,11.7,7.67
AMPH-3714,red,Thasos,Duracina,-247,7.295,0.547,0.6,0.081,3.29,0.522,9.64,6.44
AMPH-3715,white,Kos,Apian,-245,7.043,0.318,5.92,0.046,3.2,0.459,10.7,8.23
AMPH-3716,white,Chios,Eugenia,-245,8.207,0.261,6.42,0.043,3.11,0.634,10.03,7.62
AMPH-3717,white,Chios,Aminean,-247,6.608,0.286,5.16,0.047,3.23,0.2,12.5,7.73
AMPH-3718,red,Kos,Argitis,-247,8.653,0.601,3.79,0.082,3.25,0.84,13.45,6.27
AMPH-3719,red,Kos,Argitis,-245,10.078,0.471,1.4,0.081,3.27,0.616,14.71,6.1
AMPH-3720,white,Chios,Apian,-247,7.37,0.319,5.91,0.072,3.11,0.325,11.53,7.64
AMPH-3721,white,Thasos,Duracina,-246,6.314,0.347,5.1,0.037,3.2,0.531,9.7,5.9
AMPH-3722,red,Kos,Duracina,-246,8.233,0.544,2.79,0.096,3.17,0.697,9.53,4.8
AMPH-3723,white,Chios,Apian,-245,6.892,0.254,7.69,0.053,3.25,0.663,12.48,7.47
AMPH-3724,white,Chios,Aminean,-247,6.666,0.235,6.79,0.051,3.31,0.467,12.89,8.12
AMPH-3725,red,Kos,Apian,-245,8.488,0.565,2.95,0.078,3.39,0.388,10.78,8.3
AMPH-3726,white,Chios,Aminean,-247,7.871,0.338,4.38,0.041,3.3,0.432,11.89,7.1
AMPH-3727,red,Rhodes,Apian,-247,8.126,0.533,2.73,0.086,3.21,0.812,11.66,7.32
AMPH-3728,white,Kos,Argitis,-245,6.327,0.233,7.01,0.052,3.19,0.433,14.18,5.85
AMPH-3729,white,Thasos,Argitis,-247,7.592,0.281,4.4,0.068,2.98,0.662,13.98,6.1
AMPH-3730,red,Chios,Apian,-246,8.17,0.544,3.67,0.076,3.29,0.641,12.04,7.18
AMPH-3731,red,Kos,Duracina,-246,8.284,0.462,3.74,0.101,3.41,0.882,9.73,5.96
AMPH-3732,red,Kos,Duracina,-247,7.618,0.523,1.83,0.096,3.31,0.957,9.54,5.19
AMPH-3733,white,Kos,Helvola,-247,6.643,0.302,4.56,0.038,3.26,0.476,10.83,5.94
AMPH-3734,red,Kos,Aminean,-246,7.436,0.594,4.06,0.078,3.35,0.297,12.07,7.74
AMPH-3735,red,Thasos,Argitis,-247,8.276,0.469,1.76,0.083,3.3,0.911,13.18,5.45
AMPH-3736,white,Kos,Aminean,-246,7.085,0.24,7.16,0.064,3.18,0.439,11.89,7.85
AMPH-3737,white,Chios,Eugenia,-246,6.1,0.315,6.88,0.037,3.15,0.518,10.28,8.61
AMPH-3738,white,Rhodes,Aminean,-247,7.359,0.38,7.4,0.045,3.13,0.342,12.25,7.81
AMPH-3739,white,Thasos,Duracina,-245,6.766,0.361,5.13,0.043,3.16,0.295,10.67,6.27
AMPH-3740,white,Thasos,Helvola,-246,7.156,0.302,3.83,0.029,3.32,0.45,10.76,6.24
AMPH-3741,white,Chios,Aminean,-247,7.279,0.281,6.31,0.027,3.13,0.687,12.45,6.87
AMPH-3742,white,Chios,Argitis,-245,6.822,0.267,5.71,0.06,3.29,0.352,13.85,4.54
AMPH-3743,white,Rhodes,Helvola,-247,6.287,0.245,5.7,0.067,3.06,0.501,11.17,5.87
AMPH-3744,red,Chios,Aminean,-245,8.424,0.512,3.28,0.092,3.32,0.821,12.86,7.41
AMPH-3745,white,Thasos,Aminean,-246,6.866,0.227,6.71,0.041,3.26,0.593,12.13,8.28
AMPH-3746,red,Chios,Apian,-247,8.658,0.459,1.09,0.071,3.2,0.616,11.33,7.5
AMPH-3747,white,Rhodes,Eugenia,-246,6.005,0.289,6.78,0.037,3.08,0.526,9.45,7.62
AMPH-3748,red,Thasos,Helvola,-246,8.594,0.482,3.79,0.082,3.2,0.701,11.35,6.55
AMPH-3749,red,Rhodes,Argitis,-247,7.594,0.598,3.92,0.075,3.37,0.417,13.7,5.57
AMPH-3750,red,Chios,Apian,-245,7.791,0.609,2.05,0.101,3.45,0.622,11.5,7.89
AMPH-3751,white,Chios,Eugenia,-247,7.767,0.307,5.93,0.066,3.19,0.615,9.55,7.5
AMPH-3752,white,Kos,Duracina,-247,6.982,0.365,7.29,0.041,3.1,0.4,10.02,5.25
AMPH-3753,white,Kos,Eugenia,-247,7.159,0.287,7.89,0.06,3.23,0.356,10.25,7.83
AMPH-3754,white,Kos,Helvola,-245,6.48,0.354,4.4,0.044,3.11,0.444,10.67,5.34
AMPH-3755,red,Kos,Eugenia,-246,8.242,0.546,3.18,0.067,3.26,0.811,9.94,7.74
AMPH-3756,red,Kos,Helvola,-246,6.91,0.507,2.12,0.089,3.17,0.553,11.16,5.29
AMPH-3757,white,Rhodes,Eugenia,-245,7.099,0.303,6.02,0.061,3.25,0.367,9.52,7.64
AMPH-3758,white,Kos,Eugenia,-247,7.202,0.282,7.13,0.054,3.17,0.581,9.43,7.3
AMPH-3759,white,Rhodes,Eugenia,-247,6.1,0.25,4.69,0.059,3.23,0.492,10.3,8.16
AMPH-3760,red,Kos,Duracina,-247,8.652,0.458,3.1,0.078,3.21,0.497,11.16,5.22
AMPH-3761,red,Kos,Eugenia,-246,9.054,0.51,1.72,0.078,3.43,0.595,10.92,8.19
AMPH-3762,white,Rhodes,Eugenia,-247,6.614,0.291,4.38,0.03,3.11,0.414,10.38,7.27
AMPH-3763,white,Chios,Apian,-246,6.722,0.278,6.27,0.038,3.2,0.561,10.96,7.25
AMPH-3764,red,Chios,Apian,-247,7.078,0.582,3.76,0.08,3.32,0.789,11.36,6.79
AMPH-3765,white,Rhodes,Helvola,-245,8.335,0.324,6.0,0.045,3.23,0.2,10.58,4.86
AMPH-3766,white,Thasos,Argitis,-247,7.143,0.291,7.51,0.037,3.23,0.391,13.4,5.51
AMPH-3767,red,Rhodes,Eugenia,-246,7.73,0.549,1.96,0.085,3.34,0.782,10.31,8.13
AMPH-3768,white,Chios,Aminean,-247,6.406,0.286,5.9,0.043,3.08,0.443,12.7,8.02
AMPH-3769,red,Thasos,Helvola,-247,8.705,0.575,0.83,0.09,3.36,0.711,10.34,6.63
AMPH-3770,red,Chios,Aminean,-247,9.012,0.526,0.6,0.072,3.38,0.611,12.36,7.16
AMPH-3771,white,Rhodes,Apian,-245,6.534,0.294,6.13,0.044,3.22,0.657,12.23,8.08
AMPH-3772,white,Thasos,Helvola,-246,7.254,0.285,7.11,0.054,3.14,0.615,11.64,6.36
AMPH-3773,white,Chios,Eugenia,-245,7.816,0.247,5.53,0.045,3.12,0.725,9.65,7.4
AMPH-3774,red,Thasos,Argitis,-247,9.078,0.524,2.51,0.084,3.33,0.825,13.48,5.81
AMPH-3775,white,Kos,Apian,-247,7.34,0.223,6.87,0.051,3.14,0.267,11.92,8.33
AMPH-3776,white,Chios,Apian,-246,8.543,0.262,4.37,0.032,2.98,0.697,11.45,6.89
AMPH-3777,white,Chios,Aminean,-245,6.375,0.238,6.14,0.049,3.24,0.436,12.89,7.97
AMPH-3778,red,Thasos,Helvola,-246,8.165,0.549,3.45,0.089,3.44,0.669,11.35,6.44
AMPH-3779,white,Chios,Apian,-246,7.204,0.369,5.55,0.051,3.22,0.554,10.82,7.58
AMPH-3780,white,Chios,Eugenia,-247,6.48,0.265,6.77,0.04,3.27,0.616,10.5,7.46
AMPH-3781,white,Kos,Argitis,-247,7.384,0.262,7.29,0.055,3.21,0.744,14.31,5.6
AMPH-3782,red,Thasos,Helvola,-246,8.398,0.511,3.48,0.093,3.45,0.359,11.83,5.86
AMPH-3783,red,Rhodes,Duracina,-246,8.422,0.572,2.24,0.094,3.43,0.627,9.2,5.74
AMPH-3784,white,Thasos,Eugenia,-247,7.058,0.335,6.36,0.041,3.25,0.423,10.02,8.81
AMPH-3785,white,Thasos,Helvola,-245,7.306,0.252,4.5,0.052,3.09,0.301,11.89,5.98
AMPH-3786,white,Rhodes,Argitis,-245,6.209,0.322,7.9,0.046,3.3,0.577,14.38,4.96
AMPH-3787,white,Rhodes,Aminean,-245,6.941,0.256,7.65,0.055,3.05,0.552,12.3,7.64
AMPH-3788,red,Chios,Helvola,-247,8.315,0.43,1.35,0.085,3.22,0.39,11.13,5.06
AMPH-3789,red,Kos,Aminean,-246,8.254,0.565,4.04,0.096,3.33,0.49,12.74,8.51
AMPH-3790,red,Rhodes,Helvola,-247,8.439,0.479,2.56,0.079,3.37,0.764,11.28,5.97
AMPH-3791,white,Chios,Apian,-246,7.078,0.25,8.43,0.053,3.27,0.495,11.81,8.37
AMPH-3792,red,Chios,Aminean,-247,9.118,0.57,2.77,0.097,3.27,0.758,12.79,7.79
AMPH-3793,white,Thasos,Argitis,-246,6.732,0.275,7.64,0.041,3.18,0.388,13.33,5.82
AMPH-3794,red,Kos,Aminean,-245,8.723,0.54,1.41,0.079,3.37,0.706,12.04,7.98
AMPH-3795,white,Rhodes,Duracina,-245,7.186,0.141,3.8,0.052,3.15,0.463,9.55,4.45
AMPH-3796,red,Rhodes,Eugenia,-246,9.106,0.593,1.6,0.089,3.36,0.638,9.54,7.12
AMPH-3797,white,Chios,Eugenia,-246,5.845,0.289,6.51,0.026,3.27,0.621,10.5,7.94
AMPH-3798,white,Thasos,Helvola,-246,6.792,0.247,4.59,0.047,3.14,0.523,11.84,6.43
AMPH-3799,red,Thasos,Helvola,-246,7.043,0.53,1.55,0.085,3.24,0.669,10.96,6.25
AMPH-3800,red,Kos,Aminean,-246,7.92,0.6,3.76,0.091,3.31,0.625,12.28,8.59
AMPH-3801,white,Kos,Helvola,-246,7.132,0.23,6.73,0.046,3.23,0.523,10.82,5.48
AMPH-3802,red,Thasos,Argitis,-246,8.455,0.523,3.64,0.09,3.27,0.743,13.85,6.42
AMPH-3803,white,Thasos,Argitis,-247,5.941,0.223,6.59,0.046,3.21,0.962,14.53,5.83
AMPH-3804,red,Rhodes,Apian,-247,8.519,0.435,4.32,0.064,3.33,0.551,11.39,8.26
AMPH-3805,white,Kos,Apian,-247,6.858,0.276,7.29,0.048,3.09,0.571,11.79,7.79
AMPH-3806,red,Kos,Eugenia,-245,7.823,0.587,2.29,0.083,3.25,0.465,10.19,7.46
AMPH-3807,red,Chios,Apian,-247,8.086,0.472,3.31,0.081,3.32,0.44,12.3,7.55
AMPH-3808,white,Rhodes,Eugenia,-246,6.553,0.271,7.16,0.04,3.21,0.402,10.27,7.79
AMPH-3809,red,Chios,Aminean,-245,8.256,0.524,3.0,0.074,3.26,0.52,12.34,7.3
AMPH-3810,white,Thasos,Duracina,-247,8.348,0.186,5.86,0.029,3.09,0.574,9.69,5.86
AMPH-3811,red,Chios,Apian,-246,8.428,0.582,3.28,0.098,3.3,0.76,11.38,7.4
AMPH-3812,white,Chios,Apian,-247,5.933,0.252,7.15,0.052,3.23,0.566,11.24,7.09
AMPH-3813,red,Chios,Apian,-247,8.38,0.521,4.59,0.09,3.21,0.561,11.37,7.15
AMPH-3814,white,Rhodes,Aminean,-247,7.832,0.267,5.86,0.048,3.22,0.366,11.88,7.25
AMPH-3815,red,Kos,Duracina,-246,8.355,0.513,3.87,0.1,3.26,0.719,10.32,5.91
AMPH-3816,red,Thasos,Helvola,-247,7.336,0.586,3.84,0.086,3.33,0.617,10.54,6.65
AMPH-3817,white,Thasos,Duracina,-246,6.687,0.223,7.53,0.059,3.14,0.609,9.3,6.37
AMPH-3818,red,Thasos,Aminean,-246,9.304,0.483,3.33,0.067,3.25,0.859,11.96,8.89
AMPH-3819,red,Thasos,Duracina,-247,8.842,0.543,2.97,0.09,3.31,0.848,10.2,6.41
AMPH-3820,red,Rhodes,Eugenia,-247,7.933,0.568,4.09,0.099,3.36,0.696,10.81,7.34
AMPH-3821,red,Chios,Aminean,-245,8.915,0.588,2.25,0.072,3.16,0.603,12.1,7.97
AMPH-3822,red,Chios,Eugenia,-247,7.751,0.592,2.72,0.088,3.18,0.772,9.76,7.26
AMPH-3823,white,Kos,Argitis,-247,6.997,0.376,4.59,0.06,3.15,0.374,14.61,5.21
AMPH-3824,white,Kos,Eugenia,-247,6.921,0.182,4.49,0.047,3.18,0.63,10.74,8.21
AMPH-3825,red,Chios,Argitis,-245,9.277,0.602,2.6,0.096,3.26,0.785,13.46,4.86
AMPH-3826,white,Kos,Apian,-247,7.058,0.255,7.49,0.06,3.1,0.454,11.47,7.54
AMPH-3827,red,Thasos,Helvola,-246,7.112,0.606,1.67,0.09,3.38,0.873,11.18,6.3
AMPH-3828,red,Kos,Duracina,-246,9.107,0.59,1.98,0.088,3.4,0.799,9.69,5.72
AMPH-3829,white,Rhodes,Duracina,-245,7.751,0.3,7.71,0.033,3.01,0.487,9.44,4.98
AMPH-3830,white,Rhodes,Helvola,-247,5.423,0.303,8.04,0.03,3.16,0.532,10.15,4.47
AMPH-3831,red,Chios,Eugenia,-247,7.908,0.521,2.57,0.093,3.37,0.69,10.34,7.56
AMPH-3832,red,Thasos,Helvola,-246,8.583,0.519,4.83,0.084,3.19,0.632,10.61,6.08
AMPH-3833,red,Chios,Apian,-247,8.243,0.541,2.48,0.092,3.32,0.71,11.06,7.67
AMPH-3834,red,Thasos,Helvola,-246,8.45,0.511,2.66,0.083,3.28,0.662,10.93,6.31
AMPH-3835,red,Chios,Apian,-246,8.31,0.544,2.6,0.08,3.32,0.487,11.49,7.17
AMPH-3836,white,Kos,Argitis,-246,7.097,0.288,7.7,0.066,3.18,0.401,13.68,5.19
AMPH-3837,red,Thasos,Helvola,-247,9.631,0.516,3.18,0.077,3.2,0.678,10.78,5.86
AMPH-3838,white,Thasos,Helvola,-245,7.969,0.199,7.18,0.046,3.04,0.503,11.08,6.0
AMPH-3839,white,Thasos,Duracina,-245,6.956,0.272,6.79,0.019,3.1,0.61,10.47,6.18
AMPH-3840,red,Thasos,Argitis,-247,7.808,0.429,4.39,0.078,3.42,0.41,13.41,6.56
AMPH-3841,red,Chios,Helvola,-247,9.176,0.592,3.08,0.091,3.39,0.63,10.54,4.74
AMPH-3842,red,Kos,Helvola,-246,8.754,0.606,2.71,0.079,3.36,0.618,11.23,4.66
AMPH-3843,red,Chios,Aminean,-247,8.266,0.512,3.43,0.084,3.36,0.425,13.08,8.1
AMPH-3844,red,Kos,Eugenia,-247,7.942,0.488,2.85,0.102,3.28,0.834,9.61,8.66
AMPH-3845,white,Kos,Duracina,-246,6.981,0.311,5.51,0.043,3.32,0.433,9.51,5.24
AMPH-3846,white,Kos,Duracina,-246,6.338,0.343,7.5,0.038,3.32,0.406,10.21,5.29
AMPH-3847,white,Thasos,Duracina,-245,6.525,0.224,5.88,0.057,3.15,0.327,9.7,5.51
AMPH-3848,red,Chios,Apian,-247,8.818,0.52,0.6,0.068,3.36,0.978,11.16,7.41
AMPH-3849,white,Rhodes,Aminean,-247,6.849,0.209,5.7,0.046,3.05,0.646,11.48,7.88
AMPH-3850,white,Chios,Apian,-245,6.898,0.285,6.27,0.042,3.15,0.727,10.24,7.67
AMPH-3851,white,Thasos,Duracina,-245,6.257,0.28,6.52,0.037,3.3,0.546,9.79,5.8
AMPH-3852,white,Thasos,Helvola,-245,8.048,0.256,5.74,0.062,3.2,0.576,11.13,5.7
AMPH-3853,white,Rhodes,Argitis,-247,7.162,0.373,6.31,0.046,3.15,0.604,14.49,5.56
AMPH-3854,white,Thasos,Helvola,-247,8.008,0.322,6.01,0.047,3.31,0.45,11.86,5.77
AMPH-3855,red,Rhodes,Aminean,-247,8.347,0.57,1.67,0.083,3.22,0.663,12.28,7.49
AMPH-3856,red,Kos,Eugenia,-246,8.188,0.51,0.72,0.082,3.39,0.621,9.92,7.97
AMPH-3857,red,Rhodes,Duracina,-245,8.464,0.461,2.62,0.097,3.29,0.75,9.17,5.77
AMPH-3858,white,Thasos,Apian,-247,6.106,0.312,8.15,0.038,2.99,0.459,10.89,8.89
AMPH-3859,red,Thasos,Argitis,-246,8.42,0.556,2.81,0.095,3.23,0.381,13.15,6.48
AMPH-3860,white,Kos,Eugenia,-245,6.211,0.241,5.3,0.054,3.3,0.707,10.54,8.62
AMPH-3861,white,Thasos,Helvola,-246,6.808,0.319,6.73,0.041,3.14,0.67,11.61,6.52
AMPH-3862,red,Thasos,Argitis,-246,7.972,0.623,4.58,0.074,3.32,0.614,14.02,6.57
AMPH-3863,red,Chios,Apian,-247,8.914,0.486,1.94,0.107,3.27,0.737,11.54,8.13
AMPH-3864,white,Rhodes,Aminean,-247,5.915,0.284,6.13,0.045,3.35,0.536,12.4,7.84
AMPH-3865,red,Thasos,Eugenia,-247,9.147,0.59,3.43,0.08,3.26,0.383,10.61,9.17
AMPH-3866,white,Chios,Eugenia,-247,6.648,0.277,4.38,0.047,3.22,0.61,9.58,7.85
AMPH-3867,red,Chios,Aminean,-246,8.397,0.482,1.8,0.084,3.44,0.632,11.82,7.44
AMPH-3868,white,Rhodes,Duracina,-247,7.226,0.222,6.12,0.056,3.14,0.524,9.88,5.75
AMPH-3869,red,Chios,Argitis,-246,8.945,0.49,2.17,0.09,3.32,0.502,13.69,4.74
AMPH-3870,red,Rhodes,Aminean,-245,8.405,0.574,3.09,0.084,3.35,0.495,11.55,8.26
AMPH-3871,white,Thasos,Helvola,-246,7.16,0.31,6.87,0.052,3.2,0.495,12.04,6.05
AMPH-3872,red,Thasos,Helvola,-247,7.434,0.475,2.55,0.093,3.34,0.512,11.0,6.24
AMPH-3873,white,Kos,Aminean,-245,6.732,0.288,3.99,0.034,3.03,0.621,12.9,7.44
AMPH-3874,red,Thasos,Eugenia,-247,7.818,0.624,2.65,0.084,3.29,0.546,9.45,9.05
AMPH-3875,red,Kos,Argitis,-247,8.662,0.479,3.93,0.093,3.33,0.821,13.59,6.04
AMPH-3876,white,Thasos,Duracina,-245,5.733,0.275,6.02,0.066,3.0,0.287,9.89,5.96
AMPH-3877,red,Thasos,Argitis,-245,8.138,0.462,4.66,0.076,3.37,0.473,13.06,5.92
AMPH-3878,white,Kos,Helvola,-245,8.362,0.263,5.87,0.058,3.09,0.341,10.14,5.75
AMPH-3879,white,Thasos,Duracina,-246,6.129,0.21,7.08,0.048,3.3,0.488,8.96,6.42
AMPH-3880,white,Kos,Aminean,-246,6.2,0.306,7.57,0.06,3.33,0.326,11.92,7.84
AMPH-3881,red,Thasos,Duracina,-246,8.643,0.532,3.12,0.104,3.23,0.687,10.0,6.12
AMPH-3882,white,Chios,Apian,-245,7.863,0.371,7.19,0.059,3.22,0.402,11.39,7.89
AMPH-3883,white,Chios,Apian,-247,6.54,0.327,7.31,0.042,3.13,0.341,11.77,7.28
AMPH-3884,white,Thasos,Argitis,-246,7.167,0.244,3.1,0.059,3.17,0.415,15.28,6.28
AMPH-3885,white,Rhodes,Helvola,-245,7.154,0.271,6.98,0.048,3.22,0.5,10.42,5.46
AMPH-3886,white,Kos,Duracina,-246,7.175,0.33,6.89,0.047,3.12,0.781,9.96,5.71
AMPH-3887,red,Thasos,Helvola,-245,8.288,0.577,3.58,0.074,3.27,0.849,11.29,6.22
AMPH-3888,red,Thasos,Duracina,-246,8.266,0.474,2.81,0.115,3.34,0.704,10.06,6.3
AMPH-3889,white,Thasos,Helvola,-245,6.48,0.276,6.3,0.054,3.16,0.314,12.03,6.24
AMPH-3890,red,Kos,Duracina,-245,8.06,0.473,3.78,0.097,3.31,0.739,10.13,5.31
AMPH-3891,white,Rhodes,Apian,-247,6.943,0.366,7.51,0.052,3.19,0.568,11.62,8.0
AMPH-3892,white,Rhodes,Argitis,-247,7.036,0.293,5.86,0.049,3.19,0.471,13.64,5.13
AMPH-3893,white,Kos,Apian,-245,6.412,0.305,5.21,0.054,3.08,0.512,11.39,8.27
AMPH-3894,white,Kos,Argitis,-246,6.886,0.311,9.2,0.056,3.13,0.386,13.86,6.16
AMPH-3895,white,Kos,Eugenia,-245,6.441,0.293,5.14,0.024,3.03,0.542,10.49,8.09
AMPH-3896,white,Rhodes,Duracina,-246,6.47,0.328,7.5,0.052,3.07,0.525,10.19,5.68
AMPH-3897,red,Kos,Apian,-247,8.771,0.502,0.64,0.105,3.25,0.744,12.26,8.51
AMPH-3898,white,Rhodes,Apian,-245,6.383,0.265,5.88,0.056,3.09,0.347,12.12,8.25
AMPH-3899,white,Kos,Duracina,-247,7.593,0.361,5.93,0.041,3.21,0.247,9.14,5.24
AMPH-3900,red,Chios,Aminean,-247,9.131,0.507,2.78,0.114,3.23,0.588,12.74,7.95
AMPH-3901,white,Rhodes,Duracina,-246,6.659,0.29,5.94,0.049,3.29,0.383,9.88,5.54
AMPH-3902,white,Thasos,Argitis,-245,6.193,0.343,4.68,0.047,3.26,0.647,13.94,5.8
AMPH-3903,red,Chios,Eugenia,-247,8.147,0.564,4.7,0.099,3.28,0.977,10.35,7.97
AMPH-3904,white,Rhodes,Helvola,-245,6.466,0.283,8.87,0.048,3.09,0.433,11.61,5.12
AMPH-3905,white,Kos,Helvola,-247,6.323,0.305,6.37,0.042,3.17,0.802,10.44,5.99
AMPH-3906,red,Rhodes,Aminean,-247,8.157,0.518,0.66,0.091,3.32,0.569,11.78,8.09
AMPH-3907,white,Chios,Eugenia,-247,6.697,0.279,6.9,0.022,3.24,0.429,10.37,7.94
AMPH-3908,red,Chios,Argitis,-245,7.65,0.411,1.69,0.088,3.28,0.556,13.81,4.93
AMPH-3909,white,Chios,Eugenia,-247,7.402,0.295,4.61,0.046,3.19,0.462,10.77,6.55
AMPH-3910,red,Rhodes,Eugenia,-246,8.408,0.631,1.49,0.084,3.39,0.782,9.81,7.97
AMPH-3911,white,Thasos,Duracina,-247,6.529,0.308,5.75,0.053,3.28,0.688,9.41,6.39
AMPH-3912,red,Chios,Duracina,-245,8.673,0.455,3.11,0.092,3.3,0.602,9.77,4.7
AMPH-3913,white,Thasos,Duracina,-247,7.027,0.261,4.67,0.043,3.31,0.401,9.93,6.05
AMPH-3914,red,Rhodes,Aminean,-246,8.672,0.545,3.66,0.082,3.32,0.468,12.04,8.36
AMPH-3915,white,Chios,Apian,-245,7.211,0.264,7.83,0.052,3.19,0.637,10.55,7.94
AMPH-3916,red,Rhodes,Duracina,-246,7.669,0.661,2.33,0.088,3.43,0.675,9.22,4.45
AMPH-3917,red,Chios,Argitis,-246,7.921,0.553,4.42,0.087,3.35,0.723,13.94,4.92
AMPH-3918,red,Kos,Duracina,-246,8.121,0.516,2.54,0.078,3.25,0.584,9.55,5.68
AMPH-3919,white,Rhodes,Helvola,-247,7.061,0.236,5.13,0.062,3.11,0.285,10.88,5.44
AMPH-3920,white,Kos,Argitis,-245,5.877,0.283,7.31,0.052,3.18,0.463,13.83,5.28
AMPH-3921,white,Kos,Apian,-246,6.915,0.213,4.78,0.056,3.05,0.395,10.97,7.95
AMPH-3922,red,Rhodes,Aminean,-247,7.854,0.431,1.11,0.098,3.3,0.644,12.72,8.33
AMPH-3923,white,Rhodes,Argitis,-247,7.114,0.206,5.59,0.035,3.11,0.511,13.42,4.73
AMPH-3924,white,Kos,Argitis,-247,7.411,0.292,8.39,0.042,3.21,0.407,14.09,5.31
AMPH-3925,white,Chios,Apian,-245,7.234,0.326,6.55,0.047,3.1,0.284,11.68,8.08
AMPH-3926,white,Kos,Apian,-246,7.722,0.319,6.7,0.032,3.11,0.567,11.76,8.39
AMPH-3927,red,Kos,Aminean,-246,8.165,0.578,3.37,0.079,3.28,0.795,12.17,8.15
AMPH-3928,red,Rhodes,Eugenia,-247,6.931,0.492,2.02,0.078,3.34,0.638,9.71,7.25
AMPH-3929,red,Chios,Apian,-246,8.787,0.529,3.89,0.071,3.3,0.663,11.9,7.53
AMPH-3930,white,Rhodes,Helvola,-245,7.676,0.361,8.1,0.051,3.15,0.66,10.68,5.24
AMPH-3931,red,Chios,Aminean,-247,8.172,0.564,4.0,0.082,3.33,0.665,12.33,8.12
AMPH-3932,white,Kos,Helvola,-245,6.661,0.293,6.94,0.051,3.12,0.672,11.63,6.02
AMPH-3933,red,Thasos,Aminean,-247,8.778,0.58,3.56,0.095,3.38,0.617,11.81,8.64
AMPH-3934,white,Thasos,Helvola,-245,6.485,0.298,5.18,0.05,3.37,0.434,11.56,6.13
AMPH-3935,red,Kos,Apian,-245,7.444,0.532,4.63,0.08,3.24,0.78,11.37,7.89
AMPH-3936,red,Rhodes,Helvola,-247,8.04,0.552,2.84,0.073,3.46,0.888,11.41,5.65
AMPH-3937,white,Chios,Eugenia,-247,6.352,0.313,5.12,0.017,3.17,0.454,10.47,7.43
AMPH-3938,white,Chios,Apian,-245,7.321,0.274,2.55,0.048,3.38,0.376,11.37,7.8
AMPH-3939,white,Thasos,Helvola,-246,6.629,0.179,7.52,0.058,3.22,0.401,10.16,6.05
AMPH-3940,white,Thasos,Duracina,-246,7.363,0.316,5.84,0.06,3.16,0.668,9.92,5.97
AMPH-3941,red,Thasos,Helvola,-245,8.196,0.535,2.5,0.097,3.37,0.689,11.49,6.04
AMPH-3942,white,Kos,Apian,-246,7.605,0.277,6.25,0.04,3.03,0.597,11.35,7.81
AMPH-3943,white,Thasos,Helvola,-247,6.308,0.187,5.57,0.054,3.27,0.36,10.65,6.49
AMPH-3944,red,Rhodes,Aminean,-246,7.419,0.543,3.07,0.087,3.35,0.89,12.37,7.47
AMPH-3945,red,Rhodes,Helvola,-245,8.215,0.575,3.27,0.101,3.5,0.769,11.37,5.49
AMPH-3946,white,Chios,Aminean,-245,5.702,0.318,9.04,0.044,3.14,0.568,12.12,7.36
AMPH-3947,white,Kos,Helvola,-247,7.06,0.205,6.93,0.027,3.16,0.506,10.38,5.86
AMPH-3948,white,Kos,Helvola,-246,7.047,0.33,6.02,0.031,3.03,0.56,10.41,5.98
AMPH-3949,white,Rhodes,Helvola,-247,6.983,0.211,8.35,0.026,3.22,0.497,11.28,4.7
AMPH-3950,red,Thasos,Argitis,-245,7.615,0.429,3.12,0.093,3.18,0.472,12.32,6.47
AMPH-3951,red,Thasos,Argitis,-247,8.599,0.513,2.42,0.084,3.22,0.794,13.74,5.76
AMPH-3952,white,Thasos,Argitis,-246,7.093,0.324,5.52,0.045,3.25,0.653,13.64,7.36
AMPH-3953,red,Kos,Eugenia,-247,8.486,0.547,0.81,0.093,3.37,0.541,9.95,7.9
AMPH-3954,red,Rhodes,Eugenia,-247,7.436,0.528,0.94,0.08,3.2,0.621,10.71,8.39
AMPH-3955,white,Thasos,Argitis,-247,6.322,0.152,3.97,0.038,3.11,0.334,14.17,5.64
AMPH-3956,red,Chios,Eugenia,-245,8.332,0.593,2.86,0.096,3.38,0.578,10.62,7.06
AMPH-3957,white,Kos,Eugenia,-247,7.804,0.263,6.5,0.022,3.23,0.484,10.83,8.36
AMPH-3958,white,Rhodes,Duracina,-245,7.103,0.214,7.2,0.035,3.3,0.507,9.44,5.23
AMPH-3959,white,Rhodes,Helvola,-245,7.684,0.339,5.1,0.066,3.23,0.381,10.79,6.03
AMPH-3960,white,Rhodes,Apian,-246,6.982,0.366,7.05,0.06,3.19,0.2,11.19,7.92
AMPH-3961,red,Thasos,Argitis,-245,7.813,0.506,2.86,0.093,3.26,0.72,13.35,6.35
AMPH-3962,red,Thasos,Aminean,-247,7.703,0.502,2.16,0.085,3.31,0.523,12.21,9.32
AMPH-3963,red,Kos,Duracina,-246,8.891,0.562,3.19,0.088,3.4,0.576,9.77,6.24
AMPH-3964,white,Rhodes,Argitis,-246,7.609,0.422,4.52,0.044,3.12,0.649,14.23,5.15
AMPH-3965,red,Kos,Eugenia,-247,8.889,0.599,3.53,0.081,3.16,0.748,10.27,7.96
AMPH-3966,white,Thasos,Eugenia,-246,7.073,0.305,7.49,0.045,3.22,0.737,9.87,9.09
AMPH-3967,red,Chios,Eugenia,-247,8.422,0.583,2.62,0.098,3.14,0.608,10.39,7.63
AMPH-3968,white,Thasos,Helvola,-246,6.756,0.257,8.03,0.048,3.2,0.513,11.36,5.44
AMPH-3969,red,Rhodes,Argitis,-245,7.472,0.525,2.01,0.097,3.18,0.757,14.37,4.45
AMPH-3970,red,Kos,Argitis,-245,7.372,0.535,4.97,0.079,3.13,0.514,13.86,6.08
AMPH-3971,white,Chios,Apian,-245,6.847,0.179,6.01,0.043,3.2,0.509,11.92,7.3
AMPH-3972,white,Kos,Helvola,-246,6.298,0.199,5.09,0.041,3.21,0.421,10.92,5.7
AMPH-3973,white,Chios,Apian,-247,7.599,0.319,6.15,0.06,3.25,0.859,11.6,7.48
AMPH-3974,white,Thasos,Duracina,-247,6.451,0.303,6.33,0.052,3.14,0.416,9.33,6.29
AMPH-3975,white,Thasos,Argitis,-246,6.869,0.308,6.7,0.046,3.17,0.625,13.91,6.44
AMPH-3976,white,Thasos,Duracina,-246,6.153,0.277,7.95,0.055,3.12,0.562,9.79,6.23
AMPH-3977,white,Rhodes,Argitis,-247,6.152,0.276,4.12,0.043,3.14,0.334,13.96,4.95
AMPH-3978,white,Rhodes,Eugenia,-245,6.932,0.271,4.51,0.032,3.2,0.431,10.39,7.35
AMPH-3979,red,Rhodes,Helvola,-245,7.785,0.576,3.1,0.077,3.48,0.791,10.96,4.95
AMPH-3980,white,Kos,Duracina,-247,6.536,0.259,6.83,0.052,3.2,0.54,9.93,5.47
AMPH-3981,white,Kos,Apian,-246,6.926,0.311,5.59,0.047,3.12,0.418,11.1,8.3
AMPH-3982,white,Rhodes,Apian,-245,6.819,0.27,6.04,0.04,3.1,0.607,11.47,7.22
AMPH-3983,red,Kos,Argitis,-247,9.059,0.478,2.6,0.078,3.48,0.616,13.9,5.23
AMPH-3984,white,Chios,Apian,-247,7.264,0.338,7.43,0.044,3.15,0.522,11.21,7.4
AMPH-3985,red,Rhodes,Helvola,-247,7.202,0.597,2.44,0.06,3.27,0.587,11.07,5.09
AMPH-3986,red,Rhodes,Eugenia,-245,8.268,0.524,2.9,0.072,3.24,0.509,10.42,6.67
AMPH-3987,white,Rhodes,Duracina,-245,6.91,0.276,7.38,0.05,3.23,0.397,9.22,5.04
AMPH-3988,white,Rhodes,Duracina,-245,6.406,0.29,6.62,0.041,3.09,0.484,9.52,5.82
AMPH-3989,white,Kos,Argitis,-245,6.723,0.284,5.54,0.04,3.2,0.798,14.2,5.48
AMPH-3990,white,Kos,Helvola,-247,5.806,0.351,5.02,0.052,3.13,0.336,11.0,5.42
AMPH-3991,white,Thasos,Helvola,-246,5.608,0.283,6.84,0.043,3.08,0.572,11.08,6.03
AMPH-3992,red,Chios,Aminean,-247,8.184,0.503,3.58,0.058,3.32,0.771,12.3,8.0
AMPH-3993,white,Kos,Argitis,-245,6.333,0.27,7.01,0.051,3.13,0.75,14.22,5.09
AMPH-3994,white,Thasos,Duracina,-246,6.879,0.364,7.3,0.069,3.13,0.432,9.71,6.2
AMPH-3995,red,Rhodes,Helvola,-247,9.288,0.52,3.77,0.112,3.29,0.68,10.58,4.94
AMPH-3996,white,Thasos,Argitis,-246,6.807,0.316,4.69,0.039,3.12,0.359,13.94,6.16
AMPH-3997,red,Kos,Argitis,-245,7.271,0.512,4.87,0.085,3.21,0.726,13.85,5.07
AMPH-3998,red,Chios,Aminean,-247,8.273,0.451,2.66,0.095,3.34,0.593,12.38,6.78
AMPH-3999,red,Rhodes,Apian,-247,7.874,0.559,3.26,0.094,3.25,0.733,11.34,7.18
