doc_id,writer,stop,position,token
G-01,Aldworth,1,1,stop
G-01,Aldworth,1,2,one
G-01,Aldworth,1,3,.
G-01,Aldworth,1,4,in
G-01,Aldworth,1,5,front
G-01,Aldworth,1,6,of
G-01,Aldworth,1,7,you
G-01,Aldworth,1,8,is
G-01,Aldworth,1,9,an
G-01,Aldworth,1,10,urn
G-01,Aldworth,1,11,.
G-01,Aldworth,1,12,notice
G-01,Aldworth,1,13,how
G-01,Aldworth,1,14,the
G-01,Aldworth,1,15,light
G-01,Aldworth,1,16,falls
G-01,Aldworth,1,17,across
G-01,Aldworth,1,18,the
G-01,Aldworth,1,19,varnish
G-01,Aldworth,1,20,.
G-01,Aldworth,1,21,the
G-01,Aldworth,1,22,spout
G-01,Aldworth,1,23,was
G-01,Aldworth,1,24,made
G-01,Aldworth,1,25,by
G-01,Aldworth,1,26,hand
G-01,Aldworth,1,27,.
G-01,Aldworth,1,28,look
G-01,Aldworth,1,29,closely
G-01,Aldworth,1,30,at
G-01,Aldworth,1,31,the
G-01,Aldworth,1,32,joins
G-01,Aldworth,1,33,.
G-01,Aldworth,1,34,when
G-01,Aldworth,1,35,you
G-01,Aldworth,1,36,are
G-01,Aldworth,1,37,ready
G-01,Aldworth,1,38,","
G-01,Aldworth,1,39,move
G-01,Aldworth,1,40,on
G-01,Aldworth,1,41,.
G-01,Aldworth,2,1,stop
G-01,Aldworth,2,2,two
G-01,Aldworth,2,3,.
G-01,Aldworth,2,4,in
G-01,Aldworth,2,5,front
G-01,Aldworth,2,6,of
G-01,Aldworth,2,7,you
G-01,Aldworth,2,8,is
G-01,Aldworth,2,9,a
G-01,Aldworth,2,10,jug
G-01,Aldworth,2,11,.
G-01,Aldworth,2,12,notice
G-01,Aldworth,2,13,how
G-01,Aldworth,2,14,the
G-01,Aldworth,2,15,light
G-01,Aldworth,2,16,softens
G-01,Aldworth,2,17,across
G-01,Aldworth,2,18,the
G-01,Aldworth,2,19,glaze
G-01,Aldworth,2,20,.
G-01,Aldworth,2,21,the
G-01,Aldworth,2,22,handle
G-01,Aldworth,2,23,was
G-01,Aldworth,2,24,made
G-01,Aldworth,2,25,by
G-01,Aldworth,2,26,hand
G-01,Aldworth,2,27,.
G-01,Aldworth,2,28,look
G-01,Aldworth,2,29,closely
G-01,Aldworth,2,30,at
G-01,Aldworth,2,31,the
G-01,Aldworth,2,32,joins
G-01,Aldworth,2,33,.
G-01,Aldworth,2,34,when
G-01,Aldworth,2,35,you
G-01,Aldworth,2,36,are
G-01,Aldworth,2,37,ready
G-01,Aldworth,2,38,","
G-01,Aldworth,2,39,move
G-01,Aldworth,2,40,on
G-01,Aldworth,2,41,.
G-01,Aldworth,3,1,stop
G-01,Aldworth,3,2,three
G-01,Aldworth,3,3,.
G-01,Aldworth,3,4,in
G-01,Aldworth,3,5,front
G-01,Aldworth,3,6,of
G-01,Aldworth,3,7,you
G-01,Aldworth,3,8,is
G-01,Aldworth,3,9,a
G-01,Aldworth,3,10,bowl
G-01,Aldworth,3,11,.
G-01,Aldworth,3,12,notice
G-01,Aldworth,3,13,how
G-01,Aldworth,3,14,the
G-01,Aldworth,3,15,light
G-01,Aldworth,3,16,moves
G-01,Aldworth,3,17,across
G-01,Aldworth,3,18,the
G-01,Aldworth,3,19,varnish
G-01,Aldworth,3,20,.
G-01,Aldworth,3,21,the
G-01,Aldworth,3,22,foot
G-01,Aldworth,3,23,was
G-01,Aldworth,3,24,made
G-01,Aldworth,3,25,by
G-01,Aldworth,3,26,hand
G-01,Aldworth,3,27,.
G-01,Aldworth,3,28,you
G-01,Aldworth,3,29,may
G-01,Aldworth,3,30,hear
G-01,Aldworth,3,31,the
G-01,Aldworth,3,32,floor
G-01,Aldworth,3,33,of
G-01,Aldworth,3,34,the
G-01,Aldworth,3,35,room
G-01,Aldworth,3,36,above
G-01,Aldworth,3,37,you
G-01,Aldworth,3,38,creaking
G-01,Aldworth,3,39,here
G-01,Aldworth,3,40,.
G-01,Aldworth,3,41,look
G-01,Aldworth,3,42,closely
G-01,Aldworth,3,43,at
G-01,Aldworth,3,44,the
G-01,Aldworth,3,45,cracks
G-01,Aldworth,3,46,.
G-01,Aldworth,3,47,when
G-01,Aldworth,3,48,you
G-01,Aldworth,3,49,are
G-01,Aldworth,3,50,ready
G-01,Aldworth,3,51,","
G-01,Aldworth,3,52,move
G-01,Aldworth,3,53,on
G-01,Aldworth,3,54,.
G-01,Aldworth,4,1,stop
G-01,Aldworth,4,2,four
G-01,Aldworth,4,3,.
G-01,Aldworth,4,4,in
G-01,Aldworth,4,5,front
G-01,Aldworth,4,6,of
G-01,Aldworth,4,7,you
G-01,Aldworth,4,8,is
G-01,Aldworth,4,9,a
G-01,Aldworth,4,10,bowl
G-01,Aldworth,4,11,.
G-01,Aldworth,4,12,notice
G-01,Aldworth,4,13,how
G-01,Aldworth,4,14,the
G-01,Aldworth,4,15,light
G-01,Aldworth,4,16,falls
G-01,Aldworth,4,17,across
G-01,Aldworth,4,18,the
G-01,Aldworth,4,19,varnish
G-01,Aldworth,4,20,.
G-01,Aldworth,4,21,the
G-01,Aldworth,4,22,rim
G-01,Aldworth,4,23,was
G-01,Aldworth,4,24,made
G-01,Aldworth,4,25,by
G-01,Aldworth,4,26,hand
G-01,Aldworth,4,27,.
G-01,Aldworth,4,28,look
G-01,Aldworth,4,29,closely
G-01,Aldworth,4,30,at
G-01,Aldworth,4,31,the
G-01,Aldworth,4,32,joins
G-01,Aldworth,4,33,.
G-01,Aldworth,4,34,when
G-01,Aldworth,4,35,you
G-01,Aldworth,4,36,are
G-01,Aldworth,4,37,ready
G-01,Aldworth,4,38,","
G-01,Aldworth,4,39,move
G-01,Aldworth,4,40,on
G-01,Aldworth,4,41,.
G-01,Aldworth,5,1,stop
G-01,Aldworth,5,2,five
G-01,Aldworth,5,3,.
G-01,Aldworth,5,4,in
G-01,Aldworth,5,5,front
G-01,Aldworth,5,6,of
G-01,Aldworth,5,7,you
G-01,Aldworth,5,8,is
G-01,Aldworth,5,9,a
G-01,Aldworth,5,10,jug
G-01,Aldworth,5,11,.
G-01,Aldworth,5,12,in
G-01,Aldworth,5,13,front
G-01,Aldworth,5,14,of
G-01,Aldworth,5,15,you
G-01,Aldworth,5,16,is
G-01,Aldworth,5,17,a
G-01,Aldworth,5,18,bowl
G-01,Aldworth,5,19,.
G-01,Aldworth,5,20,notice
G-01,Aldworth,5,21,how
G-01,Aldworth,5,22,the
G-01,Aldworth,5,23,light
G-01,Aldworth,5,24,falls
G-01,Aldworth,5,25,across
G-01,Aldworth,5,26,the
G-01,Aldworth,5,27,glaze
G-01,Aldworth,5,28,.
G-01,Aldworth,5,29,the
G-01,Aldworth,5,30,handle
G-01,Aldworth,5,31,was
G-01,Aldworth,5,32,made
G-01,Aldworth,5,33,by
G-01,Aldworth,5,34,hand
G-01,Aldworth,5,35,.
G-01,Aldworth,5,36,look
G-01,Aldworth,5,37,closely
G-01,Aldworth,5,38,at
G-01,Aldworth,5,39,the
G-01,Aldworth,5,40,colour
G-01,Aldworth,5,41,.
G-01,Aldworth,5,42,when
G-01,Aldworth,5,43,you
G-01,Aldworth,5,44,are
G-01,Aldworth,5,45,ready
G-01,Aldworth,5,46,","
G-01,Aldworth,5,47,move
G-01,Aldworth,5,48,on
G-01,Aldworth,5,49,.
G-01,Aldworth,6,1,stop
G-01,Aldworth,6,2,six
G-01,Aldworth,6,3,.
G-01,Aldworth,6,4,in
G-01,Aldworth,6,5,front
G-01,Aldworth,6,6,of
G-01,Aldworth,6,7,you
G-01,Aldworth,6,8,is
G-01,Aldworth,6,9,a
G-01,Aldworth,6,10,bowl
G-01,Aldworth,6,11,.
G-01,Aldworth,6,12,notice
G-01,Aldworth,6,13,how
G-01,Aldworth,6,14,the
G-01,Aldworth,6,15,light
G-01,Aldworth,6,16,rests
G-01,Aldworth,6,17,across
G-01,Aldworth,6,18,the
G-01,Aldworth,6,19,glaze
G-01,Aldworth,6,20,.
G-01,Aldworth,6,21,the
G-01,Aldworth,6,22,handle
G-01,Aldworth,6,23,was
G-01,Aldworth,6,24,made
G-01,Aldworth,6,25,by
G-01,Aldworth,6,26,hand
G-01,Aldworth,6,27,.
G-01,Aldworth,6,28,you
G-01,Aldworth,6,29,may
G-01,Aldworth,6,30,hear
G-01,Aldworth,6,31,the
G-01,Aldworth,6,32,floor
G-01,Aldworth,6,33,of
G-01,Aldworth,6,34,the
G-01,Aldworth,6,35,room
G-01,Aldworth,6,36,above
G-01,Aldworth,6,37,you
G-01,Aldworth,6,38,creaking
G-01,Aldworth,6,39,here
G-01,Aldworth,6,40,.
G-01,Aldworth,6,41,look
G-01,Aldworth,6,42,closely
G-01,Aldworth,6,43,at
G-01,Aldworth,6,44,the
G-01,Aldworth,6,45,joins
G-01,Aldworth,6,46,.
G-01,Aldworth,6,47,when
G-01,Aldworth,6,48,you
G-01,Aldworth,6,49,are
G-01,Aldworth,6,50,ready
G-01,Aldworth,6,51,","
G-01,Aldworth,6,52,move
G-01,Aldworth,6,53,on
G-01,Aldworth,6,54,.
G-01,Aldworth,7,1,stop
G-01,Aldworth,7,2,seven
G-01,Aldworth,7,3,.
G-01,Aldworth,7,4,in
G-01,Aldworth,7,5,front
G-01,Aldworth,7,6,of
G-01,Aldworth,7,7,you
G-01,Aldworth,7,8,is
G-01,Aldworth,7,9,a
G-01,Aldworth,7,10,bowl
G-01,Aldworth,7,11,.
G-01,Aldworth,7,12,in
G-01,Aldworth,7,13,front
G-01,Aldworth,7,14,of
G-01,Aldworth,7,15,you
G-01,Aldworth,7,16,is
G-01,Aldworth,7,17,a
G-01,Aldworth,7,18,bowl
G-01,Aldworth,7,19,.
G-01,Aldworth,7,20,notice
G-01,Aldworth,7,21,how
G-01,Aldworth,7,22,the
G-01,Aldworth,7,23,light
G-01,Aldworth,7,24,fades
G-01,Aldworth,7,25,across
G-01,Aldworth,7,26,the
G-01,Aldworth,7,27,glaze
G-01,Aldworth,7,28,.
G-01,Aldworth,7,29,the
G-01,Aldworth,7,30,spout
G-01,Aldworth,7,31,was
G-01,Aldworth,7,32,made
G-01,Aldworth,7,33,by
G-01,Aldworth,7,34,hand
G-01,Aldworth,7,35,.
G-01,Aldworth,7,36,look
G-01,Aldworth,7,37,closely
G-01,Aldworth,7,38,at
G-01,Aldworth,7,39,the
G-01,Aldworth,7,40,joins
G-01,Aldworth,7,41,.
G-01,Aldworth,7,42,when
G-01,Aldworth,7,43,you
G-01,Aldworth,7,44,are
G-01,Aldworth,7,45,ready
G-01,Aldworth,7,46,","
G-01,Aldworth,7,47,move
G-01,Aldworth,7,48,on
G-01,Aldworth,7,49,.
G-01,Aldworth,8,1,stop
G-01,Aldworth,8,2,eight
G-01,Aldworth,8,3,.
G-01,Aldworth,8,4,in
G-01,Aldworth,8,5,front
G-01,Aldworth,8,6,of
G-01,Aldworth,8,7,you
G-01,Aldworth,8,8,is
G-01,Aldworth,8,9,a
G-01,Aldworth,8,10,bowl
G-01,Aldworth,8,11,.
G-01,Aldworth,8,12,in
G-01,Aldworth,8,13,front
G-01,Aldworth,8,14,of
G-01,Aldworth,8,15,you
G-01,Aldworth,8,16,is
G-01,Aldworth,8,17,a
G-01,Aldworth,8,18,bowl
G-01,Aldworth,8,19,.
G-01,Aldworth,8,20,notice
G-01,Aldworth,8,21,how
G-01,Aldworth,8,22,the
G-01,Aldworth,8,23,light
G-01,Aldworth,8,24,moves
G-01,Aldworth,8,25,across
G-01,Aldworth,8,26,the
G-01,Aldworth,8,27,glaze
G-01,Aldworth,8,28,.
G-01,Aldworth,8,29,the
G-01,Aldworth,8,30,handle
G-01,Aldworth,8,31,was
G-01,Aldworth,8,32,made
G-01,Aldworth,8,33,by
G-01,Aldworth,8,34,hand
G-01,Aldworth,8,35,.
G-01,Aldworth,8,36,look
G-01,Aldworth,8,37,closely
G-01,Aldworth,8,38,at
G-01,Aldworth,8,39,the
G-01,Aldworth,8,40,joins
G-01,Aldworth,8,41,.
G-01,Aldworth,8,42,when
G-01,Aldworth,8,43,you
G-01,Aldworth,8,44,are
G-01,Aldworth,8,45,ready
G-01,Aldworth,8,46,","
G-01,Aldworth,8,47,move
G-01,Aldworth,8,48,on
G-01,Aldworth,8,49,.
G-01,Aldworth,9,1,stop
G-01,Aldworth,9,2,nine
G-01,Aldworth,9,3,.
G-01,Aldworth,9,4,in
G-01,Aldworth,9,5,front
G-01,Aldworth,9,6,of
G-01,Aldworth,9,7,you
G-01,Aldworth,9,8,is
G-01,Aldworth,9,9,a
G-01,Aldworth,9,10,bowl
G-01,Aldworth,9,11,.
G-01,Aldworth,9,12,in
G-01,Aldworth,9,13,front
G-01,Aldworth,9,14,of
G-01,Aldworth,9,15,you
G-01,Aldworth,9,16,is
G-01,Aldworth,9,17,a
G-01,Aldworth,9,18,jug
G-01,Aldworth,9,19,.
G-01,Aldworth,9,20,notice
G-01,Aldworth,9,21,how
G-01,Aldworth,9,22,the
G-01,Aldworth,9,23,light
G-01,Aldworth,9,24,falls
G-01,Aldworth,9,25,across
G-01,Aldworth,9,26,the
G-01,Aldworth,9,27,varnish
G-01,Aldworth,9,28,.
G-01,Aldworth,9,29,the
G-01,Aldworth,9,30,handle
G-01,Aldworth,9,31,was
G-01,Aldworth,9,32,made
G-01,Aldworth,9,33,by
G-01,Aldworth,9,34,hand
G-01,Aldworth,9,35,.
G-01,Aldworth,9,36,you
G-01,Aldworth,9,37,may
G-01,Aldworth,9,38,hear
G-01,Aldworth,9,39,the
G-01,Aldworth,9,40,floor
G-01,Aldworth,9,41,of
G-01,Aldworth,9,42,the
G-01,Aldworth,9,43,room
G-01,Aldworth,9,44,above
G-01,Aldworth,9,45,you
G-01,Aldworth,9,46,creaking
G-01,Aldworth,9,47,here
G-01,Aldworth,9,48,.
G-01,Aldworth,9,49,look
G-01,Aldworth,9,50,closely
G-01,Aldworth,9,51,at
G-01,Aldworth,9,52,the
G-01,Aldworth,9,53,cracks
G-01,Aldworth,9,54,.
G-01,Aldworth,9,55,when
G-01,Aldworth,9,56,you
G-01,Aldworth,9,57,are
G-01,Aldworth,9,58,ready
G-01,Aldworth,9,59,","
G-01,Aldworth,9,60,move
G-01,Aldworth,9,61,on
G-01,Aldworth,9,62,.
G-01,Aldworth,10,1,stop
G-01,Aldworth,10,2,ten
G-01,Aldworth,10,3,.
G-01,Aldworth,10,4,in
G-01,Aldworth,10,5,front
G-01,Aldworth,10,6,of
G-01,Aldworth,10,7,you
G-01,Aldworth,10,8,is
G-01,Aldworth,10,9,an
G-01,Aldworth,10,10,urn
G-01,Aldworth,10,11,.
G-01,Aldworth,10,12,in
G-01,Aldworth,10,13,front
G-01,Aldworth,10,14,of
G-01,Aldworth,10,15,you
G-01,Aldworth,10,16,is
G-01,Aldworth,10,17,a
G-01,Aldworth,10,18,bowl
G-01,Aldworth,10,19,.
G-01,Aldworth,10,20,notice
G-01,Aldworth,10,21,how
G-01,Aldworth,10,22,the
G-01,Aldworth,10,23,light
G-01,Aldworth,10,24,rests
G-01,Aldworth,10,25,across
G-01,Aldworth,10,26,the
G-01,Aldworth,10,27,glaze
G-01,Aldworth,10,28,.
G-01,Aldworth,10,29,the
G-01,Aldworth,10,30,rim
G-01,Aldworth,10,31,was
G-01,Aldworth,10,32,made
G-01,Aldworth,10,33,by
G-01,Aldworth,10,34,hand
G-01,Aldworth,10,35,.
G-01,Aldworth,10,36,look
G-01,Aldworth,10,37,closely
G-01,Aldworth,10,38,at
G-01,Aldworth,10,39,the
G-01,Aldworth,10,40,joins
G-01,Aldworth,10,41,.
G-01,Aldworth,10,42,when
G-01,Aldworth,10,43,you
G-01,Aldworth,10,44,are
G-01,Aldworth,10,45,ready
G-01,Aldworth,10,46,","
G-01,Aldworth,10,47,move
G-01,Aldworth,10,48,on
G-01,Aldworth,10,49,.
G-01,Aldworth,11,1,stop
G-01,Aldworth,11,2,eleven
G-01,Aldworth,11,3,.
G-01,Aldworth,11,4,in
G-01,Aldworth,11,5,front
G-01,Aldworth,11,6,of
G-01,Aldworth,11,7,you
G-01,Aldworth,11,8,is
G-01,Aldworth,11,9,an
G-01,Aldworth,11,10,urn
G-01,Aldworth,11,11,.
G-01,Aldworth,11,12,in
G-01,Aldworth,11,13,front
G-01,Aldworth,11,14,of
G-01,Aldworth,11,15,you
G-01,Aldworth,11,16,is
G-01,Aldworth,11,17,a
G-01,Aldworth,11,18,bowl
G-01,Aldworth,11,19,.
G-01,Aldworth,11,20,notice
G-01,Aldworth,11,21,how
G-01,Aldworth,11,22,the
G-01,Aldworth,11,23,light
G-01,Aldworth,11,24,moves
G-01,Aldworth,11,25,across
G-01,Aldworth,11,26,the
G-01,Aldworth,11,27,glass
G-01,Aldworth,11,28,.
G-01,Aldworth,11,29,the
G-01,Aldworth,11,30,handle
G-01,Aldworth,11,31,was
G-01,Aldworth,11,32,made
G-01,Aldworth,11,33,by
G-01,Aldworth,11,34,hand
G-01,Aldworth,11,35,.
G-01,Aldworth,11,36,look
G-01,Aldworth,11,37,closely
G-01,Aldworth,11,38,at
G-01,Aldworth,11,39,the
G-01,Aldworth,11,40,cracks
G-01,Aldworth,11,41,.
G-01,Aldworth,11,42,when
G-01,Aldworth,11,43,you
G-01,Aldworth,11,44,are
G-01,Aldworth,11,45,ready
G-01,Aldworth,11,46,","
G-01,Aldworth,11,47,move
G-01,Aldworth,11,48,on
G-01,Aldworth,11,49,.
G-01,Aldworth,12,1,stop
G-01,Aldworth,12,2,twelve
G-01,Aldworth,12,3,.
G-01,Aldworth,12,4,in
G-01,Aldworth,12,5,front
G-01,Aldworth,12,6,of
G-01,Aldworth,12,7,you
G-01,Aldworth,12,8,is
G-01,Aldworth,12,9,a
G-01,Aldworth,12,10,bowl
G-01,Aldworth,12,11,.
G-01,Aldworth,12,12,in
G-01,Aldworth,12,13,front
G-01,Aldworth,12,14,of
G-01,Aldworth,12,15,you
G-01,Aldworth,12,16,is
G-01,Aldworth,12,17,a
G-01,Aldworth,12,18,dish
G-01,Aldworth,12,19,.
G-01,Aldworth,12,20,notice
G-01,Aldworth,12,21,how
G-01,Aldworth,12,22,the
G-01,Aldworth,12,23,light
G-01,Aldworth,12,24,pools
G-01,Aldworth,12,25,across
G-01,Aldworth,12,26,the
G-01,Aldworth,12,27,glaze
G-01,Aldworth,12,28,.
G-01,Aldworth,12,29,the
G-01,Aldworth,12,30,handle
G-01,Aldworth,12,31,was
G-01,Aldworth,12,32,made
G-01,Aldworth,12,33,by
G-01,Aldworth,12,34,hand
G-01,Aldworth,12,35,.
G-01,Aldworth,12,36,you
G-01,Aldworth,12,37,may
G-01,Aldworth,12,38,hear
G-01,Aldworth,12,39,the
G-01,Aldworth,12,40,floor
G-01,Aldworth,12,41,of
G-01,Aldworth,12,42,the
G-01,Aldworth,12,43,room
G-01,Aldworth,12,44,above
G-01,Aldworth,12,45,you
G-01,Aldworth,12,46,creaking
G-01,Aldworth,12,47,here
G-01,Aldworth,12,48,.
G-01,Aldworth,12,49,look
G-01,Aldworth,12,50,closely
G-01,Aldworth,12,51,at
G-01,Aldworth,12,52,the
G-01,Aldworth,12,53,cracks
G-01,Aldworth,12,54,.
G-01,Aldworth,12,55,when
G-01,Aldworth,12,56,you
G-01,Aldworth,12,57,are
G-01,Aldworth,12,58,ready
G-01,Aldworth,12,59,","
G-01,Aldworth,12,60,move
G-01,Aldworth,12,61,on
G-01,Aldworth,12,62,.
G-01,Aldworth,13,1,stop
G-01,Aldworth,13,2,thirteen
G-01,Aldworth,13,3,.
G-01,Aldworth,13,4,in
G-01,Aldworth,13,5,front
G-01,Aldworth,13,6,of
G-01,Aldworth,13,7,you
G-01,Aldworth,13,8,is
G-01,Aldworth,13,9,a
G-01,Aldworth,13,10,bowl
G-01,Aldworth,13,11,.
G-01,Aldworth,13,12,notice
G-01,Aldworth,13,13,how
G-01,Aldworth,13,14,the
G-01,Aldworth,13,15,light
G-01,Aldworth,13,16,rests
G-01,Aldworth,13,17,across
G-01,Aldworth,13,18,the
G-01,Aldworth,13,19,glaze
G-01,Aldworth,13,20,.
G-01,Aldworth,13,21,the
G-01,Aldworth,13,22,foot
G-01,Aldworth,13,23,was
G-01,Aldworth,13,24,made
G-01,Aldworth,13,25,by
G-01,Aldworth,13,26,hand
G-01,Aldworth,13,27,.
G-01,Aldworth,13,28,look
G-01,Aldworth,13,29,closely
G-01,Aldworth,13,30,at
G-01,Aldworth,13,31,the
G-01,Aldworth,13,32,joins
G-01,Aldworth,13,33,.
G-01,Aldworth,13,34,when
G-01,Aldworth,13,35,you
G-01,Aldworth,13,36,are
G-01,Aldworth,13,37,ready
G-01,Aldworth,13,38,","
G-01,Aldworth,13,39,move
G-01,Aldworth,13,40,on
G-01,Aldworth,13,41,.
G-01,Aldworth,14,1,stop
G-01,Aldworth,14,2,fourteen
G-01,Aldworth,14,3,.
G-01,Aldworth,14,4,in
G-01,Aldworth,14,5,front
G-01,Aldworth,14,6,of
G-01,Aldworth,14,7,you
G-01,Aldworth,14,8,is
G-01,Aldworth,14,9,a
G-01,Aldworth,14,10,jug
G-01,Aldworth,14,11,.
G-01,Aldworth,14,12,in
G-01,Aldworth,14,13,front
G-01,Aldworth,14,14,of
G-01,Aldworth,14,15,you
G-01,Aldworth,14,16,is
G-01,Aldworth,14,17,a
G-01,Aldworth,14,18,bowl
G-01,Aldworth,14,19,.
G-01,Aldworth,14,20,notice
G-01,Aldworth,14,21,how
G-01,Aldworth,14,22,the
G-01,Aldworth,14,23,light
G-01,Aldworth,14,24,catches
G-01,Aldworth,14,25,across
G-01,Aldworth,14,26,the
G-01,Aldworth,14,27,varnish
G-01,Aldworth,14,28,.
G-01,Aldworth,14,29,the
G-01,Aldworth,14,30,rim
G-01,Aldworth,14,31,was
G-01,Aldworth,14,32,made
G-01,Aldworth,14,33,by
G-01,Aldworth,14,34,hand
G-01,Aldworth,14,35,.
G-01,Aldworth,14,36,look
G-01,Aldworth,14,37,closely
G-01,Aldworth,14,38,at
G-01,Aldworth,14,39,the
G-01,Aldworth,14,40,cracks
G-01,Aldworth,14,41,.
G-01,Aldworth,14,42,when
G-01,Aldworth,14,43,you
G-01,Aldworth,14,44,are
G-01,Aldworth,14,45,ready
G-01,Aldworth,14,46,","
G-01,Aldworth,14,47,move
G-01,Aldworth,14,48,on
G-01,Aldworth,14,49,.
G-01,Aldworth,15,1,stop
G-01,Aldworth,15,2,fifteen
G-01,Aldworth,15,3,.
G-01,Aldworth,15,4,in
G-01,Aldworth,15,5,front
G-01,Aldworth,15,6,of
G-01,Aldworth,15,7,you
G-01,Aldworth,15,8,is
G-01,Aldworth,15,9,a
G-01,Aldworth,15,10,dish
G-01,Aldworth,15,11,.
G-01,Aldworth,15,12,in
G-01,Aldworth,15,13,front
G-01,Aldworth,15,14,of
G-01,Aldworth,15,15,you
G-01,Aldworth,15,16,is
G-01,Aldworth,15,17,an
G-01,Aldworth,15,18,urn
G-01,Aldworth,15,19,.
G-01,Aldworth,15,20,notice
G-01,Aldworth,15,21,how
G-01,Aldworth,15,22,the
G-01,Aldworth,15,23,light
G-01,Aldworth,15,24,softens
G-01,Aldworth,15,25,across
G-01,Aldworth,15,26,the
G-01,Aldworth,15,27,varnish
G-01,Aldworth,15,28,.
G-01,Aldworth,15,29,the
G-01,Aldworth,15,30,handle
G-01,Aldworth,15,31,was
G-01,Aldworth,15,32,made
G-01,Aldworth,15,33,by
G-01,Aldworth,15,34,hand
G-01,Aldworth,15,35,.
G-01,Aldworth,15,36,you
G-01,Aldworth,15,37,may
G-01,Aldworth,15,38,hear
G-01,Aldworth,15,39,the
G-01,Aldworth,15,40,floor
G-01,Aldworth,15,41,of
G-01,Aldworth,15,42,the
G-01,Aldworth,15,43,room
G-01,Aldworth,15,44,above
G-01,Aldworth,15,45,you
G-01,Aldworth,15,46,creaking
G-01,Aldworth,15,47,here
G-01,Aldworth,15,48,.
G-01,Aldworth,15,49,look
G-01,Aldworth,15,50,closely
G-01,Aldworth,15,51,at
G-01,Aldworth,15,52,the
G-01,Aldworth,15,53,colour
G-01,Aldworth,15,54,.
G-01,Aldworth,15,55,when
G-01,Aldworth,15,56,you
G-01,Aldworth,15,57,are
G-01,Aldworth,15,58,ready
G-01,Aldworth,15,59,","
G-01,Aldworth,15,60,move
G-01,Aldworth,15,61,on
G-01,Aldworth,15,62,.
G-01,Aldworth,16,1,stop
G-01,Aldworth,16,2,sixteen
G-01,Aldworth,16,3,.
G-01,Aldworth,16,4,in
G-01,Aldworth,16,5,front
G-01,Aldworth,16,6,of
G-01,Aldworth,16,7,you
G-01,Aldworth,16,8,is
G-01,Aldworth,16,9,a
G-01,Aldworth,16,10,dish
G-01,Aldworth,16,11,.
G-01,Aldworth,16,12,in
G-01,Aldworth,16,13,front
G-01,Aldworth,16,14,of
G-01,Aldworth,16,15,you
G-01,Aldworth,16,16,is
G-01,Aldworth,16,17,a
G-01,Aldworth,16,18,jug
G-01,Aldworth,16,19,.
G-01,Aldworth,16,20,notice
G-01,Aldworth,16,21,how
G-01,Aldworth,16,22,the
G-01,Aldworth,16,23,light
G-01,Aldworth,16,24,falls
G-01,Aldworth,16,25,across
G-01,Aldworth,16,26,the
G-01,Aldworth,16,27,glaze
G-01,Aldworth,16,28,.
G-01,Aldworth,16,29,the
G-01,Aldworth,16,30,foot
G-01,Aldworth,16,31,was
G-01,Aldworth,16,32,made
G-01,Aldworth,16,33,by
G-01,Aldworth,16,34,hand
G-01,Aldworth,16,35,.
G-01,Aldworth,16,36,look
G-01,Aldworth,16,37,closely
G-01,Aldworth,16,38,at
G-01,Aldworth,16,39,the
G-01,Aldworth,16,40,cracks
G-01,Aldworth,16,41,.
G-01,Aldworth,16,42,when
G-01,Aldworth,16,43,you
G-01,Aldworth,16,44,are
G-01,Aldworth,16,45,ready
G-01,Aldworth,16,46,","
G-01,Aldworth,16,47,move
G-01,Aldworth,16,48,on
G-01,Aldworth,16,49,.
G-01,Aldworth,17,1,stop
G-01,Aldworth,17,2,seventeen
G-01,Aldworth,17,3,.
G-01,Aldworth,17,4,in
G-01,Aldworth,17,5,front
G-01,Aldworth,17,6,of
G-01,Aldworth,17,7,you
G-01,Aldworth,17,8,is
G-01,Aldworth,17,9,a
G-01,Aldworth,17,10,bowl
G-01,Aldworth,17,11,.
G-01,Aldworth,17,12,in
G-01,Aldworth,17,13,front
G-01,Aldworth,17,14,of
G-01,Aldworth,17,15,you
G-01,Aldworth,17,16,is
G-01,Aldworth,17,17,a
G-01,Aldworth,17,18,bowl
G-01,Aldworth,17,19,.
G-01,Aldworth,17,20,notice
G-01,Aldworth,17,21,how
G-01,Aldworth,17,22,the
G-01,Aldworth,17,23,light
G-01,Aldworth,17,24,falls
G-01,Aldworth,17,25,across
G-01,Aldworth,17,26,the
G-01,Aldworth,17,27,glass
G-01,Aldworth,17,28,.
G-01,Aldworth,17,29,the
G-01,Aldworth,17,30,rim
G-01,Aldworth,17,31,was
G-01,Aldworth,17,32,made
G-01,Aldworth,17,33,by
G-01,Aldworth,17,34,hand
G-01,Aldworth,17,35,.
G-01,Aldworth,17,36,look
G-01,Aldworth,17,37,closely
G-01,Aldworth,17,38,at
G-01,Aldworth,17,39,the
G-01,Aldworth,17,40,cracks
G-01,Aldworth,17,41,.
G-01,Aldworth,17,42,when
G-01,Aldworth,17,43,you
G-01,Aldworth,17,44,are
G-01,Aldworth,17,45,ready
G-01,Aldworth,17,46,","
G-01,Aldworth,17,47,move
G-01,Aldworth,17,48,on
G-01,Aldworth,17,49,.
G-01,Aldworth,18,1,stop
G-01,Aldworth,18,2,eighteen
G-01,Aldworth,18,3,.
G-01,Aldworth,18,4,in
G-01,Aldworth,18,5,front
G-01,Aldworth,18,6,of
G-01,Aldworth,18,7,you
G-01,Aldworth,18,8,is
G-01,Aldworth,18,9,a
G-01,Aldworth,18,10,bowl
G-01,Aldworth,18,11,.
G-01,Aldworth,18,12,in
G-01,Aldworth,18,13,front
G-01,Aldworth,18,14,of
G-01,Aldworth,18,15,you
G-01,Aldworth,18,16,is
G-01,Aldworth,18,17,a
G-01,Aldworth,18,18,bowl
G-01,Aldworth,18,19,.
G-01,Aldworth,18,20,notice
G-01,Aldworth,18,21,how
G-01,Aldworth,18,22,the
G-01,Aldworth,18,23,light
G-01,Aldworth,18,24,falls
G-01,Aldworth,18,25,across
G-01,Aldworth,18,26,the
G-01,Aldworth,18,27,glaze
G-01,Aldworth,18,28,.
G-01,Aldworth,18,29,the
G-01,Aldworth,18,30,handle
G-01,Aldworth,18,31,was
G-01,Aldworth,18,32,made
G-01,Aldworth,18,33,by
G-01,Aldworth,18,34,hand
G-01,Aldworth,18,35,.
G-01,Aldworth,18,36,you
G-01,Aldworth,18,37,may
G-01,Aldworth,18,38,hear
G-01,Aldworth,18,39,the
G-01,Aldworth,18,40,floor
G-01,Aldworth,18,41,of
G-01,Aldworth,18,42,the
G-01,Aldworth,18,43,room
G-01,Aldworth,18,44,above
G-01,Aldworth,18,45,you
G-01,Aldworth,18,46,creaking
G-01,Aldworth,18,47,here
G-01,Aldworth,18,48,.
G-01,Aldworth,18,49,look
G-01,Aldworth,18,50,closely
G-01,Aldworth,18,51,at
G-01,Aldworth,18,52,the
G-01,Aldworth,18,53,cracks
G-01,Aldworth,18,54,.
G-01,Aldworth,18,55,when
G-01,Aldworth,18,56,you
G-01,Aldworth,18,57,are
G-01,Aldworth,18,58,ready
G-01,Aldworth,18,59,","
G-01,Aldworth,18,60,move
G-01,Aldworth,18,61,on
G-01,Aldworth,18,62,.
G-01,Aldworth,19,1,stop
G-01,Aldworth,19,2,nineteen
G-01,Aldworth,19,3,.
G-01,Aldworth,19,4,in
G-01,Aldworth,19,5,front
G-01,Aldworth,19,6,of
G-01,Aldworth,19,7,you
G-01,Aldworth,19,8,is
G-01,Aldworth,19,9,a
G-01,Aldworth,19,10,bowl
G-01,Aldworth,19,11,.
G-01,Aldworth,19,12,in
G-01,Aldworth,19,13,front
G-01,Aldworth,19,14,of
G-01,Aldworth,19,15,you
G-01,Aldworth,19,16,is
G-01,Aldworth,19,17,a
G-01,Aldworth,19,18,bowl
G-01,Aldworth,19,19,.
G-01,Aldworth,19,20,notice
G-01,Aldworth,19,21,how
G-01,Aldworth,19,22,the
G-01,Aldworth,19,23,light
G-01,Aldworth,19,24,shifts
G-01,Aldworth,19,25,across
G-01,Aldworth,19,26,the
G-01,Aldworth,19,27,glass
G-01,Aldworth,19,28,.
G-01,Aldworth,19,29,the
G-01,Aldworth,19,30,rim
G-01,Aldworth,19,31,was
G-01,Aldworth,19,32,made
G-01,Aldworth,19,33,by
G-01,Aldworth,19,34,hand
G-01,Aldworth,19,35,.
G-01,Aldworth,19,36,look
G-01,Aldworth,19,37,closely
G-01,Aldworth,19,38,at
G-01,Aldworth,19,39,the
G-01,Aldworth,19,40,cracks
G-01,Aldworth,19,41,.
G-01,Aldworth,19,42,when
G-01,Aldworth,19,43,you
G-01,Aldworth,19,44,are
G-01,Aldworth,19,45,ready
G-01,Aldworth,19,46,","
G-01,Aldworth,19,47,move
G-01,Aldworth,19,48,on
G-01,Aldworth,19,49,.
G-01,Aldworth,20,1,stop
G-01,Aldworth,20,2,twenty
G-01,Aldworth,20,3,.
G-01,Aldworth,20,4,in
G-01,Aldworth,20,5,front
G-01,Aldworth,20,6,of
G-01,Aldworth,20,7,you
G-01,Aldworth,20,8,is
G-01,Aldworth,20,9,a
G-01,Aldworth,20,10,bowl
G-01,Aldworth,20,11,.
G-01,Aldworth,20,12,in
G-01,Aldworth,20,13,front
G-01,Aldworth,20,14,of
G-01,Aldworth,20,15,you
G-01,Aldworth,20,16,is
G-01,Aldworth,20,17,an
G-01,Aldworth,20,18,urn
G-01,Aldworth,20,19,.
G-01,Aldworth,20,20,notice
G-01,Aldworth,20,21,how
G-01,Aldworth,20,22,the
G-01,Aldworth,20,23,light
G-01,Aldworth,20,24,fades
G-01,Aldworth,20,25,across
G-01,Aldworth,20,26,the
G-01,Aldworth,20,27,varnish
G-01,Aldworth,20,28,.
G-01,Aldworth,20,29,the
G-01,Aldworth,20,30,handle
G-01,Aldworth,20,31,was
G-01,Aldworth,20,32,made
G-01,Aldworth,20,33,by
G-01,Aldworth,20,34,hand
G-01,Aldworth,20,35,.
G-01,Aldworth,20,36,look
G-01,Aldworth,20,37,closely
G-01,Aldworth,20,38,at
G-01,Aldworth,20,39,the
G-01,Aldworth,20,40,joins
G-01,Aldworth,20,41,.
G-01,Aldworth,20,42,when
G-01,Aldworth,20,43,you
G-01,Aldworth,20,44,are
G-01,Aldworth,20,45,ready
G-01,Aldworth,20,46,","
G-01,Aldworth,20,47,move
G-01,Aldworth,20,48,on
G-01,Aldworth,20,49,.
G-02,Renn,1,1,stop
G-02,Renn,1,2,one
G-02,Renn,1,3,.
G-02,Renn,1,4,in
G-02,Renn,1,5,front
G-02,Renn,1,6,of
G-02,Renn,1,7,you
G-02,Renn,1,8,is
G-02,Renn,1,9,an
G-02,Renn,1,10,urn
G-02,Renn,1,11,.
G-02,Renn,1,12,notice
G-02,Renn,1,13,how
G-02,Renn,1,14,the
G-02,Renn,1,15,light
G-02,Renn,1,16,pools
G-02,Renn,1,17,across
G-02,Renn,1,18,the
G-02,Renn,1,19,varnish
G-02,Renn,1,20,.
G-02,Renn,1,21,the
G-02,Renn,1,22,rim
G-02,Renn,1,23,was
G-02,Renn,1,24,made
G-02,Renn,1,25,by
G-02,Renn,1,26,hand
G-02,Renn,1,27,.
G-02,Renn,1,28,look
G-02,Renn,1,29,closely
G-02,Renn,1,30,at
G-02,Renn,1,31,the
G-02,Renn,1,32,joins
G-02,Renn,1,33,.
G-02,Renn,1,34,when
G-02,Renn,1,35,you
G-02,Renn,1,36,are
G-02,Renn,1,37,ready
G-02,Renn,1,38,","
G-02,Renn,1,39,move
G-02,Renn,1,40,on
G-02,Renn,1,41,.
G-02,Renn,2,1,stop
G-02,Renn,2,2,two
G-02,Renn,2,3,.
G-02,Renn,2,4,in
G-02,Renn,2,5,front
G-02,Renn,2,6,of
G-02,Renn,2,7,you
G-02,Renn,2,8,is
G-02,Renn,2,9,a
G-02,Renn,2,10,jug
G-02,Renn,2,11,.
G-02,Renn,2,12,in
G-02,Renn,2,13,front
G-02,Renn,2,14,of
G-02,Renn,2,15,you
G-02,Renn,2,16,is
G-02,Renn,2,17,a
G-02,Renn,2,18,dish
G-02,Renn,2,19,.
G-02,Renn,2,20,notice
G-02,Renn,2,21,how
G-02,Renn,2,22,the
G-02,Renn,2,23,light
G-02,Renn,2,24,pools
G-02,Renn,2,25,across
G-02,Renn,2,26,the
G-02,Renn,2,27,glaze
G-02,Renn,2,28,.
G-02,Renn,2,29,the
G-02,Renn,2,30,handle
G-02,Renn,2,31,was
G-02,Renn,2,32,made
G-02,Renn,2,33,by
G-02,Renn,2,34,hand
G-02,Renn,2,35,.
G-02,Renn,2,36,look
G-02,Renn,2,37,closely
G-02,Renn,2,38,at
G-02,Renn,2,39,the
G-02,Renn,2,40,colour
G-02,Renn,2,41,.
G-02,Renn,2,42,when
G-02,Renn,2,43,you
G-02,Renn,2,44,are
G-02,Renn,2,45,ready
G-02,Renn,2,46,","
G-02,Renn,2,47,move
G-02,Renn,2,48,on
G-02,Renn,2,49,.
G-02,Renn,3,1,stop
G-02,Renn,3,2,three
G-02,Renn,3,3,.
G-02,Renn,3,4,in
G-02,Renn,3,5,front
G-02,Renn,3,6,of
G-02,Renn,3,7,you
G-02,Renn,3,8,is
G-02,Renn,3,9,a
G-02,Renn,3,10,jug
G-02,Renn,3,11,.
G-02,Renn,3,12,in
G-02,Renn,3,13,front
G-02,Renn,3,14,of
G-02,Renn,3,15,you
G-02,Renn,3,16,is
G-02,Renn,3,17,a
G-02,Renn,3,18,jug
G-02,Renn,3,19,.
G-02,Renn,3,20,notice
G-02,Renn,3,21,how
G-02,Renn,3,22,the
G-02,Renn,3,23,light
G-02,Renn,3,24,fades
G-02,Renn,3,25,across
G-02,Renn,3,26,the
G-02,Renn,3,27,glass
G-02,Renn,3,28,.
G-02,Renn,3,29,the
G-02,Renn,3,30,rim
G-02,Renn,3,31,was
G-02,Renn,3,32,made
G-02,Renn,3,33,by
G-02,Renn,3,34,hand
G-02,Renn,3,35,.
G-02,Renn,3,36,this
G-02,Renn,3,37,room
G-02,Renn,3,38,was
G-02,Renn,3,39,once
G-02,Renn,3,40,the
G-02,Renn,3,41,counting
G-02,Renn,3,42,house
G-02,Renn,3,43,of
G-02,Renn,3,44,the
G-02,Renn,3,45,old
G-02,Renn,3,46,dye
G-02,Renn,3,47,works
G-02,Renn,3,48,.
G-02,Renn,3,49,look
G-02,Renn,3,50,closely
G-02,Renn,3,51,at
G-02,Renn,3,52,the
G-02,Renn,3,53,cracks
G-02,Renn,3,54,.
G-02,Renn,3,55,when
G-02,Renn,3,56,you
G-02,Renn,3,57,are
G-02,Renn,3,58,ready
G-02,Renn,3,59,","
G-02,Renn,3,60,move
G-02,Renn,3,61,on
G-02,Renn,3,62,.
G-02,Renn,4,1,stop
G-02,Renn,4,2,four
G-02,Renn,4,3,.
G-02,Renn,4,4,in
G-02,Renn,4,5,front
G-02,Renn,4,6,of
G-02,Renn,4,7,you
G-02,Renn,4,8,is
G-02,Renn,4,9,a
G-02,Renn,4,10,bowl
G-02,Renn,4,11,.
G-02,Renn,4,12,notice
G-02,Renn,4,13,how
G-02,Renn,4,14,the
G-02,Renn,4,15,light
G-02,Renn,4,16,moves
G-02,Renn,4,17,across
G-02,Renn,4,18,the
G-02,Renn,4,19,glaze
G-02,Renn,4,20,.
G-02,Renn,4,21,the
G-02,Renn,4,22,rim
G-02,Renn,4,23,was
G-02,Renn,4,24,made
G-02,Renn,4,25,by
G-02,Renn,4,26,hand
G-02,Renn,4,27,.
G-02,Renn,4,28,look
G-02,Renn,4,29,closely
G-02,Renn,4,30,at
G-02,Renn,4,31,the
G-02,Renn,4,32,joins
G-02,Renn,4,33,.
G-02,Renn,4,34,when
G-02,Renn,4,35,you
G-02,Renn,4,36,are
G-02,Renn,4,37,ready
G-02,Renn,4,38,","
G-02,Renn,4,39,move
G-02,Renn,4,40,on
G-02,Renn,4,41,.
G-02,Renn,5,1,stop
G-02,Renn,5,2,five
G-02,Renn,5,3,.
G-02,Renn,5,4,in
G-02,Renn,5,5,front
G-02,Renn,5,6,of
G-02,Renn,5,7,you
G-02,Renn,5,8,is
G-02,Renn,5,9,a
G-02,Renn,5,10,jug
G-02,Renn,5,11,.
G-02,Renn,5,12,in
G-02,Renn,5,13,front
G-02,Renn,5,14,of
G-02,Renn,5,15,you
G-02,Renn,5,16,is
G-02,Renn,5,17,an
G-02,Renn,5,18,urn
G-02,Renn,5,19,.
G-02,Renn,5,20,notice
G-02,Renn,5,21,how
G-02,Renn,5,22,the
G-02,Renn,5,23,light
G-02,Renn,5,24,falls
G-02,Renn,5,25,across
G-02,Renn,5,26,the
G-02,Renn,5,27,glaze
G-02,Renn,5,28,.
G-02,Renn,5,29,the
G-02,Renn,5,30,foot
G-02,Renn,5,31,was
G-02,Renn,5,32,made
G-02,Renn,5,33,by
G-02,Renn,5,34,hand
G-02,Renn,5,35,.
G-02,Renn,5,36,look
G-02,Renn,5,37,closely
G-02,Renn,5,38,at
G-02,Renn,5,39,the
G-02,Renn,5,40,joins
G-02,Renn,5,41,.
G-02,Renn,5,42,when
G-02,Renn,5,43,you
G-02,Renn,5,44,are
G-02,Renn,5,45,ready
G-02,Renn,5,46,","
G-02,Renn,5,47,move
G-02,Renn,5,48,on
G-02,Renn,5,49,.
G-02,Renn,6,1,stop
G-02,Renn,6,2,six
G-02,Renn,6,3,.
G-02,Renn,6,4,in
G-02,Renn,6,5,front
G-02,Renn,6,6,of
G-02,Renn,6,7,you
G-02,Renn,6,8,is
G-02,Renn,6,9,a
G-02,Renn,6,10,bowl
G-02,Renn,6,11,.
G-02,Renn,6,12,in
G-02,Renn,6,13,front
G-02,Renn,6,14,of
G-02,Renn,6,15,you
G-02,Renn,6,16,is
G-02,Renn,6,17,a
G-02,Renn,6,18,jug
G-02,Renn,6,19,.
G-02,Renn,6,20,notice
G-02,Renn,6,21,how
G-02,Renn,6,22,the
G-02,Renn,6,23,light
G-02,Renn,6,24,falls
G-02,Renn,6,25,across
G-02,Renn,6,26,the
G-02,Renn,6,27,glaze
G-02,Renn,6,28,.
G-02,Renn,6,29,the
G-02,Renn,6,30,handle
G-02,Renn,6,31,was
G-02,Renn,6,32,made
G-02,Renn,6,33,by
G-02,Renn,6,34,hand
G-02,Renn,6,35,.
G-02,Renn,6,36,this
G-02,Renn,6,37,room
G-02,Renn,6,38,was
G-02,Renn,6,39,once
G-02,Renn,6,40,the
G-02,Renn,6,41,counting
G-02,Renn,6,42,house
G-02,Renn,6,43,of
G-02,Renn,6,44,the
G-02,Renn,6,45,old
G-02,Renn,6,46,dye
G-02,Renn,6,47,works
G-02,Renn,6,48,.
G-02,Renn,6,49,look
G-02,Renn,6,50,closely
G-02,Renn,6,51,at
G-02,Renn,6,52,the
G-02,Renn,6,53,colour
G-02,Renn,6,54,.
G-02,Renn,6,55,when
G-02,Renn,6,56,you
G-02,Renn,6,57,are
G-02,Renn,6,58,ready
G-02,Renn,6,59,","
G-02,Renn,6,60,move
G-02,Renn,6,61,on
G-02,Renn,6,62,.
G-02,Renn,7,1,stop
G-02,Renn,7,2,seven
G-02,Renn,7,3,.
G-02,Renn,7,4,in
G-02,Renn,7,5,front
G-02,Renn,7,6,of
G-02,Renn,7,7,you
G-02,Renn,7,8,is
G-02,Renn,7,9,a
G-02,Renn,7,10,bowl
G-02,Renn,7,11,.
G-02,Renn,7,12,in
G-02,Renn,7,13,front
G-02,Renn,7,14,of
G-02,Renn,7,15,you
G-02,Renn,7,16,is
G-02,Renn,7,17,a
G-02,Renn,7,18,bowl
G-02,Renn,7,19,.
G-02,Renn,7,20,notice
G-02,Renn,7,21,how
G-02,Renn,7,22,the
G-02,Renn,7,23,light
G-02,Renn,7,24,falls
G-02,Renn,7,25,across
G-02,Renn,7,26,the
G-02,Renn,7,27,glaze
G-02,Renn,7,28,.
G-02,Renn,7,29,the
G-02,Renn,7,30,rim
G-02,Renn,7,31,was
G-02,Renn,7,32,made
G-02,Renn,7,33,by
G-02,Renn,7,34,hand
G-02,Renn,7,35,.
G-02,Renn,7,36,look
G-02,Renn,7,37,closely
G-02,Renn,7,38,at
G-02,Renn,7,39,the
G-02,Renn,7,40,joins
G-02,Renn,7,41,.
G-02,Renn,7,42,when
G-02,Renn,7,43,you
G-02,Renn,7,44,are
G-02,Renn,7,45,ready
G-02,Renn,7,46,","
G-02,Renn,7,47,move
G-02,Renn,7,48,on
G-02,Renn,7,49,.
G-02,Renn,8,1,stop
G-02,Renn,8,2,eight
G-02,Renn,8,3,.
G-02,Renn,8,4,in
G-02,Renn,8,5,front
G-02,Renn,8,6,of
G-02,Renn,8,7,you
G-02,Renn,8,8,is
G-02,Renn,8,9,a
G-02,Renn,8,10,bowl
G-02,Renn,8,11,.
G-02,Renn,8,12,notice
G-02,Renn,8,13,how
G-02,Renn,8,14,the
G-02,Renn,8,15,light
G-02,Renn,8,16,catches
G-02,Renn,8,17,across
G-02,Renn,8,18,the
G-02,Renn,8,19,glaze
G-02,Renn,8,20,.
G-02,Renn,8,21,the
G-02,Renn,8,22,handle
G-02,Renn,8,23,was
G-02,Renn,8,24,made
G-02,Renn,8,25,by
G-02,Renn,8,26,hand
G-02,Renn,8,27,.
G-02,Renn,8,28,look
G-02,Renn,8,29,closely
G-02,Renn,8,30,at
G-02,Renn,8,31,the
G-02,Renn,8,32,joins
G-02,Renn,8,33,.
G-02,Renn,8,34,when
G-02,Renn,8,35,you
G-02,Renn,8,36,are
G-02,Renn,8,37,ready
G-02,Renn,8,38,","
G-02,Renn,8,39,move
G-02,Renn,8,40,on
G-02,Renn,8,41,.
G-02,Renn,9,1,stop
G-02,Renn,9,2,nine
G-02,Renn,9,3,.
G-02,Renn,9,4,in
G-02,Renn,9,5,front
G-02,Renn,9,6,of
G-02,Renn,9,7,you
G-02,Renn,9,8,is
G-02,Renn,9,9,a
G-02,Renn,9,10,tile
G-02,Renn,9,11,.
G-02,Renn,9,12,notice
G-02,Renn,9,13,how
G-02,Renn,9,14,the
G-02,Renn,9,15,light
G-02,Renn,9,16,rests
G-02,Renn,9,17,across
G-02,Renn,9,18,the
G-02,Renn,9,19,glass
G-02,Renn,9,20,.
G-02,Renn,9,21,the
G-02,Renn,9,22,handle
G-02,Renn,9,23,was
G-02,Renn,9,24,made
G-02,Renn,9,25,by
G-02,Renn,9,26,hand
G-02,Renn,9,27,.
G-02,Renn,9,28,this
G-02,Renn,9,29,room
G-02,Renn,9,30,was
G-02,Renn,9,31,once
G-02,Renn,9,32,the
G-02,Renn,9,33,counting
G-02,Renn,9,34,house
G-02,Renn,9,35,of
G-02,Renn,9,36,the
G-02,Renn,9,37,old
G-02,Renn,9,38,dye
G-02,Renn,9,39,works
G-02,Renn,9,40,.
G-02,Renn,9,41,look
G-02,Renn,9,42,closely
G-02,Renn,9,43,at
G-02,Renn,9,44,the
G-02,Renn,9,45,joins
G-02,Renn,9,46,.
G-02,Renn,9,47,when
G-02,Renn,9,48,you
G-02,Renn,9,49,are
G-02,Renn,9,50,ready
G-02,Renn,9,51,","
G-02,Renn,9,52,move
G-02,Renn,9,53,on
G-02,Renn,9,54,.
G-02,Renn,10,1,stop
G-02,Renn,10,2,ten
G-02,Renn,10,3,.
G-02,Renn,10,4,in
G-02,Renn,10,5,front
G-02,Renn,10,6,of
G-02,Renn,10,7,you
G-02,Renn,10,8,is
G-02,Renn,10,9,a
G-02,Renn,10,10,bowl
G-02,Renn,10,11,.
G-02,Renn,10,12,in
G-02,Renn,10,13,front
G-02,Renn,10,14,of
G-02,Renn,10,15,you
G-02,Renn,10,16,is
G-02,Renn,10,17,a
G-02,Renn,10,18,bowl
G-02,Renn,10,19,.
G-02,Renn,10,20,notice
G-02,Renn,10,21,how
G-02,Renn,10,22,the
G-02,Renn,10,23,light
G-02,Renn,10,24,softens
G-02,Renn,10,25,across
G-02,Renn,10,26,the
G-02,Renn,10,27,glass
G-02,Renn,10,28,.
G-02,Renn,10,29,the
G-02,Renn,10,30,spout
G-02,Renn,10,31,was
G-02,Renn,10,32,made
G-02,Renn,10,33,by
G-02,Renn,10,34,hand
G-02,Renn,10,35,.
G-02,Renn,10,36,look
G-02,Renn,10,37,closely
G-02,Renn,10,38,at
G-02,Renn,10,39,the
G-02,Renn,10,40,cracks
G-02,Renn,10,41,.
G-02,Renn,10,42,when
G-02,Renn,10,43,you
G-02,Renn,10,44,are
G-02,Renn,10,45,ready
G-02,Renn,10,46,","
G-02,Renn,10,47,move
G-02,Renn,10,48,on
G-02,Renn,10,49,.
G-02,Renn,11,1,stop
G-02,Renn,11,2,eleven
G-02,Renn,11,3,.
G-02,Renn,11,4,in
G-02,Renn,11,5,front
G-02,Renn,11,6,of
G-02,Renn,11,7,you
G-02,Renn,11,8,is
G-02,Renn,11,9,a
G-02,Renn,11,10,dish
G-02,Renn,11,11,.
G-02,Renn,11,12,in
G-02,Renn,11,13,front
G-02,Renn,11,14,of
G-02,Renn,11,15,you
G-02,Renn,11,16,is
G-02,Renn,11,17,a
G-02,Renn,11,18,bowl
G-02,Renn,11,19,.
G-02,Renn,11,20,notice
G-02,Renn,11,21,how
G-02,Renn,11,22,the
G-02,Renn,11,23,light
G-02,Renn,11,24,falls
G-02,Renn,11,25,across
G-02,Renn,11,26,the
G-02,Renn,11,27,glass
G-02,Renn,11,28,.
G-02,Renn,11,29,the
G-02,Renn,11,30,rim
G-02,Renn,11,31,was
G-02,Renn,11,32,made
G-02,Renn,11,33,by
G-02,Renn,11,34,hand
G-02,Renn,11,35,.
G-02,Renn,11,36,look
G-02,Renn,11,37,closely
G-02,Renn,11,38,at
G-02,Renn,11,39,the
G-02,Renn,11,40,joins
G-02,Renn,11,41,.
G-02,Renn,11,42,when
G-02,Renn,11,43,you
G-02,Renn,11,44,are
G-02,Renn,11,45,ready
G-02,Renn,11,46,","
G-02,Renn,11,47,move
G-02,Renn,11,48,on
G-02,Renn,11,49,.
G-02,Renn,12,1,stop
G-02,Renn,12,2,twelve
G-02,Renn,12,3,.
G-02,Renn,12,4,in
G-02,Renn,12,5,front
G-02,Renn,12,6,of
G-02,Renn,12,7,you
G-02,Renn,12,8,is
G-02,Renn,12,9,a
G-02,Renn,12,10,jug
G-02,Renn,12,11,.
G-02,Renn,12,12,notice
G-02,Renn,12,13,how
G-02,Renn,12,14,the
G-02,Renn,12,15,light
G-02,Renn,12,16,falls
G-02,Renn,12,17,across
G-02,Renn,12,18,the
G-02,Renn,12,19,glass
G-02,Renn,12,20,.
G-02,Renn,12,21,the
G-02,Renn,12,22,spout
G-02,Renn,12,23,was
G-02,Renn,12,24,made
G-02,Renn,12,25,by
G-02,Renn,12,26,hand
G-02,Renn,12,27,.
G-02,Renn,12,28,this
G-02,Renn,12,29,room
G-02,Renn,12,30,was
G-02,Renn,12,31,once
G-02,Renn,12,32,the
G-02,Renn,12,33,counting
G-02,Renn,12,34,house
G-02,Renn,12,35,of
G-02,Renn,12,36,the
G-02,Renn,12,37,old
G-02,Renn,12,38,dye
G-02,Renn,12,39,works
G-02,Renn,12,40,.
G-02,Renn,12,41,look
G-02,Renn,12,42,closely
G-02,Renn,12,43,at
G-02,Renn,12,44,the
G-02,Renn,12,45,joins
G-02,Renn,12,46,.
G-02,Renn,12,47,when
G-02,Renn,12,48,you
G-02,Renn,12,49,are
G-02,Renn,12,50,ready
G-02,Renn,12,51,","
G-02,Renn,12,52,move
G-02,Renn,12,53,on
G-02,Renn,12,54,.
G-02,Renn,13,1,stop
G-02,Renn,13,2,thirteen
G-02,Renn,13,3,.
G-02,Renn,13,4,in
G-02,Renn,13,5,front
G-02,Renn,13,6,of
G-02,Renn,13,7,you
G-02,Renn,13,8,is
G-02,Renn,13,9,a
G-02,Renn,13,10,bowl
G-02,Renn,13,11,.
G-02,Renn,13,12,in
G-02,Renn,13,13,front
G-02,Renn,13,14,of
G-02,Renn,13,15,you
G-02,Renn,13,16,is
G-02,Renn,13,17,a
G-02,Renn,13,18,jug
G-02,Renn,13,19,.
G-02,Renn,13,20,notice
G-02,Renn,13,21,how
G-02,Renn,13,22,the
G-02,Renn,13,23,light
G-02,Renn,13,24,fades
G-02,Renn,13,25,across
G-02,Renn,13,26,the
G-02,Renn,13,27,glaze
G-02,Renn,13,28,.
G-02,Renn,13,29,the
G-02,Renn,13,30,rim
G-02,Renn,13,31,was
G-02,Renn,13,32,made
G-02,Renn,13,33,by
G-02,Renn,13,34,hand
G-02,Renn,13,35,.
G-02,Renn,13,36,look
G-02,Renn,13,37,closely
G-02,Renn,13,38,at
G-02,Renn,13,39,the
G-02,Renn,13,40,joins
G-02,Renn,13,41,.
G-02,Renn,13,42,when
G-02,Renn,13,43,you
G-02,Renn,13,44,are
G-02,Renn,13,45,ready
G-02,Renn,13,46,","
G-02,Renn,13,47,move
G-02,Renn,13,48,on
G-02,Renn,13,49,.
G-02,Renn,14,1,stop
G-02,Renn,14,2,fourteen
G-02,Renn,14,3,.
G-02,Renn,14,4,in
G-02,Renn,14,5,front
G-02,Renn,14,6,of
G-02,Renn,14,7,you
G-02,Renn,14,8,is
G-02,Renn,14,9,a
G-02,Renn,14,10,bowl
G-02,Renn,14,11,.
G-02,Renn,14,12,in
G-02,Renn,14,13,front
G-02,Renn,14,14,of
G-02,Renn,14,15,you
G-02,Renn,14,16,is
G-02,Renn,14,17,a
G-02,Renn,14,18,bowl
G-02,Renn,14,19,.
G-02,Renn,14,20,notice
G-02,Renn,14,21,how
G-02,Renn,14,22,the
G-02,Renn,14,23,light
G-02,Renn,14,24,falls
G-02,Renn,14,25,across
G-02,Renn,14,26,the
G-02,Renn,14,27,glaze
G-02,Renn,14,28,.
G-02,Renn,14,29,the
G-02,Renn,14,30,handle
G-02,Renn,14,31,was
G-02,Renn,14,32,made
G-02,Renn,14,33,by
G-02,Renn,14,34,hand
G-02,Renn,14,35,.
G-02,Renn,14,36,look
G-02,Renn,14,37,closely
G-02,Renn,14,38,at
G-02,Renn,14,39,the
G-02,Renn,14,40,joins
G-02,Renn,14,41,.
G-02,Renn,14,42,when
G-02,Renn,14,43,you
G-02,Renn,14,44,are
G-02,Renn,14,45,ready
G-02,Renn,14,46,","
G-02,Renn,14,47,move
G-02,Renn,14,48,on
G-02,Renn,14,49,.
G-02,Renn,15,1,stop
G-02,Renn,15,2,fifteen
G-02,Renn,15,3,.
G-02,Renn,15,4,in
G-02,Renn,15,5,front
G-02,Renn,15,6,of
G-02,Renn,15,7,you
G-02,Renn,15,8,is
G-02,Renn,15,9,a
G-02,Renn,15,10,bowl
G-02,Renn,15,11,.
G-02,Renn,15,12,in
G-02,Renn,15,13,front
G-02,Renn,15,14,of
G-02,Renn,15,15,you
G-02,Renn,15,16,is
G-02,Renn,15,17,a
G-02,Renn,15,18,dish
G-02,Renn,15,19,.
G-02,Renn,15,20,notice
G-02,Renn,15,21,how
G-02,Renn,15,22,the
G-02,Renn,15,23,light
G-02,Renn,15,24,falls
G-02,Renn,15,25,across
G-02,Renn,15,26,the
G-02,Renn,15,27,glaze
G-02,Renn,15,28,.
G-02,Renn,15,29,the
G-02,Renn,15,30,rim
G-02,Renn,15,31,was
G-02,Renn,15,32,made
G-02,Renn,15,33,by
G-02,Renn,15,34,hand
G-02,Renn,15,35,.
G-02,Renn,15,36,this
G-02,Renn,15,37,room
G-02,Renn,15,38,was
G-02,Renn,15,39,once
G-02,Renn,15,40,the
G-02,Renn,15,41,counting
G-02,Renn,15,42,house
G-02,Renn,15,43,of
G-02,Renn,15,44,the
G-02,Renn,15,45,old
G-02,Renn,15,46,dye
G-02,Renn,15,47,works
G-02,Renn,15,48,.
G-02,Renn,15,49,look
G-02,Renn,15,50,closely
G-02,Renn,15,51,at
G-02,Renn,15,52,the
G-02,Renn,15,53,cracks
G-02,Renn,15,54,.
G-02,Renn,15,55,when
G-02,Renn,15,56,you
G-02,Renn,15,57,are
G-02,Renn,15,58,ready
G-02,Renn,15,59,","
G-02,Renn,15,60,move
G-02,Renn,15,61,on
G-02,Renn,15,62,.
G-02,Renn,16,1,stop
G-02,Renn,16,2,sixteen
G-02,Renn,16,3,.
G-02,Renn,16,4,in
G-02,Renn,16,5,front
G-02,Renn,16,6,of
G-02,Renn,16,7,you
G-02,Renn,16,8,is
G-02,Renn,16,9,a
G-02,Renn,16,10,bowl
G-02,Renn,16,11,.
G-02,Renn,16,12,in
G-02,Renn,16,13,front
G-02,Renn,16,14,of
G-02,Renn,16,15,you
G-02,Renn,16,16,is
G-02,Renn,16,17,a
G-02,Renn,16,18,bowl
G-02,Renn,16,19,.
G-02,Renn,16,20,notice
G-02,Renn,16,21,how
G-02,Renn,16,22,the
G-02,Renn,16,23,light
G-02,Renn,16,24,pools
G-02,Renn,16,25,across
G-02,Renn,16,26,the
G-02,Renn,16,27,glass
G-02,Renn,16,28,.
G-02,Renn,16,29,the
G-02,Renn,16,30,handle
G-02,Renn,16,31,was
G-02,Renn,16,32,made
G-02,Renn,16,33,by
G-02,Renn,16,34,hand
G-02,Renn,16,35,.
G-02,Renn,16,36,look
G-02,Renn,16,37,closely
G-02,Renn,16,38,at
G-02,Renn,16,39,the
G-02,Renn,16,40,cracks
G-02,Renn,16,41,.
G-02,Renn,16,42,when
G-02,Renn,16,43,you
G-02,Renn,16,44,are
G-02,Renn,16,45,ready
G-02,Renn,16,46,","
G-02,Renn,16,47,move
G-02,Renn,16,48,on
G-02,Renn,16,49,.
G-02,Renn,17,1,stop
G-02,Renn,17,2,seventeen
G-02,Renn,17,3,.
G-02,Renn,17,4,in
G-02,Renn,17,5,front
G-02,Renn,17,6,of
G-02,Renn,17,7,you
G-02,Renn,17,8,is
G-02,Renn,17,9,a
G-02,Renn,17,10,jug
G-02,Renn,17,11,.
G-02,Renn,17,12,in
G-02,Renn,17,13,front
G-02,Renn,17,14,of
G-02,Renn,17,15,you
G-02,Renn,17,16,is
G-02,Renn,17,17,a
G-02,Renn,17,18,bowl
G-02,Renn,17,19,.
G-02,Renn,17,20,notice
G-02,Renn,17,21,how
G-02,Renn,17,22,the
G-02,Renn,17,23,light
G-02,Renn,17,24,falls
G-02,Renn,17,25,across
G-02,Renn,17,26,the
G-02,Renn,17,27,glass
G-02,Renn,17,28,.
G-02,Renn,17,29,the
G-02,Renn,17,30,spout
G-02,Renn,17,31,was
G-02,Renn,17,32,made
G-02,Renn,17,33,by
G-02,Renn,17,34,hand
G-02,Renn,17,35,.
G-02,Renn,17,36,look
G-02,Renn,17,37,closely
G-02,Renn,17,38,at
G-02,Renn,17,39,the
G-02,Renn,17,40,cracks
G-02,Renn,17,41,.
G-02,Renn,17,42,when
G-02,Renn,17,43,you
G-02,Renn,17,44,are
G-02,Renn,17,45,ready
G-02,Renn,17,46,","
G-02,Renn,17,47,move
G-02,Renn,17,48,on
G-02,Renn,17,49,.
G-02,Renn,18,1,stop
G-02,Renn,18,2,eighteen
G-02,Renn,18,3,.
G-02,Renn,18,4,in
G-02,Renn,18,5,front
G-02,Renn,18,6,of
G-02,Renn,18,7,you
G-02,Renn,18,8,is
G-02,Renn,18,9,a
G-02,Renn,18,10,jug
G-02,Renn,18,11,.
G-02,Renn,18,12,in
G-02,Renn,18,13,front
G-02,Renn,18,14,of
G-02,Renn,18,15,you
G-02,Renn,18,16,is
G-02,Renn,18,17,a
G-02,Renn,18,18,bowl
G-02,Renn,18,19,.
G-02,Renn,18,20,notice
G-02,Renn,18,21,how
G-02,Renn,18,22,the
G-02,Renn,18,23,light
G-02,Renn,18,24,catches
G-02,Renn,18,25,across
G-02,Renn,18,26,the
G-02,Renn,18,27,varnish
G-02,Renn,18,28,.
G-02,Renn,18,29,the
G-02,Renn,18,30,rim
G-02,Renn,18,31,was
G-02,Renn,18,32,made
G-02,Renn,18,33,by
G-02,Renn,18,34,hand
G-02,Renn,18,35,.
G-02,Renn,18,36,this
G-02,Renn,18,37,room
G-02,Renn,18,38,was
G-02,Renn,18,39,once
G-02,Renn,18,40,the
G-02,Renn,18,41,counting
G-02,Renn,18,42,house
G-02,Renn,18,43,of
G-02,Renn,18,44,the
G-02,Renn,18,45,old
G-02,Renn,18,46,dye
G-02,Renn,18,47,works
G-02,Renn,18,48,.
G-02,Renn,18,49,look
G-02,Renn,18,50,closely
G-02,Renn,18,51,at
G-02,Renn,18,52,the
G-02,Renn,18,53,cracks
G-02,Renn,18,54,.
G-02,Renn,18,55,when
G-02,Renn,18,56,you
G-02,Renn,18,57,are
G-02,Renn,18,58,ready
G-02,Renn,18,59,","
G-02,Renn,18,60,move
G-02,Renn,18,61,on
G-02,Renn,18,62,.
G-02,Renn,19,1,stop
G-02,Renn,19,2,nineteen
G-02,Renn,19,3,.
G-02,Renn,19,4,in
G-02,Renn,19,5,front
G-02,Renn,19,6,of
G-02,Renn,19,7,you
G-02,Renn,19,8,is
G-02,Renn,19,9,a
G-02,Renn,19,10,bowl
G-02,Renn,19,11,.
G-02,Renn,19,12,in
G-02,Renn,19,13,front
G-02,Renn,19,14,of
G-02,Renn,19,15,you
G-02,Renn,19,16,is
G-02,Renn,19,17,a
G-02,Renn,19,18,bowl
G-02,Renn,19,19,.
G-02,Renn,19,20,notice
G-02,Renn,19,21,how
G-02,Renn,19,22,the
G-02,Renn,19,23,light
G-02,Renn,19,24,catches
G-02,Renn,19,25,across
G-02,Renn,19,26,the
G-02,Renn,19,27,varnish
G-02,Renn,19,28,.
G-02,Renn,19,29,the
G-02,Renn,19,30,rim
G-02,Renn,19,31,was
G-02,Renn,19,32,made
G-02,Renn,19,33,by
G-02,Renn,19,34,hand
G-02,Renn,19,35,.
G-02,Renn,19,36,look
G-02,Renn,19,37,closely
G-02,Renn,19,38,at
G-02,Renn,19,39,the
G-02,Renn,19,40,joins
G-02,Renn,19,41,.
G-02,Renn,19,42,when
G-02,Renn,19,43,you
G-02,Renn,19,44,are
G-02,Renn,19,45,ready
G-02,Renn,19,46,","
G-02,Renn,19,47,move
G-02,Renn,19,48,on
G-02,Renn,19,49,.
G-02,Renn,20,1,stop
G-02,Renn,20,2,twenty
G-02,Renn,20,3,.
G-02,Renn,20,4,in
G-02,Renn,20,5,front
G-02,Renn,20,6,of
G-02,Renn,20,7,you
G-02,Renn,20,8,is
G-02,Renn,20,9,a
G-02,Renn,20,10,bowl
G-02,Renn,20,11,.
G-02,Renn,20,12,notice
G-02,Renn,20,13,how
G-02,Renn,20,14,the
G-02,Renn,20,15,light
G-02,Renn,20,16,catches
G-02,Renn,20,17,across
G-02,Renn,20,18,the
G-02,Renn,20,19,glaze
G-02,Renn,20,20,.
G-02,Renn,20,21,the
G-02,Renn,20,22,rim
G-02,Renn,20,23,was
G-02,Renn,20,24,made
G-02,Renn,20,25,by
G-02,Renn,20,26,hand
G-02,Renn,20,27,.
G-02,Renn,20,28,look
G-02,Renn,20,29,closely
G-02,Renn,20,30,at
G-02,Renn,20,31,the
G-02,Renn,20,32,cracks
G-02,Renn,20,33,.
G-02,Renn,20,34,when
G-02,Renn,20,35,you
G-02,Renn,20,36,are
G-02,Renn,20,37,ready
G-02,Renn,20,38,","
G-02,Renn,20,39,move
G-02,Renn,20,40,on
G-02,Renn,20,41,.
G-03,Purley,1,1,stop
G-03,Purley,1,2,one
G-03,Purley,1,3,.
G-03,Purley,1,4,in
G-03,Purley,1,5,front
G-03,Purley,1,6,of
G-03,Purley,1,7,you
G-03,Purley,1,8,is
G-03,Purley,1,9,a
G-03,Purley,1,10,tile
G-03,Purley,1,11,.
G-03,Purley,1,12,in
G-03,Purley,1,13,front
G-03,Purley,1,14,of
G-03,Purley,1,15,you
G-03,Purley,1,16,is
G-03,Purley,1,17,an
G-03,Purley,1,18,urn
G-03,Purley,1,19,.
G-03,Purley,1,20,notice
G-03,Purley,1,21,how
G-03,Purley,1,22,the
G-03,Purley,1,23,light
G-03,Purley,1,24,fades
G-03,Purley,1,25,across
G-03,Purley,1,26,the
G-03,Purley,1,27,varnish
G-03,Purley,1,28,.
G-03,Purley,1,29,the
G-03,Purley,1,30,spout
G-03,Purley,1,31,was
G-03,Purley,1,32,made
G-03,Purley,1,33,by
G-03,Purley,1,34,hand
G-03,Purley,1,35,.
G-03,Purley,1,36,look
G-03,Purley,1,37,closely
G-03,Purley,1,38,at
G-03,Purley,1,39,the
G-03,Purley,1,40,cracks
G-03,Purley,1,41,.
G-03,Purley,1,42,when
G-03,Purley,1,43,you
G-03,Purley,1,44,are
G-03,Purley,1,45,ready
G-03,Purley,1,46,","
G-03,Purley,1,47,move
G-03,Purley,1,48,on
G-03,Purley,1,49,.
G-03,Purley,2,1,stop
G-03,Purley,2,2,two
G-03,Purley,2,3,.
G-03,Purley,2,4,in
G-03,Purley,2,5,front
G-03,Purley,2,6,of
G-03,Purley,2,7,you
G-03,Purley,2,8,is
G-03,Purley,2,9,a
G-03,Purley,2,10,dish
G-03,Purley,2,11,.
G-03,Purley,2,12,in
G-03,Purley,2,13,front
G-03,Purley,2,14,of
G-03,Purley,2,15,you
G-03,Purley,2,16,is
G-03,Purley,2,17,a
G-03,Purley,2,18,bowl
G-03,Purley,2,19,.
G-03,Purley,2,20,notice
G-03,Purley,2,21,how
G-03,Purley,2,22,the
G-03,Purley,2,23,light
G-03,Purley,2,24,moves
G-03,Purley,2,25,across
G-03,Purley,2,26,the
G-03,Purley,2,27,varnish
G-03,Purley,2,28,.
G-03,Purley,2,29,the
G-03,Purley,2,30,spout
G-03,Purley,2,31,was
G-03,Purley,2,32,made
G-03,Purley,2,33,by
G-03,Purley,2,34,hand
G-03,Purley,2,35,.
G-03,Purley,2,36,look
G-03,Purley,2,37,closely
G-03,Purley,2,38,at
G-03,Purley,2,39,the
G-03,Purley,2,40,cracks
G-03,Purley,2,41,.
G-03,Purley,2,42,when
G-03,Purley,2,43,you
G-03,Purley,2,44,are
G-03,Purley,2,45,ready
G-03,Purley,2,46,","
G-03,Purley,2,47,move
G-03,Purley,2,48,on
G-03,Purley,2,49,.
G-03,Purley,3,1,stop
G-03,Purley,3,2,three
G-03,Purley,3,3,.
G-03,Purley,3,4,in
G-03,Purley,3,5,front
G-03,Purley,3,6,of
G-03,Purley,3,7,you
G-03,Purley,3,8,is
G-03,Purley,3,9,a
G-03,Purley,3,10,bowl
G-03,Purley,3,11,.
G-03,Purley,3,12,in
G-03,Purley,3,13,front
G-03,Purley,3,14,of
G-03,Purley,3,15,you
G-03,Purley,3,16,is
G-03,Purley,3,17,a
G-03,Purley,3,18,bowl
G-03,Purley,3,19,.
G-03,Purley,3,20,notice
G-03,Purley,3,21,how
G-03,Purley,3,22,the
G-03,Purley,3,23,light
G-03,Purley,3,24,shifts
G-03,Purley,3,25,across
G-03,Purley,3,26,the
G-03,Purley,3,27,glass
G-03,Purley,3,28,.
G-03,Purley,3,29,the
G-03,Purley,3,30,spout
G-03,Purley,3,31,was
G-03,Purley,3,32,made
G-03,Purley,3,33,by
G-03,Purley,3,34,hand
G-03,Purley,3,35,.
G-03,Purley,3,36,the
G-03,Purley,3,37,bench
G-03,Purley,3,38,behind
G-03,Purley,3,39,you
G-03,Purley,3,40,is
G-03,Purley,3,41,original
G-03,Purley,3,42,and
G-03,Purley,3,43,visitors
G-03,Purley,3,44,are
G-03,Purley,3,45,welcome
G-03,Purley,3,46,to
G-03,Purley,3,47,sit
G-03,Purley,3,48,.
G-03,Purley,3,49,look
G-03,Purley,3,50,closely
G-03,Purley,3,51,at
G-03,Purley,3,52,the
G-03,Purley,3,53,colour
G-03,Purley,3,54,.
G-03,Purley,3,55,when
G-03,Purley,3,56,you
G-03,Purley,3,57,are
G-03,Purley,3,58,ready
G-03,Purley,3,59,","
G-03,Purley,3,60,move
G-03,Purley,3,61,on
G-03,Purley,3,62,.
G-03,Purley,4,1,stop
G-03,Purley,4,2,four
G-03,Purley,4,3,.
G-03,Purley,4,4,in
G-03,Purley,4,5,front
G-03,Purley,4,6,of
G-03,Purley,4,7,you
G-03,Purley,4,8,is
G-03,Purley,4,9,a
G-03,Purley,4,10,dish
G-03,Purley,4,11,.
G-03,Purley,4,12,in
G-03,Purley,4,13,front
G-03,Purley,4,14,of
G-03,Purley,4,15,you
G-03,Purley,4,16,is
G-03,Purley,4,17,a
G-03,Purley,4,18,dish
G-03,Purley,4,19,.
G-03,Purley,4,20,notice
G-03,Purley,4,21,how
G-03,Purley,4,22,the
G-03,Purley,4,23,light
G-03,Purley,4,24,moves
G-03,Purley,4,25,across
G-03,Purley,4,26,the
G-03,Purley,4,27,glaze
G-03,Purley,4,28,.
G-03,Purley,4,29,the
G-03,Purley,4,30,rim
G-03,Purley,4,31,was
G-03,Purley,4,32,made
G-03,Purley,4,33,by
G-03,Purley,4,34,hand
G-03,Purley,4,35,.
G-03,Purley,4,36,look
G-03,Purley,4,37,closely
G-03,Purley,4,38,at
G-03,Purley,4,39,the
G-03,Purley,4,40,joins
G-03,Purley,4,41,.
G-03,Purley,4,42,when
G-03,Purley,4,43,you
G-03,Purley,4,44,are
G-03,Purley,4,45,ready
G-03,Purley,4,46,","
G-03,Purley,4,47,move
G-03,Purley,4,48,on
G-03,Purley,4,49,.
G-03,Purley,5,1,stop
G-03,Purley,5,2,five
G-03,Purley,5,3,.
G-03,Purley,5,4,in
G-03,Purley,5,5,front
G-03,Purley,5,6,of
G-03,Purley,5,7,you
G-03,Purley,5,8,is
G-03,Purley,5,9,a
G-03,Purley,5,10,bowl
G-03,Purley,5,11,.
G-03,Purley,5,12,in
G-03,Purley,5,13,front
G-03,Purley,5,14,of
G-03,Purley,5,15,you
G-03,Purley,5,16,is
G-03,Purley,5,17,a
G-03,Purley,5,18,bowl
G-03,Purley,5,19,.
G-03,Purley,5,20,notice
G-03,Purley,5,21,how
G-03,Purley,5,22,the
G-03,Purley,5,23,light
G-03,Purley,5,24,catches
G-03,Purley,5,25,across
G-03,Purley,5,26,the
G-03,Purley,5,27,varnish
G-03,Purley,5,28,.
G-03,Purley,5,29,the
G-03,Purley,5,30,spout
G-03,Purley,5,31,was
G-03,Purley,5,32,made
G-03,Purley,5,33,by
G-03,Purley,5,34,hand
G-03,Purley,5,35,.
G-03,Purley,5,36,look
G-03,Purley,5,37,closely
G-03,Purley,5,38,at
G-03,Purley,5,39,the
G-03,Purley,5,40,colour
G-03,Purley,5,41,.
G-03,Purley,5,42,when
G-03,Purley,5,43,you
G-03,Purley,5,44,are
G-03,Purley,5,45,ready
G-03,Purley,5,46,","
G-03,Purley,5,47,move
G-03,Purley,5,48,on
G-03,Purley,5,49,.
G-03,Purley,6,1,stop
G-03,Purley,6,2,six
G-03,Purley,6,3,.
G-03,Purley,6,4,in
G-03,Purley,6,5,front
G-03,Purley,6,6,of
G-03,Purley,6,7,you
G-03,Purley,6,8,is
G-03,Purley,6,9,a
G-03,Purley,6,10,bowl
G-03,Purley,6,11,.
G-03,Purley,6,12,in
G-03,Purley,6,13,front
G-03,Purley,6,14,of
G-03,Purley,6,15,you
G-03,Purley,6,16,is
G-03,Purley,6,17,a
G-03,Purley,6,18,bowl
G-03,Purley,6,19,.
G-03,Purley,6,20,notice
G-03,Purley,6,21,how
G-03,Purley,6,22,the
G-03,Purley,6,23,light
G-03,Purley,6,24,softens
G-03,Purley,6,25,across
G-03,Purley,6,26,the
G-03,Purley,6,27,glass
G-03,Purley,6,28,.
G-03,Purley,6,29,the
G-03,Purley,6,30,spout
G-03,Purley,6,31,was
G-03,Purley,6,32,made
G-03,Purley,6,33,by
G-03,Purley,6,34,hand
G-03,Purley,6,35,.
G-03,Purley,6,36,the
G-03,Purley,6,37,bench
G-03,Purley,6,38,behind
G-03,Purley,6,39,you
G-03,Purley,6,40,is
G-03,Purley,6,41,original
G-03,Purley,6,42,and
G-03,Purley,6,43,visitors
G-03,Purley,6,44,are
G-03,Purley,6,45,welcome
G-03,Purley,6,46,to
G-03,Purley,6,47,sit
G-03,Purley,6,48,.
G-03,Purley,6,49,look
G-03,Purley,6,50,closely
G-03,Purley,6,51,at
G-03,Purley,6,52,the
G-03,Purley,6,53,colour
G-03,Purley,6,54,.
G-03,Purley,6,55,when
G-03,Purley,6,56,you
G-03,Purley,6,57,are
G-03,Purley,6,58,ready
G-03,Purley,6,59,","
G-03,Purley,6,60,move
G-03,Purley,6,61,on
G-03,Purley,6,62,.
G-03,Purley,7,1,stop
G-03,Purley,7,2,seven
G-03,Purley,7,3,.
G-03,Purley,7,4,in
G-03,Purley,7,5,front
G-03,Purley,7,6,of
G-03,Purley,7,7,you
G-03,Purley,7,8,is
G-03,Purley,7,9,a
G-03,Purley,7,10,jug
G-03,Purley,7,11,.
G-03,Purley,7,12,notice
G-03,Purley,7,13,how
G-03,Purley,7,14,the
G-03,Purley,7,15,light
G-03,Purley,7,16,moves
G-03,Purley,7,17,across
G-03,Purley,7,18,the
G-03,Purley,7,19,varnish
G-03,Purley,7,20,.
G-03,Purley,7,21,the
G-03,Purley,7,22,spout
G-03,Purley,7,23,was
G-03,Purley,7,24,made
G-03,Purley,7,25,by
G-03,Purley,7,26,hand
G-03,Purley,7,27,.
G-03,Purley,7,28,look
G-03,Purley,7,29,closely
G-03,Purley,7,30,at
G-03,Purley,7,31,the
G-03,Purley,7,32,colour
G-03,Purley,7,33,.
G-03,Purley,7,34,when
G-03,Purley,7,35,you
G-03,Purley,7,36,are
G-03,Purley,7,37,ready
G-03,Purley,7,38,","
G-03,Purley,7,39,move
G-03,Purley,7,40,on
G-03,Purley,7,41,.
G-03,Purley,8,1,stop
G-03,Purley,8,2,eight
G-03,Purley,8,3,.
G-03,Purley,8,4,in
G-03,Purley,8,5,front
G-03,Purley,8,6,of
G-03,Purley,8,7,you
G-03,Purley,8,8,is
G-03,Purley,8,9,a
G-03,Purley,8,10,tile
G-03,Purley,8,11,.
G-03,Purley,8,12,in
G-03,Purley,8,13,front
G-03,Purley,8,14,of
G-03,Purley,8,15,you
G-03,Purley,8,16,is
G-03,Purley,8,17,a
G-03,Purley,8,18,jug
G-03,Purley,8,19,.
G-03,Purley,8,20,notice
G-03,Purley,8,21,how
G-03,Purley,8,22,the
G-03,Purley,8,23,light
G-03,Purley,8,24,catches
G-03,Purley,8,25,across
G-03,Purley,8,26,the
G-03,Purley,8,27,glass
G-03,Purley,8,28,.
G-03,Purley,8,29,the
G-03,Purley,8,30,spout
G-03,Purley,8,31,was
G-03,Purley,8,32,made
G-03,Purley,8,33,by
G-03,Purley,8,34,hand
G-03,Purley,8,35,.
G-03,Purley,8,36,look
G-03,Purley,8,37,closely
G-03,Purley,8,38,at
G-03,Purley,8,39,the
G-03,Purley,8,40,colour
G-03,Purley,8,41,.
G-03,Purley,8,42,when
G-03,Purley,8,43,you
G-03,Purley,8,44,are
G-03,Purley,8,45,ready
G-03,Purley,8,46,","
G-03,Purley,8,47,move
G-03,Purley,8,48,on
G-03,Purley,8,49,.
G-03,Purley,9,1,stop
G-03,Purley,9,2,nine
G-03,Purley,9,3,.
G-03,Purley,9,4,in
G-03,Purley,9,5,front
G-03,Purley,9,6,of
G-03,Purley,9,7,you
G-03,Purley,9,8,is
G-03,Purley,9,9,a
G-03,Purley,9,10,dish
G-03,Purley,9,11,.
G-03,Purley,9,12,in
G-03,Purley,9,13,front
G-03,Purley,9,14,of
G-03,Purley,9,15,you
G-03,Purley,9,16,is
G-03,Purley,9,17,a
G-03,Purley,9,18,bowl
G-03,Purley,9,19,.
G-03,Purley,9,20,notice
G-03,Purley,9,21,how
G-03,Purley,9,22,the
G-03,Purley,9,23,light
G-03,Purley,9,24,catches
G-03,Purley,9,25,across
G-03,Purley,9,26,the
G-03,Purley,9,27,glass
G-03,Purley,9,28,.
G-03,Purley,9,29,the
G-03,Purley,9,30,spout
G-03,Purley,9,31,was
G-03,Purley,9,32,made
G-03,Purley,9,33,by
G-03,Purley,9,34,hand
G-03,Purley,9,35,.
G-03,Purley,9,36,the
G-03,Purley,9,37,bench
G-03,Purley,9,38,behind
G-03,Purley,9,39,you
G-03,Purley,9,40,is
G-03,Purley,9,41,original
G-03,Purley,9,42,and
G-03,Purley,9,43,visitors
G-03,Purley,9,44,are
G-03,Purley,9,45,welcome
G-03,Purley,9,46,to
G-03,Purley,9,47,sit
G-03,Purley,9,48,.
G-03,Purley,9,49,look
G-03,Purley,9,50,closely
G-03,Purley,9,51,at
G-03,Purley,9,52,the
G-03,Purley,9,53,cracks
G-03,Purley,9,54,.
G-03,Purley,9,55,when
G-03,Purley,9,56,you
G-03,Purley,9,57,are
G-03,Purley,9,58,ready
G-03,Purley,9,59,","
G-03,Purley,9,60,move
G-03,Purley,9,61,on
G-03,Purley,9,62,.
G-03,Purley,10,1,stop
G-03,Purley,10,2,ten
G-03,Purley,10,3,.
G-03,Purley,10,4,in
G-03,Purley,10,5,front
G-03,Purley,10,6,of
G-03,Purley,10,7,you
G-03,Purley,10,8,is
G-03,Purley,10,9,a
G-03,Purley,10,10,bowl
G-03,Purley,10,11,.
G-03,Purley,10,12,in
G-03,Purley,10,13,front
G-03,Purley,10,14,of
G-03,Purley,10,15,you
G-03,Purley,10,16,is
G-03,Purley,10,17,a
G-03,Purley,10,18,bowl
G-03,Purley,10,19,.
G-03,Purley,10,20,notice
G-03,Purley,10,21,how
G-03,Purley,10,22,the
G-03,Purley,10,23,light
G-03,Purley,10,24,moves
G-03,Purley,10,25,across
G-03,Purley,10,26,the
G-03,Purley,10,27,varnish
G-03,Purley,10,28,.
G-03,Purley,10,29,the
G-03,Purley,10,30,rim
G-03,Purley,10,31,was
G-03,Purley,10,32,made
G-03,Purley,10,33,by
G-03,Purley,10,34,hand
G-03,Purley,10,35,.
G-03,Purley,10,36,look
G-03,Purley,10,37,closely
G-03,Purley,10,38,at
G-03,Purley,10,39,the
G-03,Purley,10,40,cracks
G-03,Purley,10,41,.
G-03,Purley,10,42,when
G-03,Purley,10,43,you
G-03,Purley,10,44,are
G-03,Purley,10,45,ready
G-03,Purley,10,46,","
G-03,Purley,10,47,move
G-03,Purley,10,48,on
G-03,Purley,10,49,.
G-03,Purley,11,1,stop
G-03,Purley,11,2,eleven
G-03,Purley,11,3,.
G-03,Purley,11,4,in
G-03,Purley,11,5,front
G-03,Purley,11,6,of
G-03,Purley,11,7,you
G-03,Purley,11,8,is
G-03,Purley,11,9,a
G-03,Purley,11,10,bowl
G-03,Purley,11,11,.
G-03,Purley,11,12,notice
G-03,Purley,11,13,how
G-03,Purley,11,14,the
G-03,Purley,11,15,light
G-03,Purley,11,16,falls
G-03,Purley,11,17,across
G-03,Purley,11,18,the
G-03,Purley,11,19,glass
G-03,Purley,11,20,.
G-03,Purley,11,21,the
G-03,Purley,11,22,spout
G-03,Purley,11,23,was
G-03,Purley,11,24,made
G-03,Purley,11,25,by
G-03,Purley,11,26,hand
G-03,Purley,11,27,.
G-03,Purley,11,28,look
G-03,Purley,11,29,closely
G-03,Purley,11,30,at
G-03,Purley,11,31,the
G-03,Purley,11,32,colour
G-03,Purley,11,33,.
G-03,Purley,11,34,when
G-03,Purley,11,35,you
G-03,Purley,11,36,are
G-03,Purley,11,37,ready
G-03,Purley,11,38,","
G-03,Purley,11,39,move
G-03,Purley,11,40,on
G-03,Purley,11,41,.
G-03,Purley,12,1,stop
G-03,Purley,12,2,twelve
G-03,Purley,12,3,.
G-03,Purley,12,4,in
G-03,Purley,12,5,front
G-03,Purley,12,6,of
G-03,Purley,12,7,you
G-03,Purley,12,8,is
G-03,Purley,12,9,a
G-03,Purley,12,10,dish
G-03,Purley,12,11,.
G-03,Purley,12,12,notice
G-03,Purley,12,13,how
G-03,Purley,12,14,the
G-03,Purley,12,15,light
G-03,Purley,12,16,rests
G-03,Purley,12,17,across
G-03,Purley,12,18,the
G-03,Purley,12,19,glass
G-03,Purley,12,20,.
G-03,Purley,12,21,the
G-03,Purley,12,22,handle
G-03,Purley,12,23,was
G-03,Purley,12,24,made
G-03,Purley,12,25,by
G-03,Purley,12,26,hand
G-03,Purley,12,27,.
G-03,Purley,12,28,the
G-03,Purley,12,29,bench
G-03,Purley,12,30,behind
G-03,Purley,12,31,you
G-03,Purley,12,32,is
G-03,Purley,12,33,original
G-03,Purley,12,34,and
G-03,Purley,12,35,visitors
G-03,Purley,12,36,are
G-03,Purley,12,37,welcome
G-03,Purley,12,38,to
G-03,Purley,12,39,sit
G-03,Purley,12,40,.
G-03,Purley,12,41,look
G-03,Purley,12,42,closely
G-03,Purley,12,43,at
G-03,Purley,12,44,the
G-03,Purley,12,45,cracks
G-03,Purley,12,46,.
G-03,Purley,12,47,when
G-03,Purley,12,48,you
G-03,Purley,12,49,are
G-03,Purley,12,50,ready
G-03,Purley,12,51,","
G-03,Purley,12,52,move
G-03,Purley,12,53,on
G-03,Purley,12,54,.
G-03,Purley,13,1,stop
G-03,Purley,13,2,thirteen
G-03,Purley,13,3,.
G-03,Purley,13,4,in
G-03,Purley,13,5,front
G-03,Purley,13,6,of
G-03,Purley,13,7,you
G-03,Purley,13,8,is
G-03,Purley,13,9,a
G-03,Purley,13,10,dish
G-03,Purley,13,11,.
G-03,Purley,13,12,notice
G-03,Purley,13,13,how
G-03,Purley,13,14,the
G-03,Purley,13,15,light
G-03,Purley,13,16,shifts
G-03,Purley,13,17,across
G-03,Purley,13,18,the
G-03,Purley,13,19,varnish
G-03,Purley,13,20,.
G-03,Purley,13,21,the
G-03,Purley,13,22,spout
G-03,Purley,13,23,was
G-03,Purley,13,24,made
G-03,Purley,13,25,by
G-03,Purley,13,26,hand
G-03,Purley,13,27,.
G-03,Purley,13,28,look
G-03,Purley,13,29,closely
G-03,Purley,13,30,at
G-03,Purley,13,31,the
G-03,Purley,13,32,colour
G-03,Purley,13,33,.
G-03,Purley,13,34,when
G-03,Purley,13,35,you
G-03,Purley,13,36,are
G-03,Purley,13,37,ready
G-03,Purley,13,38,","
G-03,Purley,13,39,move
G-03,Purley,13,40,on
G-03,Purley,13,41,.
G-03,Purley,14,1,stop
G-03,Purley,14,2,fourteen
G-03,Purley,14,3,.
G-03,Purley,14,4,in
G-03,Purley,14,5,front
G-03,Purley,14,6,of
G-03,Purley,14,7,you
G-03,Purley,14,8,is
G-03,Purley,14,9,a
G-03,Purley,14,10,dish
G-03,Purley,14,11,.
G-03,Purley,14,12,in
G-03,Purley,14,13,front
G-03,Purley,14,14,of
G-03,Purley,14,15,you
G-03,Purley,14,16,is
G-03,Purley,14,17,a
G-03,Purley,14,18,bowl
G-03,Purley,14,19,.
G-03,Purley,14,20,notice
G-03,Purley,14,21,how
G-03,Purley,14,22,the
G-03,Purley,14,23,light
G-03,Purley,14,24,falls
G-03,Purley,14,25,across
G-03,Purley,14,26,the
G-03,Purley,14,27,glaze
G-03,Purley,14,28,.
G-03,Purley,14,29,the
G-03,Purley,14,30,rim
G-03,Purley,14,31,was
G-03,Purley,14,32,made
G-03,Purley,14,33,by
G-03,Purley,14,34,hand
G-03,Purley,14,35,.
G-03,Purley,14,36,look
G-03,Purley,14,37,closely
G-03,Purley,14,38,at
G-03,Purley,14,39,the
G-03,Purley,14,40,cracks
G-03,Purley,14,41,.
G-03,Purley,14,42,when
G-03,Purley,14,43,you
G-03,Purley,14,44,are
G-03,Purley,14,45,ready
G-03,Purley,14,46,","
G-03,Purley,14,47,move
G-03,Purley,14,48,on
G-03,Purley,14,49,.
G-03,Purley,15,1,stop
G-03,Purley,15,2,fifteen
G-03,Purley,15,3,.
G-03,Purley,15,4,in
G-03,Purley,15,5,front
G-03,Purley,15,6,of
G-03,Purley,15,7,you
G-03,Purley,15,8,is
G-03,Purley,15,9,a
G-03,Purley,15,10,dish
G-03,Purley,15,11,.
G-03,Purley,15,12,in
G-03,Purley,15,13,front
G-03,Purley,15,14,of
G-03,Purley,15,15,you
G-03,Purley,15,16,is
G-03,Purley,15,17,a
G-03,Purley,15,18,bowl
G-03,Purley,15,19,.
G-03,Purley,15,20,notice
G-03,Purley,15,21,how
G-03,Purley,15,22,the
G-03,Purley,15,23,light
G-03,Purley,15,24,fades
G-03,Purley,15,25,across
G-03,Purley,15,26,the
G-03,Purley,15,27,glaze
G-03,Purley,15,28,.
G-03,Purley,15,29,the
G-03,Purley,15,30,spout
G-03,Purley,15,31,was
G-03,Purley,15,32,made
G-03,Purley,15,33,by
G-03,Purley,15,34,hand
G-03,Purley,15,35,.
G-03,Purley,15,36,the
G-03,Purley,15,37,bench
G-03,Purley,15,38,behind
G-03,Purley,15,39,you
G-03,Purley,15,40,is
G-03,Purley,15,41,original
G-03,Purley,15,42,and
G-03,Purley,15,43,visitors
G-03,Purley,15,44,are
G-03,Purley,15,45,welcome
G-03,Purley,15,46,to
G-03,Purley,15,47,sit
G-03,Purley,15,48,.
G-03,Purley,15,49,look
G-03,Purley,15,50,closely
G-03,Purley,15,51,at
G-03,Purley,15,52,the
G-03,Purley,15,53,cracks
G-03,Purley,15,54,.
G-03,Purley,15,55,when
G-03,Purley,15,56,you
G-03,Purley,15,57,are
G-03,Purley,15,58,ready
G-03,Purley,15,59,","
G-03,Purley,15,60,move
G-03,Purley,15,61,on
G-03,Purley,15,62,.
G-03,Purley,16,1,stop
G-03,Purley,16,2,sixteen
G-03,Purley,16,3,.
G-03,Purley,16,4,in
G-03,Purley,16,5,front
G-03,Purley,16,6,of
G-03,Purley,16,7,you
G-03,Purley,16,8,is
G-03,Purley,16,9,a
G-03,Purley,16,10,dish
G-03,Purley,16,11,.
G-03,Purley,16,12,notice
G-03,Purley,16,13,how
G-03,Purley,16,14,the
G-03,Purley,16,15,light
G-03,Purley,16,16,softens
G-03,Purley,16,17,across
G-03,Purley,16,18,the
G-03,Purley,16,19,glaze
G-03,Purley,16,20,.
G-03,Purley,16,21,the
G-03,Purley,16,22,rim
G-03,Purley,16,23,was
G-03,Purley,16,24,made
G-03,Purley,16,25,by
G-03,Purley,16,26,hand
G-03,Purley,16,27,.
G-03,Purley,16,28,look
G-03,Purley,16,29,closely
G-03,Purley,16,30,at
G-03,Purley,16,31,the
G-03,Purley,16,32,colour
G-03,Purley,16,33,.
G-03,Purley,16,34,when
G-03,Purley,16,35,you
G-03,Purley,16,36,are
G-03,Purley,16,37,ready
G-03,Purley,16,38,","
G-03,Purley,16,39,move
G-03,Purley,16,40,on
G-03,Purley,16,41,.
G-03,Purley,17,1,stop
G-03,Purley,17,2,seventeen
G-03,Purley,17,3,.
G-03,Purley,17,4,in
G-03,Purley,17,5,front
G-03,Purley,17,6,of
G-03,Purley,17,7,you
G-03,Purley,17,8,is
G-03,Purley,17,9,a
G-03,Purley,17,10,jug
G-03,Purley,17,11,.
G-03,Purley,17,12,notice
G-03,Purley,17,13,how
G-03,Purley,17,14,the
G-03,Purley,17,15,light
G-03,Purley,17,16,fades
G-03,Purley,17,17,across
G-03,Purley,17,18,the
G-03,Purley,17,19,glass
G-03,Purley,17,20,.
G-03,Purley,17,21,the
G-03,Purley,17,22,handle
G-03,Purley,17,23,was
G-03,Purley,17,24,made
G-03,Purley,17,25,by
G-03,Purley,17,26,hand
G-03,Purley,17,27,.
G-03,Purley,17,28,look
G-03,Purley,17,29,closely
G-03,Purley,17,30,at
G-03,Purley,17,31,the
G-03,Purley,17,32,cracks
G-03,Purley,17,33,.
G-03,Purley,17,34,when
G-03,Purley,17,35,you
G-03,Purley,17,36,are
G-03,Purley,17,37,ready
G-03,Purley,17,38,","
G-03,Purley,17,39,move
G-03,Purley,17,40,on
G-03,Purley,17,41,.
G-03,Purley,18,1,stop
G-03,Purley,18,2,eighteen
G-03,Purley,18,3,.
G-03,Purley,18,4,in
G-03,Purley,18,5,front
G-03,Purley,18,6,of
G-03,Purley,18,7,you
G-03,Purley,18,8,is
G-03,Purley,18,9,a
G-03,Purley,18,10,bowl
G-03,Purley,18,11,.
G-03,Purley,18,12,in
G-03,Purley,18,13,front
G-03,Purley,18,14,of
G-03,Purley,18,15,you
G-03,Purley,18,16,is
G-03,Purley,18,17,a
G-03,Purley,18,18,bowl
G-03,Purley,18,19,.
G-03,Purley,18,20,notice
G-03,Purley,18,21,how
G-03,Purley,18,22,the
G-03,Purley,18,23,light
G-03,Purley,18,24,fades
G-03,Purley,18,25,across
G-03,Purley,18,26,the
G-03,Purley,18,27,glaze
G-03,Purley,18,28,.
G-03,Purley,18,29,the
G-03,Purley,18,30,rim
G-03,Purley,18,31,was
G-03,Purley,18,32,made
G-03,Purley,18,33,by
G-03,Purley,18,34,hand
G-03,Purley,18,35,.
G-03,Purley,18,36,the
G-03,Purley,18,37,bench
G-03,Purley,18,38,behind
G-03,Purley,18,39,you
G-03,Purley,18,40,is
G-03,Purley,18,41,original
G-03,Purley,18,42,and
G-03,Purley,18,43,visitors
G-03,Purley,18,44,are
G-03,Purley,18,45,welcome
G-03,Purley,18,46,to
G-03,Purley,18,47,sit
G-03,Purley,18,48,.
G-03,Purley,18,49,look
G-03,Purley,18,50,closely
G-03,Purley,18,51,at
G-03,Purley,18,52,the
G-03,Purley,18,53,colour
G-03,Purley,18,54,.
G-03,Purley,18,55,when
G-03,Purley,18,56,you
G-03,Purley,18,57,are
G-03,Purley,18,58,ready
G-03,Purley,18,59,","
G-03,Purley,18,60,move
G-03,Purley,18,61,on
G-03,Purley,18,62,.
G-03,Purley,19,1,stop
G-03,Purley,19,2,nineteen
G-03,Purley,19,3,.
G-03,Purley,19,4,in
G-03,Purley,19,5,front
G-03,Purley,19,6,of
G-03,Purley,19,7,you
G-03,Purley,19,8,is
G-03,Purley,19,9,an
G-03,Purley,19,10,urn
G-03,Purley,19,11,.
G-03,Purley,19,12,in
G-03,Purley,19,13,front
G-03,Purley,19,14,of
G-03,Purley,19,15,you
G-03,Purley,19,16,is
G-03,Purley,19,17,a
G-03,Purley,19,18,jug
G-03,Purley,19,19,.
G-03,Purley,19,20,notice
G-03,Purley,19,21,how
G-03,Purley,19,22,the
G-03,Purley,19,23,light
G-03,Purley,19,24,falls
G-03,Purley,19,25,across
G-03,Purley,19,26,the
G-03,Purley,19,27,glaze
G-03,Purley,19,28,.
G-03,Purley,19,29,the
G-03,Purley,19,30,spout
G-03,Purley,19,31,was
G-03,Purley,19,32,made
G-03,Purley,19,33,by
G-03,Purley,19,34,hand
G-03,Purley,19,35,.
G-03,Purley,19,36,look
G-03,Purley,19,37,closely
G-03,Purley,19,38,at
G-03,Purley,19,39,the
G-03,Purley,19,40,joins
G-03,Purley,19,41,.
G-03,Purley,19,42,when
G-03,Purley,19,43,you
G-03,Purley,19,44,are
G-03,Purley,19,45,ready
G-03,Purley,19,46,","
G-03,Purley,19,47,move
G-03,Purley,19,48,on
G-03,Purley,19,49,.
G-03,Purley,20,1,stop
G-03,Purley,20,2,twenty
G-03,Purley,20,3,.
G-03,Purley,20,4,in
G-03,Purley,20,5,front
G-03,Purley,20,6,of
G-03,Purley,20,7,you
G-03,Purley,20,8,is
G-03,Purley,20,9,a
G-03,Purley,20,10,bowl
G-03,Purley,20,11,.
G-03,Purley,20,12,in
G-03,Purley,20,13,front
G-03,Purley,20,14,of
G-03,Purley,20,15,you
G-03,Purley,20,16,is
G-03,Purley,20,17,a
G-03,Purley,20,18,tile
G-03,Purley,20,19,.
G-03,Purley,20,20,notice
G-03,Purley,20,21,how
G-03,Purley,20,22,the
G-03,Purley,20,23,light
G-03,Purley,20,24,catches
G-03,Purley,20,25,across
G-03,Purley,20,26,the
G-03,Purley,20,27,varnish
G-03,Purley,20,28,.
G-03,Purley,20,29,the
G-03,Purley,20,30,spout
G-03,Purley,20,31,was
G-03,Purley,20,32,made
G-03,Purley,20,33,by
G-03,Purley,20,34,hand
G-03,Purley,20,35,.
G-03,Purley,20,36,look
G-03,Purley,20,37,closely
G-03,Purley,20,38,at
G-03,Purley,20,39,the
G-03,Purley,20,40,joins
G-03,Purley,20,41,.
G-03,Purley,20,42,when
G-03,Purley,20,43,you
G-03,Purley,20,44,are
G-03,Purley,20,45,ready
G-03,Purley,20,46,","
G-03,Purley,20,47,move
G-03,Purley,20,48,on
G-03,Purley,20,49,.
G-04,Hask,1,1,stop
G-04,Hask,1,2,one
G-04,Hask,1,3,.
G-04,Hask,1,4,in
G-04,Hask,1,5,front
G-04,Hask,1,6,of
G-04,Hask,1,7,you
G-04,Hask,1,8,is
G-04,Hask,1,9,a
G-04,Hask,1,10,jug
G-04,Hask,1,11,.
G-04,Hask,1,12,in
G-04,Hask,1,13,front
G-04,Hask,1,14,of
G-04,Hask,1,15,you
G-04,Hask,1,16,is
G-04,Hask,1,17,a
G-04,Hask,1,18,bowl
G-04,Hask,1,19,.
G-04,Hask,1,20,notice
G-04,Hask,1,21,how
G-04,Hask,1,22,the
G-04,Hask,1,23,light
G-04,Hask,1,24,fades
G-04,Hask,1,25,across
G-04,Hask,1,26,the
G-04,Hask,1,27,varnish
G-04,Hask,1,28,.
G-04,Hask,1,29,the
G-04,Hask,1,30,foot
G-04,Hask,1,31,was
G-04,Hask,1,32,made
G-04,Hask,1,33,by
G-04,Hask,1,34,hand
G-04,Hask,1,35,.
G-04,Hask,1,36,look
G-04,Hask,1,37,closely
G-04,Hask,1,38,at
G-04,Hask,1,39,the
G-04,Hask,1,40,joins
G-04,Hask,1,41,.
G-04,Hask,1,42,when
G-04,Hask,1,43,you
G-04,Hask,1,44,are
G-04,Hask,1,45,ready
G-04,Hask,1,46,","
G-04,Hask,1,47,move
G-04,Hask,1,48,on
G-04,Hask,1,49,.
G-04,Hask,2,1,stop
G-04,Hask,2,2,two
G-04,Hask,2,3,.
G-04,Hask,2,4,in
G-04,Hask,2,5,front
G-04,Hask,2,6,of
G-04,Hask,2,7,you
G-04,Hask,2,8,is
G-04,Hask,2,9,a
G-04,Hask,2,10,jug
G-04,Hask,2,11,.
G-04,Hask,2,12,notice
G-04,Hask,2,13,how
G-04,Hask,2,14,the
G-04,Hask,2,15,light
G-04,Hask,2,16,moves
G-04,Hask,2,17,across
G-04,Hask,2,18,the
G-04,Hask,2,19,glass
G-04,Hask,2,20,.
G-04,Hask,2,21,the
G-04,Hask,2,22,spout
G-04,Hask,2,23,was
G-04,Hask,2,24,made
G-04,Hask,2,25,by
G-04,Hask,2,26,hand
G-04,Hask,2,27,.
G-04,Hask,2,28,look
G-04,Hask,2,29,closely
G-04,Hask,2,30,at
G-04,Hask,2,31,the
G-04,Hask,2,32,cracks
G-04,Hask,2,33,.
G-04,Hask,2,34,when
G-04,Hask,2,35,you
G-04,Hask,2,36,are
G-04,Hask,2,37,ready
G-04,Hask,2,38,","
G-04,Hask,2,39,move
G-04,Hask,2,40,on
G-04,Hask,2,41,.
G-04,Hask,3,1,stop
G-04,Hask,3,2,three
G-04,Hask,3,3,.
G-04,Hask,3,4,in
G-04,Hask,3,5,front
G-04,Hask,3,6,of
G-04,Hask,3,7,you
G-04,Hask,3,8,is
G-04,Hask,3,9,an
G-04,Hask,3,10,urn
G-04,Hask,3,11,.
G-04,Hask,3,12,notice
G-04,Hask,3,13,how
G-04,Hask,3,14,the
G-04,Hask,3,15,light
G-04,Hask,3,16,catches
G-04,Hask,3,17,across
G-04,Hask,3,18,the
G-04,Hask,3,19,glaze
G-04,Hask,3,20,.
G-04,Hask,3,21,the
G-04,Hask,3,22,foot
G-04,Hask,3,23,was
G-04,Hask,3,24,made
G-04,Hask,3,25,by
G-04,Hask,3,26,hand
G-04,Hask,3,27,.
G-04,Hask,3,28,many
G-04,Hask,3,29,people
G-04,Hask,3,30,walk
G-04,Hask,3,31,past
G-04,Hask,3,32,this
G-04,Hask,3,33,one
G-04,Hask,3,34,without
G-04,Hask,3,35,ever
G-04,Hask,3,36,stopping
G-04,Hask,3,37,to
G-04,Hask,3,38,look
G-04,Hask,3,39,.
G-04,Hask,3,40,look
G-04,Hask,3,41,closely
G-04,Hask,3,42,at
G-04,Hask,3,43,the
G-04,Hask,3,44,cracks
G-04,Hask,3,45,.
G-04,Hask,3,46,when
G-04,Hask,3,47,you
G-04,Hask,3,48,are
G-04,Hask,3,49,ready
G-04,Hask,3,50,","
G-04,Hask,3,51,move
G-04,Hask,3,52,on
G-04,Hask,3,53,.
G-04,Hask,4,1,stop
G-04,Hask,4,2,four
G-04,Hask,4,3,.
G-04,Hask,4,4,in
G-04,Hask,4,5,front
G-04,Hask,4,6,of
G-04,Hask,4,7,you
G-04,Hask,4,8,is
G-04,Hask,4,9,a
G-04,Hask,4,10,jug
G-04,Hask,4,11,.
G-04,Hask,4,12,in
G-04,Hask,4,13,front
G-04,Hask,4,14,of
G-04,Hask,4,15,you
G-04,Hask,4,16,is
G-04,Hask,4,17,a
G-04,Hask,4,18,bowl
G-04,Hask,4,19,.
G-04,Hask,4,20,notice
G-04,Hask,4,21,how
G-04,Hask,4,22,the
G-04,Hask,4,23,light
G-04,Hask,4,24,moves
G-04,Hask,4,25,across
G-04,Hask,4,26,the
G-04,Hask,4,27,glass
G-04,Hask,4,28,.
G-04,Hask,4,29,the
G-04,Hask,4,30,handle
G-04,Hask,4,31,was
G-04,Hask,4,32,made
G-04,Hask,4,33,by
G-04,Hask,4,34,hand
G-04,Hask,4,35,.
G-04,Hask,4,36,look
G-04,Hask,4,37,closely
G-04,Hask,4,38,at
G-04,Hask,4,39,the
G-04,Hask,4,40,cracks
G-04,Hask,4,41,.
G-04,Hask,4,42,when
G-04,Hask,4,43,you
G-04,Hask,4,44,are
G-04,Hask,4,45,ready
G-04,Hask,4,46,","
G-04,Hask,4,47,move
G-04,Hask,4,48,on
G-04,Hask,4,49,.
G-04,Hask,5,1,stop
G-04,Hask,5,2,five
G-04,Hask,5,3,.
G-04,Hask,5,4,in
G-04,Hask,5,5,front
G-04,Hask,5,6,of
G-04,Hask,5,7,you
G-04,Hask,5,8,is
G-04,Hask,5,9,a
G-04,Hask,5,10,jug
G-04,Hask,5,11,.
G-04,Hask,5,12,notice
G-04,Hask,5,13,how
G-04,Hask,5,14,the
G-04,Hask,5,15,light
G-04,Hask,5,16,rests
G-04,Hask,5,17,across
G-04,Hask,5,18,the
G-04,Hask,5,19,glaze
G-04,Hask,5,20,.
G-04,Hask,5,21,the
G-04,Hask,5,22,spout
G-04,Hask,5,23,was
G-04,Hask,5,24,made
G-04,Hask,5,25,by
G-04,Hask,5,26,hand
G-04,Hask,5,27,.
G-04,Hask,5,28,look
G-04,Hask,5,29,closely
G-04,Hask,5,30,at
G-04,Hask,5,31,the
G-04,Hask,5,32,colour
G-04,Hask,5,33,.
G-04,Hask,5,34,when
G-04,Hask,5,35,you
G-04,Hask,5,36,are
G-04,Hask,5,37,ready
G-04,Hask,5,38,","
G-04,Hask,5,39,move
G-04,Hask,5,40,on
G-04,Hask,5,41,.
G-04,Hask,6,1,stop
G-04,Hask,6,2,six
G-04,Hask,6,3,.
G-04,Hask,6,4,in
G-04,Hask,6,5,front
G-04,Hask,6,6,of
G-04,Hask,6,7,you
G-04,Hask,6,8,is
G-04,Hask,6,9,a
G-04,Hask,6,10,bowl
G-04,Hask,6,11,.
G-04,Hask,6,12,in
G-04,Hask,6,13,front
G-04,Hask,6,14,of
G-04,Hask,6,15,you
G-04,Hask,6,16,is
G-04,Hask,6,17,a
G-04,Hask,6,18,bowl
G-04,Hask,6,19,.
G-04,Hask,6,20,notice
G-04,Hask,6,21,how
G-04,Hask,6,22,the
G-04,Hask,6,23,light
G-04,Hask,6,24,pools
G-04,Hask,6,25,across
G-04,Hask,6,26,the
G-04,Hask,6,27,varnish
G-04,Hask,6,28,.
G-04,Hask,6,29,the
G-04,Hask,6,30,spout
G-04,Hask,6,31,was
G-04,Hask,6,32,made
G-04,Hask,6,33,by
G-04,Hask,6,34,hand
G-04,Hask,6,35,.
G-04,Hask,6,36,many
G-04,Hask,6,37,people
G-04,Hask,6,38,walk
G-04,Hask,6,39,past
G-04,Hask,6,40,this
G-04,Hask,6,41,one
G-04,Hask,6,42,without
G-04,Hask,6,43,ever
G-04,Hask,6,44,stopping
G-04,Hask,6,45,to
G-04,Hask,6,46,look
G-04,Hask,6,47,.
G-04,Hask,6,48,look
G-04,Hask,6,49,closely
G-04,Hask,6,50,at
G-04,Hask,6,51,the
G-04,Hask,6,52,cracks
G-04,Hask,6,53,.
G-04,Hask,6,54,when
G-04,Hask,6,55,you
G-04,Hask,6,56,are
G-04,Hask,6,57,ready
G-04,Hask,6,58,","
G-04,Hask,6,59,move
G-04,Hask,6,60,on
G-04,Hask,6,61,.
G-04,Hask,7,1,stop
G-04,Hask,7,2,seven
G-04,Hask,7,3,.
G-04,Hask,7,4,in
G-04,Hask,7,5,front
G-04,Hask,7,6,of
G-04,Hask,7,7,you
G-04,Hask,7,8,is
G-04,Hask,7,9,a
G-04,Hask,7,10,bowl
G-04,Hask,7,11,.
G-04,Hask,7,12,in
G-04,Hask,7,13,front
G-04,Hask,7,14,of
G-04,Hask,7,15,you
G-04,Hask,7,16,is
G-04,Hask,7,17,a
G-04,Hask,7,18,tile
G-04,Hask,7,19,.
G-04,Hask,7,20,notice
G-04,Hask,7,21,how
G-04,Hask,7,22,the
G-04,Hask,7,23,light
G-04,Hask,7,24,softens
G-04,Hask,7,25,across
G-04,Hask,7,26,the
G-04,Hask,7,27,glaze
G-04,Hask,7,28,.
G-04,Hask,7,29,the
G-04,Hask,7,30,handle
G-04,Hask,7,31,was
G-04,Hask,7,32,made
G-04,Hask,7,33,by
G-04,Hask,7,34,hand
G-04,Hask,7,35,.
G-04,Hask,7,36,look
G-04,Hask,7,37,closely
G-04,Hask,7,38,at
G-04,Hask,7,39,the
G-04,Hask,7,40,cracks
G-04,Hask,7,41,.
G-04,Hask,7,42,when
G-04,Hask,7,43,you
G-04,Hask,7,44,are
G-04,Hask,7,45,ready
G-04,Hask,7,46,","
G-04,Hask,7,47,move
G-04,Hask,7,48,on
G-04,Hask,7,49,.
G-04,Hask,8,1,stop
G-04,Hask,8,2,eight
G-04,Hask,8,3,.
G-04,Hask,8,4,in
G-04,Hask,8,5,front
G-04,Hask,8,6,of
G-04,Hask,8,7,you
G-04,Hask,8,8,is
G-04,Hask,8,9,a
G-04,Hask,8,10,bowl
G-04,Hask,8,11,.
G-04,Hask,8,12,in
G-04,Hask,8,13,front
G-04,Hask,8,14,of
G-04,Hask,8,15,you
G-04,Hask,8,16,is
G-04,Hask,8,17,a
G-04,Hask,8,18,dish
G-04,Hask,8,19,.
G-04,Hask,8,20,notice
G-04,Hask,8,21,how
G-04,Hask,8,22,the
G-04,Hask,8,23,light
G-04,Hask,8,24,catches
G-04,Hask,8,25,across
G-04,Hask,8,26,the
G-04,Hask,8,27,glass
G-04,Hask,8,28,.
G-04,Hask,8,29,the
G-04,Hask,8,30,foot
G-04,Hask,8,31,was
G-04,Hask,8,32,made
G-04,Hask,8,33,by
G-04,Hask,8,34,hand
G-04,Hask,8,35,.
G-04,Hask,8,36,look
G-04,Hask,8,37,closely
G-04,Hask,8,38,at
G-04,Hask,8,39,the
G-04,Hask,8,40,joins
G-04,Hask,8,41,.
G-04,Hask,8,42,when
G-04,Hask,8,43,you
G-04,Hask,8,44,are
G-04,Hask,8,45,ready
G-04,Hask,8,46,","
G-04,Hask,8,47,move
G-04,Hask,8,48,on
G-04,Hask,8,49,.
G-04,Hask,9,1,stop
G-04,Hask,9,2,nine
G-04,Hask,9,3,.
G-04,Hask,9,4,in
G-04,Hask,9,5,front
G-04,Hask,9,6,of
G-04,Hask,9,7,you
G-04,Hask,9,8,is
G-04,Hask,9,9,a
G-04,Hask,9,10,jug
G-04,Hask,9,11,.
G-04,Hask,9,12,in
G-04,Hask,9,13,front
G-04,Hask,9,14,of
G-04,Hask,9,15,you
G-04,Hask,9,16,is
G-04,Hask,9,17,a
G-04,Hask,9,18,bowl
G-04,Hask,9,19,.
G-04,Hask,9,20,notice
G-04,Hask,9,21,how
G-04,Hask,9,22,the
G-04,Hask,9,23,light
G-04,Hask,9,24,falls
G-04,Hask,9,25,across
G-04,Hask,9,26,the
G-04,Hask,9,27,glass
G-04,Hask,9,28,.
G-04,Hask,9,29,the
G-04,Hask,9,30,rim
G-04,Hask,9,31,was
G-04,Hask,9,32,made
G-04,Hask,9,33,by
G-04,Hask,9,34,hand
G-04,Hask,9,35,.
G-04,Hask,9,36,many
G-04,Hask,9,37,people
G-04,Hask,9,38,walk
G-04,Hask,9,39,past
G-04,Hask,9,40,this
G-04,Hask,9,41,one
G-04,Hask,9,42,without
G-04,Hask,9,43,ever
G-04,Hask,9,44,stopping
G-04,Hask,9,45,to
G-04,Hask,9,46,look
G-04,Hask,9,47,.
G-04,Hask,9,48,look
G-04,Hask,9,49,closely
G-04,Hask,9,50,at
G-04,Hask,9,51,the
G-04,Hask,9,52,joins
G-04,Hask,9,53,.
G-04,Hask,9,54,when
G-04,Hask,9,55,you
G-04,Hask,9,56,are
G-04,Hask,9,57,ready
G-04,Hask,9,58,","
G-04,Hask,9,59,move
G-04,Hask,9,60,on
G-04,Hask,9,61,.
G-04,Hask,10,1,stop
G-04,Hask,10,2,ten
G-04,Hask,10,3,.
G-04,Hask,10,4,in
G-04,Hask,10,5,front
G-04,Hask,10,6,of
G-04,Hask,10,7,you
G-04,Hask,10,8,is
G-04,Hask,10,9,an
G-04,Hask,10,10,urn
G-04,Hask,10,11,.
G-04,Hask,10,12,in
G-04,Hask,10,13,front
G-04,Hask,10,14,of
G-04,Hask,10,15,you
G-04,Hask,10,16,is
G-04,Hask,10,17,a
G-04,Hask,10,18,dish
G-04,Hask,10,19,.
G-04,Hask,10,20,notice
G-04,Hask,10,21,how
G-04,Hask,10,22,the
G-04,Hask,10,23,light
G-04,Hask,10,24,softens
G-04,Hask,10,25,across
G-04,Hask,10,26,the
G-04,Hask,10,27,glass
G-04,Hask,10,28,.
G-04,Hask,10,29,the
G-04,Hask,10,30,foot
G-04,Hask,10,31,was
G-04,Hask,10,32,made
G-04,Hask,10,33,by
G-04,Hask,10,34,hand
G-04,Hask,10,35,.
G-04,Hask,10,36,look
G-04,Hask,10,37,closely
G-04,Hask,10,38,at
G-04,Hask,10,39,the
G-04,Hask,10,40,cracks
G-04,Hask,10,41,.
G-04,Hask,10,42,when
G-04,Hask,10,43,you
G-04,Hask,10,44,are
G-04,Hask,10,45,ready
G-04,Hask,10,46,","
G-04,Hask,10,47,move
G-04,Hask,10,48,on
G-04,Hask,10,49,.
G-04,Hask,11,1,stop
G-04,Hask,11,2,eleven
G-04,Hask,11,3,.
G-04,Hask,11,4,in
G-04,Hask,11,5,front
G-04,Hask,11,6,of
G-04,Hask,11,7,you
G-04,Hask,11,8,is
G-04,Hask,11,9,a
G-04,Hask,11,10,bowl
G-04,Hask,11,11,.
G-04,Hask,11,12,in
G-04,Hask,11,13,front
G-04,Hask,11,14,of
G-04,Hask,11,15,you
G-04,Hask,11,16,is
G-04,Hask,11,17,a
G-04,Hask,11,18,bowl
G-04,Hask,11,19,.
G-04,Hask,11,20,notice
G-04,Hask,11,21,how
G-04,Hask,11,22,the
G-04,Hask,11,23,light
G-04,Hask,11,24,falls
G-04,Hask,11,25,across
G-04,Hask,11,26,the
G-04,Hask,11,27,glaze
G-04,Hask,11,28,.
G-04,Hask,11,29,the
G-04,Hask,11,30,handle
G-04,Hask,11,31,was
G-04,Hask,11,32,made
G-04,Hask,11,33,by
G-04,Hask,11,34,hand
G-04,Hask,11,35,.
G-04,Hask,11,36,look
G-04,Hask,11,37,closely
G-04,Hask,11,38,at
G-04,Hask,11,39,the
G-04,Hask,11,40,cracks
G-04,Hask,11,41,.
G-04,Hask,11,42,when
G-04,Hask,11,43,you
G-04,Hask,11,44,are
G-04,Hask,11,45,ready
G-04,Hask,11,46,","
G-04,Hask,11,47,move
G-04,Hask,11,48,on
G-04,Hask,11,49,.
G-04,Hask,12,1,stop
G-04,Hask,12,2,twelve
G-04,Hask,12,3,.
G-04,Hask,12,4,in
G-04,Hask,12,5,front
G-04,Hask,12,6,of
G-04,Hask,12,7,you
G-04,Hask,12,8,is
G-04,Hask,12,9,a
G-04,Hask,12,10,bowl
G-04,Hask,12,11,.
G-04,Hask,12,12,in
G-04,Hask,12,13,front
G-04,Hask,12,14,of
G-04,Hask,12,15,you
G-04,Hask,12,16,is
G-04,Hask,12,17,a
G-04,Hask,12,18,bowl
G-04,Hask,12,19,.
G-04,Hask,12,20,notice
G-04,Hask,12,21,how
G-04,Hask,12,22,the
G-04,Hask,12,23,light
G-04,Hask,12,24,pools
G-04,Hask,12,25,across
G-04,Hask,12,26,the
G-04,Hask,12,27,glass
G-04,Hask,12,28,.
G-04,Hask,12,29,the
G-04,Hask,12,30,handle
G-04,Hask,12,31,was
G-04,Hask,12,32,made
G-04,Hask,12,33,by
G-04,Hask,12,34,hand
G-04,Hask,12,35,.
G-04,Hask,12,36,many
G-04,Hask,12,37,people
G-04,Hask,12,38,walk
G-04,Hask,12,39,past
G-04,Hask,12,40,this
G-04,Hask,12,41,one
G-04,Hask,12,42,without
G-04,Hask,12,43,ever
G-04,Hask,12,44,stopping
G-04,Hask,12,45,to
G-04,Hask,12,46,look
G-04,Hask,12,47,.
G-04,Hask,12,48,look
G-04,Hask,12,49,closely
G-04,Hask,12,50,at
G-04,Hask,12,51,the
G-04,Hask,12,52,joins
G-04,Hask,12,53,.
G-04,Hask,12,54,when
G-04,Hask,12,55,you
G-04,Hask,12,56,are
G-04,Hask,12,57,ready
G-04,Hask,12,58,","
G-04,Hask,12,59,move
G-04,Hask,12,60,on
G-04,Hask,12,61,.
G-04,Hask,13,1,stop
G-04,Hask,13,2,thirteen
G-04,Hask,13,3,.
G-04,Hask,13,4,in
G-04,Hask,13,5,front
G-04,Hask,13,6,of
G-04,Hask,13,7,you
G-04,Hask,13,8,is
G-04,Hask,13,9,a
G-04,Hask,13,10,jug
G-04,Hask,13,11,.
G-04,Hask,13,12,notice
G-04,Hask,13,13,how
G-04,Hask,13,14,the
G-04,Hask,13,15,light
G-04,Hask,13,16,falls
G-04,Hask,13,17,across
G-04,Hask,13,18,the
G-04,Hask,13,19,glass
G-04,Hask,13,20,.
G-04,Hask,13,21,the
G-04,Hask,13,22,foot
G-04,Hask,13,23,was
G-04,Hask,13,24,made
G-04,Hask,13,25,by
G-04,Hask,13,26,hand
G-04,Hask,13,27,.
G-04,Hask,13,28,look
G-04,Hask,13,29,closely
G-04,Hask,13,30,at
G-04,Hask,13,31,the
G-04,Hask,13,32,cracks
G-04,Hask,13,33,.
G-04,Hask,13,34,when
G-04,Hask,13,35,you
G-04,Hask,13,36,are
G-04,Hask,13,37,ready
G-04,Hask,13,38,","
G-04,Hask,13,39,move
G-04,Hask,13,40,on
G-04,Hask,13,41,.
G-04,Hask,14,1,stop
G-04,Hask,14,2,fourteen
G-04,Hask,14,3,.
G-04,Hask,14,4,in
G-04,Hask,14,5,front
G-04,Hask,14,6,of
G-04,Hask,14,7,you
G-04,Hask,14,8,is
G-04,Hask,14,9,a
G-04,Hask,14,10,bowl
G-04,Hask,14,11,.
G-04,Hask,14,12,notice
G-04,Hask,14,13,how
G-04,Hask,14,14,the
G-04,Hask,14,15,light
G-04,Hask,14,16,shifts
G-04,Hask,14,17,across
G-04,Hask,14,18,the
G-04,Hask,14,19,varnish
G-04,Hask,14,20,.
G-04,Hask,14,21,the
G-04,Hask,14,22,spout
G-04,Hask,14,23,was
G-04,Hask,14,24,made
G-04,Hask,14,25,by
G-04,Hask,14,26,hand
G-04,Hask,14,27,.
G-04,Hask,14,28,look
G-04,Hask,14,29,closely
G-04,Hask,14,30,at
G-04,Hask,14,31,the
G-04,Hask,14,32,cracks
G-04,Hask,14,33,.
G-04,Hask,14,34,when
G-04,Hask,14,35,you
G-04,Hask,14,36,are
G-04,Hask,14,37,ready
G-04,Hask,14,38,","
G-04,Hask,14,39,move
G-04,Hask,14,40,on
G-04,Hask,14,41,.
G-04,Hask,15,1,stop
G-04,Hask,15,2,fifteen
G-04,Hask,15,3,.
G-04,Hask,15,4,in
G-04,Hask,15,5,front
G-04,Hask,15,6,of
G-04,Hask,15,7,you
G-04,Hask,15,8,is
G-04,Hask,15,9,a
G-04,Hask,15,10,jug
G-04,Hask,15,11,.
G-04,Hask,15,12,notice
G-04,Hask,15,13,how
G-04,Hask,15,14,the
G-04,Hask,15,15,light
G-04,Hask,15,16,catches
G-04,Hask,15,17,across
G-04,Hask,15,18,the
G-04,Hask,15,19,varnish
G-04,Hask,15,20,.
G-04,Hask,15,21,the
G-04,Hask,15,22,foot
G-04,Hask,15,23,was
G-04,Hask,15,24,made
G-04,Hask,15,25,by
G-04,Hask,15,26,hand
G-04,Hask,15,27,.
G-04,Hask,15,28,many
G-04,Hask,15,29,people
G-04,Hask,15,30,walk
G-04,Hask,15,31,past
G-04,Hask,15,32,this
G-04,Hask,15,33,one
G-04,Hask,15,34,without
G-04,Hask,15,35,ever
G-04,Hask,15,36,stopping
G-04,Hask,15,37,to
G-04,Hask,15,38,look
G-04,Hask,15,39,.
G-04,Hask,15,40,look
G-04,Hask,15,41,closely
G-04,Hask,15,42,at
G-04,Hask,15,43,the
G-04,Hask,15,44,joins
G-04,Hask,15,45,.
G-04,Hask,15,46,when
G-04,Hask,15,47,you
G-04,Hask,15,48,are
G-04,Hask,15,49,ready
G-04,Hask,15,50,","
G-04,Hask,15,51,move
G-04,Hask,15,52,on
G-04,Hask,15,53,.
G-04,Hask,16,1,stop
G-04,Hask,16,2,sixteen
G-04,Hask,16,3,.
G-04,Hask,16,4,in
G-04,Hask,16,5,front
G-04,Hask,16,6,of
G-04,Hask,16,7,you
G-04,Hask,16,8,is
G-04,Hask,16,9,a
G-04,Hask,16,10,bowl
G-04,Hask,16,11,.
G-04,Hask,16,12,in
G-04,Hask,16,13,front
G-04,Hask,16,14,of
G-04,Hask,16,15,you
G-04,Hask,16,16,is
G-04,Hask,16,17,a
G-04,Hask,16,18,dish
G-04,Hask,16,19,.
G-04,Hask,16,20,notice
G-04,Hask,16,21,how
G-04,Hask,16,22,the
G-04,Hask,16,23,light
G-04,Hask,16,24,falls
G-04,Hask,16,25,across
G-04,Hask,16,26,the
G-04,Hask,16,27,glaze
G-04,Hask,16,28,.
G-04,Hask,16,29,the
G-04,Hask,16,30,handle
G-04,Hask,16,31,was
G-04,Hask,16,32,made
G-04,Hask,16,33,by
G-04,Hask,16,34,hand
G-04,Hask,16,35,.
G-04,Hask,16,36,look
G-04,Hask,16,37,closely
G-04,Hask,16,38,at
G-04,Hask,16,39,the
G-04,Hask,16,40,cracks
G-04,Hask,16,41,.
G-04,Hask,16,42,when
G-04,Hask,16,43,you
G-04,Hask,16,44,are
G-04,Hask,16,45,ready
G-04,Hask,16,46,","
G-04,Hask,16,47,move
G-04,Hask,16,48,on
G-04,Hask,16,49,.
G-04,Hask,17,1,stop
G-04,Hask,17,2,seventeen
G-04,Hask,17,3,.
G-04,Hask,17,4,in
G-04,Hask,17,5,front
G-04,Hask,17,6,of
G-04,Hask,17,7,you
G-04,Hask,17,8,is
G-04,Hask,17,9,a
G-04,Hask,17,10,bowl
G-04,Hask,17,11,.
G-04,Hask,17,12,in
G-04,Hask,17,13,front
G-04,Hask,17,14,of
G-04,Hask,17,15,you
G-04,Hask,17,16,is
G-04,Hask,17,17,a
G-04,Hask,17,18,bowl
G-04,Hask,17,19,.
G-04,Hask,17,20,notice
G-04,Hask,17,21,how
G-04,Hask,17,22,the
G-04,Hask,17,23,light
G-04,Hask,17,24,fades
G-04,Hask,17,25,across
G-04,Hask,17,26,the
G-04,Hask,17,27,glaze
G-04,Hask,17,28,.
G-04,Hask,17,29,the
G-04,Hask,17,30,foot
G-04,Hask,17,31,was
G-04,Hask,17,32,made
G-04,Hask,17,33,by
G-04,Hask,17,34,hand
G-04,Hask,17,35,.
G-04,Hask,17,36,look
G-04,Hask,17,37,closely
G-04,Hask,17,38,at
G-04,Hask,17,39,the
G-04,Hask,17,40,joins
G-04,Hask,17,41,.
G-04,Hask,17,42,when
G-04,Hask,17,43,you
G-04,Hask,17,44,are
G-04,Hask,17,45,ready
G-04,Hask,17,46,","
G-04,Hask,17,47,move
G-04,Hask,17,48,on
G-04,Hask,17,49,.
G-04,Hask,18,1,stop
G-04,Hask,18,2,eighteen
G-04,Hask,18,3,.
G-04,Hask,18,4,in
G-04,Hask,18,5,front
G-04,Hask,18,6,of
G-04,Hask,18,7,you
G-04,Hask,18,8,is
G-04,Hask,18,9,a
G-04,Hask,18,10,bowl
G-04,Hask,18,11,.
G-04,Hask,18,12,notice
G-04,Hask,18,13,how
G-04,Hask,18,14,the
G-04,Hask,18,15,light
G-04,Hask,18,16,softens
G-04,Hask,18,17,across
G-04,Hask,18,18,the
G-04,Hask,18,19,glaze
G-04,Hask,18,20,.
G-04,Hask,18,21,the
G-04,Hask,18,22,foot
G-04,Hask,18,23,was
G-04,Hask,18,24,made
G-04,Hask,18,25,by
G-04,Hask,18,26,hand
G-04,Hask,18,27,.
G-04,Hask,18,28,many
G-04,Hask,18,29,people
G-04,Hask,18,30,walk
G-04,Hask,18,31,past
G-04,Hask,18,32,this
G-04,Hask,18,33,one
G-04,Hask,18,34,without
G-04,Hask,18,35,ever
G-04,Hask,18,36,stopping
G-04,Hask,18,37,to
G-04,Hask,18,38,look
G-04,Hask,18,39,.
G-04,Hask,18,40,look
G-04,Hask,18,41,closely
G-04,Hask,18,42,at
G-04,Hask,18,43,the
G-04,Hask,18,44,cracks
G-04,Hask,18,45,.
G-04,Hask,18,46,when
G-04,Hask,18,47,you
G-04,Hask,18,48,are
G-04,Hask,18,49,ready
G-04,Hask,18,50,","
G-04,Hask,18,51,move
G-04,Hask,18,52,on
G-04,Hask,18,53,.
G-04,Hask,19,1,stop
G-04,Hask,19,2,nineteen
G-04,Hask,19,3,.
G-04,Hask,19,4,in
G-04,Hask,19,5,front
G-04,Hask,19,6,of
G-04,Hask,19,7,you
G-04,Hask,19,8,is
G-04,Hask,19,9,a
G-04,Hask,19,10,tile
G-04,Hask,19,11,.
G-04,Hask,19,12,in
G-04,Hask,19,13,front
G-04,Hask,19,14,of
G-04,Hask,19,15,you
G-04,Hask,19,16,is
G-04,Hask,19,17,a
G-04,Hask,19,18,dish
G-04,Hask,19,19,.
G-04,Hask,19,20,notice
G-04,Hask,19,21,how
G-04,Hask,19,22,the
G-04,Hask,19,23,light
G-04,Hask,19,24,falls
G-04,Hask,19,25,across
G-04,Hask,19,26,the
G-04,Hask,19,27,glass
G-04,Hask,19,28,.
G-04,Hask,19,29,the
G-04,Hask,19,30,handle
G-04,Hask,19,31,was
G-04,Hask,19,32,made
G-04,Hask,19,33,by
G-04,Hask,19,34,hand
G-04,Hask,19,35,.
G-04,Hask,19,36,look
G-04,Hask,19,37,closely
G-04,Hask,19,38,at
G-04,Hask,19,39,the
G-04,Hask,19,40,cracks
G-04,Hask,19,41,.
G-04,Hask,19,42,when
G-04,Hask,19,43,you
G-04,Hask,19,44,are
G-04,Hask,19,45,ready
G-04,Hask,19,46,","
G-04,Hask,19,47,move
G-04,Hask,19,48,on
G-04,Hask,19,49,.
G-04,Hask,20,1,stop
G-04,Hask,20,2,twenty
G-04,Hask,20,3,.
G-04,Hask,20,4,in
G-04,Hask,20,5,front
G-04,Hask,20,6,of
G-04,Hask,20,7,you
G-04,Hask,20,8,is
G-04,Hask,20,9,a
G-04,Hask,20,10,tile
G-04,Hask,20,11,.
G-04,Hask,20,12,notice
G-04,Hask,20,13,how
G-04,Hask,20,14,the
G-04,Hask,20,15,light
G-04,Hask,20,16,catches
G-04,Hask,20,17,across
G-04,Hask,20,18,the
G-04,Hask,20,19,varnish
G-04,Hask,20,20,.
G-04,Hask,20,21,the
G-04,Hask,20,22,rim
G-04,Hask,20,23,was
G-04,Hask,20,24,made
G-04,Hask,20,25,by
G-04,Hask,20,26,hand
G-04,Hask,20,27,.
G-04,Hask,20,28,look
G-04,Hask,20,29,closely
G-04,Hask,20,30,at
G-04,Hask,20,31,the
G-04,Hask,20,32,cracks
G-04,Hask,20,33,.
G-04,Hask,20,34,when
G-04,Hask,20,35,you
G-04,Hask,20,36,are
G-04,Hask,20,37,ready
G-04,Hask,20,38,","
G-04,Hask,20,39,move
G-04,Hask,20,40,on
G-04,Hask,20,41,.
G-05,Vell,1,1,stop
G-05,Vell,1,2,one
G-05,Vell,1,3,.
G-05,Vell,1,4,in
G-05,Vell,1,5,front
G-05,Vell,1,6,of
G-05,Vell,1,7,you
G-05,Vell,1,8,is
G-05,Vell,1,9,a
G-05,Vell,1,10,jug
G-05,Vell,1,11,.
G-05,Vell,1,12,notice
G-05,Vell,1,13,how
G-05,Vell,1,14,the
G-05,Vell,1,15,light
G-05,Vell,1,16,catches
G-05,Vell,1,17,across
G-05,Vell,1,18,the
G-05,Vell,1,19,varnish
G-05,Vell,1,20,.
G-05,Vell,1,21,the
G-05,Vell,1,22,handle
G-05,Vell,1,23,was
G-05,Vell,1,24,made
G-05,Vell,1,25,by
G-05,Vell,1,26,hand
G-05,Vell,1,27,.
G-05,Vell,1,28,look
G-05,Vell,1,29,closely
G-05,Vell,1,30,at
G-05,Vell,1,31,the
G-05,Vell,1,32,joins
G-05,Vell,1,33,.
G-05,Vell,1,34,when
G-05,Vell,1,35,you
G-05,Vell,1,36,are
G-05,Vell,1,37,ready
G-05,Vell,1,38,","
G-05,Vell,1,39,move
G-05,Vell,1,40,on
G-05,Vell,1,41,.
G-05,Vell,2,1,stop
G-05,Vell,2,2,two
G-05,Vell,2,3,.
G-05,Vell,2,4,in
G-05,Vell,2,5,front
G-05,Vell,2,6,of
G-05,Vell,2,7,you
G-05,Vell,2,8,is
G-05,Vell,2,9,a
G-05,Vell,2,10,dish
G-05,Vell,2,11,.
G-05,Vell,2,12,in
G-05,Vell,2,13,front
G-05,Vell,2,14,of
G-05,Vell,2,15,you
G-05,Vell,2,16,is
G-05,Vell,2,17,a
G-05,Vell,2,18,bowl
G-05,Vell,2,19,.
G-05,Vell,2,20,notice
G-05,Vell,2,21,how
G-05,Vell,2,22,the
G-05,Vell,2,23,light
G-05,Vell,2,24,catches
G-05,Vell,2,25,across
G-05,Vell,2,26,the
G-05,Vell,2,27,varnish
G-05,Vell,2,28,.
G-05,Vell,2,29,the
G-05,Vell,2,30,rim
G-05,Vell,2,31,was
G-05,Vell,2,32,made
G-05,Vell,2,33,by
G-05,Vell,2,34,hand
G-05,Vell,2,35,.
G-05,Vell,2,36,look
G-05,Vell,2,37,closely
G-05,Vell,2,38,at
G-05,Vell,2,39,the
G-05,Vell,2,40,joins
G-05,Vell,2,41,.
G-05,Vell,2,42,when
G-05,Vell,2,43,you
G-05,Vell,2,44,are
G-05,Vell,2,45,ready
G-05,Vell,2,46,","
G-05,Vell,2,47,move
G-05,Vell,2,48,on
G-05,Vell,2,49,.
G-05,Vell,3,1,stop
G-05,Vell,3,2,three
G-05,Vell,3,3,.
G-05,Vell,3,4,in
G-05,Vell,3,5,front
G-05,Vell,3,6,of
G-05,Vell,3,7,you
G-05,Vell,3,8,is
G-05,Vell,3,9,a
G-05,Vell,3,10,bowl
G-05,Vell,3,11,.
G-05,Vell,3,12,in
G-05,Vell,3,13,front
G-05,Vell,3,14,of
G-05,Vell,3,15,you
G-05,Vell,3,16,is
G-05,Vell,3,17,a
G-05,Vell,3,18,jug
G-05,Vell,3,19,.
G-05,Vell,3,20,notice
G-05,Vell,3,21,how
G-05,Vell,3,22,the
G-05,Vell,3,23,light
G-05,Vell,3,24,moves
G-05,Vell,3,25,across
G-05,Vell,3,26,the
G-05,Vell,3,27,glass
G-05,Vell,3,28,.
G-05,Vell,3,29,the
G-05,Vell,3,30,spout
G-05,Vell,3,31,was
G-05,Vell,3,32,made
G-05,Vell,3,33,by
G-05,Vell,3,34,hand
G-05,Vell,3,35,.
G-05,Vell,3,36,this
G-05,Vell,3,37,case
G-05,Vell,3,38,is
G-05,Vell,3,39,opened
G-05,Vell,3,40,only
G-05,Vell,3,41,once
G-05,Vell,3,42,each
G-05,Vell,3,43,year
G-05,Vell,3,44,for
G-05,Vell,3,45,cleaning
G-05,Vell,3,46,.
G-05,Vell,3,47,look
G-05,Vell,3,48,closely
G-05,Vell,3,49,at
G-05,Vell,3,50,the
G-05,Vell,3,51,joins
G-05,Vell,3,52,.
G-05,Vell,3,53,when
G-05,Vell,3,54,you
G-05,Vell,3,55,are
G-05,Vell,3,56,ready
G-05,Vell,3,57,","
G-05,Vell,3,58,move
G-05,Vell,3,59,on
G-05,Vell,3,60,.
G-05,Vell,4,1,stop
G-05,Vell,4,2,four
G-05,Vell,4,3,.
G-05,Vell,4,4,in
G-05,Vell,4,5,front
G-05,Vell,4,6,of
G-05,Vell,4,7,you
G-05,Vell,4,8,is
G-05,Vell,4,9,a
G-05,Vell,4,10,bowl
G-05,Vell,4,11,.
G-05,Vell,4,12,in
G-05,Vell,4,13,front
G-05,Vell,4,14,of
G-05,Vell,4,15,you
G-05,Vell,4,16,is
G-05,Vell,4,17,a
G-05,Vell,4,18,tile
G-05,Vell,4,19,.
G-05,Vell,4,20,notice
G-05,Vell,4,21,how
G-05,Vell,4,22,the
G-05,Vell,4,23,light
G-05,Vell,4,24,softens
G-05,Vell,4,25,across
G-05,Vell,4,26,the
G-05,Vell,4,27,varnish
G-05,Vell,4,28,.
G-05,Vell,4,29,the
G-05,Vell,4,30,handle
G-05,Vell,4,31,was
G-05,Vell,4,32,made
G-05,Vell,4,33,by
G-05,Vell,4,34,hand
G-05,Vell,4,35,.
G-05,Vell,4,36,look
G-05,Vell,4,37,closely
G-05,Vell,4,38,at
G-05,Vell,4,39,the
G-05,Vell,4,40,joins
G-05,Vell,4,41,.
G-05,Vell,4,42,when
G-05,Vell,4,43,you
G-05,Vell,4,44,are
G-05,Vell,4,45,ready
G-05,Vell,4,46,","
G-05,Vell,4,47,move
G-05,Vell,4,48,on
G-05,Vell,4,49,.
G-05,Vell,5,1,stop
G-05,Vell,5,2,five
G-05,Vell,5,3,.
G-05,Vell,5,4,in
G-05,Vell,5,5,front
G-05,Vell,5,6,of
G-05,Vell,5,7,you
G-05,Vell,5,8,is
G-05,Vell,5,9,a
G-05,Vell,5,10,jug
G-05,Vell,5,11,.
G-05,Vell,5,12,in
G-05,Vell,5,13,front
G-05,Vell,5,14,of
G-05,Vell,5,15,you
G-05,Vell,5,16,is
G-05,Vell,5,17,a
G-05,Vell,5,18,tile
G-05,Vell,5,19,.
G-05,Vell,5,20,notice
G-05,Vell,5,21,how
G-05,Vell,5,22,the
G-05,Vell,5,23,light
G-05,Vell,5,24,pools
G-05,Vell,5,25,across
G-05,Vell,5,26,the
G-05,Vell,5,27,varnish
G-05,Vell,5,28,.
G-05,Vell,5,29,the
G-05,Vell,5,30,foot
G-05,Vell,5,31,was
G-05,Vell,5,32,made
G-05,Vell,5,33,by
G-05,Vell,5,34,hand
G-05,Vell,5,35,.
G-05,Vell,5,36,look
G-05,Vell,5,37,closely
G-05,Vell,5,38,at
G-05,Vell,5,39,the
G-05,Vell,5,40,colour
G-05,Vell,5,41,.
G-05,Vell,5,42,when
G-05,Vell,5,43,you
G-05,Vell,5,44,are
G-05,Vell,5,45,ready
G-05,Vell,5,46,","
G-05,Vell,5,47,move
G-05,Vell,5,48,on
G-05,Vell,5,49,.
G-05,Vell,6,1,stop
G-05,Vell,6,2,six
G-05,Vell,6,3,.
G-05,Vell,6,4,in
G-05,Vell,6,5,front
G-05,Vell,6,6,of
G-05,Vell,6,7,you
G-05,Vell,6,8,is
G-05,Vell,6,9,a
G-05,Vell,6,10,bowl
G-05,Vell,6,11,.
G-05,Vell,6,12,in
G-05,Vell,6,13,front
G-05,Vell,6,14,of
G-05,Vell,6,15,you
G-05,Vell,6,16,is
G-05,Vell,6,17,a
G-05,Vell,6,18,jug
G-05,Vell,6,19,.
G-05,Vell,6,20,notice
G-05,Vell,6,21,how
G-05,Vell,6,22,the
G-05,Vell,6,23,light
G-05,Vell,6,24,falls
G-05,Vell,6,25,across
G-05,Vell,6,26,the
G-05,Vell,6,27,varnish
G-05,Vell,6,28,.
G-05,Vell,6,29,the
G-05,Vell,6,30,handle
G-05,Vell,6,31,was
G-05,Vell,6,32,made
G-05,Vell,6,33,by
G-05,Vell,6,34,hand
G-05,Vell,6,35,.
G-05,Vell,6,36,this
G-05,Vell,6,37,case
G-05,Vell,6,38,is
G-05,Vell,6,39,opened
G-05,Vell,6,40,only
G-05,Vell,6,41,once
G-05,Vell,6,42,each
G-05,Vell,6,43,year
G-05,Vell,6,44,for
G-05,Vell,6,45,cleaning
G-05,Vell,6,46,.
G-05,Vell,6,47,look
G-05,Vell,6,48,closely
G-05,Vell,6,49,at
G-05,Vell,6,50,the
G-05,Vell,6,51,joins
G-05,Vell,6,52,.
G-05,Vell,6,53,when
G-05,Vell,6,54,you
G-05,Vell,6,55,are
G-05,Vell,6,56,ready
G-05,Vell,6,57,","
G-05,Vell,6,58,move
G-05,Vell,6,59,on
G-05,Vell,6,60,.
G-05,Vell,7,1,stop
G-05,Vell,7,2,seven
G-05,Vell,7,3,.
G-05,Vell,7,4,in
G-05,Vell,7,5,front
G-05,Vell,7,6,of
G-05,Vell,7,7,you
G-05,Vell,7,8,is
G-05,Vell,7,9,a
G-05,Vell,7,10,jug
G-05,Vell,7,11,.
G-05,Vell,7,12,notice
G-05,Vell,7,13,how
G-05,Vell,7,14,the
G-05,Vell,7,15,light
G-05,Vell,7,16,shifts
G-05,Vell,7,17,across
G-05,Vell,7,18,the
G-05,Vell,7,19,varnish
G-05,Vell,7,20,.
G-05,Vell,7,21,the
G-05,Vell,7,22,handle
G-05,Vell,7,23,was
G-05,Vell,7,24,made
G-05,Vell,7,25,by
G-05,Vell,7,26,hand
G-05,Vell,7,27,.
G-05,Vell,7,28,look
G-05,Vell,7,29,closely
G-05,Vell,7,30,at
G-05,Vell,7,31,the
G-05,Vell,7,32,cracks
G-05,Vell,7,33,.
G-05,Vell,7,34,when
G-05,Vell,7,35,you
G-05,Vell,7,36,are
G-05,Vell,7,37,ready
G-05,Vell,7,38,","
G-05,Vell,7,39,move
G-05,Vell,7,40,on
G-05,Vell,7,41,.
G-05,Vell,8,1,stop
G-05,Vell,8,2,eight
G-05,Vell,8,3,.
G-05,Vell,8,4,in
G-05,Vell,8,5,front
G-05,Vell,8,6,of
G-05,Vell,8,7,you
G-05,Vell,8,8,is
G-05,Vell,8,9,an
G-05,Vell,8,10,urn
G-05,Vell,8,11,.
G-05,Vell,8,12,in
G-05,Vell,8,13,front
G-05,Vell,8,14,of
G-05,Vell,8,15,you
G-05,Vell,8,16,is
G-05,Vell,8,17,a
G-05,Vell,8,18,tile
G-05,Vell,8,19,.
G-05,Vell,8,20,notice
G-05,Vell,8,21,how
G-05,Vell,8,22,the
G-05,Vell,8,23,light
G-05,Vell,8,24,falls
G-05,Vell,8,25,across
G-05,Vell,8,26,the
G-05,Vell,8,27,glass
G-05,Vell,8,28,.
G-05,Vell,8,29,the
G-05,Vell,8,30,spout
G-05,Vell,8,31,was
G-05,Vell,8,32,made
G-05,Vell,8,33,by
G-05,Vell,8,34,hand
G-05,Vell,8,35,.
G-05,Vell,8,36,look
G-05,Vell,8,37,closely
G-05,Vell,8,38,at
G-05,Vell,8,39,the
G-05,Vell,8,40,joins
G-05,Vell,8,41,.
G-05,Vell,8,42,when
G-05,Vell,8,43,you
G-05,Vell,8,44,are
G-05,Vell,8,45,ready
G-05,Vell,8,46,","
G-05,Vell,8,47,move
G-05,Vell,8,48,on
G-05,Vell,8,49,.
G-05,Vell,9,1,stop
G-05,Vell,9,2,nine
G-05,Vell,9,3,.
G-05,Vell,9,4,in
G-05,Vell,9,5,front
G-05,Vell,9,6,of
G-05,Vell,9,7,you
G-05,Vell,9,8,is
G-05,Vell,9,9,a
G-05,Vell,9,10,bowl
G-05,Vell,9,11,.
G-05,Vell,9,12,notice
G-05,Vell,9,13,how
G-05,Vell,9,14,the
G-05,Vell,9,15,light
G-05,Vell,9,16,falls
G-05,Vell,9,17,across
G-05,Vell,9,18,the
G-05,Vell,9,19,glaze
G-05,Vell,9,20,.
G-05,Vell,9,21,the
G-05,Vell,9,22,handle
G-05,Vell,9,23,was
G-05,Vell,9,24,made
G-05,Vell,9,25,by
G-05,Vell,9,26,hand
G-05,Vell,9,27,.
G-05,Vell,9,28,this
G-05,Vell,9,29,case
G-05,Vell,9,30,is
G-05,Vell,9,31,opened
G-05,Vell,9,32,only
G-05,Vell,9,33,once
G-05,Vell,9,34,each
G-05,Vell,9,35,year
G-05,Vell,9,36,for
G-05,Vell,9,37,cleaning
G-05,Vell,9,38,.
G-05,Vell,9,39,look
G-05,Vell,9,40,closely
G-05,Vell,9,41,at
G-05,Vell,9,42,the
G-05,Vell,9,43,joins
G-05,Vell,9,44,.
G-05,Vell,9,45,when
G-05,Vell,9,46,you
G-05,Vell,9,47,are
G-05,Vell,9,48,ready
G-05,Vell,9,49,","
G-05,Vell,9,50,move
G-05,Vell,9,51,on
G-05,Vell,9,52,.
G-05,Vell,10,1,stop
G-05,Vell,10,2,ten
G-05,Vell,10,3,.
G-05,Vell,10,4,in
G-05,Vell,10,5,front
G-05,Vell,10,6,of
G-05,Vell,10,7,you
G-05,Vell,10,8,is
G-05,Vell,10,9,a
G-05,Vell,10,10,dish
G-05,Vell,10,11,.
G-05,Vell,10,12,in
G-05,Vell,10,13,front
G-05,Vell,10,14,of
G-05,Vell,10,15,you
G-05,Vell,10,16,is
G-05,Vell,10,17,a
G-05,Vell,10,18,bowl
G-05,Vell,10,19,.
G-05,Vell,10,20,notice
G-05,Vell,10,21,how
G-05,Vell,10,22,the
G-05,Vell,10,23,light
G-05,Vell,10,24,pools
G-05,Vell,10,25,across
G-05,Vell,10,26,the
G-05,Vell,10,27,glaze
G-05,Vell,10,28,.
G-05,Vell,10,29,the
G-05,Vell,10,30,rim
G-05,Vell,10,31,was
G-05,Vell,10,32,made
G-05,Vell,10,33,by
G-05,Vell,10,34,hand
G-05,Vell,10,35,.
G-05,Vell,10,36,look
G-05,Vell,10,37,closely
G-05,Vell,10,38,at
G-05,Vell,10,39,the
G-05,Vell,10,40,cracks
G-05,Vell,10,41,.
G-05,Vell,10,42,when
G-05,Vell,10,43,you
G-05,Vell,10,44,are
G-05,Vell,10,45,ready
G-05,Vell,10,46,","
G-05,Vell,10,47,move
G-05,Vell,10,48,on
G-05,Vell,10,49,.
G-05,Vell,11,1,stop
G-05,Vell,11,2,eleven
G-05,Vell,11,3,.
G-05,Vell,11,4,in
G-05,Vell,11,5,front
G-05,Vell,11,6,of
G-05,Vell,11,7,you
G-05,Vell,11,8,is
G-05,Vell,11,9,a
G-05,Vell,11,10,jug
G-05,Vell,11,11,.
G-05,Vell,11,12,in
G-05,Vell,11,13,front
G-05,Vell,11,14,of
G-05,Vell,11,15,you
G-05,Vell,11,16,is
G-05,Vell,11,17,a
G-05,Vell,11,18,bowl
G-05,Vell,11,19,.
G-05,Vell,11,20,notice
G-05,Vell,11,21,how
G-05,Vell,11,22,the
G-05,Vell,11,23,light
G-05,Vell,11,24,falls
G-05,Vell,11,25,across
G-05,Vell,11,26,the
G-05,Vell,11,27,varnish
G-05,Vell,11,28,.
G-05,Vell,11,29,the
G-05,Vell,11,30,spout
G-05,Vell,11,31,was
G-05,Vell,11,32,made
G-05,Vell,11,33,by
G-05,Vell,11,34,hand
G-05,Vell,11,35,.
G-05,Vell,11,36,look
G-05,Vell,11,37,closely
G-05,Vell,11,38,at
G-05,Vell,11,39,the
G-05,Vell,11,40,cracks
G-05,Vell,11,41,.
G-05,Vell,11,42,when
G-05,Vell,11,43,you
G-05,Vell,11,44,are
G-05,Vell,11,45,ready
G-05,Vell,11,46,","
G-05,Vell,11,47,move
G-05,Vell,11,48,on
G-05,Vell,11,49,.
G-05,Vell,12,1,stop
G-05,Vell,12,2,twelve
G-05,Vell,12,3,.
G-05,Vell,12,4,in
G-05,Vell,12,5,front
G-05,Vell,12,6,of
G-05,Vell,12,7,you
G-05,Vell,12,8,is
G-05,Vell,12,9,a
G-05,Vell,12,10,bowl
G-05,Vell,12,11,.
G-05,Vell,12,12,in
G-05,Vell,12,13,front
G-05,Vell,12,14,of
G-05,Vell,12,15,you
G-05,Vell,12,16,is
G-05,Vell,12,17,a
G-05,Vell,12,18,bowl
G-05,Vell,12,19,.
G-05,Vell,12,20,notice
G-05,Vell,12,21,how
G-05,Vell,12,22,the
G-05,Vell,12,23,light
G-05,Vell,12,24,catches
G-05,Vell,12,25,across
G-05,Vell,12,26,the
G-05,Vell,12,27,glass
G-05,Vell,12,28,.
G-05,Vell,12,29,the
G-05,Vell,12,30,handle
G-05,Vell,12,31,was
G-05,Vell,12,32,made
G-05,Vell,12,33,by
G-05,Vell,12,34,hand
G-05,Vell,12,35,.
G-05,Vell,12,36,this
G-05,Vell,12,37,case
G-05,Vell,12,38,is
G-05,Vell,12,39,opened
G-05,Vell,12,40,only
G-05,Vell,12,41,once
G-05,Vell,12,42,each
G-05,Vell,12,43,year
G-05,Vell,12,44,for
G-05,Vell,12,45,cleaning
G-05,Vell,12,46,.
G-05,Vell,12,47,look
G-05,Vell,12,48,closely
G-05,Vell,12,49,at
G-05,Vell,12,50,the
G-05,Vell,12,51,joins
G-05,Vell,12,52,.
G-05,Vell,12,53,when
G-05,Vell,12,54,you
G-05,Vell,12,55,are
G-05,Vell,12,56,ready
G-05,Vell,12,57,","
G-05,Vell,12,58,move
G-05,Vell,12,59,on
G-05,Vell,12,60,.
G-05,Vell,13,1,stop
G-05,Vell,13,2,thirteen
G-05,Vell,13,3,.
G-05,Vell,13,4,in
G-05,Vell,13,5,front
G-05,Vell,13,6,of
G-05,Vell,13,7,you
G-05,Vell,13,8,is
G-05,Vell,13,9,a
G-05,Vell,13,10,tile
G-05,Vell,13,11,.
G-05,Vell,13,12,in
G-05,Vell,13,13,front
G-05,Vell,13,14,of
G-05,Vell,13,15,you
G-05,Vell,13,16,is
G-05,Vell,13,17,a
G-05,Vell,13,18,bowl
G-05,Vell,13,19,.
G-05,Vell,13,20,notice
G-05,Vell,13,21,how
G-05,Vell,13,22,the
G-05,Vell,13,23,light
G-05,Vell,13,24,falls
G-05,Vell,13,25,across
G-05,Vell,13,26,the
G-05,Vell,13,27,glaze
G-05,Vell,13,28,.
G-05,Vell,13,29,the
G-05,Vell,13,30,handle
G-05,Vell,13,31,was
G-05,Vell,13,32,made
G-05,Vell,13,33,by
G-05,Vell,13,34,hand
G-05,Vell,13,35,.
G-05,Vell,13,36,look
G-05,Vell,13,37,closely
G-05,Vell,13,38,at
G-05,Vell,13,39,the
G-05,Vell,13,40,joins
G-05,Vell,13,41,.
G-05,Vell,13,42,when
G-05,Vell,13,43,you
G-05,Vell,13,44,are
G-05,Vell,13,45,ready
G-05,Vell,13,46,","
G-05,Vell,13,47,move
G-05,Vell,13,48,on
G-05,Vell,13,49,.
G-05,Vell,14,1,stop
G-05,Vell,14,2,fourteen
G-05,Vell,14,3,.
G-05,Vell,14,4,in
G-05,Vell,14,5,front
G-05,Vell,14,6,of
G-05,Vell,14,7,you
G-05,Vell,14,8,is
G-05,Vell,14,9,a
G-05,Vell,14,10,bowl
G-05,Vell,14,11,.
G-05,Vell,14,12,in
G-05,Vell,14,13,front
G-05,Vell,14,14,of
G-05,Vell,14,15,you
G-05,Vell,14,16,is
G-05,Vell,14,17,a
G-05,Vell,14,18,bowl
G-05,Vell,14,19,.
G-05,Vell,14,20,notice
G-05,Vell,14,21,how
G-05,Vell,14,22,the
G-05,Vell,14,23,light
G-05,Vell,14,24,falls
G-05,Vell,14,25,across
G-05,Vell,14,26,the
G-05,Vell,14,27,glass
G-05,Vell,14,28,.
G-05,Vell,14,29,the
G-05,Vell,14,30,rim
G-05,Vell,14,31,was
G-05,Vell,14,32,made
G-05,Vell,14,33,by
G-05,Vell,14,34,hand
G-05,Vell,14,35,.
G-05,Vell,14,36,look
G-05,Vell,14,37,closely
G-05,Vell,14,38,at
G-05,Vell,14,39,the
G-05,Vell,14,40,joins
G-05,Vell,14,41,.
G-05,Vell,14,42,when
G-05,Vell,14,43,you
G-05,Vell,14,44,are
G-05,Vell,14,45,ready
G-05,Vell,14,46,","
G-05,Vell,14,47,move
G-05,Vell,14,48,on
G-05,Vell,14,49,.
G-05,Vell,15,1,stop
G-05,Vell,15,2,fifteen
G-05,Vell,15,3,.
G-05,Vell,15,4,in
G-05,Vell,15,5,front
G-05,Vell,15,6,of
G-05,Vell,15,7,you
G-05,Vell,15,8,is
G-05,Vell,15,9,an
G-05,Vell,15,10,urn
G-05,Vell,15,11,.
G-05,Vell,15,12,in
G-05,Vell,15,13,front
G-05,Vell,15,14,of
G-05,Vell,15,15,you
G-05,Vell,15,16,is
G-05,Vell,15,17,a
G-05,Vell,15,18,bowl
G-05,Vell,15,19,.
G-05,Vell,15,20,notice
G-05,Vell,15,21,how
G-05,Vell,15,22,the
G-05,Vell,15,23,light
G-05,Vell,15,24,shifts
G-05,Vell,15,25,across
G-05,Vell,15,26,the
G-05,Vell,15,27,varnish
G-05,Vell,15,28,.
G-05,Vell,15,29,the
G-05,Vell,15,30,rim
G-05,Vell,15,31,was
G-05,Vell,15,32,made
G-05,Vell,15,33,by
G-05,Vell,15,34,hand
G-05,Vell,15,35,.
G-05,Vell,15,36,this
G-05,Vell,15,37,case
G-05,Vell,15,38,is
G-05,Vell,15,39,opened
G-05,Vell,15,40,only
G-05,Vell,15,41,once
G-05,Vell,15,42,each
G-05,Vell,15,43,year
G-05,Vell,15,44,for
G-05,Vell,15,45,cleaning
G-05,Vell,15,46,.
G-05,Vell,15,47,look
G-05,Vell,15,48,closely
G-05,Vell,15,49,at
G-05,Vell,15,50,the
G-05,Vell,15,51,cracks
G-05,Vell,15,52,.
G-05,Vell,15,53,when
G-05,Vell,15,54,you
G-05,Vell,15,55,are
G-05,Vell,15,56,ready
G-05,Vell,15,57,","
G-05,Vell,15,58,move
G-05,Vell,15,59,on
G-05,Vell,15,60,.
G-05,Vell,16,1,stop
G-05,Vell,16,2,sixteen
G-05,Vell,16,3,.
G-05,Vell,16,4,in
G-05,Vell,16,5,front
G-05,Vell,16,6,of
G-05,Vell,16,7,you
G-05,Vell,16,8,is
G-05,Vell,16,9,a
G-05,Vell,16,10,dish
G-05,Vell,16,11,.
G-05,Vell,16,12,in
G-05,Vell,16,13,front
G-05,Vell,16,14,of
G-05,Vell,16,15,you
G-05,Vell,16,16,is
G-05,Vell,16,17,a
G-05,Vell,16,18,jug
G-05,Vell,16,19,.
G-05,Vell,16,20,notice
G-05,Vell,16,21,how
G-05,Vell,16,22,the
G-05,Vell,16,23,light
G-05,Vell,16,24,moves
G-05,Vell,16,25,across
G-05,Vell,16,26,the
G-05,Vell,16,27,glaze
G-05,Vell,16,28,.
G-05,Vell,16,29,the
G-05,Vell,16,30,handle
G-05,Vell,16,31,was
G-05,Vell,16,32,made
G-05,Vell,16,33,by
G-05,Vell,16,34,hand
G-05,Vell,16,35,.
G-05,Vell,16,36,look
G-05,Vell,16,37,closely
G-05,Vell,16,38,at
G-05,Vell,16,39,the
G-05,Vell,16,40,cracks
G-05,Vell,16,41,.
G-05,Vell,16,42,when
G-05,Vell,16,43,you
G-05,Vell,16,44,are
G-05,Vell,16,45,ready
G-05,Vell,16,46,","
G-05,Vell,16,47,move
G-05,Vell,16,48,on
G-05,Vell,16,49,.
G-05,Vell,17,1,stop
G-05,Vell,17,2,seventeen
G-05,Vell,17,3,.
G-05,Vell,17,4,in
G-05,Vell,17,5,front
G-05,Vell,17,6,of
G-05,Vell,17,7,you
G-05,Vell,17,8,is
G-05,Vell,17,9,a
G-05,Vell,17,10,bowl
G-05,Vell,17,11,.
G-05,Vell,17,12,in
G-05,Vell,17,13,front
G-05,Vell,17,14,of
G-05,Vell,17,15,you
G-05,Vell,17,16,is
G-05,Vell,17,17,an
G-05,Vell,17,18,urn
G-05,Vell,17,19,.
G-05,Vell,17,20,notice
G-05,Vell,17,21,how
G-05,Vell,17,22,the
G-05,Vell,17,23,light
G-05,Vell,17,24,softens
G-05,Vell,17,25,across
G-05,Vell,17,26,the
G-05,Vell,17,27,varnish
G-05,Vell,17,28,.
G-05,Vell,17,29,the
G-05,Vell,17,30,rim
G-05,Vell,17,31,was
G-05,Vell,17,32,made
G-05,Vell,17,33,by
G-05,Vell,17,34,hand
G-05,Vell,17,35,.
G-05,Vell,17,36,look
G-05,Vell,17,37,closely
G-05,Vell,17,38,at
G-05,Vell,17,39,the
G-05,Vell,17,40,joins
G-05,Vell,17,41,.
G-05,Vell,17,42,when
G-05,Vell,17,43,you
G-05,Vell,17,44,are
G-05,Vell,17,45,ready
G-05,Vell,17,46,","
G-05,Vell,17,47,move
G-05,Vell,17,48,on
G-05,Vell,17,49,.
G-05,Vell,18,1,stop
G-05,Vell,18,2,eighteen
G-05,Vell,18,3,.
G-05,Vell,18,4,in
G-05,Vell,18,5,front
G-05,Vell,18,6,of
G-05,Vell,18,7,you
G-05,Vell,18,8,is
G-05,Vell,18,9,a
G-05,Vell,18,10,dish
G-05,Vell,18,11,.
G-05,Vell,18,12,in
G-05,Vell,18,13,front
G-05,Vell,18,14,of
G-05,Vell,18,15,you
G-05,Vell,18,16,is
G-05,Vell,18,17,a
G-05,Vell,18,18,jug
G-05,Vell,18,19,.
G-05,Vell,18,20,notice
G-05,Vell,18,21,how
G-05,Vell,18,22,the
G-05,Vell,18,23,light
G-05,Vell,18,24,falls
G-05,Vell,18,25,across
G-05,Vell,18,26,the
G-05,Vell,18,27,varnish
G-05,Vell,18,28,.
G-05,Vell,18,29,the
G-05,Vell,18,30,spout
G-05,Vell,18,31,was
G-05,Vell,18,32,made
G-05,Vell,18,33,by
G-05,Vell,18,34,hand
G-05,Vell,18,35,.
G-05,Vell,18,36,this
G-05,Vell,18,37,case
G-05,Vell,18,38,is
G-05,Vell,18,39,opened
G-05,Vell,18,40,only
G-05,Vell,18,41,once
G-05,Vell,18,42,each
G-05,Vell,18,43,year
G-05,Vell,18,44,for
G-05,Vell,18,45,cleaning
G-05,Vell,18,46,.
G-05,Vell,18,47,look
G-05,Vell,18,48,closely
G-05,Vell,18,49,at
G-05,Vell,18,50,the
G-05,Vell,18,51,joins
G-05,Vell,18,52,.
G-05,Vell,18,53,when
G-05,Vell,18,54,you
G-05,Vell,18,55,are
G-05,Vell,18,56,ready
G-05,Vell,18,57,","
G-05,Vell,18,58,move
G-05,Vell,18,59,on
G-05,Vell,18,60,.
G-05,Vell,19,1,stop
G-05,Vell,19,2,nineteen
G-05,Vell,19,3,.
G-05,Vell,19,4,in
G-05,Vell,19,5,front
G-05,Vell,19,6,of
G-05,Vell,19,7,you
G-05,Vell,19,8,is
G-05,Vell,19,9,a
G-05,Vell,19,10,bowl
G-05,Vell,19,11,.
G-05,Vell,19,12,in
G-05,Vell,19,13,front
G-05,Vell,19,14,of
G-05,Vell,19,15,you
G-05,Vell,19,16,is
G-05,Vell,19,17,a
G-05,Vell,19,18,jug
G-05,Vell,19,19,.
G-05,Vell,19,20,notice
G-05,Vell,19,21,how
G-05,Vell,19,22,the
G-05,Vell,19,23,light
G-05,Vell,19,24,fades
G-05,Vell,19,25,across
G-05,Vell,19,26,the
G-05,Vell,19,27,varnish
G-05,Vell,19,28,.
G-05,Vell,19,29,the
G-05,Vell,19,30,rim
G-05,Vell,19,31,was
G-05,Vell,19,32,made
G-05,Vell,19,33,by
G-05,Vell,19,34,hand
G-05,Vell,19,35,.
G-05,Vell,19,36,look
G-05,Vell,19,37,closely
G-05,Vell,19,38,at
G-05,Vell,19,39,the
G-05,Vell,19,40,cracks
G-05,Vell,19,41,.
G-05,Vell,19,42,when
G-05,Vell,19,43,you
G-05,Vell,19,44,are
G-05,Vell,19,45,ready
G-05,Vell,19,46,","
G-05,Vell,19,47,move
G-05,Vell,19,48,on
G-05,Vell,19,49,.
G-05,Vell,20,1,stop
G-05,Vell,20,2,twenty
G-05,Vell,20,3,.
G-05,Vell,20,4,in
G-05,Vell,20,5,front
G-05,Vell,20,6,of
G-05,Vell,20,7,you
G-05,Vell,20,8,is
G-05,Vell,20,9,an
G-05,Vell,20,10,urn
G-05,Vell,20,11,.
G-05,Vell,20,12,notice
G-05,Vell,20,13,how
G-05,Vell,20,14,the
G-05,Vell,20,15,light
G-05,Vell,20,16,softens
G-05,Vell,20,17,across
G-05,Vell,20,18,the
G-05,Vell,20,19,varnish
G-05,Vell,20,20,.
G-05,Vell,20,21,the
G-05,Vell,20,22,handle
G-05,Vell,20,23,was
G-05,Vell,20,24,made
G-05,Vell,20,25,by
G-05,Vell,20,26,hand
G-05,Vell,20,27,.
G-05,Vell,20,28,look
G-05,Vell,20,29,closely
G-05,Vell,20,30,at
G-05,Vell,20,31,the
G-05,Vell,20,32,joins
G-05,Vell,20,33,.
G-05,Vell,20,34,when
G-05,Vell,20,35,you
G-05,Vell,20,36,are
G-05,Vell,20,37,ready
G-05,Vell,20,38,","
G-05,Vell,20,39,move
G-05,Vell,20,40,on
G-05,Vell,20,41,.
G-06,Corbey,1,1,stop
G-06,Corbey,1,2,one
G-06,Corbey,1,3,.
G-06,Corbey,1,4,in
G-06,Corbey,1,5,front
G-06,Corbey,1,6,of
G-06,Corbey,1,7,you
G-06,Corbey,1,8,is
G-06,Corbey,1,9,a
G-06,Corbey,1,10,tile
G-06,Corbey,1,11,.
G-06,Corbey,1,12,in
G-06,Corbey,1,13,front
G-06,Corbey,1,14,of
G-06,Corbey,1,15,you
G-06,Corbey,1,16,is
G-06,Corbey,1,17,a
G-06,Corbey,1,18,bowl
G-06,Corbey,1,19,.
G-06,Corbey,1,20,notice
G-06,Corbey,1,21,how
G-06,Corbey,1,22,the
G-06,Corbey,1,23,light
G-06,Corbey,1,24,softens
G-06,Corbey,1,25,across
G-06,Corbey,1,26,the
G-06,Corbey,1,27,glaze
G-06,Corbey,1,28,.
G-06,Corbey,1,29,the
G-06,Corbey,1,30,spout
G-06,Corbey,1,31,was
G-06,Corbey,1,32,made
G-06,Corbey,1,33,by
G-06,Corbey,1,34,hand
G-06,Corbey,1,35,.
G-06,Corbey,1,36,look
G-06,Corbey,1,37,closely
G-06,Corbey,1,38,at
G-06,Corbey,1,39,the
G-06,Corbey,1,40,cracks
G-06,Corbey,1,41,.
G-06,Corbey,1,42,when
G-06,Corbey,1,43,you
G-06,Corbey,1,44,are
G-06,Corbey,1,45,ready
G-06,Corbey,1,46,","
G-06,Corbey,1,47,move
G-06,Corbey,1,48,on
G-06,Corbey,1,49,.
G-06,Corbey,2,1,stop
G-06,Corbey,2,2,two
G-06,Corbey,2,3,.
G-06,Corbey,2,4,in
G-06,Corbey,2,5,front
G-06,Corbey,2,6,of
G-06,Corbey,2,7,you
G-06,Corbey,2,8,is
G-06,Corbey,2,9,a
G-06,Corbey,2,10,bowl
G-06,Corbey,2,11,.
G-06,Corbey,2,12,in
G-06,Corbey,2,13,front
G-06,Corbey,2,14,of
G-06,Corbey,2,15,you
G-06,Corbey,2,16,is
G-06,Corbey,2,17,a
G-06,Corbey,2,18,bowl
G-06,Corbey,2,19,.
G-06,Corbey,2,20,notice
G-06,Corbey,2,21,how
G-06,Corbey,2,22,the
G-06,Corbey,2,23,light
G-06,Corbey,2,24,moves
G-06,Corbey,2,25,across
G-06,Corbey,2,26,the
G-06,Corbey,2,27,glass
G-06,Corbey,2,28,.
G-06,Corbey,2,29,the
G-06,Corbey,2,30,rim
G-06,Corbey,2,31,was
G-06,Corbey,2,32,made
G-06,Corbey,2,33,by
G-06,Corbey,2,34,hand
G-06,Corbey,2,35,.
G-06,Corbey,2,36,look
G-06,Corbey,2,37,closely
G-06,Corbey,2,38,at
G-06,Corbey,2,39,the
G-06,Corbey,2,40,cracks
G-06,Corbey,2,41,.
G-06,Corbey,2,42,when
G-06,Corbey,2,43,you
G-06,Corbey,2,44,are
G-06,Corbey,2,45,ready
G-06,Corbey,2,46,","
G-06,Corbey,2,47,move
G-06,Corbey,2,48,on
G-06,Corbey,2,49,.
G-06,Corbey,3,1,stop
G-06,Corbey,3,2,three
G-06,Corbey,3,3,.
G-06,Corbey,3,4,in
G-06,Corbey,3,5,front
G-06,Corbey,3,6,of
G-06,Corbey,3,7,you
G-06,Corbey,3,8,is
G-06,Corbey,3,9,a
G-06,Corbey,3,10,dish
G-06,Corbey,3,11,.
G-06,Corbey,3,12,in
G-06,Corbey,3,13,front
G-06,Corbey,3,14,of
G-06,Corbey,3,15,you
G-06,Corbey,3,16,is
G-06,Corbey,3,17,a
G-06,Corbey,3,18,jug
G-06,Corbey,3,19,.
G-06,Corbey,3,20,notice
G-06,Corbey,3,21,how
G-06,Corbey,3,22,the
G-06,Corbey,3,23,light
G-06,Corbey,3,24,falls
G-06,Corbey,3,25,across
G-06,Corbey,3,26,the
G-06,Corbey,3,27,varnish
G-06,Corbey,3,28,.
G-06,Corbey,3,29,the
G-06,Corbey,3,30,rim
G-06,Corbey,3,31,was
G-06,Corbey,3,32,made
G-06,Corbey,3,33,by
G-06,Corbey,3,34,hand
G-06,Corbey,3,35,.
G-06,Corbey,3,36,there
G-06,Corbey,3,37,are
G-06,Corbey,3,38,two
G-06,Corbey,3,39,more
G-06,Corbey,3,40,examples
G-06,Corbey,3,41,of
G-06,Corbey,3,42,this
G-06,Corbey,3,43,upstairs
G-06,Corbey,3,44,in
G-06,Corbey,3,45,the
G-06,Corbey,3,46,long
G-06,Corbey,3,47,gallery
G-06,Corbey,3,48,.
G-06,Corbey,3,49,look
G-06,Corbey,3,50,closely
G-06,Corbey,3,51,at
G-06,Corbey,3,52,the
G-06,Corbey,3,53,colour
G-06,Corbey,3,54,.
G-06,Corbey,3,55,when
G-06,Corbey,3,56,you
G-06,Corbey,3,57,are
G-06,Corbey,3,58,ready
G-06,Corbey,3,59,","
G-06,Corbey,3,60,move
G-06,Corbey,3,61,on
G-06,Corbey,3,62,.
G-06,Corbey,4,1,stop
G-06,Corbey,4,2,four
G-06,Corbey,4,3,.
G-06,Corbey,4,4,in
G-06,Corbey,4,5,front
G-06,Corbey,4,6,of
G-06,Corbey,4,7,you
G-06,Corbey,4,8,is
G-06,Corbey,4,9,a
G-06,Corbey,4,10,tile
G-06,Corbey,4,11,.
G-06,Corbey,4,12,in
G-06,Corbey,4,13,front
G-06,Corbey,4,14,of
G-06,Corbey,4,15,you
G-06,Corbey,4,16,is
G-06,Corbey,4,17,a
G-06,Corbey,4,18,bowl
G-06,Corbey,4,19,.
G-06,Corbey,4,20,notice
G-06,Corbey,4,21,how
G-06,Corbey,4,22,the
G-06,Corbey,4,23,light
G-06,Corbey,4,24,falls
G-06,Corbey,4,25,across
G-06,Corbey,4,26,the
G-06,Corbey,4,27,varnish
G-06,Corbey,4,28,.
G-06,Corbey,4,29,the
G-06,Corbey,4,30,rim
G-06,Corbey,4,31,was
G-06,Corbey,4,32,made
G-06,Corbey,4,33,by
G-06,Corbey,4,34,hand
G-06,Corbey,4,35,.
G-06,Corbey,4,36,look
G-06,Corbey,4,37,closely
G-06,Corbey,4,38,at
G-06,Corbey,4,39,the
G-06,Corbey,4,40,cracks
G-06,Corbey,4,41,.
G-06,Corbey,4,42,when
G-06,Corbey,4,43,you
G-06,Corbey,4,44,are
G-06,Corbey,4,45,ready
G-06,Corbey,4,46,","
G-06,Corbey,4,47,move
G-06,Corbey,4,48,on
G-06,Corbey,4,49,.
G-06,Corbey,5,1,stop
G-06,Corbey,5,2,five
G-06,Corbey,5,3,.
G-06,Corbey,5,4,in
G-06,Corbey,5,5,front
G-06,Corbey,5,6,of
G-06,Corbey,5,7,you
G-06,Corbey,5,8,is
G-06,Corbey,5,9,a
G-06,Corbey,5,10,bowl
G-06,Corbey,5,11,.
G-06,Corbey,5,12,notice
G-06,Corbey,5,13,how
G-06,Corbey,5,14,the
G-06,Corbey,5,15,light
G-06,Corbey,5,16,falls
G-06,Corbey,5,17,across
G-06,Corbey,5,18,the
G-06,Corbey,5,19,glaze
G-06,Corbey,5,20,.
G-06,Corbey,5,21,the
G-06,Corbey,5,22,rim
G-06,Corbey,5,23,was
G-06,Corbey,5,24,made
G-06,Corbey,5,25,by
G-06,Corbey,5,26,hand
G-06,Corbey,5,27,.
G-06,Corbey,5,28,look
G-06,Corbey,5,29,closely
G-06,Corbey,5,30,at
G-06,Corbey,5,31,the
G-06,Corbey,5,32,cracks
G-06,Corbey,5,33,.
G-06,Corbey,5,34,when
G-06,Corbey,5,35,you
G-06,Corbey,5,36,are
G-06,Corbey,5,37,ready
G-06,Corbey,5,38,","
G-06,Corbey,5,39,move
G-06,Corbey,5,40,on
G-06,Corbey,5,41,.
G-06,Corbey,6,1,stop
G-06,Corbey,6,2,six
G-06,Corbey,6,3,.
G-06,Corbey,6,4,in
G-06,Corbey,6,5,front
G-06,Corbey,6,6,of
G-06,Corbey,6,7,you
G-06,Corbey,6,8,is
G-06,Corbey,6,9,a
G-06,Corbey,6,10,bowl
G-06,Corbey,6,11,.
G-06,Corbey,6,12,in
G-06,Corbey,6,13,front
G-06,Corbey,6,14,of
G-06,Corbey,6,15,you
G-06,Corbey,6,16,is
G-06,Corbey,6,17,a
G-06,Corbey,6,18,jug
G-06,Corbey,6,19,.
G-06,Corbey,6,20,notice
G-06,Corbey,6,21,how
G-06,Corbey,6,22,the
G-06,Corbey,6,23,light
G-06,Corbey,6,24,fades
G-06,Corbey,6,25,across
G-06,Corbey,6,26,the
G-06,Corbey,6,27,glass
G-06,Corbey,6,28,.
G-06,Corbey,6,29,the
G-06,Corbey,6,30,spout
G-06,Corbey,6,31,was
G-06,Corbey,6,32,made
G-06,Corbey,6,33,by
G-06,Corbey,6,34,hand
G-06,Corbey,6,35,.
G-06,Corbey,6,36,there
G-06,Corbey,6,37,are
G-06,Corbey,6,38,two
G-06,Corbey,6,39,more
G-06,Corbey,6,40,examples
G-06,Corbey,6,41,of
G-06,Corbey,6,42,this
G-06,Corbey,6,43,upstairs
G-06,Corbey,6,44,in
G-06,Corbey,6,45,the
G-06,Corbey,6,46,long
G-06,Corbey,6,47,gallery
G-06,Corbey,6,48,.
G-06,Corbey,6,49,look
G-06,Corbey,6,50,closely
G-06,Corbey,6,51,at
G-06,Corbey,6,52,the
G-06,Corbey,6,53,cracks
G-06,Corbey,6,54,.
G-06,Corbey,6,55,when
G-06,Corbey,6,56,you
G-06,Corbey,6,57,are
G-06,Corbey,6,58,ready
G-06,Corbey,6,59,","
G-06,Corbey,6,60,move
G-06,Corbey,6,61,on
G-06,Corbey,6,62,.
G-06,Corbey,7,1,stop
G-06,Corbey,7,2,seven
G-06,Corbey,7,3,.
G-06,Corbey,7,4,in
G-06,Corbey,7,5,front
G-06,Corbey,7,6,of
G-06,Corbey,7,7,you
G-06,Corbey,7,8,is
G-06,Corbey,7,9,a
G-06,Corbey,7,10,dish
G-06,Corbey,7,11,.
G-06,Corbey,7,12,in
G-06,Corbey,7,13,front
G-06,Corbey,7,14,of
G-06,Corbey,7,15,you
G-06,Corbey,7,16,is
G-06,Corbey,7,17,a
G-06,Corbey,7,18,tile
G-06,Corbey,7,19,.
G-06,Corbey,7,20,notice
G-06,Corbey,7,21,how
G-06,Corbey,7,22,the
G-06,Corbey,7,23,light
G-06,Corbey,7,24,falls
G-06,Corbey,7,25,across
G-06,Corbey,7,26,the
G-06,Corbey,7,27,glass
G-06,Corbey,7,28,.
G-06,Corbey,7,29,the
G-06,Corbey,7,30,spout
G-06,Corbey,7,31,was
G-06,Corbey,7,32,made
G-06,Corbey,7,33,by
G-06,Corbey,7,34,hand
G-06,Corbey,7,35,.
G-06,Corbey,7,36,look
G-06,Corbey,7,37,closely
G-06,Corbey,7,38,at
G-06,Corbey,7,39,the
G-06,Corbey,7,40,joins
G-06,Corbey,7,41,.
G-06,Corbey,7,42,when
G-06,Corbey,7,43,you
G-06,Corbey,7,44,are
G-06,Corbey,7,45,ready
G-06,Corbey,7,46,","
G-06,Corbey,7,47,move
G-06,Corbey,7,48,on
G-06,Corbey,7,49,.
G-06,Corbey,8,1,stop
G-06,Corbey,8,2,eight
G-06,Corbey,8,3,.
G-06,Corbey,8,4,in
G-06,Corbey,8,5,front
G-06,Corbey,8,6,of
G-06,Corbey,8,7,you
G-06,Corbey,8,8,is
G-06,Corbey,8,9,a
G-06,Corbey,8,10,bowl
G-06,Corbey,8,11,.
G-06,Corbey,8,12,in
G-06,Corbey,8,13,front
G-06,Corbey,8,14,of
G-06,Corbey,8,15,you
G-06,Corbey,8,16,is
G-06,Corbey,8,17,a
G-06,Corbey,8,18,bowl
G-06,Corbey,8,19,.
G-06,Corbey,8,20,notice
G-06,Corbey,8,21,how
G-06,Corbey,8,22,the
G-06,Corbey,8,23,light
G-06,Corbey,8,24,falls
G-06,Corbey,8,25,across
G-06,Corbey,8,26,the
G-06,Corbey,8,27,glass
G-06,Corbey,8,28,.
G-06,Corbey,8,29,the
G-06,Corbey,8,30,foot
G-06,Corbey,8,31,was
G-06,Corbey,8,32,made
G-06,Corbey,8,33,by
G-06,Corbey,8,34,hand
G-06,Corbey,8,35,.
G-06,Corbey,8,36,look
G-06,Corbey,8,37,closely
G-06,Corbey,8,38,at
G-06,Corbey,8,39,the
G-06,Corbey,8,40,cracks
G-06,Corbey,8,41,.
G-06,Corbey,8,42,when
G-06,Corbey,8,43,you
G-06,Corbey,8,44,are
G-06,Corbey,8,45,ready
G-06,Corbey,8,46,","
G-06,Corbey,8,47,move
G-06,Corbey,8,48,on
G-06,Corbey,8,49,.
G-06,Corbey,9,1,stop
G-06,Corbey,9,2,nine
G-06,Corbey,9,3,.
G-06,Corbey,9,4,in
G-06,Corbey,9,5,front
G-06,Corbey,9,6,of
G-06,Corbey,9,7,you
G-06,Corbey,9,8,is
G-06,Corbey,9,9,a
G-06,Corbey,9,10,jug
G-06,Corbey,9,11,.
G-06,Corbey,9,12,in
G-06,Corbey,9,13,front
G-06,Corbey,9,14,of
G-06,Corbey,9,15,you
G-06,Corbey,9,16,is
G-06,Corbey,9,17,a
G-06,Corbey,9,18,bowl
G-06,Corbey,9,19,.
G-06,Corbey,9,20,notice
G-06,Corbey,9,21,how
G-06,Corbey,9,22,the
G-06,Corbey,9,23,light
G-06,Corbey,9,24,falls
G-06,Corbey,9,25,across
G-06,Corbey,9,26,the
G-06,Corbey,9,27,glass
G-06,Corbey,9,28,.
G-06,Corbey,9,29,the
G-06,Corbey,9,30,rim
G-06,Corbey,9,31,was
G-06,Corbey,9,32,made
G-06,Corbey,9,33,by
G-06,Corbey,9,34,hand
G-06,Corbey,9,35,.
G-06,Corbey,9,36,there
G-06,Corbey,9,37,are
G-06,Corbey,9,38,two
G-06,Corbey,9,39,more
G-06,Corbey,9,40,examples
G-06,Corbey,9,41,of
G-06,Corbey,9,42,this
G-06,Corbey,9,43,upstairs
G-06,Corbey,9,44,in
G-06,Corbey,9,45,the
G-06,Corbey,9,46,long
G-06,Corbey,9,47,gallery
G-06,Corbey,9,48,.
G-06,Corbey,9,49,look
G-06,Corbey,9,50,closely
G-06,Corbey,9,51,at
G-06,Corbey,9,52,the
G-06,Corbey,9,53,cracks
G-06,Corbey,9,54,.
G-06,Corbey,9,55,when
G-06,Corbey,9,56,you
G-06,Corbey,9,57,are
G-06,Corbey,9,58,ready
G-06,Corbey,9,59,","
G-06,Corbey,9,60,move
G-06,Corbey,9,61,on
G-06,Corbey,9,62,.
G-06,Corbey,10,1,stop
G-06,Corbey,10,2,ten
G-06,Corbey,10,3,.
G-06,Corbey,10,4,in
G-06,Corbey,10,5,front
G-06,Corbey,10,6,of
G-06,Corbey,10,7,you
G-06,Corbey,10,8,is
G-06,Corbey,10,9,a
G-06,Corbey,10,10,bowl
G-06,Corbey,10,11,.
G-06,Corbey,10,12,notice
G-06,Corbey,10,13,how
G-06,Corbey,10,14,the
G-06,Corbey,10,15,light
G-06,Corbey,10,16,falls
G-06,Corbey,10,17,across
G-06,Corbey,10,18,the
G-06,Corbey,10,19,varnish
G-06,Corbey,10,20,.
G-06,Corbey,10,21,the
G-06,Corbey,10,22,rim
G-06,Corbey,10,23,was
G-06,Corbey,10,24,made
G-06,Corbey,10,25,by
G-06,Corbey,10,26,hand
G-06,Corbey,10,27,.
G-06,Corbey,10,28,look
G-06,Corbey,10,29,closely
G-06,Corbey,10,30,at
G-06,Corbey,10,31,the
G-06,Corbey,10,32,cracks
G-06,Corbey,10,33,.
G-06,Corbey,10,34,when
G-06,Corbey,10,35,you
G-06,Corbey,10,36,are
G-06,Corbey,10,37,ready
G-06,Corbey,10,38,","
G-06,Corbey,10,39,move
G-06,Corbey,10,40,on
G-06,Corbey,10,41,.
G-06,Corbey,11,1,stop
G-06,Corbey,11,2,eleven
G-06,Corbey,11,3,.
G-06,Corbey,11,4,in
G-06,Corbey,11,5,front
G-06,Corbey,11,6,of
G-06,Corbey,11,7,you
G-06,Corbey,11,8,is
G-06,Corbey,11,9,a
G-06,Corbey,11,10,dish
G-06,Corbey,11,11,.
G-06,Corbey,11,12,notice
G-06,Corbey,11,13,how
G-06,Corbey,11,14,the
G-06,Corbey,11,15,light
G-06,Corbey,11,16,pools
G-06,Corbey,11,17,across
G-06,Corbey,11,18,the
G-06,Corbey,11,19,varnish
G-06,Corbey,11,20,.
G-06,Corbey,11,21,the
G-06,Corbey,11,22,handle
G-06,Corbey,11,23,was
G-06,Corbey,11,24,made
G-06,Corbey,11,25,by
G-06,Corbey,11,26,hand
G-06,Corbey,11,27,.
G-06,Corbey,11,28,look
G-06,Corbey,11,29,closely
G-06,Corbey,11,30,at
G-06,Corbey,11,31,the
G-06,Corbey,11,32,cracks
G-06,Corbey,11,33,.
G-06,Corbey,11,34,when
G-06,Corbey,11,35,you
G-06,Corbey,11,36,are
G-06,Corbey,11,37,ready
G-06,Corbey,11,38,","
G-06,Corbey,11,39,move
G-06,Corbey,11,40,on
G-06,Corbey,11,41,.
G-06,Corbey,12,1,stop
G-06,Corbey,12,2,twelve
G-06,Corbey,12,3,.
G-06,Corbey,12,4,in
G-06,Corbey,12,5,front
G-06,Corbey,12,6,of
G-06,Corbey,12,7,you
G-06,Corbey,12,8,is
G-06,Corbey,12,9,a
G-06,Corbey,12,10,tile
G-06,Corbey,12,11,.
G-06,Corbey,12,12,in
G-06,Corbey,12,13,front
G-06,Corbey,12,14,of
G-06,Corbey,12,15,you
G-06,Corbey,12,16,is
G-06,Corbey,12,17,a
G-06,Corbey,12,18,bowl
G-06,Corbey,12,19,.
G-06,Corbey,12,20,notice
G-06,Corbey,12,21,how
G-06,Corbey,12,22,the
G-06,Corbey,12,23,light
G-06,Corbey,12,24,catches
G-06,Corbey,12,25,across
G-06,Corbey,12,26,the
G-06,Corbey,12,27,glaze
G-06,Corbey,12,28,.
G-06,Corbey,12,29,the
G-06,Corbey,12,30,rim
G-06,Corbey,12,31,was
G-06,Corbey,12,32,made
G-06,Corbey,12,33,by
G-06,Corbey,12,34,hand
G-06,Corbey,12,35,.
G-06,Corbey,12,36,there
G-06,Corbey,12,37,are
G-06,Corbey,12,38,two
G-06,Corbey,12,39,more
G-06,Corbey,12,40,examples
G-06,Corbey,12,41,of
G-06,Corbey,12,42,this
G-06,Corbey,12,43,upstairs
G-06,Corbey,12,44,in
G-06,Corbey,12,45,the
G-06,Corbey,12,46,long
G-06,Corbey,12,47,gallery
G-06,Corbey,12,48,.
G-06,Corbey,12,49,look
G-06,Corbey,12,50,closely
G-06,Corbey,12,51,at
G-06,Corbey,12,52,the
G-06,Corbey,12,53,joins
G-06,Corbey,12,54,.
G-06,Corbey,12,55,when
G-06,Corbey,12,56,you
G-06,Corbey,12,57,are
G-06,Corbey,12,58,ready
G-06,Corbey,12,59,","
G-06,Corbey,12,60,move
G-06,Corbey,12,61,on
G-06,Corbey,12,62,.
G-06,Corbey,13,1,stop
G-06,Corbey,13,2,thirteen
G-06,Corbey,13,3,.
G-06,Corbey,13,4,in
G-06,Corbey,13,5,front
G-06,Corbey,13,6,of
G-06,Corbey,13,7,you
G-06,Corbey,13,8,is
G-06,Corbey,13,9,a
G-06,Corbey,13,10,jug
G-06,Corbey,13,11,.
G-06,Corbey,13,12,in
G-06,Corbey,13,13,front
G-06,Corbey,13,14,of
G-06,Corbey,13,15,you
G-06,Corbey,13,16,is
G-06,Corbey,13,17,a
G-06,Corbey,13,18,bowl
G-06,Corbey,13,19,.
G-06,Corbey,13,20,notice
G-06,Corbey,13,21,how
G-06,Corbey,13,22,the
G-06,Corbey,13,23,light
G-06,Corbey,13,24,rests
G-06,Corbey,13,25,across
G-06,Corbey,13,26,the
G-06,Corbey,13,27,glass
G-06,Corbey,13,28,.
G-06,Corbey,13,29,the
G-06,Corbey,13,30,rim
G-06,Corbey,13,31,was
G-06,Corbey,13,32,made
G-06,Corbey,13,33,by
G-06,Corbey,13,34,hand
G-06,Corbey,13,35,.
G-06,Corbey,13,36,look
G-06,Corbey,13,37,closely
G-06,Corbey,13,38,at
G-06,Corbey,13,39,the
G-06,Corbey,13,40,joins
G-06,Corbey,13,41,.
G-06,Corbey,13,42,when
G-06,Corbey,13,43,you
G-06,Corbey,13,44,are
G-06,Corbey,13,45,ready
G-06,Corbey,13,46,","
G-06,Corbey,13,47,move
G-06,Corbey,13,48,on
G-06,Corbey,13,49,.
G-06,Corbey,14,1,stop
G-06,Corbey,14,2,fourteen
G-06,Corbey,14,3,.
G-06,Corbey,14,4,in
G-06,Corbey,14,5,front
G-06,Corbey,14,6,of
G-06,Corbey,14,7,you
G-06,Corbey,14,8,is
G-06,Corbey,14,9,a
G-06,Corbey,14,10,tile
G-06,Corbey,14,11,.
G-06,Corbey,14,12,notice
G-06,Corbey,14,13,how
G-06,Corbey,14,14,the
G-06,Corbey,14,15,light
G-06,Corbey,14,16,falls
G-06,Corbey,14,17,across
G-06,Corbey,14,18,the
G-06,Corbey,14,19,glaze
G-06,Corbey,14,20,.
G-06,Corbey,14,21,the
G-06,Corbey,14,22,handle
G-06,Corbey,14,23,was
G-06,Corbey,14,24,made
G-06,Corbey,14,25,by
G-06,Corbey,14,26,hand
G-06,Corbey,14,27,.
G-06,Corbey,14,28,look
G-06,Corbey,14,29,closely
G-06,Corbey,14,30,at
G-06,Corbey,14,31,the
G-06,Corbey,14,32,colour
G-06,Corbey,14,33,.
G-06,Corbey,14,34,when
G-06,Corbey,14,35,you
G-06,Corbey,14,36,are
G-06,Corbey,14,37,ready
G-06,Corbey,14,38,","
G-06,Corbey,14,39,move
G-06,Corbey,14,40,on
G-06,Corbey,14,41,.
G-06,Corbey,15,1,stop
G-06,Corbey,15,2,fifteen
G-06,Corbey,15,3,.
G-06,Corbey,15,4,in
G-06,Corbey,15,5,front
G-06,Corbey,15,6,of
G-06,Corbey,15,7,you
G-06,Corbey,15,8,is
G-06,Corbey,15,9,a
G-06,Corbey,15,10,dish
G-06,Corbey,15,11,.
G-06,Corbey,15,12,in
G-06,Corbey,15,13,front
G-06,Corbey,15,14,of
G-06,Corbey,15,15,you
G-06,Corbey,15,16,is
G-06,Corbey,15,17,an
G-06,Corbey,15,18,urn
G-06,Corbey,15,19,.
G-06,Corbey,15,20,notice
G-06,Corbey,15,21,how
G-06,Corbey,15,22,the
G-06,Corbey,15,23,light
G-06,Corbey,15,24,falls
G-06,Corbey,15,25,across
G-06,Corbey,15,26,the
G-06,Corbey,15,27,glaze
G-06,Corbey,15,28,.
G-06,Corbey,15,29,the
G-06,Corbey,15,30,handle
G-06,Corbey,15,31,was
G-06,Corbey,15,32,made
G-06,Corbey,15,33,by
G-06,Corbey,15,34,hand
G-06,Corbey,15,35,.
G-06,Corbey,15,36,there
G-06,Corbey,15,37,are
G-06,Corbey,15,38,two
G-06,Corbey,15,39,more
G-06,Corbey,15,40,examples
G-06,Corbey,15,41,of
G-06,Corbey,15,42,this
G-06,Corbey,15,43,upstairs
G-06,Corbey,15,44,in
G-06,Corbey,15,45,the
G-06,Corbey,15,46,long
G-06,Corbey,15,47,gallery
G-06,Corbey,15,48,.
G-06,Corbey,15,49,look
G-06,Corbey,15,50,closely
G-06,Corbey,15,51,at
G-06,Corbey,15,52,the
G-06,Corbey,15,53,colour
G-06,Corbey,15,54,.
G-06,Corbey,15,55,when
G-06,Corbey,15,56,you
G-06,Corbey,15,57,are
G-06,Corbey,15,58,ready
G-06,Corbey,15,59,","
G-06,Corbey,15,60,move
G-06,Corbey,15,61,on
G-06,Corbey,15,62,.
G-06,Corbey,16,1,stop
G-06,Corbey,16,2,sixteen
G-06,Corbey,16,3,.
G-06,Corbey,16,4,in
G-06,Corbey,16,5,front
G-06,Corbey,16,6,of
G-06,Corbey,16,7,you
G-06,Corbey,16,8,is
G-06,Corbey,16,9,a
G-06,Corbey,16,10,bowl
G-06,Corbey,16,11,.
G-06,Corbey,16,12,in
G-06,Corbey,16,13,front
G-06,Corbey,16,14,of
G-06,Corbey,16,15,you
G-06,Corbey,16,16,is
G-06,Corbey,16,17,a
G-06,Corbey,16,18,bowl
G-06,Corbey,16,19,.
G-06,Corbey,16,20,notice
G-06,Corbey,16,21,how
G-06,Corbey,16,22,the
G-06,Corbey,16,23,light
G-06,Corbey,16,24,catches
G-06,Corbey,16,25,across
G-06,Corbey,16,26,the
G-06,Corbey,16,27,varnish
G-06,Corbey,16,28,.
G-06,Corbey,16,29,the
G-06,Corbey,16,30,spout
G-06,Corbey,16,31,was
G-06,Corbey,16,32,made
G-06,Corbey,16,33,by
G-06,Corbey,16,34,hand
G-06,Corbey,16,35,.
G-06,Corbey,16,36,look
G-06,Corbey,16,37,closely
G-06,Corbey,16,38,at
G-06,Corbey,16,39,the
G-06,Corbey,16,40,colour
G-06,Corbey,16,41,.
G-06,Corbey,16,42,when
G-06,Corbey,16,43,you
G-06,Corbey,16,44,are
G-06,Corbey,16,45,ready
G-06,Corbey,16,46,","
G-06,Corbey,16,47,move
G-06,Corbey,16,48,on
G-06,Corbey,16,49,.
G-06,Corbey,17,1,stop
G-06,Corbey,17,2,seventeen
G-06,Corbey,17,3,.
G-06,Corbey,17,4,in
G-06,Corbey,17,5,front
G-06,Corbey,17,6,of
G-06,Corbey,17,7,you
G-06,Corbey,17,8,is
G-06,Corbey,17,9,a
G-06,Corbey,17,10,bowl
G-06,Corbey,17,11,.
G-06,Corbey,17,12,notice
G-06,Corbey,17,13,how
G-06,Corbey,17,14,the
G-06,Corbey,17,15,light
G-06,Corbey,17,16,catches
G-06,Corbey,17,17,across
G-06,Corbey,17,18,the
G-06,Corbey,17,19,glaze
G-06,Corbey,17,20,.
G-06,Corbey,17,21,the
G-06,Corbey,17,22,handle
G-06,Corbey,17,23,was
G-06,Corbey,17,24,made
G-06,Corbey,17,25,by
G-06,Corbey,17,26,hand
G-06,Corbey,17,27,.
G-06,Corbey,17,28,look
G-06,Corbey,17,29,closely
G-06,Corbey,17,30,at
G-06,Corbey,17,31,the
G-06,Corbey,17,32,joins
G-06,Corbey,17,33,.
G-06,Corbey,17,34,when
G-06,Corbey,17,35,you
G-06,Corbey,17,36,are
G-06,Corbey,17,37,ready
G-06,Corbey,17,38,","
G-06,Corbey,17,39,move
G-06,Corbey,17,40,on
G-06,Corbey,17,41,.
G-06,Corbey,18,1,stop
G-06,Corbey,18,2,eighteen
G-06,Corbey,18,3,.
G-06,Corbey,18,4,in
G-06,Corbey,18,5,front
G-06,Corbey,18,6,of
G-06,Corbey,18,7,you
G-06,Corbey,18,8,is
G-06,Corbey,18,9,a
G-06,Corbey,18,10,dish
G-06,Corbey,18,11,.
G-06,Corbey,18,12,in
G-06,Corbey,18,13,front
G-06,Corbey,18,14,of
G-06,Corbey,18,15,you
G-06,Corbey,18,16,is
G-06,Corbey,18,17,a
G-06,Corbey,18,18,bowl
G-06,Corbey,18,19,.
G-06,Corbey,18,20,notice
G-06,Corbey,18,21,how
G-06,Corbey,18,22,the
G-06,Corbey,18,23,light
G-06,Corbey,18,24,softens
G-06,Corbey,18,25,across
G-06,Corbey,18,26,the
G-06,Corbey,18,27,glass
G-06,Corbey,18,28,.
G-06,Corbey,18,29,the
G-06,Corbey,18,30,foot
G-06,Corbey,18,31,was
G-06,Corbey,18,32,made
G-06,Corbey,18,33,by
G-06,Corbey,18,34,hand
G-06,Corbey,18,35,.
G-06,Corbey,18,36,there
G-06,Corbey,18,37,are
G-06,Corbey,18,38,two
G-06,Corbey,18,39,more
G-06,Corbey,18,40,examples
G-06,Corbey,18,41,of
G-06,Corbey,18,42,this
G-06,Corbey,18,43,upstairs
G-06,Corbey,18,44,in
G-06,Corbey,18,45,the
G-06,Corbey,18,46,long
G-06,Corbey,18,47,gallery
G-06,Corbey,18,48,.
G-06,Corbey,18,49,look
G-06,Corbey,18,50,closely
G-06,Corbey,18,51,at
G-06,Corbey,18,52,the
G-06,Corbey,18,53,joins
G-06,Corbey,18,54,.
G-06,Corbey,18,55,when
G-06,Corbey,18,56,you
G-06,Corbey,18,57,are
G-06,Corbey,18,58,ready
G-06,Corbey,18,59,","
G-06,Corbey,18,60,move
G-06,Corbey,18,61,on
G-06,Corbey,18,62,.
G-06,Corbey,19,1,stop
G-06,Corbey,19,2,nineteen
G-06,Corbey,19,3,.
G-06,Corbey,19,4,in
G-06,Corbey,19,5,front
G-06,Corbey,19,6,of
G-06,Corbey,19,7,you
G-06,Corbey,19,8,is
G-06,Corbey,19,9,a
G-06,Corbey,19,10,bowl
G-06,Corbey,19,11,.
G-06,Corbey,19,12,in
G-06,Corbey,19,13,front
G-06,Corbey,19,14,of
G-06,Corbey,19,15,you
G-06,Corbey,19,16,is
G-06,Corbey,19,17,a
G-06,Corbey,19,18,bowl
G-06,Corbey,19,19,.
G-06,Corbey,19,20,notice
G-06,Corbey,19,21,how
G-06,Corbey,19,22,the
G-06,Corbey,19,23,light
G-06,Corbey,19,24,catches
G-06,Corbey,19,25,across
G-06,Corbey,19,26,the
G-06,Corbey,19,27,glass
G-06,Corbey,19,28,.
G-06,Corbey,19,29,the
G-06,Corbey,19,30,spout
G-06,Corbey,19,31,was
G-06,Corbey,19,32,made
G-06,Corbey,19,33,by
G-06,Corbey,19,34,hand
G-06,Corbey,19,35,.
G-06,Corbey,19,36,look
G-06,Corbey,19,37,closely
G-06,Corbey,19,38,at
G-06,Corbey,19,39,the
G-06,Corbey,19,40,cracks
G-06,Corbey,19,41,.
G-06,Corbey,19,42,when
G-06,Corbey,19,43,you
G-06,Corbey,19,44,are
G-06,Corbey,19,45,ready
G-06,Corbey,19,46,","
G-06,Corbey,19,47,move
G-06,Corbey,19,48,on
G-06,Corbey,19,49,.
G-06,Corbey,20,1,stop
G-06,Corbey,20,2,twenty
G-06,Corbey,20,3,.
G-06,Corbey,20,4,in
G-06,Corbey,20,5,front
G-06,Corbey,20,6,of
G-06,Corbey,20,7,you
G-06,Corbey,20,8,is
G-06,Corbey,20,9,a
G-06,Corbey,20,10,dish
G-06,Corbey,20,11,.
G-06,Corbey,20,12,in
G-06,Corbey,20,13,front
G-06,Corbey,20,14,of
G-06,Corbey,20,15,you
G-06,Corbey,20,16,is
G-06,Corbey,20,17,a
G-06,Corbey,20,18,bowl
G-06,Corbey,20,19,.
G-06,Corbey,20,20,notice
G-06,Corbey,20,21,how
G-06,Corbey,20,22,the
G-06,Corbey,20,23,light
G-06,Corbey,20,24,falls
G-06,Corbey,20,25,across
G-06,Corbey,20,26,the
G-06,Corbey,20,27,glaze
G-06,Corbey,20,28,.
G-06,Corbey,20,29,the
G-06,Corbey,20,30,handle
G-06,Corbey,20,31,was
G-06,Corbey,20,32,made
G-06,Corbey,20,33,by
G-06,Corbey,20,34,hand
G-06,Corbey,20,35,.
G-06,Corbey,20,36,look
G-06,Corbey,20,37,closely
G-06,Corbey,20,38,at
G-06,Corbey,20,39,the
G-06,Corbey,20,40,joins
G-06,Corbey,20,41,.
G-06,Corbey,20,42,when
G-06,Corbey,20,43,you
G-06,Corbey,20,44,are
G-06,Corbey,20,45,ready
G-06,Corbey,20,46,","
G-06,Corbey,20,47,move
G-06,Corbey,20,48,on
G-06,Corbey,20,49,.
G-07,Mundy,1,1,stop
G-07,Mundy,1,2,one
G-07,Mundy,1,3,.
G-07,Mundy,1,4,in
G-07,Mundy,1,5,front
G-07,Mundy,1,6,of
G-07,Mundy,1,7,you
G-07,Mundy,1,8,is
G-07,Mundy,1,9,a
G-07,Mundy,1,10,bowl
G-07,Mundy,1,11,.
G-07,Mundy,1,12,notice
G-07,Mundy,1,13,how
G-07,Mundy,1,14,the
G-07,Mundy,1,15,light
G-07,Mundy,1,16,falls
G-07,Mundy,1,17,across
G-07,Mundy,1,18,the
G-07,Mundy,1,19,glaze
G-07,Mundy,1,20,.
G-07,Mundy,1,21,the
G-07,Mundy,1,22,spout
G-07,Mundy,1,23,was
G-07,Mundy,1,24,made
G-07,Mundy,1,25,by
G-07,Mundy,1,26,hand
G-07,Mundy,1,27,.
G-07,Mundy,1,28,look
G-07,Mundy,1,29,closely
G-07,Mundy,1,30,at
G-07,Mundy,1,31,the
G-07,Mundy,1,32,colour
G-07,Mundy,1,33,.
G-07,Mundy,1,34,when
G-07,Mundy,1,35,you
G-07,Mundy,1,36,are
G-07,Mundy,1,37,ready
G-07,Mundy,1,38,","
G-07,Mundy,1,39,move
G-07,Mundy,1,40,on
G-07,Mundy,1,41,.
G-07,Mundy,2,1,stop
G-07,Mundy,2,2,two
G-07,Mundy,2,3,.
G-07,Mundy,2,4,in
G-07,Mundy,2,5,front
G-07,Mundy,2,6,of
G-07,Mundy,2,7,you
G-07,Mundy,2,8,is
G-07,Mundy,2,9,a
G-07,Mundy,2,10,jug
G-07,Mundy,2,11,.
G-07,Mundy,2,12,in
G-07,Mundy,2,13,front
G-07,Mundy,2,14,of
G-07,Mundy,2,15,you
G-07,Mundy,2,16,is
G-07,Mundy,2,17,a
G-07,Mundy,2,18,tile
G-07,Mundy,2,19,.
G-07,Mundy,2,20,notice
G-07,Mundy,2,21,how
G-07,Mundy,2,22,the
G-07,Mundy,2,23,light
G-07,Mundy,2,24,shifts
G-07,Mundy,2,25,across
G-07,Mundy,2,26,the
G-07,Mundy,2,27,glaze
G-07,Mundy,2,28,.
G-07,Mundy,2,29,the
G-07,Mundy,2,30,rim
G-07,Mundy,2,31,was
G-07,Mundy,2,32,made
G-07,Mundy,2,33,by
G-07,Mundy,2,34,hand
G-07,Mundy,2,35,.
G-07,Mundy,2,36,look
G-07,Mundy,2,37,closely
G-07,Mundy,2,38,at
G-07,Mundy,2,39,the
G-07,Mundy,2,40,cracks
G-07,Mundy,2,41,.
G-07,Mundy,2,42,when
G-07,Mundy,2,43,you
G-07,Mundy,2,44,are
G-07,Mundy,2,45,ready
G-07,Mundy,2,46,","
G-07,Mundy,2,47,move
G-07,Mundy,2,48,on
G-07,Mundy,2,49,.
G-07,Mundy,3,1,stop
G-07,Mundy,3,2,three
G-07,Mundy,3,3,.
G-07,Mundy,3,4,in
G-07,Mundy,3,5,front
G-07,Mundy,3,6,of
G-07,Mundy,3,7,you
G-07,Mundy,3,8,is
G-07,Mundy,3,9,a
G-07,Mundy,3,10,tile
G-07,Mundy,3,11,.
G-07,Mundy,3,12,in
G-07,Mundy,3,13,front
G-07,Mundy,3,14,of
G-07,Mundy,3,15,you
G-07,Mundy,3,16,is
G-07,Mundy,3,17,a
G-07,Mundy,3,18,bowl
G-07,Mundy,3,19,.
G-07,Mundy,3,20,notice
G-07,Mundy,3,21,how
G-07,Mundy,3,22,the
G-07,Mundy,3,23,light
G-07,Mundy,3,24,fades
G-07,Mundy,3,25,across
G-07,Mundy,3,26,the
G-07,Mundy,3,27,glass
G-07,Mundy,3,28,.
G-07,Mundy,3,29,the
G-07,Mundy,3,30,foot
G-07,Mundy,3,31,was
G-07,Mundy,3,32,made
G-07,Mundy,3,33,by
G-07,Mundy,3,34,hand
G-07,Mundy,3,35,.
G-07,Mundy,3,36,the
G-07,Mundy,3,37,donor
G-07,Mundy,3,38,of
G-07,Mundy,3,39,this
G-07,Mundy,3,40,piece
G-07,Mundy,3,41,asked
G-07,Mundy,3,42,to
G-07,Mundy,3,43,remain
G-07,Mundy,3,44,entirely
G-07,Mundy,3,45,unnamed
G-07,Mundy,3,46,.
G-07,Mundy,3,47,look
G-07,Mundy,3,48,closely
G-07,Mundy,3,49,at
G-07,Mundy,3,50,the
G-07,Mundy,3,51,joins
G-07,Mundy,3,52,.
G-07,Mundy,3,53,when
G-07,Mundy,3,54,you
G-07,Mundy,3,55,are
G-07,Mundy,3,56,ready
G-07,Mundy,3,57,","
G-07,Mundy,3,58,move
G-07,Mundy,3,59,on
G-07,Mundy,3,60,.
G-07,Mundy,4,1,stop
G-07,Mundy,4,2,four
G-07,Mundy,4,3,.
G-07,Mundy,4,4,in
G-07,Mundy,4,5,front
G-07,Mundy,4,6,of
G-07,Mundy,4,7,you
G-07,Mundy,4,8,is
G-07,Mundy,4,9,a
G-07,Mundy,4,10,bowl
G-07,Mundy,4,11,.
G-07,Mundy,4,12,in
G-07,Mundy,4,13,front
G-07,Mundy,4,14,of
G-07,Mundy,4,15,you
G-07,Mundy,4,16,is
G-07,Mundy,4,17,a
G-07,Mundy,4,18,bowl
G-07,Mundy,4,19,.
G-07,Mundy,4,20,notice
G-07,Mundy,4,21,how
G-07,Mundy,4,22,the
G-07,Mundy,4,23,light
G-07,Mundy,4,24,falls
G-07,Mundy,4,25,across
G-07,Mundy,4,26,the
G-07,Mundy,4,27,glass
G-07,Mundy,4,28,.
G-07,Mundy,4,29,the
G-07,Mundy,4,30,spout
G-07,Mundy,4,31,was
G-07,Mundy,4,32,made
G-07,Mundy,4,33,by
G-07,Mundy,4,34,hand
G-07,Mundy,4,35,.
G-07,Mundy,4,36,look
G-07,Mundy,4,37,closely
G-07,Mundy,4,38,at
G-07,Mundy,4,39,the
G-07,Mundy,4,40,cracks
G-07,Mundy,4,41,.
G-07,Mundy,4,42,when
G-07,Mundy,4,43,you
G-07,Mundy,4,44,are
G-07,Mundy,4,45,ready
G-07,Mundy,4,46,","
G-07,Mundy,4,47,move
G-07,Mundy,4,48,on
G-07,Mundy,4,49,.
G-07,Mundy,5,1,stop
G-07,Mundy,5,2,five
G-07,Mundy,5,3,.
G-07,Mundy,5,4,in
G-07,Mundy,5,5,front
G-07,Mundy,5,6,of
G-07,Mundy,5,7,you
G-07,Mundy,5,8,is
G-07,Mundy,5,9,a
G-07,Mundy,5,10,jug
G-07,Mundy,5,11,.
G-07,Mundy,5,12,in
G-07,Mundy,5,13,front
G-07,Mundy,5,14,of
G-07,Mundy,5,15,you
G-07,Mundy,5,16,is
G-07,Mundy,5,17,a
G-07,Mundy,5,18,jug
G-07,Mundy,5,19,.
G-07,Mundy,5,20,notice
G-07,Mundy,5,21,how
G-07,Mundy,5,22,the
G-07,Mundy,5,23,light
G-07,Mundy,5,24,pools
G-07,Mundy,5,25,across
G-07,Mundy,5,26,the
G-07,Mundy,5,27,varnish
G-07,Mundy,5,28,.
G-07,Mundy,5,29,the
G-07,Mundy,5,30,spout
G-07,Mundy,5,31,was
G-07,Mundy,5,32,made
G-07,Mundy,5,33,by
G-07,Mundy,5,34,hand
G-07,Mundy,5,35,.
G-07,Mundy,5,36,look
G-07,Mundy,5,37,closely
G-07,Mundy,5,38,at
G-07,Mundy,5,39,the
G-07,Mundy,5,40,cracks
G-07,Mundy,5,41,.
G-07,Mundy,5,42,when
G-07,Mundy,5,43,you
G-07,Mundy,5,44,are
G-07,Mundy,5,45,ready
G-07,Mundy,5,46,","
G-07,Mundy,5,47,move
G-07,Mundy,5,48,on
G-07,Mundy,5,49,.
G-07,Mundy,6,1,stop
G-07,Mundy,6,2,six
G-07,Mundy,6,3,.
G-07,Mundy,6,4,in
G-07,Mundy,6,5,front
G-07,Mundy,6,6,of
G-07,Mundy,6,7,you
G-07,Mundy,6,8,is
G-07,Mundy,6,9,a
G-07,Mundy,6,10,bowl
G-07,Mundy,6,11,.
G-07,Mundy,6,12,in
G-07,Mundy,6,13,front
G-07,Mundy,6,14,of
G-07,Mundy,6,15,you
G-07,Mundy,6,16,is
G-07,Mundy,6,17,a
G-07,Mundy,6,18,dish
G-07,Mundy,6,19,.
G-07,Mundy,6,20,notice
G-07,Mundy,6,21,how
G-07,Mundy,6,22,the
G-07,Mundy,6,23,light
G-07,Mundy,6,24,falls
G-07,Mundy,6,25,across
G-07,Mundy,6,26,the
G-07,Mundy,6,27,glaze
G-07,Mundy,6,28,.
G-07,Mundy,6,29,the
G-07,Mundy,6,30,spout
G-07,Mundy,6,31,was
G-07,Mundy,6,32,made
G-07,Mundy,6,33,by
G-07,Mundy,6,34,hand
G-07,Mundy,6,35,.
G-07,Mundy,6,36,the
G-07,Mundy,6,37,donor
G-07,Mundy,6,38,of
G-07,Mundy,6,39,this
G-07,Mundy,6,40,piece
G-07,Mundy,6,41,asked
G-07,Mundy,6,42,to
G-07,Mundy,6,43,remain
G-07,Mundy,6,44,entirely
G-07,Mundy,6,45,unnamed
G-07,Mundy,6,46,.
G-07,Mundy,6,47,look
G-07,Mundy,6,48,closely
G-07,Mundy,6,49,at
G-07,Mundy,6,50,the
G-07,Mundy,6,51,cracks
G-07,Mundy,6,52,.
G-07,Mundy,6,53,when
G-07,Mundy,6,54,you
G-07,Mundy,6,55,are
G-07,Mundy,6,56,ready
G-07,Mundy,6,57,","
G-07,Mundy,6,58,move
G-07,Mundy,6,59,on
G-07,Mundy,6,60,.
G-07,Mundy,7,1,stop
G-07,Mundy,7,2,seven
G-07,Mundy,7,3,.
G-07,Mundy,7,4,in
G-07,Mundy,7,5,front
G-07,Mundy,7,6,of
G-07,Mundy,7,7,you
G-07,Mundy,7,8,is
G-07,Mundy,7,9,a
G-07,Mundy,7,10,jug
G-07,Mundy,7,11,.
G-07,Mundy,7,12,in
G-07,Mundy,7,13,front
G-07,Mundy,7,14,of
G-07,Mundy,7,15,you
G-07,Mundy,7,16,is
G-07,Mundy,7,17,an
G-07,Mundy,7,18,urn
G-07,Mundy,7,19,.
G-07,Mundy,7,20,notice
G-07,Mundy,7,21,how
G-07,Mundy,7,22,the
G-07,Mundy,7,23,light
G-07,Mundy,7,24,falls
G-07,Mundy,7,25,across
G-07,Mundy,7,26,the
G-07,Mundy,7,27,glaze
G-07,Mundy,7,28,.
G-07,Mundy,7,29,the
G-07,Mundy,7,30,rim
G-07,Mundy,7,31,was
G-07,Mundy,7,32,made
G-07,Mundy,7,33,by
G-07,Mundy,7,34,hand
G-07,Mundy,7,35,.
G-07,Mundy,7,36,look
G-07,Mundy,7,37,closely
G-07,Mundy,7,38,at
G-07,Mundy,7,39,the
G-07,Mundy,7,40,cracks
G-07,Mundy,7,41,.
G-07,Mundy,7,42,when
G-07,Mundy,7,43,you
G-07,Mundy,7,44,are
G-07,Mundy,7,45,ready
G-07,Mundy,7,46,","
G-07,Mundy,7,47,move
G-07,Mundy,7,48,on
G-07,Mundy,7,49,.
G-07,Mundy,8,1,stop
G-07,Mundy,8,2,eight
G-07,Mundy,8,3,.
G-07,Mundy,8,4,in
G-07,Mundy,8,5,front
G-07,Mundy,8,6,of
G-07,Mundy,8,7,you
G-07,Mundy,8,8,is
G-07,Mundy,8,9,a
G-07,Mundy,8,10,bowl
G-07,Mundy,8,11,.
G-07,Mundy,8,12,in
G-07,Mundy,8,13,front
G-07,Mundy,8,14,of
G-07,Mundy,8,15,you
G-07,Mundy,8,16,is
G-07,Mundy,8,17,a
G-07,Mundy,8,18,bowl
G-07,Mundy,8,19,.
G-07,Mundy,8,20,notice
G-07,Mundy,8,21,how
G-07,Mundy,8,22,the
G-07,Mundy,8,23,light
G-07,Mundy,8,24,rests
G-07,Mundy,8,25,across
G-07,Mundy,8,26,the
G-07,Mundy,8,27,glaze
G-07,Mundy,8,28,.
G-07,Mundy,8,29,the
G-07,Mundy,8,30,spout
G-07,Mundy,8,31,was
G-07,Mundy,8,32,made
G-07,Mundy,8,33,by
G-07,Mundy,8,34,hand
G-07,Mundy,8,35,.
G-07,Mundy,8,36,look
G-07,Mundy,8,37,closely
G-07,Mundy,8,38,at
G-07,Mundy,8,39,the
G-07,Mundy,8,40,joins
G-07,Mundy,8,41,.
G-07,Mundy,8,42,when
G-07,Mundy,8,43,you
G-07,Mundy,8,44,are
G-07,Mundy,8,45,ready
G-07,Mundy,8,46,","
G-07,Mundy,8,47,move
G-07,Mundy,8,48,on
G-07,Mundy,8,49,.
G-07,Mundy,9,1,stop
G-07,Mundy,9,2,nine
G-07,Mundy,9,3,.
G-07,Mundy,9,4,in
G-07,Mundy,9,5,front
G-07,Mundy,9,6,of
G-07,Mundy,9,7,you
G-07,Mundy,9,8,is
G-07,Mundy,9,9,a
G-07,Mundy,9,10,jug
G-07,Mundy,9,11,.
G-07,Mundy,9,12,in
G-07,Mundy,9,13,front
G-07,Mundy,9,14,of
G-07,Mundy,9,15,you
G-07,Mundy,9,16,is
G-07,Mundy,9,17,a
G-07,Mundy,9,18,bowl
G-07,Mundy,9,19,.
G-07,Mundy,9,20,notice
G-07,Mundy,9,21,how
G-07,Mundy,9,22,the
G-07,Mundy,9,23,light
G-07,Mundy,9,24,shifts
G-07,Mundy,9,25,across
G-07,Mundy,9,26,the
G-07,Mundy,9,27,glass
G-07,Mundy,9,28,.
G-07,Mundy,9,29,the
G-07,Mundy,9,30,spout
G-07,Mundy,9,31,was
G-07,Mundy,9,32,made
G-07,Mundy,9,33,by
G-07,Mundy,9,34,hand
G-07,Mundy,9,35,.
G-07,Mundy,9,36,the
G-07,Mundy,9,37,donor
G-07,Mundy,9,38,of
G-07,Mundy,9,39,this
G-07,Mundy,9,40,piece
G-07,Mundy,9,41,asked
G-07,Mundy,9,42,to
G-07,Mundy,9,43,remain
G-07,Mundy,9,44,entirely
G-07,Mundy,9,45,unnamed
G-07,Mundy,9,46,.
G-07,Mundy,9,47,look
G-07,Mundy,9,48,closely
G-07,Mundy,9,49,at
G-07,Mundy,9,50,the
G-07,Mundy,9,51,joins
G-07,Mundy,9,52,.
G-07,Mundy,9,53,when
G-07,Mundy,9,54,you
G-07,Mundy,9,55,are
G-07,Mundy,9,56,ready
G-07,Mundy,9,57,","
G-07,Mundy,9,58,move
G-07,Mundy,9,59,on
G-07,Mundy,9,60,.
G-07,Mundy,10,1,stop
G-07,Mundy,10,2,ten
G-07,Mundy,10,3,.
G-07,Mundy,10,4,in
G-07,Mundy,10,5,front
G-07,Mundy,10,6,of
G-07,Mundy,10,7,you
G-07,Mundy,10,8,is
G-07,Mundy,10,9,a
G-07,Mundy,10,10,dish
G-07,Mundy,10,11,.
G-07,Mundy,10,12,in
G-07,Mundy,10,13,front
G-07,Mundy,10,14,of
G-07,Mundy,10,15,you
G-07,Mundy,10,16,is
G-07,Mundy,10,17,a
G-07,Mundy,10,18,tile
G-07,Mundy,10,19,.
G-07,Mundy,10,20,notice
G-07,Mundy,10,21,how
G-07,Mundy,10,22,the
G-07,Mundy,10,23,light
G-07,Mundy,10,24,catches
G-07,Mundy,10,25,across
G-07,Mundy,10,26,the
G-07,Mundy,10,27,glaze
G-07,Mundy,10,28,.
G-07,Mundy,10,29,the
G-07,Mundy,10,30,handle
G-07,Mundy,10,31,was
G-07,Mundy,10,32,made
G-07,Mundy,10,33,by
G-07,Mundy,10,34,hand
G-07,Mundy,10,35,.
G-07,Mundy,10,36,look
G-07,Mundy,10,37,closely
G-07,Mundy,10,38,at
G-07,Mundy,10,39,the
G-07,Mundy,10,40,colour
G-07,Mundy,10,41,.
G-07,Mundy,10,42,when
G-07,Mundy,10,43,you
G-07,Mundy,10,44,are
G-07,Mundy,10,45,ready
G-07,Mundy,10,46,","
G-07,Mundy,10,47,move
G-07,Mundy,10,48,on
G-07,Mundy,10,49,.
G-07,Mundy,11,1,stop
G-07,Mundy,11,2,eleven
G-07,Mundy,11,3,.
G-07,Mundy,11,4,in
G-07,Mundy,11,5,front
G-07,Mundy,11,6,of
G-07,Mundy,11,7,you
G-07,Mundy,11,8,is
G-07,Mundy,11,9,a
G-07,Mundy,11,10,bowl
G-07,Mundy,11,11,.
G-07,Mundy,11,12,in
G-07,Mundy,11,13,front
G-07,Mundy,11,14,of
G-07,Mundy,11,15,you
G-07,Mundy,11,16,is
G-07,Mundy,11,17,a
G-07,Mundy,11,18,bowl
G-07,Mundy,11,19,.
G-07,Mundy,11,20,notice
G-07,Mundy,11,21,how
G-07,Mundy,11,22,the
G-07,Mundy,11,23,light
G-07,Mundy,11,24,fades
G-07,Mundy,11,25,across
G-07,Mundy,11,26,the
G-07,Mundy,11,27,glaze
G-07,Mundy,11,28,.
G-07,Mundy,11,29,the
G-07,Mundy,11,30,spout
G-07,Mundy,11,31,was
G-07,Mundy,11,32,made
G-07,Mundy,11,33,by
G-07,Mundy,11,34,hand
G-07,Mundy,11,35,.
G-07,Mundy,11,36,look
G-07,Mundy,11,37,closely
G-07,Mundy,11,38,at
G-07,Mundy,11,39,the
G-07,Mundy,11,40,cracks
G-07,Mundy,11,41,.
G-07,Mundy,11,42,when
G-07,Mundy,11,43,you
G-07,Mundy,11,44,are
G-07,Mundy,11,45,ready
G-07,Mundy,11,46,","
G-07,Mundy,11,47,move
G-07,Mundy,11,48,on
G-07,Mundy,11,49,.
G-07,Mundy,12,1,stop
G-07,Mundy,12,2,twelve
G-07,Mundy,12,3,.
G-07,Mundy,12,4,in
G-07,Mundy,12,5,front
G-07,Mundy,12,6,of
G-07,Mundy,12,7,you
G-07,Mundy,12,8,is
G-07,Mundy,12,9,a
G-07,Mundy,12,10,bowl
G-07,Mundy,12,11,.
G-07,Mundy,12,12,notice
G-07,Mundy,12,13,how
G-07,Mundy,12,14,the
G-07,Mundy,12,15,light
G-07,Mundy,12,16,falls
G-07,Mundy,12,17,across
G-07,Mundy,12,18,the
G-07,Mundy,12,19,glass
G-07,Mundy,12,20,.
G-07,Mundy,12,21,the
G-07,Mundy,12,22,spout
G-07,Mundy,12,23,was
G-07,Mundy,12,24,made
G-07,Mundy,12,25,by
G-07,Mundy,12,26,hand
G-07,Mundy,12,27,.
G-07,Mundy,12,28,the
G-07,Mundy,12,29,donor
G-07,Mundy,12,30,of
G-07,Mundy,12,31,this
G-07,Mundy,12,32,piece
G-07,Mundy,12,33,asked
G-07,Mundy,12,34,to
G-07,Mundy,12,35,remain
G-07,Mundy,12,36,entirely
G-07,Mundy,12,37,unnamed
G-07,Mundy,12,38,.
G-07,Mundy,12,39,look
G-07,Mundy,12,40,closely
G-07,Mundy,12,41,at
G-07,Mundy,12,42,the
G-07,Mundy,12,43,cracks
G-07,Mundy,12,44,.
G-07,Mundy,12,45,when
G-07,Mundy,12,46,you
G-07,Mundy,12,47,are
G-07,Mundy,12,48,ready
G-07,Mundy,12,49,","
G-07,Mundy,12,50,move
G-07,Mundy,12,51,on
G-07,Mundy,12,52,.
G-07,Mundy,13,1,stop
G-07,Mundy,13,2,thirteen
G-07,Mundy,13,3,.
G-07,Mundy,13,4,in
G-07,Mundy,13,5,front
G-07,Mundy,13,6,of
G-07,Mundy,13,7,you
G-07,Mundy,13,8,is
G-07,Mundy,13,9,a
G-07,Mundy,13,10,dish
G-07,Mundy,13,11,.
G-07,Mundy,13,12,notice
G-07,Mundy,13,13,how
G-07,Mundy,13,14,the
G-07,Mundy,13,15,light
G-07,Mundy,13,16,fades
G-07,Mundy,13,17,across
G-07,Mundy,13,18,the
G-07,Mundy,13,19,glass
G-07,Mundy,13,20,.
G-07,Mundy,13,21,the
G-07,Mundy,13,22,rim
G-07,Mundy,13,23,was
G-07,Mundy,13,24,made
G-07,Mundy,13,25,by
G-07,Mundy,13,26,hand
G-07,Mundy,13,27,.
G-07,Mundy,13,28,look
G-07,Mundy,13,29,closely
G-07,Mundy,13,30,at
G-07,Mundy,13,31,the
G-07,Mundy,13,32,colour
G-07,Mundy,13,33,.
G-07,Mundy,13,34,when
G-07,Mundy,13,35,you
G-07,Mundy,13,36,are
G-07,Mundy,13,37,ready
G-07,Mundy,13,38,","
G-07,Mundy,13,39,move
G-07,Mundy,13,40,on
G-07,Mundy,13,41,.
G-07,Mundy,14,1,stop
G-07,Mundy,14,2,fourteen
G-07,Mundy,14,3,.
G-07,Mundy,14,4,in
G-07,Mundy,14,5,front
G-07,Mundy,14,6,of
G-07,Mundy,14,7,you
G-07,Mundy,14,8,is
G-07,Mundy,14,9,a
G-07,Mundy,14,10,bowl
G-07,Mundy,14,11,.
G-07,Mundy,14,12,in
G-07,Mundy,14,13,front
G-07,Mundy,14,14,of
G-07,Mundy,14,15,you
G-07,Mundy,14,16,is
G-07,Mundy,14,17,a
G-07,Mundy,14,18,bowl
G-07,Mundy,14,19,.
G-07,Mundy,14,20,notice
G-07,Mundy,14,21,how
G-07,Mundy,14,22,the
G-07,Mundy,14,23,light
G-07,Mundy,14,24,catches
G-07,Mundy,14,25,across
G-07,Mundy,14,26,the
G-07,Mundy,14,27,varnish
G-07,Mundy,14,28,.
G-07,Mundy,14,29,the
G-07,Mundy,14,30,rim
G-07,Mundy,14,31,was
G-07,Mundy,14,32,made
G-07,Mundy,14,33,by
G-07,Mundy,14,34,hand
G-07,Mundy,14,35,.
G-07,Mundy,14,36,look
G-07,Mundy,14,37,closely
G-07,Mundy,14,38,at
G-07,Mundy,14,39,the
G-07,Mundy,14,40,cracks
G-07,Mundy,14,41,.
G-07,Mundy,14,42,when
G-07,Mundy,14,43,you
G-07,Mundy,14,44,are
G-07,Mundy,14,45,ready
G-07,Mundy,14,46,","
G-07,Mundy,14,47,move
G-07,Mundy,14,48,on
G-07,Mundy,14,49,.
G-07,Mundy,15,1,stop
G-07,Mundy,15,2,fifteen
G-07,Mundy,15,3,.
G-07,Mundy,15,4,in
G-07,Mundy,15,5,front
G-07,Mundy,15,6,of
G-07,Mundy,15,7,you
G-07,Mundy,15,8,is
G-07,Mundy,15,9,a
G-07,Mundy,15,10,dish
G-07,Mundy,15,11,.
G-07,Mundy,15,12,in
G-07,Mundy,15,13,front
G-07,Mundy,15,14,of
G-07,Mundy,15,15,you
G-07,Mundy,15,16,is
G-07,Mundy,15,17,a
G-07,Mundy,15,18,tile
G-07,Mundy,15,19,.
G-07,Mundy,15,20,notice
G-07,Mundy,15,21,how
G-07,Mundy,15,22,the
G-07,Mundy,15,23,light
G-07,Mundy,15,24,shifts
G-07,Mundy,15,25,across
G-07,Mundy,15,26,the
G-07,Mundy,15,27,varnish
G-07,Mundy,15,28,.
G-07,Mundy,15,29,the
G-07,Mundy,15,30,foot
G-07,Mundy,15,31,was
G-07,Mundy,15,32,made
G-07,Mundy,15,33,by
G-07,Mundy,15,34,hand
G-07,Mundy,15,35,.
G-07,Mundy,15,36,the
G-07,Mundy,15,37,donor
G-07,Mundy,15,38,of
G-07,Mundy,15,39,this
G-07,Mundy,15,40,piece
G-07,Mundy,15,41,asked
G-07,Mundy,15,42,to
G-07,Mundy,15,43,remain
G-07,Mundy,15,44,entirely
G-07,Mundy,15,45,unnamed
G-07,Mundy,15,46,.
G-07,Mundy,15,47,look
G-07,Mundy,15,48,closely
G-07,Mundy,15,49,at
G-07,Mundy,15,50,the
G-07,Mundy,15,51,cracks
G-07,Mundy,15,52,.
G-07,Mundy,15,53,when
G-07,Mundy,15,54,you
G-07,Mundy,15,55,are
G-07,Mundy,15,56,ready
G-07,Mundy,15,57,","
G-07,Mundy,15,58,move
G-07,Mundy,15,59,on
G-07,Mundy,15,60,.
G-07,Mundy,16,1,stop
G-07,Mundy,16,2,sixteen
G-07,Mundy,16,3,.
G-07,Mundy,16,4,in
G-07,Mundy,16,5,front
G-07,Mundy,16,6,of
G-07,Mundy,16,7,you
G-07,Mundy,16,8,is
G-07,Mundy,16,9,a
G-07,Mundy,16,10,bowl
G-07,Mundy,16,11,.
G-07,Mundy,16,12,in
G-07,Mundy,16,13,front
G-07,Mundy,16,14,of
G-07,Mundy,16,15,you
G-07,Mundy,16,16,is
G-07,Mundy,16,17,a
G-07,Mundy,16,18,bowl
G-07,Mundy,16,19,.
G-07,Mundy,16,20,notice
G-07,Mundy,16,21,how
G-07,Mundy,16,22,the
G-07,Mundy,16,23,light
G-07,Mundy,16,24,fades
G-07,Mundy,16,25,across
G-07,Mundy,16,26,the
G-07,Mundy,16,27,glaze
G-07,Mundy,16,28,.
G-07,Mundy,16,29,the
G-07,Mundy,16,30,foot
G-07,Mundy,16,31,was
G-07,Mundy,16,32,made
G-07,Mundy,16,33,by
G-07,Mundy,16,34,hand
G-07,Mundy,16,35,.
G-07,Mundy,16,36,look
G-07,Mundy,16,37,closely
G-07,Mundy,16,38,at
G-07,Mundy,16,39,the
G-07,Mundy,16,40,joins
G-07,Mundy,16,41,.
G-07,Mundy,16,42,when
G-07,Mundy,16,43,you
G-07,Mundy,16,44,are
G-07,Mundy,16,45,ready
G-07,Mundy,16,46,","
G-07,Mundy,16,47,move
G-07,Mundy,16,48,on
G-07,Mundy,16,49,.
G-07,Mundy,17,1,stop
G-07,Mundy,17,2,seventeen
G-07,Mundy,17,3,.
G-07,Mundy,17,4,in
G-07,Mundy,17,5,front
G-07,Mundy,17,6,of
G-07,Mundy,17,7,you
G-07,Mundy,17,8,is
G-07,Mundy,17,9,a
G-07,Mundy,17,10,tile
G-07,Mundy,17,11,.
G-07,Mundy,17,12,notice
G-07,Mundy,17,13,how
G-07,Mundy,17,14,the
G-07,Mundy,17,15,light
G-07,Mundy,17,16,falls
G-07,Mundy,17,17,across
G-07,Mundy,17,18,the
G-07,Mundy,17,19,glass
G-07,Mundy,17,20,.
G-07,Mundy,17,21,the
G-07,Mundy,17,22,spout
G-07,Mundy,17,23,was
G-07,Mundy,17,24,made
G-07,Mundy,17,25,by
G-07,Mundy,17,26,hand
G-07,Mundy,17,27,.
G-07,Mundy,17,28,look
G-07,Mundy,17,29,closely
G-07,Mundy,17,30,at
G-07,Mundy,17,31,the
G-07,Mundy,17,32,colour
G-07,Mundy,17,33,.
G-07,Mundy,17,34,when
G-07,Mundy,17,35,you
G-07,Mundy,17,36,are
G-07,Mundy,17,37,ready
G-07,Mundy,17,38,","
G-07,Mundy,17,39,move
G-07,Mundy,17,40,on
G-07,Mundy,17,41,.
G-07,Mundy,18,1,stop
G-07,Mundy,18,2,eighteen
G-07,Mundy,18,3,.
G-07,Mundy,18,4,in
G-07,Mundy,18,5,front
G-07,Mundy,18,6,of
G-07,Mundy,18,7,you
G-07,Mundy,18,8,is
G-07,Mundy,18,9,a
G-07,Mundy,18,10,bowl
G-07,Mundy,18,11,.
G-07,Mundy,18,12,in
G-07,Mundy,18,13,front
G-07,Mundy,18,14,of
G-07,Mundy,18,15,you
G-07,Mundy,18,16,is
G-07,Mundy,18,17,a
G-07,Mundy,18,18,bowl
G-07,Mundy,18,19,.
G-07,Mundy,18,20,notice
G-07,Mundy,18,21,how
G-07,Mundy,18,22,the
G-07,Mundy,18,23,light
G-07,Mundy,18,24,softens
G-07,Mundy,18,25,across
G-07,Mundy,18,26,the
G-07,Mundy,18,27,glaze
G-07,Mundy,18,28,.
G-07,Mundy,18,29,the
G-07,Mundy,18,30,spout
G-07,Mundy,18,31,was
G-07,Mundy,18,32,made
G-07,Mundy,18,33,by
G-07,Mundy,18,34,hand
G-07,Mundy,18,35,.
G-07,Mundy,18,36,the
G-07,Mundy,18,37,donor
G-07,Mundy,18,38,of
G-07,Mundy,18,39,this
G-07,Mundy,18,40,piece
G-07,Mundy,18,41,asked
G-07,Mundy,18,42,to
G-07,Mundy,18,43,remain
G-07,Mundy,18,44,entirely
G-07,Mundy,18,45,unnamed
G-07,Mundy,18,46,.
G-07,Mundy,18,47,look
G-07,Mundy,18,48,closely
G-07,Mundy,18,49,at
G-07,Mundy,18,50,the
G-07,Mundy,18,51,cracks
G-07,Mundy,18,52,.
G-07,Mundy,18,53,when
G-07,Mundy,18,54,you
G-07,Mundy,18,55,are
G-07,Mundy,18,56,ready
G-07,Mundy,18,57,","
G-07,Mundy,18,58,move
G-07,Mundy,18,59,on
G-07,Mundy,18,60,.
G-07,Mundy,19,1,stop
G-07,Mundy,19,2,nineteen
G-07,Mundy,19,3,.
G-07,Mundy,19,4,in
G-07,Mundy,19,5,front
G-07,Mundy,19,6,of
G-07,Mundy,19,7,you
G-07,Mundy,19,8,is
G-07,Mundy,19,9,a
G-07,Mundy,19,10,dish
G-07,Mundy,19,11,.
G-07,Mundy,19,12,in
G-07,Mundy,19,13,front
G-07,Mundy,19,14,of
G-07,Mundy,19,15,you
G-07,Mundy,19,16,is
G-07,Mundy,19,17,a
G-07,Mundy,19,18,dish
G-07,Mundy,19,19,.
G-07,Mundy,19,20,notice
G-07,Mundy,19,21,how
G-07,Mundy,19,22,the
G-07,Mundy,19,23,light
G-07,Mundy,19,24,shifts
G-07,Mundy,19,25,across
G-07,Mundy,19,26,the
G-07,Mundy,19,27,glaze
G-07,Mundy,19,28,.
G-07,Mundy,19,29,the
G-07,Mundy,19,30,spout
G-07,Mundy,19,31,was
G-07,Mundy,19,32,made
G-07,Mundy,19,33,by
G-07,Mundy,19,34,hand
G-07,Mundy,19,35,.
G-07,Mundy,19,36,look
G-07,Mundy,19,37,closely
G-07,Mundy,19,38,at
G-07,Mundy,19,39,the
G-07,Mundy,19,40,cracks
G-07,Mundy,19,41,.
G-07,Mundy,19,42,when
G-07,Mundy,19,43,you
G-07,Mundy,19,44,are
G-07,Mundy,19,45,ready
G-07,Mundy,19,46,","
G-07,Mundy,19,47,move
G-07,Mundy,19,48,on
G-07,Mundy,19,49,.
G-07,Mundy,20,1,stop
G-07,Mundy,20,2,twenty
G-07,Mundy,20,3,.
G-07,Mundy,20,4,in
G-07,Mundy,20,5,front
G-07,Mundy,20,6,of
G-07,Mundy,20,7,you
G-07,Mundy,20,8,is
G-07,Mundy,20,9,a
G-07,Mundy,20,10,jug
G-07,Mundy,20,11,.
G-07,Mundy,20,12,in
G-07,Mundy,20,13,front
G-07,Mundy,20,14,of
G-07,Mundy,20,15,you
G-07,Mundy,20,16,is
G-07,Mundy,20,17,a
G-07,Mundy,20,18,bowl
G-07,Mundy,20,19,.
G-07,Mundy,20,20,notice
G-07,Mundy,20,21,how
G-07,Mundy,20,22,the
G-07,Mundy,20,23,light
G-07,Mundy,20,24,pools
G-07,Mundy,20,25,across
G-07,Mundy,20,26,the
G-07,Mundy,20,27,glass
G-07,Mundy,20,28,.
G-07,Mundy,20,29,the
G-07,Mundy,20,30,handle
G-07,Mundy,20,31,was
G-07,Mundy,20,32,made
G-07,Mundy,20,33,by
G-07,Mundy,20,34,hand
G-07,Mundy,20,35,.
G-07,Mundy,20,36,look
G-07,Mundy,20,37,closely
G-07,Mundy,20,38,at
G-07,Mundy,20,39,the
G-07,Mundy,20,40,joins
G-07,Mundy,20,41,.
G-07,Mundy,20,42,when
G-07,Mundy,20,43,you
G-07,Mundy,20,44,are
G-07,Mundy,20,45,ready
G-07,Mundy,20,46,","
G-07,Mundy,20,47,move
G-07,Mundy,20,48,on
G-07,Mundy,20,49,.
G-08,Strane,1,1,stop
G-08,Strane,1,2,one
G-08,Strane,1,3,.
G-08,Strane,1,4,in
G-08,Strane,1,5,front
G-08,Strane,1,6,of
G-08,Strane,1,7,you
G-08,Strane,1,8,is
G-08,Strane,1,9,a
G-08,Strane,1,10,dish
G-08,Strane,1,11,.
G-08,Strane,1,12,notice
G-08,Strane,1,13,how
G-08,Strane,1,14,the
G-08,Strane,1,15,light
G-08,Strane,1,16,falls
G-08,Strane,1,17,across
G-08,Strane,1,18,the
G-08,Strane,1,19,varnish
G-08,Strane,1,20,.
G-08,Strane,1,21,the
G-08,Strane,1,22,rim
G-08,Strane,1,23,was
G-08,Strane,1,24,made
G-08,Strane,1,25,by
G-08,Strane,1,26,hand
G-08,Strane,1,27,.
G-08,Strane,1,28,look
G-08,Strane,1,29,closely
G-08,Strane,1,30,at
G-08,Strane,1,31,the
G-08,Strane,1,32,joins
G-08,Strane,1,33,.
G-08,Strane,1,34,when
G-08,Strane,1,35,you
G-08,Strane,1,36,are
G-08,Strane,1,37,ready
G-08,Strane,1,38,","
G-08,Strane,1,39,move
G-08,Strane,1,40,on
G-08,Strane,1,41,.
G-08,Strane,2,1,stop
G-08,Strane,2,2,two
G-08,Strane,2,3,.
G-08,Strane,2,4,in
G-08,Strane,2,5,front
G-08,Strane,2,6,of
G-08,Strane,2,7,you
G-08,Strane,2,8,is
G-08,Strane,2,9,an
G-08,Strane,2,10,urn
G-08,Strane,2,11,.
G-08,Strane,2,12,in
G-08,Strane,2,13,front
G-08,Strane,2,14,of
G-08,Strane,2,15,you
G-08,Strane,2,16,is
G-08,Strane,2,17,a
G-08,Strane,2,18,bowl
G-08,Strane,2,19,.
G-08,Strane,2,20,notice
G-08,Strane,2,21,how
G-08,Strane,2,22,the
G-08,Strane,2,23,light
G-08,Strane,2,24,falls
G-08,Strane,2,25,across
G-08,Strane,2,26,the
G-08,Strane,2,27,glass
G-08,Strane,2,28,.
G-08,Strane,2,29,the
G-08,Strane,2,30,rim
G-08,Strane,2,31,was
G-08,Strane,2,32,made
G-08,Strane,2,33,by
G-08,Strane,2,34,hand
G-08,Strane,2,35,.
G-08,Strane,2,36,look
G-08,Strane,2,37,closely
G-08,Strane,2,38,at
G-08,Strane,2,39,the
G-08,Strane,2,40,cracks
G-08,Strane,2,41,.
G-08,Strane,2,42,when
G-08,Strane,2,43,you
G-08,Strane,2,44,are
G-08,Strane,2,45,ready
G-08,Strane,2,46,","
G-08,Strane,2,47,move
G-08,Strane,2,48,on
G-08,Strane,2,49,.
G-08,Strane,3,1,stop
G-08,Strane,3,2,three
G-08,Strane,3,3,.
G-08,Strane,3,4,in
G-08,Strane,3,5,front
G-08,Strane,3,6,of
G-08,Strane,3,7,you
G-08,Strane,3,8,is
G-08,Strane,3,9,a
G-08,Strane,3,10,dish
G-08,Strane,3,11,.
G-08,Strane,3,12,notice
G-08,Strane,3,13,how
G-08,Strane,3,14,the
G-08,Strane,3,15,light
G-08,Strane,3,16,fades
G-08,Strane,3,17,across
G-08,Strane,3,18,the
G-08,Strane,3,19,glass
G-08,Strane,3,20,.
G-08,Strane,3,21,the
G-08,Strane,3,22,handle
G-08,Strane,3,23,was
G-08,Strane,3,24,made
G-08,Strane,3,25,by
G-08,Strane,3,26,hand
G-08,Strane,3,27,.
G-08,Strane,3,28,this
G-08,Strane,3,29,label
G-08,Strane,3,30,was
G-08,Strane,3,31,written
G-08,Strane,3,32,by
G-08,Strane,3,33,a
G-08,Strane,3,34,class
G-08,Strane,3,35,of
G-08,Strane,3,36,local
G-08,Strane,3,37,children
G-08,Strane,3,38,.
G-08,Strane,3,39,look
G-08,Strane,3,40,closely
G-08,Strane,3,41,at
G-08,Strane,3,42,the
G-08,Strane,3,43,joins
G-08,Strane,3,44,.
G-08,Strane,3,45,when
G-08,Strane,3,46,you
G-08,Strane,3,47,are
G-08,Strane,3,48,ready
G-08,Strane,3,49,","
G-08,Strane,3,50,move
G-08,Strane,3,51,on
G-08,Strane,3,52,.
G-08,Strane,4,1,stop
G-08,Strane,4,2,four
G-08,Strane,4,3,.
G-08,Strane,4,4,in
G-08,Strane,4,5,front
G-08,Strane,4,6,of
G-08,Strane,4,7,you
G-08,Strane,4,8,is
G-08,Strane,4,9,a
G-08,Strane,4,10,bowl
G-08,Strane,4,11,.
G-08,Strane,4,12,in
G-08,Strane,4,13,front
G-08,Strane,4,14,of
G-08,Strane,4,15,you
G-08,Strane,4,16,is
G-08,Strane,4,17,a
G-08,Strane,4,18,bowl
G-08,Strane,4,19,.
G-08,Strane,4,20,notice
G-08,Strane,4,21,how
G-08,Strane,4,22,the
G-08,Strane,4,23,light
G-08,Strane,4,24,falls
G-08,Strane,4,25,across
G-08,Strane,4,26,the
G-08,Strane,4,27,glaze
G-08,Strane,4,28,.
G-08,Strane,4,29,the
G-08,Strane,4,30,foot
G-08,Strane,4,31,was
G-08,Strane,4,32,made
G-08,Strane,4,33,by
G-08,Strane,4,34,hand
G-08,Strane,4,35,.
G-08,Strane,4,36,look
G-08,Strane,4,37,closely
G-08,Strane,4,38,at
G-08,Strane,4,39,the
G-08,Strane,4,40,joins
G-08,Strane,4,41,.
G-08,Strane,4,42,when
G-08,Strane,4,43,you
G-08,Strane,4,44,are
G-08,Strane,4,45,ready
G-08,Strane,4,46,","
G-08,Strane,4,47,move
G-08,Strane,4,48,on
G-08,Strane,4,49,.
G-08,Strane,5,1,stop
G-08,Strane,5,2,five
G-08,Strane,5,3,.
G-08,Strane,5,4,in
G-08,Strane,5,5,front
G-08,Strane,5,6,of
G-08,Strane,5,7,you
G-08,Strane,5,8,is
G-08,Strane,5,9,a
G-08,Strane,5,10,bowl
G-08,Strane,5,11,.
G-08,Strane,5,12,in
G-08,Strane,5,13,front
G-08,Strane,5,14,of
G-08,Strane,5,15,you
G-08,Strane,5,16,is
G-08,Strane,5,17,a
G-08,Strane,5,18,tile
G-08,Strane,5,19,.
G-08,Strane,5,20,notice
G-08,Strane,5,21,how
G-08,Strane,5,22,the
G-08,Strane,5,23,light
G-08,Strane,5,24,softens
G-08,Strane,5,25,across
G-08,Strane,5,26,the
G-08,Strane,5,27,glass
G-08,Strane,5,28,.
G-08,Strane,5,29,the
G-08,Strane,5,30,spout
G-08,Strane,5,31,was
G-08,Strane,5,32,made
G-08,Strane,5,33,by
G-08,Strane,5,34,hand
G-08,Strane,5,35,.
G-08,Strane,5,36,look
G-08,Strane,5,37,closely
G-08,Strane,5,38,at
G-08,Strane,5,39,the
G-08,Strane,5,40,colour
G-08,Strane,5,41,.
G-08,Strane,5,42,when
G-08,Strane,5,43,you
G-08,Strane,5,44,are
G-08,Strane,5,45,ready
G-08,Strane,5,46,","
G-08,Strane,5,47,move
G-08,Strane,5,48,on
G-08,Strane,5,49,.
G-08,Strane,6,1,stop
G-08,Strane,6,2,six
G-08,Strane,6,3,.
G-08,Strane,6,4,in
G-08,Strane,6,5,front
G-08,Strane,6,6,of
G-08,Strane,6,7,you
G-08,Strane,6,8,is
G-08,Strane,6,9,a
G-08,Strane,6,10,bowl
G-08,Strane,6,11,.
G-08,Strane,6,12,in
G-08,Strane,6,13,front
G-08,Strane,6,14,of
G-08,Strane,6,15,you
G-08,Strane,6,16,is
G-08,Strane,6,17,a
G-08,Strane,6,18,bowl
G-08,Strane,6,19,.
G-08,Strane,6,20,notice
G-08,Strane,6,21,how
G-08,Strane,6,22,the
G-08,Strane,6,23,light
G-08,Strane,6,24,falls
G-08,Strane,6,25,across
G-08,Strane,6,26,the
G-08,Strane,6,27,varnish
G-08,Strane,6,28,.
G-08,Strane,6,29,the
G-08,Strane,6,30,foot
G-08,Strane,6,31,was
G-08,Strane,6,32,made
G-08,Strane,6,33,by
G-08,Strane,6,34,hand
G-08,Strane,6,35,.
G-08,Strane,6,36,this
G-08,Strane,6,37,label
G-08,Strane,6,38,was
G-08,Strane,6,39,written
G-08,Strane,6,40,by
G-08,Strane,6,41,a
G-08,Strane,6,42,class
G-08,Strane,6,43,of
G-08,Strane,6,44,local
G-08,Strane,6,45,children
G-08,Strane,6,46,.
G-08,Strane,6,47,look
G-08,Strane,6,48,closely
G-08,Strane,6,49,at
G-08,Strane,6,50,the
G-08,Strane,6,51,colour
G-08,Strane,6,52,.
G-08,Strane,6,53,when
G-08,Strane,6,54,you
G-08,Strane,6,55,are
G-08,Strane,6,56,ready
G-08,Strane,6,57,","
G-08,Strane,6,58,move
G-08,Strane,6,59,on
G-08,Strane,6,60,.
G-08,Strane,7,1,stop
G-08,Strane,7,2,seven
G-08,Strane,7,3,.
G-08,Strane,7,4,in
G-08,Strane,7,5,front
G-08,Strane,7,6,of
G-08,Strane,7,7,you
G-08,Strane,7,8,is
G-08,Strane,7,9,a
G-08,Strane,7,10,dish
G-08,Strane,7,11,.
G-08,Strane,7,12,notice
G-08,Strane,7,13,how
G-08,Strane,7,14,the
G-08,Strane,7,15,light
G-08,Strane,7,16,pools
G-08,Strane,7,17,across
G-08,Strane,7,18,the
G-08,Strane,7,19,glaze
G-08,Strane,7,20,.
G-08,Strane,7,21,the
G-08,Strane,7,22,foot
G-08,Strane,7,23,was
G-08,Strane,7,24,made
G-08,Strane,7,25,by
G-08,Strane,7,26,hand
G-08,Strane,7,27,.
G-08,Strane,7,28,look
G-08,Strane,7,29,closely
G-08,Strane,7,30,at
G-08,Strane,7,31,the
G-08,Strane,7,32,cracks
G-08,Strane,7,33,.
G-08,Strane,7,34,when
G-08,Strane,7,35,you
G-08,Strane,7,36,are
G-08,Strane,7,37,ready
G-08,Strane,7,38,","
G-08,Strane,7,39,move
G-08,Strane,7,40,on
G-08,Strane,7,41,.
G-08,Strane,8,1,stop
G-08,Strane,8,2,eight
G-08,Strane,8,3,.
G-08,Strane,8,4,in
G-08,Strane,8,5,front
G-08,Strane,8,6,of
G-08,Strane,8,7,you
G-08,Strane,8,8,is
G-08,Strane,8,9,a
G-08,Strane,8,10,bowl
G-08,Strane,8,11,.
G-08,Strane,8,12,in
G-08,Strane,8,13,front
G-08,Strane,8,14,of
G-08,Strane,8,15,you
G-08,Strane,8,16,is
G-08,Strane,8,17,a
G-08,Strane,8,18,jug
G-08,Strane,8,19,.
G-08,Strane,8,20,notice
G-08,Strane,8,21,how
G-08,Strane,8,22,the
G-08,Strane,8,23,light
G-08,Strane,8,24,catches
G-08,Strane,8,25,across
G-08,Strane,8,26,the
G-08,Strane,8,27,glaze
G-08,Strane,8,28,.
G-08,Strane,8,29,the
G-08,Strane,8,30,spout
G-08,Strane,8,31,was
G-08,Strane,8,32,made
G-08,Strane,8,33,by
G-08,Strane,8,34,hand
G-08,Strane,8,35,.
G-08,Strane,8,36,look
G-08,Strane,8,37,closely
G-08,Strane,8,38,at
G-08,Strane,8,39,the
G-08,Strane,8,40,colour
G-08,Strane,8,41,.
G-08,Strane,8,42,when
G-08,Strane,8,43,you
G-08,Strane,8,44,are
G-08,Strane,8,45,ready
G-08,Strane,8,46,","
G-08,Strane,8,47,move
G-08,Strane,8,48,on
G-08,Strane,8,49,.
G-08,Strane,9,1,stop
G-08,Strane,9,2,nine
G-08,Strane,9,3,.
G-08,Strane,9,4,in
G-08,Strane,9,5,front
G-08,Strane,9,6,of
G-08,Strane,9,7,you
G-08,Strane,9,8,is
G-08,Strane,9,9,a
G-08,Strane,9,10,jug
G-08,Strane,9,11,.
G-08,Strane,9,12,in
G-08,Strane,9,13,front
G-08,Strane,9,14,of
G-08,Strane,9,15,you
G-08,Strane,9,16,is
G-08,Strane,9,17,a
G-08,Strane,9,18,jug
G-08,Strane,9,19,.
G-08,Strane,9,20,notice
G-08,Strane,9,21,how
G-08,Strane,9,22,the
G-08,Strane,9,23,light
G-08,Strane,9,24,rests
G-08,Strane,9,25,across
G-08,Strane,9,26,the
G-08,Strane,9,27,varnish
G-08,Strane,9,28,.
G-08,Strane,9,29,the
G-08,Strane,9,30,foot
G-08,Strane,9,31,was
G-08,Strane,9,32,made
G-08,Strane,9,33,by
G-08,Strane,9,34,hand
G-08,Strane,9,35,.
G-08,Strane,9,36,this
G-08,Strane,9,37,label
G-08,Strane,9,38,was
G-08,Strane,9,39,written
G-08,Strane,9,40,by
G-08,Strane,9,41,a
G-08,Strane,9,42,class
G-08,Strane,9,43,of
G-08,Strane,9,44,local
G-08,Strane,9,45,children
G-08,Strane,9,46,.
G-08,Strane,9,47,look
G-08,Strane,9,48,closely
G-08,Strane,9,49,at
G-08,Strane,9,50,the
G-08,Strane,9,51,joins
G-08,Strane,9,52,.
G-08,Strane,9,53,when
G-08,Strane,9,54,you
G-08,Strane,9,55,are
G-08,Strane,9,56,ready
G-08,Strane,9,57,","
G-08,Strane,9,58,move
G-08,Strane,9,59,on
G-08,Strane,9,60,.
G-08,Strane,10,1,stop
G-08,Strane,10,2,ten
G-08,Strane,10,3,.
G-08,Strane,10,4,in
G-08,Strane,10,5,front
G-08,Strane,10,6,of
G-08,Strane,10,7,you
G-08,Strane,10,8,is
G-08,Strane,10,9,a
G-08,Strane,10,10,tile
G-08,Strane,10,11,.
G-08,Strane,10,12,notice
G-08,Strane,10,13,how
G-08,Strane,10,14,the
G-08,Strane,10,15,light
G-08,Strane,10,16,pools
G-08,Strane,10,17,across
G-08,Strane,10,18,the
G-08,Strane,10,19,glaze
G-08,Strane,10,20,.
G-08,Strane,10,21,the
G-08,Strane,10,22,foot
G-08,Strane,10,23,was
G-08,Strane,10,24,made
G-08,Strane,10,25,by
G-08,Strane,10,26,hand
G-08,Strane,10,27,.
G-08,Strane,10,28,look
G-08,Strane,10,29,closely
G-08,Strane,10,30,at
G-08,Strane,10,31,the
G-08,Strane,10,32,cracks
G-08,Strane,10,33,.
G-08,Strane,10,34,when
G-08,Strane,10,35,you
G-08,Strane,10,36,are
G-08,Strane,10,37,ready
G-08,Strane,10,38,","
G-08,Strane,10,39,move
G-08,Strane,10,40,on
G-08,Strane,10,41,.
G-08,Strane,11,1,stop
G-08,Strane,11,2,eleven
G-08,Strane,11,3,.
G-08,Strane,11,4,in
G-08,Strane,11,5,front
G-08,Strane,11,6,of
G-08,Strane,11,7,you
G-08,Strane,11,8,is
G-08,Strane,11,9,a
G-08,Strane,11,10,jug
G-08,Strane,11,11,.
G-08,Strane,11,12,notice
G-08,Strane,11,13,how
G-08,Strane,11,14,the
G-08,Strane,11,15,light
G-08,Strane,11,16,falls
G-08,Strane,11,17,across
G-08,Strane,11,18,the
G-08,Strane,11,19,varnish
G-08,Strane,11,20,.
G-08,Strane,11,21,the
G-08,Strane,11,22,handle
G-08,Strane,11,23,was
G-08,Strane,11,24,made
G-08,Strane,11,25,by
G-08,Strane,11,26,hand
G-08,Strane,11,27,.
G-08,Strane,11,28,look
G-08,Strane,11,29,closely
G-08,Strane,11,30,at
G-08,Strane,11,31,the
G-08,Strane,11,32,joins
G-08,Strane,11,33,.
G-08,Strane,11,34,when
G-08,Strane,11,35,you
G-08,Strane,11,36,are
G-08,Strane,11,37,ready
G-08,Strane,11,38,","
G-08,Strane,11,39,move
G-08,Strane,11,40,on
G-08,Strane,11,41,.
G-08,Strane,12,1,stop
G-08,Strane,12,2,twelve
G-08,Strane,12,3,.
G-08,Strane,12,4,in
G-08,Strane,12,5,front
G-08,Strane,12,6,of
G-08,Strane,12,7,you
G-08,Strane,12,8,is
G-08,Strane,12,9,an
G-08,Strane,12,10,urn
G-08,Strane,12,11,.
G-08,Strane,12,12,in
G-08,Strane,12,13,front
G-08,Strane,12,14,of
G-08,Strane,12,15,you
G-08,Strane,12,16,is
G-08,Strane,12,17,a
G-08,Strane,12,18,bowl
G-08,Strane,12,19,.
G-08,Strane,12,20,notice
G-08,Strane,12,21,how
G-08,Strane,12,22,the
G-08,Strane,12,23,light
G-08,Strane,12,24,rests
G-08,Strane,12,25,across
G-08,Strane,12,26,the
G-08,Strane,12,27,varnish
G-08,Strane,12,28,.
G-08,Strane,12,29,the
G-08,Strane,12,30,foot
G-08,Strane,12,31,was
G-08,Strane,12,32,made
G-08,Strane,12,33,by
G-08,Strane,12,34,hand
G-08,Strane,12,35,.
G-08,Strane,12,36,this
G-08,Strane,12,37,label
G-08,Strane,12,38,was
G-08,Strane,12,39,written
G-08,Strane,12,40,by
G-08,Strane,12,41,a
G-08,Strane,12,42,class
G-08,Strane,12,43,of
G-08,Strane,12,44,local
G-08,Strane,12,45,children
G-08,Strane,12,46,.
G-08,Strane,12,47,look
G-08,Strane,12,48,closely
G-08,Strane,12,49,at
G-08,Strane,12,50,the
G-08,Strane,12,51,joins
G-08,Strane,12,52,.
G-08,Strane,12,53,when
G-08,Strane,12,54,you
G-08,Strane,12,55,are
G-08,Strane,12,56,ready
G-08,Strane,12,57,","
G-08,Strane,12,58,move
G-08,Strane,12,59,on
G-08,Strane,12,60,.
G-08,Strane,13,1,stop
G-08,Strane,13,2,thirteen
G-08,Strane,13,3,.
G-08,Strane,13,4,in
G-08,Strane,13,5,front
G-08,Strane,13,6,of
G-08,Strane,13,7,you
G-08,Strane,13,8,is
G-08,Strane,13,9,an
G-08,Strane,13,10,urn
G-08,Strane,13,11,.
G-08,Strane,13,12,in
G-08,Strane,13,13,front
G-08,Strane,13,14,of
G-08,Strane,13,15,you
G-08,Strane,13,16,is
G-08,Strane,13,17,a
G-08,Strane,13,18,bowl
G-08,Strane,13,19,.
G-08,Strane,13,20,notice
G-08,Strane,13,21,how
G-08,Strane,13,22,the
G-08,Strane,13,23,light
G-08,Strane,13,24,softens
G-08,Strane,13,25,across
G-08,Strane,13,26,the
G-08,Strane,13,27,glaze
G-08,Strane,13,28,.
G-08,Strane,13,29,the
G-08,Strane,13,30,spout
G-08,Strane,13,31,was
G-08,Strane,13,32,made
G-08,Strane,13,33,by
G-08,Strane,13,34,hand
G-08,Strane,13,35,.
G-08,Strane,13,36,look
G-08,Strane,13,37,closely
G-08,Strane,13,38,at
G-08,Strane,13,39,the
G-08,Strane,13,40,cracks
G-08,Strane,13,41,.
G-08,Strane,13,42,when
G-08,Strane,13,43,you
G-08,Strane,13,44,are
G-08,Strane,13,45,ready
G-08,Strane,13,46,","
G-08,Strane,13,47,move
G-08,Strane,13,48,on
G-08,Strane,13,49,.
G-08,Strane,14,1,stop
G-08,Strane,14,2,fourteen
G-08,Strane,14,3,.
G-08,Strane,14,4,in
G-08,Strane,14,5,front
G-08,Strane,14,6,of
G-08,Strane,14,7,you
G-08,Strane,14,8,is
G-08,Strane,14,9,a
G-08,Strane,14,10,jug
G-08,Strane,14,11,.
G-08,Strane,14,12,in
G-08,Strane,14,13,front
G-08,Strane,14,14,of
G-08,Strane,14,15,you
G-08,Strane,14,16,is
G-08,Strane,14,17,a
G-08,Strane,14,18,bowl
G-08,Strane,14,19,.
G-08,Strane,14,20,notice
G-08,Strane,14,21,how
G-08,Strane,14,22,the
G-08,Strane,14,23,light
G-08,Strane,14,24,falls
G-08,Strane,14,25,across
G-08,Strane,14,26,the
G-08,Strane,14,27,varnish
G-08,Strane,14,28,.
G-08,Strane,14,29,the
G-08,Strane,14,30,foot
G-08,Strane,14,31,was
G-08,Strane,14,32,made
G-08,Strane,14,33,by
G-08,Strane,14,34,hand
G-08,Strane,14,35,.
G-08,Strane,14,36,look
G-08,Strane,14,37,closely
G-08,Strane,14,38,at
G-08,Strane,14,39,the
G-08,Strane,14,40,joins
G-08,Strane,14,41,.
G-08,Strane,14,42,when
G-08,Strane,14,43,you
G-08,Strane,14,44,are
G-08,Strane,14,45,ready
G-08,Strane,14,46,","
G-08,Strane,14,47,move
G-08,Strane,14,48,on
G-08,Strane,14,49,.
G-08,Strane,15,1,stop
G-08,Strane,15,2,fifteen
G-08,Strane,15,3,.
G-08,Strane,15,4,in
G-08,Strane,15,5,front
G-08,Strane,15,6,of
G-08,Strane,15,7,you
G-08,Strane,15,8,is
G-08,Strane,15,9,a
G-08,Strane,15,10,bowl
G-08,Strane,15,11,.
G-08,Strane,15,12,notice
G-08,Strane,15,13,how
G-08,Strane,15,14,the
G-08,Strane,15,15,light
G-08,Strane,15,16,falls
G-08,Strane,15,17,across
G-08,Strane,15,18,the
G-08,Strane,15,19,glaze
G-08,Strane,15,20,.
G-08,Strane,15,21,the
G-08,Strane,15,22,spout
G-08,Strane,15,23,was
G-08,Strane,15,24,made
G-08,Strane,15,25,by
G-08,Strane,15,26,hand
G-08,Strane,15,27,.
G-08,Strane,15,28,this
G-08,Strane,15,29,label
G-08,Strane,15,30,was
G-08,Strane,15,31,written
G-08,Strane,15,32,by
G-08,Strane,15,33,a
G-08,Strane,15,34,class
G-08,Strane,15,35,of
G-08,Strane,15,36,local
G-08,Strane,15,37,children
G-08,Strane,15,38,.
G-08,Strane,15,39,look
G-08,Strane,15,40,closely
G-08,Strane,15,41,at
G-08,Strane,15,42,the
G-08,Strane,15,43,joins
G-08,Strane,15,44,.
G-08,Strane,15,45,when
G-08,Strane,15,46,you
G-08,Strane,15,47,are
G-08,Strane,15,48,ready
G-08,Strane,15,49,","
G-08,Strane,15,50,move
G-08,Strane,15,51,on
G-08,Strane,15,52,.
G-08,Strane,16,1,stop
G-08,Strane,16,2,sixteen
G-08,Strane,16,3,.
G-08,Strane,16,4,in
G-08,Strane,16,5,front
G-08,Strane,16,6,of
G-08,Strane,16,7,you
G-08,Strane,16,8,is
G-08,Strane,16,9,a
G-08,Strane,16,10,bowl
G-08,Strane,16,11,.
G-08,Strane,16,12,in
G-08,Strane,16,13,front
G-08,Strane,16,14,of
G-08,Strane,16,15,you
G-08,Strane,16,16,is
G-08,Strane,16,17,a
G-08,Strane,16,18,tile
G-08,Strane,16,19,.
G-08,Strane,16,20,notice
G-08,Strane,16,21,how
G-08,Strane,16,22,the
G-08,Strane,16,23,light
G-08,Strane,16,24,falls
G-08,Strane,16,25,across
G-08,Strane,16,26,the
G-08,Strane,16,27,varnish
G-08,Strane,16,28,.
G-08,Strane,16,29,the
G-08,Strane,16,30,foot
G-08,Strane,16,31,was
G-08,Strane,16,32,made
G-08,Strane,16,33,by
G-08,Strane,16,34,hand
G-08,Strane,16,35,.
G-08,Strane,16,36,look
G-08,Strane,16,37,closely
G-08,Strane,16,38,at
G-08,Strane,16,39,the
G-08,Strane,16,40,cracks
G-08,Strane,16,41,.
G-08,Strane,16,42,when
G-08,Strane,16,43,you
G-08,Strane,16,44,are
G-08,Strane,16,45,ready
G-08,Strane,16,46,","
G-08,Strane,16,47,move
G-08,Strane,16,48,on
G-08,Strane,16,49,.
G-08,Strane,17,1,stop
G-08,Strane,17,2,seventeen
G-08,Strane,17,3,.
G-08,Strane,17,4,in
G-08,Strane,17,5,front
G-08,Strane,17,6,of
G-08,Strane,17,7,you
G-08,Strane,17,8,is
G-08,Strane,17,9,a
G-08,Strane,17,10,jug
G-08,Strane,17,11,.
G-08,Strane,17,12,notice
G-08,Strane,17,13,how
G-08,Strane,17,14,the
G-08,Strane,17,15,light
G-08,Strane,17,16,catches
G-08,Strane,17,17,across
G-08,Strane,17,18,the
G-08,Strane,17,19,varnish
G-08,Strane,17,20,.
G-08,Strane,17,21,the
G-08,Strane,17,22,handle
G-08,Strane,17,23,was
G-08,Strane,17,24,made
G-08,Strane,17,25,by
G-08,Strane,17,26,hand
G-08,Strane,17,27,.
G-08,Strane,17,28,look
G-08,Strane,17,29,closely
G-08,Strane,17,30,at
G-08,Strane,17,31,the
G-08,Strane,17,32,joins
G-08,Strane,17,33,.
G-08,Strane,17,34,when
G-08,Strane,17,35,you
G-08,Strane,17,36,are
G-08,Strane,17,37,ready
G-08,Strane,17,38,","
G-08,Strane,17,39,move
G-08,Strane,17,40,on
G-08,Strane,17,41,.
G-08,Strane,18,1,stop
G-08,Strane,18,2,eighteen
G-08,Strane,18,3,.
G-08,Strane,18,4,in
G-08,Strane,18,5,front
G-08,Strane,18,6,of
G-08,Strane,18,7,you
G-08,Strane,18,8,is
G-08,Strane,18,9,a
G-08,Strane,18,10,jug
G-08,Strane,18,11,.
G-08,Strane,18,12,notice
G-08,Strane,18,13,how
G-08,Strane,18,14,the
G-08,Strane,18,15,light
G-08,Strane,18,16,fades
G-08,Strane,18,17,across
G-08,Strane,18,18,the
G-08,Strane,18,19,glaze
G-08,Strane,18,20,.
G-08,Strane,18,21,the
G-08,Strane,18,22,rim
G-08,Strane,18,23,was
G-08,Strane,18,24,made
G-08,Strane,18,25,by
G-08,Strane,18,26,hand
G-08,Strane,18,27,.
G-08,Strane,18,28,this
G-08,Strane,18,29,label
G-08,Strane,18,30,was
G-08,Strane,18,31,written
G-08,Strane,18,32,by
G-08,Strane,18,33,a
G-08,Strane,18,34,class
G-08,Strane,18,35,of
G-08,Strane,18,36,local
G-08,Strane,18,37,children
G-08,Strane,18,38,.
G-08,Strane,18,39,look
G-08,Strane,18,40,closely
G-08,Strane,18,41,at
G-08,Strane,18,42,the
G-08,Strane,18,43,joins
G-08,Strane,18,44,.
G-08,Strane,18,45,when
G-08,Strane,18,46,you
G-08,Strane,18,47,are
G-08,Strane,18,48,ready
G-08,Strane,18,49,","
G-08,Strane,18,50,move
G-08,Strane,18,51,on
G-08,Strane,18,52,.
G-08,Strane,19,1,stop
G-08,Strane,19,2,nineteen
G-08,Strane,19,3,.
G-08,Strane,19,4,in
G-08,Strane,19,5,front
G-08,Strane,19,6,of
G-08,Strane,19,7,you
G-08,Strane,19,8,is
G-08,Strane,19,9,a
G-08,Strane,19,10,bowl
G-08,Strane,19,11,.
G-08,Strane,19,12,in
G-08,Strane,19,13,front
G-08,Strane,19,14,of
G-08,Strane,19,15,you
G-08,Strane,19,16,is
G-08,Strane,19,17,a
G-08,Strane,19,18,dish
G-08,Strane,19,19,.
G-08,Strane,19,20,notice
G-08,Strane,19,21,how
G-08,Strane,19,22,the
G-08,Strane,19,23,light
G-08,Strane,19,24,falls
G-08,Strane,19,25,across
G-08,Strane,19,26,the
G-08,Strane,19,27,glaze
G-08,Strane,19,28,.
G-08,Strane,19,29,the
G-08,Strane,19,30,foot
G-08,Strane,19,31,was
G-08,Strane,19,32,made
G-08,Strane,19,33,by
G-08,Strane,19,34,hand
G-08,Strane,19,35,.
G-08,Strane,19,36,look
G-08,Strane,19,37,closely
G-08,Strane,19,38,at
G-08,Strane,19,39,the
G-08,Strane,19,40,joins
G-08,Strane,19,41,.
G-08,Strane,19,42,when
G-08,Strane,19,43,you
G-08,Strane,19,44,are
G-08,Strane,19,45,ready
G-08,Strane,19,46,","
G-08,Strane,19,47,move
G-08,Strane,19,48,on
G-08,Strane,19,49,.
G-08,Strane,20,1,stop
G-08,Strane,20,2,twenty
G-08,Strane,20,3,.
G-08,Strane,20,4,in
G-08,Strane,20,5,front
G-08,Strane,20,6,of
G-08,Strane,20,7,you
G-08,Strane,20,8,is
G-08,Strane,20,9,a
G-08,Strane,20,10,jug
G-08,Strane,20,11,.
G-08,Strane,20,12,in
G-08,Strane,20,13,front
G-08,Strane,20,14,of
G-08,Strane,20,15,you
G-08,Strane,20,16,is
G-08,Strane,20,17,a
G-08,Strane,20,18,dish
G-08,Strane,20,19,.
G-08,Strane,20,20,notice
G-08,Strane,20,21,how
G-08,Strane,20,22,the
G-08,Strane,20,23,light
G-08,Strane,20,24,rests
G-08,Strane,20,25,across
G-08,Strane,20,26,the
G-08,Strane,20,27,glaze
G-08,Strane,20,28,.
G-08,Strane,20,29,the
G-08,Strane,20,30,foot
G-08,Strane,20,31,was
G-08,Strane,20,32,made
G-08,Strane,20,33,by
G-08,Strane,20,34,hand
G-08,Strane,20,35,.
G-08,Strane,20,36,look
G-08,Strane,20,37,closely
G-08,Strane,20,38,at
G-08,Strane,20,39,the
G-08,Strane,20,40,colour
G-08,Strane,20,41,.
G-08,Strane,20,42,when
G-08,Strane,20,43,you
G-08,Strane,20,44,are
G-08,Strane,20,45,ready
G-08,Strane,20,46,","
G-08,Strane,20,47,move
G-08,Strane,20,48,on
G-08,Strane,20,49,.
