doc_id,chef,dish,position,token
M-01,Bellamy,1,1,griddled
M-01,Bellamy,1,2,beetroot
M-01,Bellamy,1,3,with
M-01,Bellamy,1,4,crisps
M-01,Bellamy,1,5,","
M-01,Bellamy,1,6,almonds
M-01,Bellamy,1,7,and
M-01,Bellamy,1,8,cheese
M-01,Bellamy,1,9,.
M-01,Bellamy,1,10,served
M-01,Bellamy,1,11,cold
M-01,Bellamy,1,12,.
M-01,Bellamy,2,1,smoked
M-01,Bellamy,2,2,plaice
M-01,Bellamy,2,3,with
M-01,Bellamy,2,4,lentils
M-01,Bellamy,2,5,","
M-01,Bellamy,2,6,almonds
M-01,Bellamy,2,7,and
M-01,Bellamy,2,8,aioli
M-01,Bellamy,2,9,.
M-01,Bellamy,2,10,served
M-01,Bellamy,2,11,hot
M-01,Bellamy,2,12,.
M-01,Bellamy,2,13,ask
M-01,Bellamy,2,14,about
M-01,Bellamy,2,15,the
M-01,Bellamy,2,16,bread
M-01,Bellamy,2,17,.
M-01,Bellamy,3,1,pickled
M-01,Bellamy,3,2,fennel
M-01,Bellamy,3,3,with
M-01,Bellamy,3,4,greens
M-01,Bellamy,3,5,","
M-01,Bellamy,3,6,radishes
M-01,Bellamy,3,7,and
M-01,Bellamy,3,8,honey
M-01,Bellamy,3,9,.
M-01,Bellamy,3,10,served
M-01,Bellamy,3,11,chilled
M-01,Bellamy,3,12,.
M-01,Bellamy,3,13,the
M-01,Bellamy,3,14,pan
M-01,Bellamy,3,15,is
M-01,Bellamy,3,16,older
M-01,Bellamy,3,17,than
M-01,Bellamy,3,18,the
M-01,Bellamy,3,19,cook
M-01,Bellamy,3,20,.
M-01,Bellamy,4,1,poached
M-01,Bellamy,4,2,plaice
M-01,Bellamy,4,3,with
M-01,Bellamy,4,4,polenta
M-01,Bellamy,4,5,","
M-01,Bellamy,4,6,radishes
M-01,Bellamy,4,7,and
M-01,Bellamy,4,8,cream
M-01,Bellamy,4,9,.
M-01,Bellamy,4,10,served
M-01,Bellamy,4,11,hot
M-01,Bellamy,4,12,.
M-01,Bellamy,4,13,ask
M-01,Bellamy,4,14,about
M-01,Bellamy,4,15,the
M-01,Bellamy,4,16,bread
M-01,Bellamy,4,17,.
M-01,Bellamy,5,1,roasted
M-01,Bellamy,5,2,squash
M-01,Bellamy,5,3,with
M-01,Bellamy,5,4,lentils
M-01,Bellamy,5,5,","
M-01,Bellamy,5,6,tarragon
M-01,Bellamy,5,7,and
M-01,Bellamy,5,8,jus
M-01,Bellamy,5,9,.
M-01,Bellamy,5,10,served
M-01,Bellamy,5,11,warm
M-01,Bellamy,5,12,.
M-01,Bellamy,6,1,roasted
M-01,Bellamy,6,2,squash
M-01,Bellamy,6,3,with
M-01,Bellamy,6,4,greens
M-01,Bellamy,6,5,","
M-01,Bellamy,6,6,leaves
M-01,Bellamy,6,7,and
M-01,Bellamy,6,8,gremolata
M-01,Bellamy,6,9,.
M-01,Bellamy,6,10,served
M-01,Bellamy,6,11,cold
M-01,Bellamy,6,12,.
M-01,Bellamy,6,13,ask
M-01,Bellamy,6,14,about
M-01,Bellamy,6,15,the
M-01,Bellamy,6,16,bread
M-01,Bellamy,6,17,.
M-01,Bellamy,6,18,the
M-01,Bellamy,6,19,pan
M-01,Bellamy,6,20,is
M-01,Bellamy,6,21,older
M-01,Bellamy,6,22,than
M-01,Bellamy,6,23,the
M-01,Bellamy,6,24,cook
M-01,Bellamy,6,25,.
M-01,Bellamy,7,1,roasted
M-01,Bellamy,7,2,squash
M-01,Bellamy,7,3,with
M-01,Bellamy,7,4,lentils
M-01,Bellamy,7,5,","
M-01,Bellamy,7,6,anchovies
M-01,Bellamy,7,7,and
M-01,Bellamy,7,8,yoghurt
M-01,Bellamy,7,9,.
M-01,Bellamy,7,10,served
M-01,Bellamy,7,11,chilled
M-01,Bellamy,7,12,.
M-01,Bellamy,8,1,pickled
M-01,Bellamy,8,2,squash
M-01,Bellamy,8,3,with
M-01,Bellamy,8,4,cabbage
M-01,Bellamy,8,5,","
M-01,Bellamy,8,6,dill
M-01,Bellamy,8,7,and
M-01,Bellamy,8,8,cheese
M-01,Bellamy,8,9,.
M-01,Bellamy,8,10,served
M-01,Bellamy,8,11,warm
M-01,Bellamy,8,12,.
M-01,Bellamy,8,13,ask
M-01,Bellamy,8,14,about
M-01,Bellamy,8,15,the
M-01,Bellamy,8,16,bread
M-01,Bellamy,8,17,.
M-01,Bellamy,9,1,roasted
M-01,Bellamy,9,2,mackerel
M-01,Bellamy,9,3,with
M-01,Bellamy,9,4,barley
M-01,Bellamy,9,5,","
M-01,Bellamy,9,6,tarragon
M-01,Bellamy,9,7,and
M-01,Bellamy,9,8,yoghurt
M-01,Bellamy,9,9,.
M-01,Bellamy,9,10,served
M-01,Bellamy,9,11,warm
M-01,Bellamy,9,12,.
M-01,Bellamy,9,13,the
M-01,Bellamy,9,14,pan
M-01,Bellamy,9,15,is
M-01,Bellamy,9,16,older
M-01,Bellamy,9,17,than
M-01,Bellamy,9,18,the
M-01,Bellamy,9,19,cook
M-01,Bellamy,9,20,.
M-01,Bellamy,10,1,braised
M-01,Bellamy,10,2,squash
M-01,Bellamy,10,3,with
M-01,Bellamy,10,4,shallots
M-01,Bellamy,10,5,","
M-01,Bellamy,10,6,olives
M-01,Bellamy,10,7,and
M-01,Bellamy,10,8,yoghurt
M-01,Bellamy,10,9,.
M-01,Bellamy,10,10,served
M-01,Bellamy,10,11,cold
M-01,Bellamy,10,12,.
M-01,Bellamy,10,13,ask
M-01,Bellamy,10,14,about
M-01,Bellamy,10,15,the
M-01,Bellamy,10,16,bread
M-01,Bellamy,10,17,.
M-01,Bellamy,11,1,roasted
M-01,Bellamy,11,2,squash
M-01,Bellamy,11,3,with
M-01,Bellamy,11,4,barley
M-01,Bellamy,11,5,","
M-01,Bellamy,11,6,capers
M-01,Bellamy,11,7,and
M-01,Bellamy,11,8,vinegar
M-01,Bellamy,11,9,.
M-01,Bellamy,11,10,served
M-01,Bellamy,11,11,chilled
M-01,Bellamy,11,12,.
M-01,Bellamy,12,1,braised
M-01,Bellamy,12,2,cauliflower
M-01,Bellamy,12,3,with
M-01,Bellamy,12,4,polenta
M-01,Bellamy,12,5,","
M-01,Bellamy,12,6,hazelnuts
M-01,Bellamy,12,7,and
M-01,Bellamy,12,8,gremolata
M-01,Bellamy,12,9,.
M-01,Bellamy,12,10,served
M-01,Bellamy,12,11,warm
M-01,Bellamy,12,12,.
M-01,Bellamy,12,13,ask
M-01,Bellamy,12,14,about
M-01,Bellamy,12,15,the
M-01,Bellamy,12,16,bread
M-01,Bellamy,12,17,.
M-01,Bellamy,12,18,the
M-01,Bellamy,12,19,pan
M-01,Bellamy,12,20,is
M-01,Bellamy,12,21,older
M-01,Bellamy,12,22,than
M-01,Bellamy,12,23,the
M-01,Bellamy,12,24,cook
M-01,Bellamy,12,25,.
M-01,Bellamy,13,1,roasted
M-01,Bellamy,13,2,beetroot
M-01,Bellamy,13,3,with
M-01,Bellamy,13,4,potatoes
M-01,Bellamy,13,5,","
M-01,Bellamy,13,6,tarragon
M-01,Bellamy,13,7,and
M-01,Bellamy,13,8,salsa
M-01,Bellamy,13,9,.
M-01,Bellamy,13,10,served
M-01,Bellamy,13,11,warm
M-01,Bellamy,13,12,.
M-01,Bellamy,14,1,poached
M-01,Bellamy,14,2,trout
M-01,Bellamy,14,3,with
M-01,Bellamy,14,4,crisps
M-01,Bellamy,14,5,","
M-01,Bellamy,14,6,capers
M-01,Bellamy,14,7,and
M-01,Bellamy,14,8,salsa
M-01,Bellamy,14,9,.
M-01,Bellamy,14,10,served
M-01,Bellamy,14,11,warm
M-01,Bellamy,14,12,.
M-01,Bellamy,14,13,ask
M-01,Bellamy,14,14,about
M-01,Bellamy,14,15,the
M-01,Bellamy,14,16,bread
M-01,Bellamy,14,17,.
M-01,Bellamy,15,1,roasted
M-01,Bellamy,15,2,hogget
M-01,Bellamy,15,3,with
M-01,Bellamy,15,4,cabbage
M-01,Bellamy,15,5,","
M-01,Bellamy,15,6,watercress
M-01,Bellamy,15,7,and
M-01,Bellamy,15,8,pesto
M-01,Bellamy,15,9,.
M-01,Bellamy,15,10,served
M-01,Bellamy,15,11,cold
M-01,Bellamy,15,12,.
M-01,Bellamy,15,13,the
M-01,Bellamy,15,14,pan
M-01,Bellamy,15,15,is
M-01,Bellamy,15,16,older
M-01,Bellamy,15,17,than
M-01,Bellamy,15,18,the
M-01,Bellamy,15,19,cook
M-01,Bellamy,15,20,.
M-01,Bellamy,16,1,griddled
M-01,Bellamy,16,2,beetroot
M-01,Bellamy,16,3,with
M-01,Bellamy,16,4,lentils
M-01,Bellamy,16,5,","
M-01,Bellamy,16,6,capers
M-01,Bellamy,16,7,and
M-01,Bellamy,16,8,cream
M-01,Bellamy,16,9,.
M-01,Bellamy,16,10,served
M-01,Bellamy,16,11,warm
M-01,Bellamy,16,12,.
M-01,Bellamy,16,13,ask
M-01,Bellamy,16,14,about
M-01,Bellamy,16,15,the
M-01,Bellamy,16,16,bread
M-01,Bellamy,16,17,.
M-01,Bellamy,17,1,poached
M-01,Bellamy,17,2,pheasant
M-01,Bellamy,17,3,with
M-01,Bellamy,17,4,couscous
M-01,Bellamy,17,5,","
M-01,Bellamy,17,6,anchovies
M-01,Bellamy,17,7,and
M-01,Bellamy,17,8,mustard
M-01,Bellamy,17,9,.
M-01,Bellamy,17,10,served
M-01,Bellamy,17,11,warm
M-01,Bellamy,17,12,.
M-01,Bellamy,18,1,pickled
M-01,Bellamy,18,2,trout
M-01,Bellamy,18,3,with
M-01,Bellamy,18,4,potatoes
M-01,Bellamy,18,5,","
M-01,Bellamy,18,6,dill
M-01,Bellamy,18,7,and
M-01,Bellamy,18,8,cheese
M-01,Bellamy,18,9,.
M-01,Bellamy,18,10,served
M-01,Bellamy,18,11,warm
M-01,Bellamy,18,12,.
M-01,Bellamy,18,13,ask
M-01,Bellamy,18,14,about
M-01,Bellamy,18,15,the
M-01,Bellamy,18,16,bread
M-01,Bellamy,18,17,.
M-01,Bellamy,18,18,the
M-01,Bellamy,18,19,pan
M-01,Bellamy,18,20,is
M-01,Bellamy,18,21,older
M-01,Bellamy,18,22,than
M-01,Bellamy,18,23,the
M-01,Bellamy,18,24,cook
M-01,Bellamy,18,25,.
M-01,Bellamy,19,1,braised
M-01,Bellamy,19,2,plaice
M-01,Bellamy,19,3,with
M-01,Bellamy,19,4,couscous
M-01,Bellamy,19,5,","
M-01,Bellamy,19,6,raisins
M-01,Bellamy,19,7,and
M-01,Bellamy,19,8,oil
M-01,Bellamy,19,9,.
M-01,Bellamy,19,10,served
M-01,Bellamy,19,11,warm
M-01,Bellamy,19,12,.
M-01,Bellamy,20,1,roasted
M-01,Bellamy,20,2,cauliflower
M-01,Bellamy,20,3,with
M-01,Bellamy,20,4,potatoes
M-01,Bellamy,20,5,","
M-01,Bellamy,20,6,walnuts
M-01,Bellamy,20,7,and
M-01,Bellamy,20,8,yoghurt
M-01,Bellamy,20,9,.
M-01,Bellamy,20,10,served
M-01,Bellamy,20,11,warm
M-01,Bellamy,20,12,.
M-01,Bellamy,20,13,ask
M-01,Bellamy,20,14,about
M-01,Bellamy,20,15,the
M-01,Bellamy,20,16,bread
M-01,Bellamy,20,17,.
M-01,Bellamy,21,1,griddled
M-01,Bellamy,21,2,mackerel
M-01,Bellamy,21,3,with
M-01,Bellamy,21,4,cabbage
M-01,Bellamy,21,5,","
M-01,Bellamy,21,6,chives
M-01,Bellamy,21,7,and
M-01,Bellamy,21,8,oil
M-01,Bellamy,21,9,.
M-01,Bellamy,21,10,served
M-01,Bellamy,21,11,warm
M-01,Bellamy,21,12,.
M-01,Bellamy,21,13,the
M-01,Bellamy,21,14,pan
M-01,Bellamy,21,15,is
M-01,Bellamy,21,16,older
M-01,Bellamy,21,17,than
M-01,Bellamy,21,18,the
M-01,Bellamy,21,19,cook
M-01,Bellamy,21,20,.
M-01,Bellamy,22,1,smoked
M-01,Bellamy,22,2,celeriac
M-01,Bellamy,22,3,with
M-01,Bellamy,22,4,chickpeas
M-01,Bellamy,22,5,","
M-01,Bellamy,22,6,nuts
M-01,Bellamy,22,7,and
M-01,Bellamy,22,8,broth
M-01,Bellamy,22,9,.
M-01,Bellamy,22,10,served
M-01,Bellamy,22,11,warm
M-01,Bellamy,22,12,.
M-01,Bellamy,22,13,ask
M-01,Bellamy,22,14,about
M-01,Bellamy,22,15,the
M-01,Bellamy,22,16,bread
M-01,Bellamy,22,17,.
M-01,Bellamy,23,1,braised
M-01,Bellamy,23,2,celeriac
M-01,Bellamy,23,3,with
M-01,Bellamy,23,4,gnocchi
M-01,Bellamy,23,5,","
M-01,Bellamy,23,6,sorrel
M-01,Bellamy,23,7,and
M-01,Bellamy,23,8,salsa
M-01,Bellamy,23,9,.
M-01,Bellamy,23,10,served
M-01,Bellamy,23,11,cold
M-01,Bellamy,23,12,.
M-01,Bellamy,24,1,roasted
M-01,Bellamy,24,2,mackerel
M-01,Bellamy,24,3,with
M-01,Bellamy,24,4,chickpeas
M-01,Bellamy,24,5,","
M-01,Bellamy,24,6,dill
M-01,Bellamy,24,7,and
M-01,Bellamy,24,8,cream
M-01,Bellamy,24,9,.
M-01,Bellamy,24,10,served
M-01,Bellamy,24,11,warm
M-01,Bellamy,24,12,.
M-01,Bellamy,24,13,ask
M-01,Bellamy,24,14,about
M-01,Bellamy,24,15,the
M-01,Bellamy,24,16,bread
M-01,Bellamy,24,17,.
M-01,Bellamy,24,18,the
M-01,Bellamy,24,19,pan
M-01,Bellamy,24,20,is
M-01,Bellamy,24,21,older
M-01,Bellamy,24,22,than
M-01,Bellamy,24,23,the
M-01,Bellamy,24,24,cook
M-01,Bellamy,24,25,.
M-01,Bellamy,25,1,roasted
M-01,Bellamy,25,2,hogget
M-01,Bellamy,25,3,with
M-01,Bellamy,25,4,barley
M-01,Bellamy,25,5,","
M-01,Bellamy,25,6,hazelnuts
M-01,Bellamy,25,7,and
M-01,Bellamy,25,8,butter
M-01,Bellamy,25,9,.
M-01,Bellamy,25,10,served
M-01,Bellamy,25,11,cold
M-01,Bellamy,25,12,.
M-01,Bellamy,26,1,smoked
M-01,Bellamy,26,2,cauliflower
M-01,Bellamy,26,3,with
M-01,Bellamy,26,4,lentils
M-01,Bellamy,26,5,","
M-01,Bellamy,26,6,hazelnuts
M-01,Bellamy,26,7,and
M-01,Bellamy,26,8,cheese
M-01,Bellamy,26,9,.
M-01,Bellamy,26,10,served
M-01,Bellamy,26,11,warm
M-01,Bellamy,26,12,.
M-01,Bellamy,26,13,ask
M-01,Bellamy,26,14,about
M-01,Bellamy,26,15,the
M-01,Bellamy,26,16,bread
M-01,Bellamy,26,17,.
M-01,Bellamy,27,1,poached
M-01,Bellamy,27,2,hogget
M-01,Bellamy,27,3,with
M-01,Bellamy,27,4,potatoes
M-01,Bellamy,27,5,","
M-01,Bellamy,27,6,herbs
M-01,Bellamy,27,7,and
M-01,Bellamy,27,8,jus
M-01,Bellamy,27,9,.
M-01,Bellamy,27,10,served
M-01,Bellamy,27,11,warm
M-01,Bellamy,27,12,.
M-01,Bellamy,27,13,the
M-01,Bellamy,27,14,pan
M-01,Bellamy,27,15,is
M-01,Bellamy,27,16,older
M-01,Bellamy,27,17,than
M-01,Bellamy,27,18,the
M-01,Bellamy,27,19,cook
M-01,Bellamy,27,20,.
M-01,Bellamy,28,1,poached
M-01,Bellamy,28,2,squash
M-01,Bellamy,28,3,with
M-01,Bellamy,28,4,barley
M-01,Bellamy,28,5,","
M-01,Bellamy,28,6,capers
M-01,Bellamy,28,7,and
M-01,Bellamy,28,8,pesto
M-01,Bellamy,28,9,.
M-01,Bellamy,28,10,served
M-01,Bellamy,28,11,warm
M-01,Bellamy,28,12,.
M-01,Bellamy,28,13,ask
M-01,Bellamy,28,14,about
M-01,Bellamy,28,15,the
M-01,Bellamy,28,16,bread
M-01,Bellamy,28,17,.
M-01,Bellamy,29,1,griddled
M-01,Bellamy,29,2,chard
M-01,Bellamy,29,3,with
M-01,Bellamy,29,4,farro
M-01,Bellamy,29,5,","
M-01,Bellamy,29,6,watercress
M-01,Bellamy,29,7,and
M-01,Bellamy,29,8,oil
M-01,Bellamy,29,9,.
M-01,Bellamy,29,10,served
M-01,Bellamy,29,11,warm
M-01,Bellamy,29,12,.
M-01,Bellamy,30,1,roasted
M-01,Bellamy,30,2,parsnips
M-01,Bellamy,30,3,with
M-01,Bellamy,30,4,lentils
M-01,Bellamy,30,5,","
M-01,Bellamy,30,6,hazelnuts
M-01,Bellamy,30,7,and
M-01,Bellamy,30,8,yoghurt
M-01,Bellamy,30,9,.
M-01,Bellamy,30,10,served
M-01,Bellamy,30,11,warm
M-01,Bellamy,30,12,.
M-01,Bellamy,30,13,ask
M-01,Bellamy,30,14,about
M-01,Bellamy,30,15,the
M-01,Bellamy,30,16,bread
M-01,Bellamy,30,17,.
M-01,Bellamy,30,18,the
M-01,Bellamy,30,19,pan
M-01,Bellamy,30,20,is
M-01,Bellamy,30,21,older
M-01,Bellamy,30,22,than
M-01,Bellamy,30,23,the
M-01,Bellamy,30,24,cook
M-01,Bellamy,30,25,.
M-01,Bellamy,31,1,smoked
M-01,Bellamy,31,2,fennel
M-01,Bellamy,31,3,with
M-01,Bellamy,31,4,dumplings
M-01,Bellamy,31,5,","
M-01,Bellamy,31,6,walnuts
M-01,Bellamy,31,7,and
M-01,Bellamy,31,8,cheese
M-01,Bellamy,31,9,.
M-01,Bellamy,31,10,served
M-01,Bellamy,31,11,warm
M-01,Bellamy,31,12,.
M-01,Bellamy,32,1,roasted
M-01,Bellamy,32,2,squash
M-01,Bellamy,32,3,with
M-01,Bellamy,32,4,samphire
M-01,Bellamy,32,5,","
M-01,Bellamy,32,6,tarragon
M-01,Bellamy,32,7,and
M-01,Bellamy,32,8,salsa
M-01,Bellamy,32,9,.
M-01,Bellamy,32,10,served
M-01,Bellamy,32,11,warm
M-01,Bellamy,32,12,.
M-01,Bellamy,32,13,ask
M-01,Bellamy,32,14,about
M-01,Bellamy,32,15,the
M-01,Bellamy,32,16,bread
M-01,Bellamy,32,17,.
M-01,Bellamy,33,1,pickled
M-01,Bellamy,33,2,cauliflower
M-01,Bellamy,33,3,with
M-01,Bellamy,33,4,rice
M-01,Bellamy,33,5,","
M-01,Bellamy,33,6,watercress
M-01,Bellamy,33,7,and
M-01,Bellamy,33,8,yoghurt
M-01,Bellamy,33,9,.
M-01,Bellamy,33,10,served
M-01,Bellamy,33,11,warm
M-01,Bellamy,33,12,.
M-01,Bellamy,33,13,the
M-01,Bellamy,33,14,pan
M-01,Bellamy,33,15,is
M-01,Bellamy,33,16,older
M-01,Bellamy,33,17,than
M-01,Bellamy,33,18,the
M-01,Bellamy,33,19,cook
M-01,Bellamy,33,20,.
M-01,Bellamy,34,1,griddled
M-01,Bellamy,34,2,beetroot
M-01,Bellamy,34,3,with
M-01,Bellamy,34,4,greens
M-01,Bellamy,34,5,","
M-01,Bellamy,34,6,dill
M-01,Bellamy,34,7,and
M-01,Bellamy,34,8,cheese
M-01,Bellamy,34,9,.
M-01,Bellamy,34,10,served
M-01,Bellamy,34,11,chilled
M-01,Bellamy,34,12,.
M-01,Bellamy,34,13,ask
M-01,Bellamy,34,14,about
M-01,Bellamy,34,15,the
M-01,Bellamy,34,16,bread
M-01,Bellamy,34,17,.
M-01,Bellamy,35,1,griddled
M-01,Bellamy,35,2,plaice
M-01,Bellamy,35,3,with
M-01,Bellamy,35,4,lentils
M-01,Bellamy,35,5,","
M-01,Bellamy,35,6,tarragon
M-01,Bellamy,35,7,and
M-01,Bellamy,35,8,cheese
M-01,Bellamy,35,9,.
M-01,Bellamy,35,10,served
M-01,Bellamy,35,11,warm
M-01,Bellamy,35,12,.
M-01,Bellamy,36,1,roasted
M-01,Bellamy,36,2,fennel
M-01,Bellamy,36,3,with
M-01,Bellamy,36,4,spelt
M-01,Bellamy,36,5,","
M-01,Bellamy,36,6,walnuts
M-01,Bellamy,36,7,and
M-01,Bellamy,36,8,broth
M-01,Bellamy,36,9,.
M-01,Bellamy,36,10,served
M-01,Bellamy,36,11,hot
M-01,Bellamy,36,12,.
M-01,Bellamy,36,13,ask
M-01,Bellamy,36,14,about
M-01,Bellamy,36,15,the
M-01,Bellamy,36,16,bread
M-01,Bellamy,36,17,.
M-01,Bellamy,36,18,the
M-01,Bellamy,36,19,pan
M-01,Bellamy,36,20,is
M-01,Bellamy,36,21,older
M-01,Bellamy,36,22,than
M-01,Bellamy,36,23,the
M-01,Bellamy,36,24,cook
M-01,Bellamy,36,25,.
M-02,Oke,1,1,griddled
M-02,Oke,1,2,trout
M-02,Oke,1,3,with
M-02,Oke,1,4,lentils
M-02,Oke,1,5,","
M-02,Oke,1,6,nuts
M-02,Oke,1,7,and
M-02,Oke,1,8,gremolata
M-02,Oke,1,9,.
M-02,Oke,1,10,served
M-02,Oke,1,11,warm
M-02,Oke,1,12,.
M-02,Oke,2,1,braised
M-02,Oke,2,2,celeriac
M-02,Oke,2,3,with
M-02,Oke,2,4,lentils
M-02,Oke,2,5,","
M-02,Oke,2,6,sorrel
M-02,Oke,2,7,and
M-02,Oke,2,8,butter
M-02,Oke,2,9,.
M-02,Oke,2,10,served
M-02,Oke,2,11,warm
M-02,Oke,2,12,.
M-02,Oke,2,13,ask
M-02,Oke,2,14,about
M-02,Oke,2,15,the
M-02,Oke,2,16,bread
M-02,Oke,2,17,.
M-02,Oke,3,1,roasted
M-02,Oke,3,2,chard
M-02,Oke,3,3,with
M-02,Oke,3,4,potatoes
M-02,Oke,3,5,","
M-02,Oke,3,6,herbs
M-02,Oke,3,7,and
M-02,Oke,3,8,aioli
M-02,Oke,3,9,.
M-02,Oke,3,10,served
M-02,Oke,3,11,hot
M-02,Oke,3,12,.
M-02,Oke,3,13,best
M-02,Oke,3,14,eaten
M-02,Oke,3,15,by
M-02,Oke,3,16,the
M-02,Oke,3,17,window
M-02,Oke,3,18,.
M-02,Oke,4,1,pickled
M-02,Oke,4,2,plaice
M-02,Oke,4,3,with
M-02,Oke,4,4,lentils
M-02,Oke,4,5,","
M-02,Oke,4,6,radishes
M-02,Oke,4,7,and
M-02,Oke,4,8,salsa
M-02,Oke,4,9,.
M-02,Oke,4,10,served
M-02,Oke,4,11,warm
M-02,Oke,4,12,.
M-02,Oke,4,13,ask
M-02,Oke,4,14,about
M-02,Oke,4,15,the
M-02,Oke,4,16,bread
M-02,Oke,4,17,.
M-02,Oke,5,1,poached
M-02,Oke,5,2,squash
M-02,Oke,5,3,with
M-02,Oke,5,4,samphire
M-02,Oke,5,5,","
M-02,Oke,5,6,capers
M-02,Oke,5,7,and
M-02,Oke,5,8,gremolata
M-02,Oke,5,9,.
M-02,Oke,5,10,served
M-02,Oke,5,11,hot
M-02,Oke,5,12,.
M-02,Oke,6,1,braised
M-02,Oke,6,2,squash
M-02,Oke,6,3,with
M-02,Oke,6,4,mash
M-02,Oke,6,5,","
M-02,Oke,6,6,hazelnuts
M-02,Oke,6,7,and
M-02,Oke,6,8,pesto
M-02,Oke,6,9,.
M-02,Oke,6,10,served
M-02,Oke,6,11,hot
M-02,Oke,6,12,.
M-02,Oke,6,13,ask
M-02,Oke,6,14,about
M-02,Oke,6,15,the
M-02,Oke,6,16,bread
M-02,Oke,6,17,.
M-02,Oke,6,18,best
M-02,Oke,6,19,eaten
M-02,Oke,6,20,by
M-02,Oke,6,21,the
M-02,Oke,6,22,window
M-02,Oke,6,23,.
M-02,Oke,7,1,braised
M-02,Oke,7,2,plaice
M-02,Oke,7,3,with
M-02,Oke,7,4,cabbage
M-02,Oke,7,5,","
M-02,Oke,7,6,tarragon
M-02,Oke,7,7,and
M-02,Oke,7,8,cream
M-02,Oke,7,9,.
M-02,Oke,7,10,served
M-02,Oke,7,11,warm
M-02,Oke,7,12,.
M-02,Oke,8,1,griddled
M-02,Oke,8,2,pheasant
M-02,Oke,8,3,with
M-02,Oke,8,4,greens
M-02,Oke,8,5,","
M-02,Oke,8,6,capers
M-02,Oke,8,7,and
M-02,Oke,8,8,honey
M-02,Oke,8,9,.
M-02,Oke,8,10,served
M-02,Oke,8,11,warm
M-02,Oke,8,12,.
M-02,Oke,8,13,ask
M-02,Oke,8,14,about
M-02,Oke,8,15,the
M-02,Oke,8,16,bread
M-02,Oke,8,17,.
M-02,Oke,9,1,smoked
M-02,Oke,9,2,fennel
M-02,Oke,9,3,with
M-02,Oke,9,4,barley
M-02,Oke,9,5,","
M-02,Oke,9,6,raisins
M-02,Oke,9,7,and
M-02,Oke,9,8,cheese
M-02,Oke,9,9,.
M-02,Oke,9,10,served
M-02,Oke,9,11,warm
M-02,Oke,9,12,.
M-02,Oke,9,13,best
M-02,Oke,9,14,eaten
M-02,Oke,9,15,by
M-02,Oke,9,16,the
M-02,Oke,9,17,window
M-02,Oke,9,18,.
M-02,Oke,10,1,pickled
M-02,Oke,10,2,pheasant
M-02,Oke,10,3,with
M-02,Oke,10,4,barley
M-02,Oke,10,5,","
M-02,Oke,10,6,walnuts
M-02,Oke,10,7,and
M-02,Oke,10,8,cream
M-02,Oke,10,9,.
M-02,Oke,10,10,served
M-02,Oke,10,11,warm
M-02,Oke,10,12,.
M-02,Oke,10,13,ask
M-02,Oke,10,14,about
M-02,Oke,10,15,the
M-02,Oke,10,16,bread
M-02,Oke,10,17,.
M-02,Oke,11,1,roasted
M-02,Oke,11,2,hogget
M-02,Oke,11,3,with
M-02,Oke,11,4,barley
M-02,Oke,11,5,","
M-02,Oke,11,6,nuts
M-02,Oke,11,7,and
M-02,Oke,11,8,cream
M-02,Oke,11,9,.
M-02,Oke,11,10,served
M-02,Oke,11,11,hot
M-02,Oke,11,12,.
M-02,Oke,12,1,poached
M-02,Oke,12,2,hogget
M-02,Oke,12,3,with
M-02,Oke,12,4,lentils
M-02,Oke,12,5,","
M-02,Oke,12,6,currants
M-02,Oke,12,7,and
M-02,Oke,12,8,gremolata
M-02,Oke,12,9,.
M-02,Oke,12,10,served
M-02,Oke,12,11,warm
M-02,Oke,12,12,.
M-02,Oke,12,13,ask
M-02,Oke,12,14,about
M-02,Oke,12,15,the
M-02,Oke,12,16,bread
M-02,Oke,12,17,.
M-02,Oke,12,18,best
M-02,Oke,12,19,eaten
M-02,Oke,12,20,by
M-02,Oke,12,21,the
M-02,Oke,12,22,window
M-02,Oke,12,23,.
M-02,Oke,13,1,griddled
M-02,Oke,13,2,parsnips
M-02,Oke,13,3,with
M-02,Oke,13,4,lentils
M-02,Oke,13,5,","
M-02,Oke,13,6,watercress
M-02,Oke,13,7,and
M-02,Oke,13,8,broth
M-02,Oke,13,9,.
M-02,Oke,13,10,served
M-02,Oke,13,11,warm
M-02,Oke,13,12,.
M-02,Oke,14,1,griddled
M-02,Oke,14,2,pheasant
M-02,Oke,14,3,with
M-02,Oke,14,4,lentils
M-02,Oke,14,5,","
M-02,Oke,14,6,dill
M-02,Oke,14,7,and
M-02,Oke,14,8,aioli
M-02,Oke,14,9,.
M-02,Oke,14,10,served
M-02,Oke,14,11,hot
M-02,Oke,14,12,.
M-02,Oke,14,13,ask
M-02,Oke,14,14,about
M-02,Oke,14,15,the
M-02,Oke,14,16,bread
M-02,Oke,14,17,.
M-02,Oke,15,1,roasted
M-02,Oke,15,2,squash
M-02,Oke,15,3,with
M-02,Oke,15,4,lentils
M-02,Oke,15,5,","
M-02,Oke,15,6,chives
M-02,Oke,15,7,and
M-02,Oke,15,8,aioli
M-02,Oke,15,9,.
M-02,Oke,15,10,served
M-02,Oke,15,11,warm
M-02,Oke,15,12,.
M-02,Oke,15,13,best
M-02,Oke,15,14,eaten
M-02,Oke,15,15,by
M-02,Oke,15,16,the
M-02,Oke,15,17,window
M-02,Oke,15,18,.
M-02,Oke,16,1,braised
M-02,Oke,16,2,hogget
M-02,Oke,16,3,with
M-02,Oke,16,4,potatoes
M-02,Oke,16,5,","
M-02,Oke,16,6,nuts
M-02,Oke,16,7,and
M-02,Oke,16,8,aioli
M-02,Oke,16,9,.
M-02,Oke,16,10,served
M-02,Oke,16,11,cold
M-02,Oke,16,12,.
M-02,Oke,16,13,ask
M-02,Oke,16,14,about
M-02,Oke,16,15,the
M-02,Oke,16,16,bread
M-02,Oke,16,17,.
M-02,Oke,17,1,roasted
M-02,Oke,17,2,mackerel
M-02,Oke,17,3,with
M-02,Oke,17,4,dumplings
M-02,Oke,17,5,","
M-02,Oke,17,6,walnuts
M-02,Oke,17,7,and
M-02,Oke,17,8,cheese
M-02,Oke,17,9,.
M-02,Oke,17,10,served
M-02,Oke,17,11,warm
M-02,Oke,17,12,.
M-02,Oke,18,1,poached
M-02,Oke,18,2,celeriac
M-02,Oke,18,3,with
M-02,Oke,18,4,lentils
M-02,Oke,18,5,","
M-02,Oke,18,6,sorrel
M-02,Oke,18,7,and
M-02,Oke,18,8,broth
M-02,Oke,18,9,.
M-02,Oke,18,10,served
M-02,Oke,18,11,cold
M-02,Oke,18,12,.
M-02,Oke,18,13,ask
M-02,Oke,18,14,about
M-02,Oke,18,15,the
M-02,Oke,18,16,bread
M-02,Oke,18,17,.
M-02,Oke,18,18,best
M-02,Oke,18,19,eaten
M-02,Oke,18,20,by
M-02,Oke,18,21,the
M-02,Oke,18,22,window
M-02,Oke,18,23,.
M-02,Oke,19,1,griddled
M-02,Oke,19,2,mackerel
M-02,Oke,19,3,with
M-02,Oke,19,4,polenta
M-02,Oke,19,5,","
M-02,Oke,19,6,hazelnuts
M-02,Oke,19,7,and
M-02,Oke,19,8,vinegar
M-02,Oke,19,9,.
M-02,Oke,19,10,served
M-02,Oke,19,11,warm
M-02,Oke,19,12,.
M-02,Oke,20,1,poached
M-02,Oke,20,2,pheasant
M-02,Oke,20,3,with
M-02,Oke,20,4,chips
M-02,Oke,20,5,","
M-02,Oke,20,6,hazelnuts
M-02,Oke,20,7,and
M-02,Oke,20,8,mustard
M-02,Oke,20,9,.
M-02,Oke,20,10,served
M-02,Oke,20,11,warm
M-02,Oke,20,12,.
M-02,Oke,20,13,ask
M-02,Oke,20,14,about
M-02,Oke,20,15,the
M-02,Oke,20,16,bread
M-02,Oke,20,17,.
M-02,Oke,21,1,griddled
M-02,Oke,21,2,cauliflower
M-02,Oke,21,3,with
M-02,Oke,21,4,dumplings
M-02,Oke,21,5,","
M-02,Oke,21,6,nuts
M-02,Oke,21,7,and
M-02,Oke,21,8,butter
M-02,Oke,21,9,.
M-02,Oke,21,10,served
M-02,Oke,21,11,warm
M-02,Oke,21,12,.
M-02,Oke,21,13,best
M-02,Oke,21,14,eaten
M-02,Oke,21,15,by
M-02,Oke,21,16,the
M-02,Oke,21,17,window
M-02,Oke,21,18,.
M-02,Oke,22,1,roasted
M-02,Oke,22,2,chard
M-02,Oke,22,3,with
M-02,Oke,22,4,lentils
M-02,Oke,22,5,","
M-02,Oke,22,6,pickles
M-02,Oke,22,7,and
M-02,Oke,22,8,gremolata
M-02,Oke,22,9,.
M-02,Oke,22,10,served
M-02,Oke,22,11,chilled
M-02,Oke,22,12,.
M-02,Oke,22,13,ask
M-02,Oke,22,14,about
M-02,Oke,22,15,the
M-02,Oke,22,16,bread
M-02,Oke,22,17,.
M-02,Oke,23,1,poached
M-02,Oke,23,2,fennel
M-02,Oke,23,3,with
M-02,Oke,23,4,mash
M-02,Oke,23,5,","
M-02,Oke,23,6,leaves
M-02,Oke,23,7,and
M-02,Oke,23,8,cream
M-02,Oke,23,9,.
M-02,Oke,23,10,served
M-02,Oke,23,11,hot
M-02,Oke,23,12,.
M-02,Oke,24,1,pickled
M-02,Oke,24,2,beetroot
M-02,Oke,24,3,with
M-02,Oke,24,4,lentils
M-02,Oke,24,5,","
M-02,Oke,24,6,walnuts
M-02,Oke,24,7,and
M-02,Oke,24,8,yoghurt
M-02,Oke,24,9,.
M-02,Oke,24,10,served
M-02,Oke,24,11,warm
M-02,Oke,24,12,.
M-02,Oke,24,13,ask
M-02,Oke,24,14,about
M-02,Oke,24,15,the
M-02,Oke,24,16,bread
M-02,Oke,24,17,.
M-02,Oke,24,18,best
M-02,Oke,24,19,eaten
M-02,Oke,24,20,by
M-02,Oke,24,21,the
M-02,Oke,24,22,window
M-02,Oke,24,23,.
M-02,Oke,25,1,roasted
M-02,Oke,25,2,mackerel
M-02,Oke,25,3,with
M-02,Oke,25,4,shallots
M-02,Oke,25,5,","
M-02,Oke,25,6,hazelnuts
M-02,Oke,25,7,and
M-02,Oke,25,8,cheese
M-02,Oke,25,9,.
M-02,Oke,25,10,served
M-02,Oke,25,11,hot
M-02,Oke,25,12,.
M-02,Oke,26,1,roasted
M-02,Oke,26,2,mackerel
M-02,Oke,26,3,with
M-02,Oke,26,4,rice
M-02,Oke,26,5,","
M-02,Oke,26,6,olives
M-02,Oke,26,7,and
M-02,Oke,26,8,mustard
M-02,Oke,26,9,.
M-02,Oke,26,10,served
M-02,Oke,26,11,hot
M-02,Oke,26,12,.
M-02,Oke,26,13,ask
M-02,Oke,26,14,about
M-02,Oke,26,15,the
M-02,Oke,26,16,bread
M-02,Oke,26,17,.
M-02,Oke,27,1,pickled
M-02,Oke,27,2,squash
M-02,Oke,27,3,with
M-02,Oke,27,4,greens
M-02,Oke,27,5,","
M-02,Oke,27,6,raisins
M-02,Oke,27,7,and
M-02,Oke,27,8,mustard
M-02,Oke,27,9,.
M-02,Oke,27,10,served
M-02,Oke,27,11,hot
M-02,Oke,27,12,.
M-02,Oke,27,13,best
M-02,Oke,27,14,eaten
M-02,Oke,27,15,by
M-02,Oke,27,16,the
M-02,Oke,27,17,window
M-02,Oke,27,18,.
M-02,Oke,28,1,poached
M-02,Oke,28,2,trout
M-02,Oke,28,3,with
M-02,Oke,28,4,lentils
M-02,Oke,28,5,","
M-02,Oke,28,6,sorrel
M-02,Oke,28,7,and
M-02,Oke,28,8,aioli
M-02,Oke,28,9,.
M-02,Oke,28,10,served
M-02,Oke,28,11,hot
M-02,Oke,28,12,.
M-02,Oke,28,13,ask
M-02,Oke,28,14,about
M-02,Oke,28,15,the
M-02,Oke,28,16,bread
M-02,Oke,28,17,.
M-02,Oke,29,1,smoked
M-02,Oke,29,2,chard
M-02,Oke,29,3,with
M-02,Oke,29,4,potatoes
M-02,Oke,29,5,","
M-02,Oke,29,6,watercress
M-02,Oke,29,7,and
M-02,Oke,29,8,vinegar
M-02,Oke,29,9,.
M-02,Oke,29,10,served
M-02,Oke,29,11,warm
M-02,Oke,29,12,.
M-02,Oke,30,1,braised
M-02,Oke,30,2,cauliflower
M-02,Oke,30,3,with
M-02,Oke,30,4,chickpeas
M-02,Oke,30,5,","
M-02,Oke,30,6,walnuts
M-02,Oke,30,7,and
M-02,Oke,30,8,aioli
M-02,Oke,30,9,.
M-02,Oke,30,10,served
M-02,Oke,30,11,warm
M-02,Oke,30,12,.
M-02,Oke,30,13,ask
M-02,Oke,30,14,about
M-02,Oke,30,15,the
M-02,Oke,30,16,bread
M-02,Oke,30,17,.
M-02,Oke,30,18,best
M-02,Oke,30,19,eaten
M-02,Oke,30,20,by
M-02,Oke,30,21,the
M-02,Oke,30,22,window
M-02,Oke,30,23,.
M-02,Oke,31,1,pickled
M-02,Oke,31,2,celeriac
M-02,Oke,31,3,with
M-02,Oke,31,4,samphire
M-02,Oke,31,5,","
M-02,Oke,31,6,almonds
M-02,Oke,31,7,and
M-02,Oke,31,8,broth
M-02,Oke,31,9,.
M-02,Oke,31,10,served
M-02,Oke,31,11,cold
M-02,Oke,31,12,.
M-02,Oke,32,1,pickled
M-02,Oke,32,2,chard
M-02,Oke,32,3,with
M-02,Oke,32,4,rice
M-02,Oke,32,5,","
M-02,Oke,32,6,capers
M-02,Oke,32,7,and
M-02,Oke,32,8,jus
M-02,Oke,32,9,.
M-02,Oke,32,10,served
M-02,Oke,32,11,hot
M-02,Oke,32,12,.
M-02,Oke,32,13,ask
M-02,Oke,32,14,about
M-02,Oke,32,15,the
M-02,Oke,32,16,bread
M-02,Oke,32,17,.
M-02,Oke,33,1,braised
M-02,Oke,33,2,beetroot
M-02,Oke,33,3,with
M-02,Oke,33,4,greens
M-02,Oke,33,5,","
M-02,Oke,33,6,hazelnuts
M-02,Oke,33,7,and
M-02,Oke,33,8,cream
M-02,Oke,33,9,.
M-02,Oke,33,10,served
M-02,Oke,33,11,warm
M-02,Oke,33,12,.
M-02,Oke,33,13,best
M-02,Oke,33,14,eaten
M-02,Oke,33,15,by
M-02,Oke,33,16,the
M-02,Oke,33,17,window
M-02,Oke,33,18,.
M-02,Oke,34,1,roasted
M-02,Oke,34,2,hogget
M-02,Oke,34,3,with
M-02,Oke,34,4,chips
M-02,Oke,34,5,","
M-02,Oke,34,6,hazelnuts
M-02,Oke,34,7,and
M-02,Oke,34,8,cream
M-02,Oke,34,9,.
M-02,Oke,34,10,served
M-02,Oke,34,11,warm
M-02,Oke,34,12,.
M-02,Oke,34,13,ask
M-02,Oke,34,14,about
M-02,Oke,34,15,the
M-02,Oke,34,16,bread
M-02,Oke,34,17,.
M-02,Oke,35,1,roasted
M-02,Oke,35,2,beetroot
M-02,Oke,35,3,with
M-02,Oke,35,4,greens
M-02,Oke,35,5,","
M-02,Oke,35,6,olives
M-02,Oke,35,7,and
M-02,Oke,35,8,yoghurt
M-02,Oke,35,9,.
M-02,Oke,35,10,served
M-02,Oke,35,11,hot
M-02,Oke,35,12,.
M-02,Oke,36,1,poached
M-02,Oke,36,2,chard
M-02,Oke,36,3,with
M-02,Oke,36,4,chips
M-02,Oke,36,5,","
M-02,Oke,36,6,sorrel
M-02,Oke,36,7,and
M-02,Oke,36,8,aioli
M-02,Oke,36,9,.
M-02,Oke,36,10,served
M-02,Oke,36,11,cold
M-02,Oke,36,12,.
M-02,Oke,36,13,ask
M-02,Oke,36,14,about
M-02,Oke,36,15,the
M-02,Oke,36,16,bread
M-02,Oke,36,17,.
M-02,Oke,36,18,best
M-02,Oke,36,19,eaten
M-02,Oke,36,20,by
M-02,Oke,36,21,the
M-02,Oke,36,22,window
M-02,Oke,36,23,.
M-03,Farrow,1,1,pickled
M-03,Farrow,1,2,fennel
M-03,Farrow,1,3,with
M-03,Farrow,1,4,cabbage
M-03,Farrow,1,5,","
M-03,Farrow,1,6,leaves
M-03,Farrow,1,7,and
M-03,Farrow,1,8,cheese
M-03,Farrow,1,9,.
M-03,Farrow,1,10,served
M-03,Farrow,1,11,warm
M-03,Farrow,1,12,.
M-03,Farrow,2,1,griddled
M-03,Farrow,2,2,cauliflower
M-03,Farrow,2,3,with
M-03,Farrow,2,4,chickpeas
M-03,Farrow,2,5,","
M-03,Farrow,2,6,raisins
M-03,Farrow,2,7,and
M-03,Farrow,2,8,cream
M-03,Farrow,2,9,.
M-03,Farrow,2,10,served
M-03,Farrow,2,11,cold
M-03,Farrow,2,12,.
M-03,Farrow,2,13,ask
M-03,Farrow,2,14,about
M-03,Farrow,2,15,the
M-03,Farrow,2,16,bread
M-03,Farrow,2,17,.
M-03,Farrow,3,1,pickled
M-03,Farrow,3,2,beetroot
M-03,Farrow,3,3,with
M-03,Farrow,3,4,chips
M-03,Farrow,3,5,","
M-03,Farrow,3,6,chives
M-03,Farrow,3,7,and
M-03,Farrow,3,8,broth
M-03,Farrow,3,9,.
M-03,Farrow,3,10,served
M-03,Farrow,3,11,chilled
M-03,Farrow,3,12,.
M-03,Farrow,3,13,we
M-03,Farrow,3,14,grow
M-03,Farrow,3,15,these
M-03,Farrow,3,16,behind
M-03,Farrow,3,17,the
M-03,Farrow,3,18,yard
M-03,Farrow,3,19,.
M-03,Farrow,4,1,braised
M-03,Farrow,4,2,fennel
M-03,Farrow,4,3,with
M-03,Farrow,4,4,lentils
M-03,Farrow,4,5,","
M-03,Farrow,4,6,dill
M-03,Farrow,4,7,and
M-03,Farrow,4,8,butter
M-03,Farrow,4,9,.
M-03,Farrow,4,10,served
M-03,Farrow,4,11,hot
M-03,Farrow,4,12,.
M-03,Farrow,4,13,ask
M-03,Farrow,4,14,about
M-03,Farrow,4,15,the
M-03,Farrow,4,16,bread
M-03,Farrow,4,17,.
M-03,Farrow,5,1,pickled
M-03,Farrow,5,2,hogget
M-03,Farrow,5,3,with
M-03,Farrow,5,4,potatoes
M-03,Farrow,5,5,","
M-03,Farrow,5,6,walnuts
M-03,Farrow,5,7,and
M-03,Farrow,5,8,oil
M-03,Farrow,5,9,.
M-03,Farrow,5,10,served
M-03,Farrow,5,11,warm
M-03,Farrow,5,12,.
M-03,Farrow,6,1,pickled
M-03,Farrow,6,2,hogget
M-03,Farrow,6,3,with
M-03,Farrow,6,4,greens
M-03,Farrow,6,5,","
M-03,Farrow,6,6,walnuts
M-03,Farrow,6,7,and
M-03,Farrow,6,8,oil
M-03,Farrow,6,9,.
M-03,Farrow,6,10,served
M-03,Farrow,6,11,hot
M-03,Farrow,6,12,.
M-03,Farrow,6,13,ask
M-03,Farrow,6,14,about
M-03,Farrow,6,15,the
M-03,Farrow,6,16,bread
M-03,Farrow,6,17,.
M-03,Farrow,6,18,we
M-03,Farrow,6,19,grow
M-03,Farrow,6,20,these
M-03,Farrow,6,21,behind
M-03,Farrow,6,22,the
M-03,Farrow,6,23,yard
M-03,Farrow,6,24,.
M-03,Farrow,7,1,griddled
M-03,Farrow,7,2,beetroot
M-03,Farrow,7,3,with
M-03,Farrow,7,4,barley
M-03,Farrow,7,5,","
M-03,Farrow,7,6,watercress
M-03,Farrow,7,7,and
M-03,Farrow,7,8,butter
M-03,Farrow,7,9,.
M-03,Farrow,7,10,served
M-03,Farrow,7,11,cold
M-03,Farrow,7,12,.
M-03,Farrow,8,1,griddled
M-03,Farrow,8,2,mackerel
M-03,Farrow,8,3,with
M-03,Farrow,8,4,lentils
M-03,Farrow,8,5,","
M-03,Farrow,8,6,seeds
M-03,Farrow,8,7,and
M-03,Farrow,8,8,honey
M-03,Farrow,8,9,.
M-03,Farrow,8,10,served
M-03,Farrow,8,11,cold
M-03,Farrow,8,12,.
M-03,Farrow,8,13,ask
M-03,Farrow,8,14,about
M-03,Farrow,8,15,the
M-03,Farrow,8,16,bread
M-03,Farrow,8,17,.
M-03,Farrow,9,1,pickled
M-03,Farrow,9,2,parsnips
M-03,Farrow,9,3,with
M-03,Farrow,9,4,lentils
M-03,Farrow,9,5,","
M-03,Farrow,9,6,capers
M-03,Farrow,9,7,and
M-03,Farrow,9,8,yoghurt
M-03,Farrow,9,9,.
M-03,Farrow,9,10,served
M-03,Farrow,9,11,hot
M-03,Farrow,9,12,.
M-03,Farrow,9,13,we
M-03,Farrow,9,14,grow
M-03,Farrow,9,15,these
M-03,Farrow,9,16,behind
M-03,Farrow,9,17,the
M-03,Farrow,9,18,yard
M-03,Farrow,9,19,.
M-03,Farrow,10,1,roasted
M-03,Farrow,10,2,pheasant
M-03,Farrow,10,3,with
M-03,Farrow,10,4,samphire
M-03,Farrow,10,5,","
M-03,Farrow,10,6,hazelnuts
M-03,Farrow,10,7,and
M-03,Farrow,10,8,salsa
M-03,Farrow,10,9,.
M-03,Farrow,10,10,served
M-03,Farrow,10,11,warm
M-03,Farrow,10,12,.
M-03,Farrow,10,13,ask
M-03,Farrow,10,14,about
M-03,Farrow,10,15,the
M-03,Farrow,10,16,bread
M-03,Farrow,10,17,.
M-03,Farrow,11,1,smoked
M-03,Farrow,11,2,fennel
M-03,Farrow,11,3,with
M-03,Farrow,11,4,greens
M-03,Farrow,11,5,","
M-03,Farrow,11,6,chives
M-03,Farrow,11,7,and
M-03,Farrow,11,8,vinegar
M-03,Farrow,11,9,.
M-03,Farrow,11,10,served
M-03,Farrow,11,11,hot
M-03,Farrow,11,12,.
M-03,Farrow,12,1,roasted
M-03,Farrow,12,2,plaice
M-03,Farrow,12,3,with
M-03,Farrow,12,4,barley
M-03,Farrow,12,5,","
M-03,Farrow,12,6,dill
M-03,Farrow,12,7,and
M-03,Farrow,12,8,mustard
M-03,Farrow,12,9,.
M-03,Farrow,12,10,served
M-03,Farrow,12,11,warm
M-03,Farrow,12,12,.
M-03,Farrow,12,13,ask
M-03,Farrow,12,14,about
M-03,Farrow,12,15,the
M-03,Farrow,12,16,bread
M-03,Farrow,12,17,.
M-03,Farrow,12,18,we
M-03,Farrow,12,19,grow
M-03,Farrow,12,20,these
M-03,Farrow,12,21,behind
M-03,Farrow,12,22,the
M-03,Farrow,12,23,yard
M-03,Farrow,12,24,.
M-03,Farrow,13,1,poached
M-03,Farrow,13,2,mackerel
M-03,Farrow,13,3,with
M-03,Farrow,13,4,potatoes
M-03,Farrow,13,5,","
M-03,Farrow,13,6,hazelnuts
M-03,Farrow,13,7,and
M-03,Farrow,13,8,salsa
M-03,Farrow,13,9,.
M-03,Farrow,13,10,served
M-03,Farrow,13,11,warm
M-03,Farrow,13,12,.
M-03,Farrow,14,1,smoked
M-03,Farrow,14,2,pheasant
M-03,Farrow,14,3,with
M-03,Farrow,14,4,lentils
M-03,Farrow,14,5,","
M-03,Farrow,14,6,walnuts
M-03,Farrow,14,7,and
M-03,Farrow,14,8,cream
M-03,Farrow,14,9,.
M-03,Farrow,14,10,served
M-03,Farrow,14,11,warm
M-03,Farrow,14,12,.
M-03,Farrow,14,13,ask
M-03,Farrow,14,14,about
M-03,Farrow,14,15,the
M-03,Farrow,14,16,bread
M-03,Farrow,14,17,.
M-03,Farrow,15,1,smoked
M-03,Farrow,15,2,parsnips
M-03,Farrow,15,3,with
M-03,Farrow,15,4,chips
M-03,Farrow,15,5,","
M-03,Farrow,15,6,nuts
M-03,Farrow,15,7,and
M-03,Farrow,15,8,salsa
M-03,Farrow,15,9,.
M-03,Farrow,15,10,served
M-03,Farrow,15,11,hot
M-03,Farrow,15,12,.
M-03,Farrow,15,13,we
M-03,Farrow,15,14,grow
M-03,Farrow,15,15,these
M-03,Farrow,15,16,behind
M-03,Farrow,15,17,the
M-03,Farrow,15,18,yard
M-03,Farrow,15,19,.
M-03,Farrow,16,1,braised
M-03,Farrow,16,2,mackerel
M-03,Farrow,16,3,with
M-03,Farrow,16,4,crisps
M-03,Farrow,16,5,","
M-03,Farrow,16,6,sorrel
M-03,Farrow,16,7,and
M-03,Farrow,16,8,gremolata
M-03,Farrow,16,9,.
M-03,Farrow,16,10,served
M-03,Farrow,16,11,hot
M-03,Farrow,16,12,.
M-03,Farrow,16,13,ask
M-03,Farrow,16,14,about
M-03,Farrow,16,15,the
M-03,Farrow,16,16,bread
M-03,Farrow,16,17,.
M-03,Farrow,17,1,roasted
M-03,Farrow,17,2,squash
M-03,Farrow,17,3,with
M-03,Farrow,17,4,chickpeas
M-03,Farrow,17,5,","
M-03,Farrow,17,6,anchovies
M-03,Farrow,17,7,and
M-03,Farrow,17,8,salsa
M-03,Farrow,17,9,.
M-03,Farrow,17,10,served
M-03,Farrow,17,11,warm
M-03,Farrow,17,12,.
M-03,Farrow,18,1,poached
M-03,Farrow,18,2,hogget
M-03,Farrow,18,3,with
M-03,Farrow,18,4,dumplings
M-03,Farrow,18,5,","
M-03,Farrow,18,6,anchovies
M-03,Farrow,18,7,and
M-03,Farrow,18,8,honey
M-03,Farrow,18,9,.
M-03,Farrow,18,10,served
M-03,Farrow,18,11,warm
M-03,Farrow,18,12,.
M-03,Farrow,18,13,ask
M-03,Farrow,18,14,about
M-03,Farrow,18,15,the
M-03,Farrow,18,16,bread
M-03,Farrow,18,17,.
M-03,Farrow,18,18,we
M-03,Farrow,18,19,grow
M-03,Farrow,18,20,these
M-03,Farrow,18,21,behind
M-03,Farrow,18,22,the
M-03,Farrow,18,23,yard
M-03,Farrow,18,24,.
M-03,Farrow,19,1,griddled
M-03,Farrow,19,2,pheasant
M-03,Farrow,19,3,with
M-03,Farrow,19,4,barley
M-03,Farrow,19,5,","
M-03,Farrow,19,6,anchovies
M-03,Farrow,19,7,and
M-03,Farrow,19,8,cheese
M-03,Farrow,19,9,.
M-03,Farrow,19,10,served
M-03,Farrow,19,11,hot
M-03,Farrow,19,12,.
M-03,Farrow,20,1,braised
M-03,Farrow,20,2,pheasant
M-03,Farrow,20,3,with
M-03,Farrow,20,4,lentils
M-03,Farrow,20,5,","
M-03,Farrow,20,6,dill
M-03,Farrow,20,7,and
M-03,Farrow,20,8,broth
M-03,Farrow,20,9,.
M-03,Farrow,20,10,served
M-03,Farrow,20,11,warm
M-03,Farrow,20,12,.
M-03,Farrow,20,13,ask
M-03,Farrow,20,14,about
M-03,Farrow,20,15,the
M-03,Farrow,20,16,bread
M-03,Farrow,20,17,.
M-03,Farrow,21,1,smoked
M-03,Farrow,21,2,beetroot
M-03,Farrow,21,3,with
M-03,Farrow,21,4,gnocchi
M-03,Farrow,21,5,","
M-03,Farrow,21,6,seeds
M-03,Farrow,21,7,and
M-03,Farrow,21,8,yoghurt
M-03,Farrow,21,9,.
M-03,Farrow,21,10,served
M-03,Farrow,21,11,warm
M-03,Farrow,21,12,.
M-03,Farrow,21,13,we
M-03,Farrow,21,14,grow
M-03,Farrow,21,15,these
M-03,Farrow,21,16,behind
M-03,Farrow,21,17,the
M-03,Farrow,21,18,yard
M-03,Farrow,21,19,.
M-03,Farrow,22,1,poached
M-03,Farrow,22,2,cauliflower
M-03,Farrow,22,3,with
M-03,Farrow,22,4,lentils
M-03,Farrow,22,5,","
M-03,Farrow,22,6,hazelnuts
M-03,Farrow,22,7,and
M-03,Farrow,22,8,cream
M-03,Farrow,22,9,.
M-03,Farrow,22,10,served
M-03,Farrow,22,11,hot
M-03,Farrow,22,12,.
M-03,Farrow,22,13,ask
M-03,Farrow,22,14,about
M-03,Farrow,22,15,the
M-03,Farrow,22,16,bread
M-03,Farrow,22,17,.
M-03,Farrow,23,1,poached
M-03,Farrow,23,2,parsnips
M-03,Farrow,23,3,with
M-03,Farrow,23,4,potatoes
M-03,Farrow,23,5,","
M-03,Farrow,23,6,walnuts
M-03,Farrow,23,7,and
M-03,Farrow,23,8,yoghurt
M-03,Farrow,23,9,.
M-03,Farrow,23,10,served
M-03,Farrow,23,11,hot
M-03,Farrow,23,12,.
M-03,Farrow,24,1,roasted
M-03,Farrow,24,2,squash
M-03,Farrow,24,3,with
M-03,Farrow,24,4,chickpeas
M-03,Farrow,24,5,","
M-03,Farrow,24,6,anchovies
M-03,Farrow,24,7,and
M-03,Farrow,24,8,honey
M-03,Farrow,24,9,.
M-03,Farrow,24,10,served
M-03,Farrow,24,11,warm
M-03,Farrow,24,12,.
M-03,Farrow,24,13,ask
M-03,Farrow,24,14,about
M-03,Farrow,24,15,the
M-03,Farrow,24,16,bread
M-03,Farrow,24,17,.
M-03,Farrow,24,18,we
M-03,Farrow,24,19,grow
M-03,Farrow,24,20,these
M-03,Farrow,24,21,behind
M-03,Farrow,24,22,the
M-03,Farrow,24,23,yard
M-03,Farrow,24,24,.
M-03,Farrow,25,1,griddled
M-03,Farrow,25,2,squash
M-03,Farrow,25,3,with
M-03,Farrow,25,4,cabbage
M-03,Farrow,25,5,","
M-03,Farrow,25,6,chives
M-03,Farrow,25,7,and
M-03,Farrow,25,8,cheese
M-03,Farrow,25,9,.
M-03,Farrow,25,10,served
M-03,Farrow,25,11,cold
M-03,Farrow,25,12,.
M-03,Farrow,26,1,braised
M-03,Farrow,26,2,mackerel
M-03,Farrow,26,3,with
M-03,Farrow,26,4,potatoes
M-03,Farrow,26,5,","
M-03,Farrow,26,6,dill
M-03,Farrow,26,7,and
M-03,Farrow,26,8,yoghurt
M-03,Farrow,26,9,.
M-03,Farrow,26,10,served
M-03,Farrow,26,11,warm
M-03,Farrow,26,12,.
M-03,Farrow,26,13,ask
M-03,Farrow,26,14,about
M-03,Farrow,26,15,the
M-03,Farrow,26,16,bread
M-03,Farrow,26,17,.
M-03,Farrow,27,1,smoked
M-03,Farrow,27,2,celeriac
M-03,Farrow,27,3,with
M-03,Farrow,27,4,lentils
M-03,Farrow,27,5,","
M-03,Farrow,27,6,chervil
M-03,Farrow,27,7,and
M-03,Farrow,27,8,yoghurt
M-03,Farrow,27,9,.
M-03,Farrow,27,10,served
M-03,Farrow,27,11,cold
M-03,Farrow,27,12,.
M-03,Farrow,27,13,we
M-03,Farrow,27,14,grow
M-03,Farrow,27,15,these
M-03,Farrow,27,16,behind
M-03,Farrow,27,17,the
M-03,Farrow,27,18,yard
M-03,Farrow,27,19,.
M-03,Farrow,28,1,poached
M-03,Farrow,28,2,hogget
M-03,Farrow,28,3,with
M-03,Farrow,28,4,lentils
M-03,Farrow,28,5,","
M-03,Farrow,28,6,capers
M-03,Farrow,28,7,and
M-03,Farrow,28,8,jus
M-03,Farrow,28,9,.
M-03,Farrow,28,10,served
M-03,Farrow,28,11,warm
M-03,Farrow,28,12,.
M-03,Farrow,28,13,ask
M-03,Farrow,28,14,about
M-03,Farrow,28,15,the
M-03,Farrow,28,16,bread
M-03,Farrow,28,17,.
M-03,Farrow,29,1,griddled
M-03,Farrow,29,2,squash
M-03,Farrow,29,3,with
M-03,Farrow,29,4,dumplings
M-03,Farrow,29,5,","
M-03,Farrow,29,6,watercress
M-03,Farrow,29,7,and
M-03,Farrow,29,8,harissa
M-03,Farrow,29,9,.
M-03,Farrow,29,10,served
M-03,Farrow,29,11,warm
M-03,Farrow,29,12,.
M-03,Farrow,30,1,griddled
M-03,Farrow,30,2,parsnips
M-03,Farrow,30,3,with
M-03,Farrow,30,4,cabbage
M-03,Farrow,30,5,","
M-03,Farrow,30,6,pickles
M-03,Farrow,30,7,and
M-03,Farrow,30,8,salsa
M-03,Farrow,30,9,.
M-03,Farrow,30,10,served
M-03,Farrow,30,11,warm
M-03,Farrow,30,12,.
M-03,Farrow,30,13,ask
M-03,Farrow,30,14,about
M-03,Farrow,30,15,the
M-03,Farrow,30,16,bread
M-03,Farrow,30,17,.
M-03,Farrow,30,18,we
M-03,Farrow,30,19,grow
M-03,Farrow,30,20,these
M-03,Farrow,30,21,behind
M-03,Farrow,30,22,the
M-03,Farrow,30,23,yard
M-03,Farrow,30,24,.
M-03,Farrow,31,1,griddled
M-03,Farrow,31,2,trout
M-03,Farrow,31,3,with
M-03,Farrow,31,4,polenta
M-03,Farrow,31,5,","
M-03,Farrow,31,6,chives
M-03,Farrow,31,7,and
M-03,Farrow,31,8,aioli
M-03,Farrow,31,9,.
M-03,Farrow,31,10,served
M-03,Farrow,31,11,warm
M-03,Farrow,31,12,.
M-03,Farrow,32,1,griddled
M-03,Farrow,32,2,chard
M-03,Farrow,32,3,with
M-03,Farrow,32,4,lentils
M-03,Farrow,32,5,","
M-03,Farrow,32,6,dill
M-03,Farrow,32,7,and
M-03,Farrow,32,8,cream
M-03,Farrow,32,9,.
M-03,Farrow,32,10,served
M-03,Farrow,32,11,warm
M-03,Farrow,32,12,.
M-03,Farrow,32,13,ask
M-03,Farrow,32,14,about
M-03,Farrow,32,15,the
M-03,Farrow,32,16,bread
M-03,Farrow,32,17,.
M-03,Farrow,33,1,braised
M-03,Farrow,33,2,celeriac
M-03,Farrow,33,3,with
M-03,Farrow,33,4,lentils
M-03,Farrow,33,5,","
M-03,Farrow,33,6,chives
M-03,Farrow,33,7,and
M-03,Farrow,33,8,cream
M-03,Farrow,33,9,.
M-03,Farrow,33,10,served
M-03,Farrow,33,11,hot
M-03,Farrow,33,12,.
M-03,Farrow,33,13,we
M-03,Farrow,33,14,grow
M-03,Farrow,33,15,these
M-03,Farrow,33,16,behind
M-03,Farrow,33,17,the
M-03,Farrow,33,18,yard
M-03,Farrow,33,19,.
M-03,Farrow,34,1,griddled
M-03,Farrow,34,2,cauliflower
M-03,Farrow,34,3,with
M-03,Farrow,34,4,lentils
M-03,Farrow,34,5,","
M-03,Farrow,34,6,dill
M-03,Farrow,34,7,and
M-03,Farrow,34,8,butter
M-03,Farrow,34,9,.
M-03,Farrow,34,10,served
M-03,Farrow,34,11,chilled
M-03,Farrow,34,12,.
M-03,Farrow,34,13,ask
M-03,Farrow,34,14,about
M-03,Farrow,34,15,the
M-03,Farrow,34,16,bread
M-03,Farrow,34,17,.
M-03,Farrow,35,1,roasted
M-03,Farrow,35,2,cauliflower
M-03,Farrow,35,3,with
M-03,Farrow,35,4,samphire
M-03,Farrow,35,5,","
M-03,Farrow,35,6,herbs
M-03,Farrow,35,7,and
M-03,Farrow,35,8,cream
M-03,Farrow,35,9,.
M-03,Farrow,35,10,served
M-03,Farrow,35,11,hot
M-03,Farrow,35,12,.
M-03,Farrow,36,1,poached
M-03,Farrow,36,2,beetroot
M-03,Farrow,36,3,with
M-03,Farrow,36,4,spelt
M-03,Farrow,36,5,","
M-03,Farrow,36,6,tarragon
M-03,Farrow,36,7,and
M-03,Farrow,36,8,yoghurt
M-03,Farrow,36,9,.
M-03,Farrow,36,10,served
M-03,Farrow,36,11,hot
M-03,Farrow,36,12,.
M-03,Farrow,36,13,ask
M-03,Farrow,36,14,about
M-03,Farrow,36,15,the
M-03,Farrow,36,16,bread
M-03,Farrow,36,17,.
M-03,Farrow,36,18,we
M-03,Farrow,36,19,grow
M-03,Farrow,36,20,these
M-03,Farrow,36,21,behind
M-03,Farrow,36,22,the
M-03,Farrow,36,23,yard
M-03,Farrow,36,24,.
M-04,Dunnett,1,1,roasted
M-04,Dunnett,1,2,celeriac
M-04,Dunnett,1,3,with
M-04,Dunnett,1,4,lentils
M-04,Dunnett,1,5,","
M-04,Dunnett,1,6,walnuts
M-04,Dunnett,1,7,and
M-04,Dunnett,1,8,gremolata
M-04,Dunnett,1,9,.
M-04,Dunnett,1,10,served
M-04,Dunnett,1,11,cold
M-04,Dunnett,1,12,.
M-04,Dunnett,2,1,smoked
M-04,Dunnett,2,2,trout
M-04,Dunnett,2,3,with
M-04,Dunnett,2,4,lentils
M-04,Dunnett,2,5,","
M-04,Dunnett,2,6,radishes
M-04,Dunnett,2,7,and
M-04,Dunnett,2,8,pesto
M-04,Dunnett,2,9,.
M-04,Dunnett,2,10,served
M-04,Dunnett,2,11,warm
M-04,Dunnett,2,12,.
M-04,Dunnett,2,13,ask
M-04,Dunnett,2,14,about
M-04,Dunnett,2,15,the
M-04,Dunnett,2,16,bread
M-04,Dunnett,2,17,.
M-04,Dunnett,3,1,smoked
M-04,Dunnett,3,2,hogget
M-04,Dunnett,3,3,with
M-04,Dunnett,3,4,crisps
M-04,Dunnett,3,5,","
M-04,Dunnett,3,6,almonds
M-04,Dunnett,3,7,and
M-04,Dunnett,3,8,yoghurt
M-04,Dunnett,3,9,.
M-04,Dunnett,3,10,served
M-04,Dunnett,3,11,warm
M-04,Dunnett,3,12,.
M-04,Dunnett,3,13,my
M-04,Dunnett,3,14,grandmother
M-04,Dunnett,3,15,made
M-04,Dunnett,3,16,it
M-04,Dunnett,3,17,thicker
M-04,Dunnett,3,18,.
M-04,Dunnett,4,1,poached
M-04,Dunnett,4,2,hogget
M-04,Dunnett,4,3,with
M-04,Dunnett,4,4,lentils
M-04,Dunnett,4,5,","
M-04,Dunnett,4,6,olives
M-04,Dunnett,4,7,and
M-04,Dunnett,4,8,yoghurt
M-04,Dunnett,4,9,.
M-04,Dunnett,4,10,served
M-04,Dunnett,4,11,warm
M-04,Dunnett,4,12,.
M-04,Dunnett,4,13,ask
M-04,Dunnett,4,14,about
M-04,Dunnett,4,15,the
M-04,Dunnett,4,16,bread
M-04,Dunnett,4,17,.
M-04,Dunnett,5,1,smoked
M-04,Dunnett,5,2,celeriac
M-04,Dunnett,5,3,with
M-04,Dunnett,5,4,farro
M-04,Dunnett,5,5,","
M-04,Dunnett,5,6,hazelnuts
M-04,Dunnett,5,7,and
M-04,Dunnett,5,8,harissa
M-04,Dunnett,5,9,.
M-04,Dunnett,5,10,served
M-04,Dunnett,5,11,warm
M-04,Dunnett,5,12,.
M-04,Dunnett,6,1,roasted
M-04,Dunnett,6,2,squash
M-04,Dunnett,6,3,with
M-04,Dunnett,6,4,dumplings
M-04,Dunnett,6,5,","
M-04,Dunnett,6,6,almonds
M-04,Dunnett,6,7,and
M-04,Dunnett,6,8,cream
M-04,Dunnett,6,9,.
M-04,Dunnett,6,10,served
M-04,Dunnett,6,11,warm
M-04,Dunnett,6,12,.
M-04,Dunnett,6,13,ask
M-04,Dunnett,6,14,about
M-04,Dunnett,6,15,the
M-04,Dunnett,6,16,bread
M-04,Dunnett,6,17,.
M-04,Dunnett,6,18,my
M-04,Dunnett,6,19,grandmother
M-04,Dunnett,6,20,made
M-04,Dunnett,6,21,it
M-04,Dunnett,6,22,thicker
M-04,Dunnett,6,23,.
M-04,Dunnett,7,1,roasted
M-04,Dunnett,7,2,hogget
M-04,Dunnett,7,3,with
M-04,Dunnett,7,4,greens
M-04,Dunnett,7,5,","
M-04,Dunnett,7,6,hazelnuts
M-04,Dunnett,7,7,and
M-04,Dunnett,7,8,butter
M-04,Dunnett,7,9,.
M-04,Dunnett,7,10,served
M-04,Dunnett,7,11,warm
M-04,Dunnett,7,12,.
M-04,Dunnett,8,1,roasted
M-04,Dunnett,8,2,mackerel
M-04,Dunnett,8,3,with
M-04,Dunnett,8,4,lentils
M-04,Dunnett,8,5,","
M-04,Dunnett,8,6,dill
M-04,Dunnett,8,7,and
M-04,Dunnett,8,8,honey
M-04,Dunnett,8,9,.
M-04,Dunnett,8,10,served
M-04,Dunnett,8,11,hot
M-04,Dunnett,8,12,.
M-04,Dunnett,8,13,ask
M-04,Dunnett,8,14,about
M-04,Dunnett,8,15,the
M-04,Dunnett,8,16,bread
M-04,Dunnett,8,17,.
M-04,Dunnett,9,1,poached
M-04,Dunnett,9,2,plaice
M-04,Dunnett,9,3,with
M-04,Dunnett,9,4,lentils
M-04,Dunnett,9,5,","
M-04,Dunnett,9,6,olives
M-04,Dunnett,9,7,and
M-04,Dunnett,9,8,salsa
M-04,Dunnett,9,9,.
M-04,Dunnett,9,10,served
M-04,Dunnett,9,11,chilled
M-04,Dunnett,9,12,.
M-04,Dunnett,9,13,my
M-04,Dunnett,9,14,grandmother
M-04,Dunnett,9,15,made
M-04,Dunnett,9,16,it
M-04,Dunnett,9,17,thicker
M-04,Dunnett,9,18,.
M-04,Dunnett,10,1,roasted
M-04,Dunnett,10,2,fennel
M-04,Dunnett,10,3,with
M-04,Dunnett,10,4,dumplings
M-04,Dunnett,10,5,","
M-04,Dunnett,10,6,tarragon
M-04,Dunnett,10,7,and
M-04,Dunnett,10,8,harissa
M-04,Dunnett,10,9,.
M-04,Dunnett,10,10,served
M-04,Dunnett,10,11,warm
M-04,Dunnett,10,12,.
M-04,Dunnett,10,13,ask
M-04,Dunnett,10,14,about
M-04,Dunnett,10,15,the
M-04,Dunnett,10,16,bread
M-04,Dunnett,10,17,.
M-04,Dunnett,11,1,griddled
M-04,Dunnett,11,2,chard
M-04,Dunnett,11,3,with
M-04,Dunnett,11,4,barley
M-04,Dunnett,11,5,","
M-04,Dunnett,11,6,chives
M-04,Dunnett,11,7,and
M-04,Dunnett,11,8,oil
M-04,Dunnett,11,9,.
M-04,Dunnett,11,10,served
M-04,Dunnett,11,11,warm
M-04,Dunnett,11,12,.
M-04,Dunnett,12,1,roasted
M-04,Dunnett,12,2,pheasant
M-04,Dunnett,12,3,with
M-04,Dunnett,12,4,gnocchi
M-04,Dunnett,12,5,","
M-04,Dunnett,12,6,pickles
M-04,Dunnett,12,7,and
M-04,Dunnett,12,8,cheese
M-04,Dunnett,12,9,.
M-04,Dunnett,12,10,served
M-04,Dunnett,12,11,cold
M-04,Dunnett,12,12,.
M-04,Dunnett,12,13,ask
M-04,Dunnett,12,14,about
M-04,Dunnett,12,15,the
M-04,Dunnett,12,16,bread
M-04,Dunnett,12,17,.
M-04,Dunnett,12,18,my
M-04,Dunnett,12,19,grandmother
M-04,Dunnett,12,20,made
M-04,Dunnett,12,21,it
M-04,Dunnett,12,22,thicker
M-04,Dunnett,12,23,.
M-04,Dunnett,13,1,braised
M-04,Dunnett,13,2,celeriac
M-04,Dunnett,13,3,with
M-04,Dunnett,13,4,samphire
M-04,Dunnett,13,5,","
M-04,Dunnett,13,6,chives
M-04,Dunnett,13,7,and
M-04,Dunnett,13,8,cheese
M-04,Dunnett,13,9,.
M-04,Dunnett,13,10,served
M-04,Dunnett,13,11,warm
M-04,Dunnett,13,12,.
M-04,Dunnett,14,1,smoked
M-04,Dunnett,14,2,plaice
M-04,Dunnett,14,3,with
M-04,Dunnett,14,4,dumplings
M-04,Dunnett,14,5,","
M-04,Dunnett,14,6,hazelnuts
M-04,Dunnett,14,7,and
M-04,Dunnett,14,8,oil
M-04,Dunnett,14,9,.
M-04,Dunnett,14,10,served
M-04,Dunnett,14,11,warm
M-04,Dunnett,14,12,.
M-04,Dunnett,14,13,ask
M-04,Dunnett,14,14,about
M-04,Dunnett,14,15,the
M-04,Dunnett,14,16,bread
M-04,Dunnett,14,17,.
M-04,Dunnett,15,1,poached
M-04,Dunnett,15,2,celeriac
M-04,Dunnett,15,3,with
M-04,Dunnett,15,4,greens
M-04,Dunnett,15,5,","
M-04,Dunnett,15,6,sorrel
M-04,Dunnett,15,7,and
M-04,Dunnett,15,8,oil
M-04,Dunnett,15,9,.
M-04,Dunnett,15,10,served
M-04,Dunnett,15,11,warm
M-04,Dunnett,15,12,.
M-04,Dunnett,15,13,my
M-04,Dunnett,15,14,grandmother
M-04,Dunnett,15,15,made
M-04,Dunnett,15,16,it
M-04,Dunnett,15,17,thicker
M-04,Dunnett,15,18,.
M-04,Dunnett,16,1,poached
M-04,Dunnett,16,2,plaice
M-04,Dunnett,16,3,with
M-04,Dunnett,16,4,gnocchi
M-04,Dunnett,16,5,","
M-04,Dunnett,16,6,capers
M-04,Dunnett,16,7,and
M-04,Dunnett,16,8,harissa
M-04,Dunnett,16,9,.
M-04,Dunnett,16,10,served
M-04,Dunnett,16,11,warm
M-04,Dunnett,16,12,.
M-04,Dunnett,16,13,ask
M-04,Dunnett,16,14,about
M-04,Dunnett,16,15,the
M-04,Dunnett,16,16,bread
M-04,Dunnett,16,17,.
M-04,Dunnett,17,1,roasted
M-04,Dunnett,17,2,beetroot
M-04,Dunnett,17,3,with
M-04,Dunnett,17,4,rice
M-04,Dunnett,17,5,","
M-04,Dunnett,17,6,walnuts
M-04,Dunnett,17,7,and
M-04,Dunnett,17,8,aioli
M-04,Dunnett,17,9,.
M-04,Dunnett,17,10,served
M-04,Dunnett,17,11,warm
M-04,Dunnett,17,12,.
M-04,Dunnett,18,1,pickled
M-04,Dunnett,18,2,celeriac
M-04,Dunnett,18,3,with
M-04,Dunnett,18,4,barley
M-04,Dunnett,18,5,","
M-04,Dunnett,18,6,hazelnuts
M-04,Dunnett,18,7,and
M-04,Dunnett,18,8,gremolata
M-04,Dunnett,18,9,.
M-04,Dunnett,18,10,served
M-04,Dunnett,18,11,warm
M-04,Dunnett,18,12,.
M-04,Dunnett,18,13,ask
M-04,Dunnett,18,14,about
M-04,Dunnett,18,15,the
M-04,Dunnett,18,16,bread
M-04,Dunnett,18,17,.
M-04,Dunnett,18,18,my
M-04,Dunnett,18,19,grandmother
M-04,Dunnett,18,20,made
M-04,Dunnett,18,21,it
M-04,Dunnett,18,22,thicker
M-04,Dunnett,18,23,.
M-04,Dunnett,19,1,griddled
M-04,Dunnett,19,2,plaice
M-04,Dunnett,19,3,with
M-04,Dunnett,19,4,couscous
M-04,Dunnett,19,5,","
M-04,Dunnett,19,6,raisins
M-04,Dunnett,19,7,and
M-04,Dunnett,19,8,oil
M-04,Dunnett,19,9,.
M-04,Dunnett,19,10,served
M-04,Dunnett,19,11,warm
M-04,Dunnett,19,12,.
M-04,Dunnett,20,1,roasted
M-04,Dunnett,20,2,pheasant
M-04,Dunnett,20,3,with
M-04,Dunnett,20,4,polenta
M-04,Dunnett,20,5,","
M-04,Dunnett,20,6,anchovies
M-04,Dunnett,20,7,and
M-04,Dunnett,20,8,jus
M-04,Dunnett,20,9,.
M-04,Dunnett,20,10,served
M-04,Dunnett,20,11,warm
M-04,Dunnett,20,12,.
M-04,Dunnett,20,13,ask
M-04,Dunnett,20,14,about
M-04,Dunnett,20,15,the
M-04,Dunnett,20,16,bread
M-04,Dunnett,20,17,.
M-04,Dunnett,21,1,poached
M-04,Dunnett,21,2,trout
M-04,Dunnett,21,3,with
M-04,Dunnett,21,4,gnocchi
M-04,Dunnett,21,5,","
M-04,Dunnett,21,6,radishes
M-04,Dunnett,21,7,and
M-04,Dunnett,21,8,cheese
M-04,Dunnett,21,9,.
M-04,Dunnett,21,10,served
M-04,Dunnett,21,11,hot
M-04,Dunnett,21,12,.
M-04,Dunnett,21,13,my
M-04,Dunnett,21,14,grandmother
M-04,Dunnett,21,15,made
M-04,Dunnett,21,16,it
M-04,Dunnett,21,17,thicker
M-04,Dunnett,21,18,.
M-04,Dunnett,22,1,poached
M-04,Dunnett,22,2,celeriac
M-04,Dunnett,22,3,with
M-04,Dunnett,22,4,shallots
M-04,Dunnett,22,5,","
M-04,Dunnett,22,6,anchovies
M-04,Dunnett,22,7,and
M-04,Dunnett,22,8,cheese
M-04,Dunnett,22,9,.
M-04,Dunnett,22,10,served
M-04,Dunnett,22,11,warm
M-04,Dunnett,22,12,.
M-04,Dunnett,22,13,ask
M-04,Dunnett,22,14,about
M-04,Dunnett,22,15,the
M-04,Dunnett,22,16,bread
M-04,Dunnett,22,17,.
M-04,Dunnett,23,1,smoked
M-04,Dunnett,23,2,mackerel
M-04,Dunnett,23,3,with
M-04,Dunnett,23,4,lentils
M-04,Dunnett,23,5,","
M-04,Dunnett,23,6,hazelnuts
M-04,Dunnett,23,7,and
M-04,Dunnett,23,8,yoghurt
M-04,Dunnett,23,9,.
M-04,Dunnett,23,10,served
M-04,Dunnett,23,11,warm
M-04,Dunnett,23,12,.
M-04,Dunnett,24,1,roasted
M-04,Dunnett,24,2,cauliflower
M-04,Dunnett,24,3,with
M-04,Dunnett,24,4,chips
M-04,Dunnett,24,5,","
M-04,Dunnett,24,6,raisins
M-04,Dunnett,24,7,and
M-04,Dunnett,24,8,butter
M-04,Dunnett,24,9,.
M-04,Dunnett,24,10,served
M-04,Dunnett,24,11,hot
M-04,Dunnett,24,12,.
M-04,Dunnett,24,13,ask
M-04,Dunnett,24,14,about
M-04,Dunnett,24,15,the
M-04,Dunnett,24,16,bread
M-04,Dunnett,24,17,.
M-04,Dunnett,24,18,my
M-04,Dunnett,24,19,grandmother
M-04,Dunnett,24,20,made
M-04,Dunnett,24,21,it
M-04,Dunnett,24,22,thicker
M-04,Dunnett,24,23,.
M-04,Dunnett,25,1,poached
M-04,Dunnett,25,2,hogget
M-04,Dunnett,25,3,with
M-04,Dunnett,25,4,lentils
M-04,Dunnett,25,5,","
M-04,Dunnett,25,6,radishes
M-04,Dunnett,25,7,and
M-04,Dunnett,25,8,cream
M-04,Dunnett,25,9,.
M-04,Dunnett,25,10,served
M-04,Dunnett,25,11,warm
M-04,Dunnett,25,12,.
M-04,Dunnett,26,1,braised
M-04,Dunnett,26,2,hogget
M-04,Dunnett,26,3,with
M-04,Dunnett,26,4,lentils
M-04,Dunnett,26,5,","
M-04,Dunnett,26,6,hazelnuts
M-04,Dunnett,26,7,and
M-04,Dunnett,26,8,jus
M-04,Dunnett,26,9,.
M-04,Dunnett,26,10,served
M-04,Dunnett,26,11,warm
M-04,Dunnett,26,12,.
M-04,Dunnett,26,13,ask
M-04,Dunnett,26,14,about
M-04,Dunnett,26,15,the
M-04,Dunnett,26,16,bread
M-04,Dunnett,26,17,.
M-04,Dunnett,27,1,braised
M-04,Dunnett,27,2,chard
M-04,Dunnett,27,3,with
M-04,Dunnett,27,4,polenta
M-04,Dunnett,27,5,","
M-04,Dunnett,27,6,anchovies
M-04,Dunnett,27,7,and
M-04,Dunnett,27,8,cream
M-04,Dunnett,27,9,.
M-04,Dunnett,27,10,served
M-04,Dunnett,27,11,chilled
M-04,Dunnett,27,12,.
M-04,Dunnett,27,13,my
M-04,Dunnett,27,14,grandmother
M-04,Dunnett,27,15,made
M-04,Dunnett,27,16,it
M-04,Dunnett,27,17,thicker
M-04,Dunnett,27,18,.
M-04,Dunnett,28,1,griddled
M-04,Dunnett,28,2,plaice
M-04,Dunnett,28,3,with
M-04,Dunnett,28,4,polenta
M-04,Dunnett,28,5,","
M-04,Dunnett,28,6,walnuts
M-04,Dunnett,28,7,and
M-04,Dunnett,28,8,harissa
M-04,Dunnett,28,9,.
M-04,Dunnett,28,10,served
M-04,Dunnett,28,11,warm
M-04,Dunnett,28,12,.
M-04,Dunnett,28,13,ask
M-04,Dunnett,28,14,about
M-04,Dunnett,28,15,the
M-04,Dunnett,28,16,bread
M-04,Dunnett,28,17,.
M-04,Dunnett,29,1,pickled
M-04,Dunnett,29,2,mackerel
M-04,Dunnett,29,3,with
M-04,Dunnett,29,4,lentils
M-04,Dunnett,29,5,","
M-04,Dunnett,29,6,walnuts
M-04,Dunnett,29,7,and
M-04,Dunnett,29,8,aioli
M-04,Dunnett,29,9,.
M-04,Dunnett,29,10,served
M-04,Dunnett,29,11,warm
M-04,Dunnett,29,12,.
M-04,Dunnett,30,1,poached
M-04,Dunnett,30,2,plaice
M-04,Dunnett,30,3,with
M-04,Dunnett,30,4,lentils
M-04,Dunnett,30,5,","
M-04,Dunnett,30,6,dill
M-04,Dunnett,30,7,and
M-04,Dunnett,30,8,butter
M-04,Dunnett,30,9,.
M-04,Dunnett,30,10,served
M-04,Dunnett,30,11,warm
M-04,Dunnett,30,12,.
M-04,Dunnett,30,13,ask
M-04,Dunnett,30,14,about
M-04,Dunnett,30,15,the
M-04,Dunnett,30,16,bread
M-04,Dunnett,30,17,.
M-04,Dunnett,30,18,my
M-04,Dunnett,30,19,grandmother
M-04,Dunnett,30,20,made
M-04,Dunnett,30,21,it
M-04,Dunnett,30,22,thicker
M-04,Dunnett,30,23,.
M-04,Dunnett,31,1,griddled
M-04,Dunnett,31,2,parsnips
M-04,Dunnett,31,3,with
M-04,Dunnett,31,4,shallots
M-04,Dunnett,31,5,","
M-04,Dunnett,31,6,dill
M-04,Dunnett,31,7,and
M-04,Dunnett,31,8,honey
M-04,Dunnett,31,9,.
M-04,Dunnett,31,10,served
M-04,Dunnett,31,11,warm
M-04,Dunnett,31,12,.
M-04,Dunnett,32,1,smoked
M-04,Dunnett,32,2,chard
M-04,Dunnett,32,3,with
M-04,Dunnett,32,4,lentils
M-04,Dunnett,32,5,","
M-04,Dunnett,32,6,capers
M-04,Dunnett,32,7,and
M-04,Dunnett,32,8,mustard
M-04,Dunnett,32,9,.
M-04,Dunnett,32,10,served
M-04,Dunnett,32,11,warm
M-04,Dunnett,32,12,.
M-04,Dunnett,32,13,ask
M-04,Dunnett,32,14,about
M-04,Dunnett,32,15,the
M-04,Dunnett,32,16,bread
M-04,Dunnett,32,17,.
M-04,Dunnett,33,1,pickled
M-04,Dunnett,33,2,pheasant
M-04,Dunnett,33,3,with
M-04,Dunnett,33,4,lentils
M-04,Dunnett,33,5,","
M-04,Dunnett,33,6,watercress
M-04,Dunnett,33,7,and
M-04,Dunnett,33,8,oil
M-04,Dunnett,33,9,.
M-04,Dunnett,33,10,served
M-04,Dunnett,33,11,hot
M-04,Dunnett,33,12,.
M-04,Dunnett,33,13,my
M-04,Dunnett,33,14,grandmother
M-04,Dunnett,33,15,made
M-04,Dunnett,33,16,it
M-04,Dunnett,33,17,thicker
M-04,Dunnett,33,18,.
M-04,Dunnett,34,1,poached
M-04,Dunnett,34,2,pheasant
M-04,Dunnett,34,3,with
M-04,Dunnett,34,4,chickpeas
M-04,Dunnett,34,5,","
M-04,Dunnett,34,6,capers
M-04,Dunnett,34,7,and
M-04,Dunnett,34,8,honey
M-04,Dunnett,34,9,.
M-04,Dunnett,34,10,served
M-04,Dunnett,34,11,warm
M-04,Dunnett,34,12,.
M-04,Dunnett,34,13,ask
M-04,Dunnett,34,14,about
M-04,Dunnett,34,15,the
M-04,Dunnett,34,16,bread
M-04,Dunnett,34,17,.
M-04,Dunnett,35,1,smoked
M-04,Dunnett,35,2,pheasant
M-04,Dunnett,35,3,with
M-04,Dunnett,35,4,farro
M-04,Dunnett,35,5,","
M-04,Dunnett,35,6,sorrel
M-04,Dunnett,35,7,and
M-04,Dunnett,35,8,cheese
M-04,Dunnett,35,9,.
M-04,Dunnett,35,10,served
M-04,Dunnett,35,11,chilled
M-04,Dunnett,35,12,.
M-04,Dunnett,36,1,griddled
M-04,Dunnett,36,2,pheasant
M-04,Dunnett,36,3,with
M-04,Dunnett,36,4,lentils
M-04,Dunnett,36,5,","
M-04,Dunnett,36,6,anchovies
M-04,Dunnett,36,7,and
M-04,Dunnett,36,8,aioli
M-04,Dunnett,36,9,.
M-04,Dunnett,36,10,served
M-04,Dunnett,36,11,warm
M-04,Dunnett,36,12,.
M-04,Dunnett,36,13,ask
M-04,Dunnett,36,14,about
M-04,Dunnett,36,15,the
M-04,Dunnett,36,16,bread
M-04,Dunnett,36,17,.
M-04,Dunnett,36,18,my
M-04,Dunnett,36,19,grandmother
M-04,Dunnett,36,20,made
M-04,Dunnett,36,21,it
M-04,Dunnett,36,22,thicker
M-04,Dunnett,36,23,.
M-05,Pike,1,1,roasted
M-05,Pike,1,2,mackerel
M-05,Pike,1,3,with
M-05,Pike,1,4,mash
M-05,Pike,1,5,","
M-05,Pike,1,6,sorrel
M-05,Pike,1,7,and
M-05,Pike,1,8,cream
M-05,Pike,1,9,.
M-05,Pike,1,10,served
M-05,Pike,1,11,hot
M-05,Pike,1,12,.
M-05,Pike,2,1,roasted
M-05,Pike,2,2,fennel
M-05,Pike,2,3,with
M-05,Pike,2,4,lentils
M-05,Pike,2,5,","
M-05,Pike,2,6,chives
M-05,Pike,2,7,and
M-05,Pike,2,8,harissa
M-05,Pike,2,9,.
M-05,Pike,2,10,served
M-05,Pike,2,11,warm
M-05,Pike,2,12,.
M-05,Pike,2,13,ask
M-05,Pike,2,14,about
M-05,Pike,2,15,the
M-05,Pike,2,16,bread
M-05,Pike,2,17,.
M-05,Pike,3,1,roasted
M-05,Pike,3,2,squash
M-05,Pike,3,3,with
M-05,Pike,3,4,barley
M-05,Pike,3,5,","
M-05,Pike,3,6,chervil
M-05,Pike,3,7,and
M-05,Pike,3,8,cream
M-05,Pike,3,9,.
M-05,Pike,3,10,served
M-05,Pike,3,11,hot
M-05,Pike,3,12,.
M-05,Pike,3,13,do
M-05,Pike,3,14,not
M-05,Pike,3,15,ask
M-05,Pike,3,16,for
M-05,Pike,3,17,ketchup
M-05,Pike,3,18,.
M-05,Pike,4,1,roasted
M-05,Pike,4,2,cauliflower
M-05,Pike,4,3,with
M-05,Pike,4,4,barley
M-05,Pike,4,5,","
M-05,Pike,4,6,radishes
M-05,Pike,4,7,and
M-05,Pike,4,8,salsa
M-05,Pike,4,9,.
M-05,Pike,4,10,served
M-05,Pike,4,11,warm
M-05,Pike,4,12,.
M-05,Pike,4,13,ask
M-05,Pike,4,14,about
M-05,Pike,4,15,the
M-05,Pike,4,16,bread
M-05,Pike,4,17,.
M-05,Pike,5,1,smoked
M-05,Pike,5,2,mackerel
M-05,Pike,5,3,with
M-05,Pike,5,4,farro
M-05,Pike,5,5,","
M-05,Pike,5,6,hazelnuts
M-05,Pike,5,7,and
M-05,Pike,5,8,butter
M-05,Pike,5,9,.
M-05,Pike,5,10,served
M-05,Pike,5,11,warm
M-05,Pike,5,12,.
M-05,Pike,6,1,pickled
M-05,Pike,6,2,fennel
M-05,Pike,6,3,with
M-05,Pike,6,4,lentils
M-05,Pike,6,5,","
M-05,Pike,6,6,seeds
M-05,Pike,6,7,and
M-05,Pike,6,8,butter
M-05,Pike,6,9,.
M-05,Pike,6,10,served
M-05,Pike,6,11,warm
M-05,Pike,6,12,.
M-05,Pike,6,13,ask
M-05,Pike,6,14,about
M-05,Pike,6,15,the
M-05,Pike,6,16,bread
M-05,Pike,6,17,.
M-05,Pike,6,18,do
M-05,Pike,6,19,not
M-05,Pike,6,20,ask
M-05,Pike,6,21,for
M-05,Pike,6,22,ketchup
M-05,Pike,6,23,.
M-05,Pike,7,1,roasted
M-05,Pike,7,2,plaice
M-05,Pike,7,3,with
M-05,Pike,7,4,lentils
M-05,Pike,7,5,","
M-05,Pike,7,6,tarragon
M-05,Pike,7,7,and
M-05,Pike,7,8,butter
M-05,Pike,7,9,.
M-05,Pike,7,10,served
M-05,Pike,7,11,warm
M-05,Pike,7,12,.
M-05,Pike,8,1,griddled
M-05,Pike,8,2,pheasant
M-05,Pike,8,3,with
M-05,Pike,8,4,greens
M-05,Pike,8,5,","
M-05,Pike,8,6,almonds
M-05,Pike,8,7,and
M-05,Pike,8,8,oil
M-05,Pike,8,9,.
M-05,Pike,8,10,served
M-05,Pike,8,11,warm
M-05,Pike,8,12,.
M-05,Pike,8,13,ask
M-05,Pike,8,14,about
M-05,Pike,8,15,the
M-05,Pike,8,16,bread
M-05,Pike,8,17,.
M-05,Pike,9,1,griddled
M-05,Pike,9,2,hogget
M-05,Pike,9,3,with
M-05,Pike,9,4,polenta
M-05,Pike,9,5,","
M-05,Pike,9,6,olives
M-05,Pike,9,7,and
M-05,Pike,9,8,cream
M-05,Pike,9,9,.
M-05,Pike,9,10,served
M-05,Pike,9,11,hot
M-05,Pike,9,12,.
M-05,Pike,9,13,do
M-05,Pike,9,14,not
M-05,Pike,9,15,ask
M-05,Pike,9,16,for
M-05,Pike,9,17,ketchup
M-05,Pike,9,18,.
M-05,Pike,10,1,poached
M-05,Pike,10,2,squash
M-05,Pike,10,3,with
M-05,Pike,10,4,samphire
M-05,Pike,10,5,","
M-05,Pike,10,6,hazelnuts
M-05,Pike,10,7,and
M-05,Pike,10,8,cream
M-05,Pike,10,9,.
M-05,Pike,10,10,served
M-05,Pike,10,11,cold
M-05,Pike,10,12,.
M-05,Pike,10,13,ask
M-05,Pike,10,14,about
M-05,Pike,10,15,the
M-05,Pike,10,16,bread
M-05,Pike,10,17,.
M-05,Pike,11,1,braised
M-05,Pike,11,2,pheasant
M-05,Pike,11,3,with
M-05,Pike,11,4,gnocchi
M-05,Pike,11,5,","
M-05,Pike,11,6,olives
M-05,Pike,11,7,and
M-05,Pike,11,8,honey
M-05,Pike,11,9,.
M-05,Pike,11,10,served
M-05,Pike,11,11,hot
M-05,Pike,11,12,.
M-05,Pike,12,1,poached
M-05,Pike,12,2,cauliflower
M-05,Pike,12,3,with
M-05,Pike,12,4,lentils
M-05,Pike,12,5,","
M-05,Pike,12,6,olives
M-05,Pike,12,7,and
M-05,Pike,12,8,cheese
M-05,Pike,12,9,.
M-05,Pike,12,10,served
M-05,Pike,12,11,warm
M-05,Pike,12,12,.
M-05,Pike,12,13,ask
M-05,Pike,12,14,about
M-05,Pike,12,15,the
M-05,Pike,12,16,bread
M-05,Pike,12,17,.
M-05,Pike,12,18,do
M-05,Pike,12,19,not
M-05,Pike,12,20,ask
M-05,Pike,12,21,for
M-05,Pike,12,22,ketchup
M-05,Pike,12,23,.
M-05,Pike,13,1,griddled
M-05,Pike,13,2,parsnips
M-05,Pike,13,3,with
M-05,Pike,13,4,dumplings
M-05,Pike,13,5,","
M-05,Pike,13,6,capers
M-05,Pike,13,7,and
M-05,Pike,13,8,vinegar
M-05,Pike,13,9,.
M-05,Pike,13,10,served
M-05,Pike,13,11,warm
M-05,Pike,13,12,.
M-05,Pike,14,1,roasted
M-05,Pike,14,2,squash
M-05,Pike,14,3,with
M-05,Pike,14,4,chickpeas
M-05,Pike,14,5,","
M-05,Pike,14,6,chives
M-05,Pike,14,7,and
M-05,Pike,14,8,gremolata
M-05,Pike,14,9,.
M-05,Pike,14,10,served
M-05,Pike,14,11,cold
M-05,Pike,14,12,.
M-05,Pike,14,13,ask
M-05,Pike,14,14,about
M-05,Pike,14,15,the
M-05,Pike,14,16,bread
M-05,Pike,14,17,.
M-05,Pike,15,1,roasted
M-05,Pike,15,2,trout
M-05,Pike,15,3,with
M-05,Pike,15,4,couscous
M-05,Pike,15,5,","
M-05,Pike,15,6,chives
M-05,Pike,15,7,and
M-05,Pike,15,8,mustard
M-05,Pike,15,9,.
M-05,Pike,15,10,served
M-05,Pike,15,11,warm
M-05,Pike,15,12,.
M-05,Pike,15,13,do
M-05,Pike,15,14,not
M-05,Pike,15,15,ask
M-05,Pike,15,16,for
M-05,Pike,15,17,ketchup
M-05,Pike,15,18,.
M-05,Pike,16,1,poached
M-05,Pike,16,2,pheasant
M-05,Pike,16,3,with
M-05,Pike,16,4,potatoes
M-05,Pike,16,5,","
M-05,Pike,16,6,herbs
M-05,Pike,16,7,and
M-05,Pike,16,8,cream
M-05,Pike,16,9,.
M-05,Pike,16,10,served
M-05,Pike,16,11,warm
M-05,Pike,16,12,.
M-05,Pike,16,13,ask
M-05,Pike,16,14,about
M-05,Pike,16,15,the
M-05,Pike,16,16,bread
M-05,Pike,16,17,.
M-05,Pike,17,1,poached
M-05,Pike,17,2,plaice
M-05,Pike,17,3,with
M-05,Pike,17,4,lentils
M-05,Pike,17,5,","
M-05,Pike,17,6,tarragon
M-05,Pike,17,7,and
M-05,Pike,17,8,salsa
M-05,Pike,17,9,.
M-05,Pike,17,10,served
M-05,Pike,17,11,warm
M-05,Pike,17,12,.
M-05,Pike,18,1,braised
M-05,Pike,18,2,squash
M-05,Pike,18,3,with
M-05,Pike,18,4,chickpeas
M-05,Pike,18,5,","
M-05,Pike,18,6,hazelnuts
M-05,Pike,18,7,and
M-05,Pike,18,8,vinegar
M-05,Pike,18,9,.
M-05,Pike,18,10,served
M-05,Pike,18,11,warm
M-05,Pike,18,12,.
M-05,Pike,18,13,ask
M-05,Pike,18,14,about
M-05,Pike,18,15,the
M-05,Pike,18,16,bread
M-05,Pike,18,17,.
M-05,Pike,18,18,do
M-05,Pike,18,19,not
M-05,Pike,18,20,ask
M-05,Pike,18,21,for
M-05,Pike,18,22,ketchup
M-05,Pike,18,23,.
M-05,Pike,19,1,griddled
M-05,Pike,19,2,fennel
M-05,Pike,19,3,with
M-05,Pike,19,4,orzo
M-05,Pike,19,5,","
M-05,Pike,19,6,tarragon
M-05,Pike,19,7,and
M-05,Pike,19,8,cheese
M-05,Pike,19,9,.
M-05,Pike,19,10,served
M-05,Pike,19,11,chilled
M-05,Pike,19,12,.
M-05,Pike,20,1,roasted
M-05,Pike,20,2,squash
M-05,Pike,20,3,with
M-05,Pike,20,4,lentils
M-05,Pike,20,5,","
M-05,Pike,20,6,chives
M-05,Pike,20,7,and
M-05,Pike,20,8,oil
M-05,Pike,20,9,.
M-05,Pike,20,10,served
M-05,Pike,20,11,warm
M-05,Pike,20,12,.
M-05,Pike,20,13,ask
M-05,Pike,20,14,about
M-05,Pike,20,15,the
M-05,Pike,20,16,bread
M-05,Pike,20,17,.
M-05,Pike,21,1,roasted
M-05,Pike,21,2,celeriac
M-05,Pike,21,3,with
M-05,Pike,21,4,chips
M-05,Pike,21,5,","
M-05,Pike,21,6,chives
M-05,Pike,21,7,and
M-05,Pike,21,8,harissa
M-05,Pike,21,9,.
M-05,Pike,21,10,served
M-05,Pike,21,11,warm
M-05,Pike,21,12,.
M-05,Pike,21,13,do
M-05,Pike,21,14,not
M-05,Pike,21,15,ask
M-05,Pike,21,16,for
M-05,Pike,21,17,ketchup
M-05,Pike,21,18,.
M-05,Pike,22,1,braised
M-05,Pike,22,2,trout
M-05,Pike,22,3,with
M-05,Pike,22,4,beans
M-05,Pike,22,5,","
M-05,Pike,22,6,dill
M-05,Pike,22,7,and
M-05,Pike,22,8,cream
M-05,Pike,22,9,.
M-05,Pike,22,10,served
M-05,Pike,22,11,warm
M-05,Pike,22,12,.
M-05,Pike,22,13,ask
M-05,Pike,22,14,about
M-05,Pike,22,15,the
M-05,Pike,22,16,bread
M-05,Pike,22,17,.
M-05,Pike,23,1,griddled
M-05,Pike,23,2,pheasant
M-05,Pike,23,3,with
M-05,Pike,23,4,barley
M-05,Pike,23,5,","
M-05,Pike,23,6,chives
M-05,Pike,23,7,and
M-05,Pike,23,8,honey
M-05,Pike,23,9,.
M-05,Pike,23,10,served
M-05,Pike,23,11,hot
M-05,Pike,23,12,.
M-05,Pike,24,1,roasted
M-05,Pike,24,2,celeriac
M-05,Pike,24,3,with
M-05,Pike,24,4,beans
M-05,Pike,24,5,","
M-05,Pike,24,6,almonds
M-05,Pike,24,7,and
M-05,Pike,24,8,cream
M-05,Pike,24,9,.
M-05,Pike,24,10,served
M-05,Pike,24,11,cold
M-05,Pike,24,12,.
M-05,Pike,24,13,ask
M-05,Pike,24,14,about
M-05,Pike,24,15,the
M-05,Pike,24,16,bread
M-05,Pike,24,17,.
M-05,Pike,24,18,do
M-05,Pike,24,19,not
M-05,Pike,24,20,ask
M-05,Pike,24,21,for
M-05,Pike,24,22,ketchup
M-05,Pike,24,23,.
M-05,Pike,25,1,roasted
M-05,Pike,25,2,plaice
M-05,Pike,25,3,with
M-05,Pike,25,4,polenta
M-05,Pike,25,5,","
M-05,Pike,25,6,olives
M-05,Pike,25,7,and
M-05,Pike,25,8,butter
M-05,Pike,25,9,.
M-05,Pike,25,10,served
M-05,Pike,25,11,hot
M-05,Pike,25,12,.
M-05,Pike,26,1,poached
M-05,Pike,26,2,mackerel
M-05,Pike,26,3,with
M-05,Pike,26,4,barley
M-05,Pike,26,5,","
M-05,Pike,26,6,hazelnuts
M-05,Pike,26,7,and
M-05,Pike,26,8,cream
M-05,Pike,26,9,.
M-05,Pike,26,10,served
M-05,Pike,26,11,warm
M-05,Pike,26,12,.
M-05,Pike,26,13,ask
M-05,Pike,26,14,about
M-05,Pike,26,15,the
M-05,Pike,26,16,bread
M-05,Pike,26,17,.
M-05,Pike,27,1,roasted
M-05,Pike,27,2,parsnips
M-05,Pike,27,3,with
M-05,Pike,27,4,spelt
M-05,Pike,27,5,","
M-05,Pike,27,6,almonds
M-05,Pike,27,7,and
M-05,Pike,27,8,harissa
M-05,Pike,27,9,.
M-05,Pike,27,10,served
M-05,Pike,27,11,warm
M-05,Pike,27,12,.
M-05,Pike,27,13,do
M-05,Pike,27,14,not
M-05,Pike,27,15,ask
M-05,Pike,27,16,for
M-05,Pike,27,17,ketchup
M-05,Pike,27,18,.
M-05,Pike,28,1,roasted
M-05,Pike,28,2,beetroot
M-05,Pike,28,3,with
M-05,Pike,28,4,greens
M-05,Pike,28,5,","
M-05,Pike,28,6,tarragon
M-05,Pike,28,7,and
M-05,Pike,28,8,cheese
M-05,Pike,28,9,.
M-05,Pike,28,10,served
M-05,Pike,28,11,warm
M-05,Pike,28,12,.
M-05,Pike,28,13,ask
M-05,Pike,28,14,about
M-05,Pike,28,15,the
M-05,Pike,28,16,bread
M-05,Pike,28,17,.
M-05,Pike,29,1,braised
M-05,Pike,29,2,mackerel
M-05,Pike,29,3,with
M-05,Pike,29,4,polenta
M-05,Pike,29,5,","
M-05,Pike,29,6,dill
M-05,Pike,29,7,and
M-05,Pike,29,8,yoghurt
M-05,Pike,29,9,.
M-05,Pike,29,10,served
M-05,Pike,29,11,warm
M-05,Pike,29,12,.
M-05,Pike,30,1,braised
M-05,Pike,30,2,celeriac
M-05,Pike,30,3,with
M-05,Pike,30,4,lentils
M-05,Pike,30,5,","
M-05,Pike,30,6,dill
M-05,Pike,30,7,and
M-05,Pike,30,8,cream
M-05,Pike,30,9,.
M-05,Pike,30,10,served
M-05,Pike,30,11,warm
M-05,Pike,30,12,.
M-05,Pike,30,13,ask
M-05,Pike,30,14,about
M-05,Pike,30,15,the
M-05,Pike,30,16,bread
M-05,Pike,30,17,.
M-05,Pike,30,18,do
M-05,Pike,30,19,not
M-05,Pike,30,20,ask
M-05,Pike,30,21,for
M-05,Pike,30,22,ketchup
M-05,Pike,30,23,.
M-05,Pike,31,1,griddled
M-05,Pike,31,2,chard
M-05,Pike,31,3,with
M-05,Pike,31,4,lentils
M-05,Pike,31,5,","
M-05,Pike,31,6,tarragon
M-05,Pike,31,7,and
M-05,Pike,31,8,honey
M-05,Pike,31,9,.
M-05,Pike,31,10,served
M-05,Pike,31,11,chilled
M-05,Pike,31,12,.
M-05,Pike,32,1,roasted
M-05,Pike,32,2,hogget
M-05,Pike,32,3,with
M-05,Pike,32,4,couscous
M-05,Pike,32,5,","
M-05,Pike,32,6,dill
M-05,Pike,32,7,and
M-05,Pike,32,8,cream
M-05,Pike,32,9,.
M-05,Pike,32,10,served
M-05,Pike,32,11,warm
M-05,Pike,32,12,.
M-05,Pike,32,13,ask
M-05,Pike,32,14,about
M-05,Pike,32,15,the
M-05,Pike,32,16,bread
M-05,Pike,32,17,.
M-05,Pike,33,1,braised
M-05,Pike,33,2,plaice
M-05,Pike,33,3,with
M-05,Pike,33,4,chips
M-05,Pike,33,5,","
M-05,Pike,33,6,nuts
M-05,Pike,33,7,and
M-05,Pike,33,8,yoghurt
M-05,Pike,33,9,.
M-05,Pike,33,10,served
M-05,Pike,33,11,hot
M-05,Pike,33,12,.
M-05,Pike,33,13,do
M-05,Pike,33,14,not
M-05,Pike,33,15,ask
M-05,Pike,33,16,for
M-05,Pike,33,17,ketchup
M-05,Pike,33,18,.
M-05,Pike,34,1,roasted
M-05,Pike,34,2,parsnips
M-05,Pike,34,3,with
M-05,Pike,34,4,lentils
M-05,Pike,34,5,","
M-05,Pike,34,6,radishes
M-05,Pike,34,7,and
M-05,Pike,34,8,broth
M-05,Pike,34,9,.
M-05,Pike,34,10,served
M-05,Pike,34,11,hot
M-05,Pike,34,12,.
M-05,Pike,34,13,ask
M-05,Pike,34,14,about
M-05,Pike,34,15,the
M-05,Pike,34,16,bread
M-05,Pike,34,17,.
M-05,Pike,35,1,poached
M-05,Pike,35,2,plaice
M-05,Pike,35,3,with
M-05,Pike,35,4,lentils
M-05,Pike,35,5,","
M-05,Pike,35,6,almonds
M-05,Pike,35,7,and
M-05,Pike,35,8,oil
M-05,Pike,35,9,.
M-05,Pike,35,10,served
M-05,Pike,35,11,warm
M-05,Pike,35,12,.
M-05,Pike,36,1,roasted
M-05,Pike,36,2,chard
M-05,Pike,36,3,with
M-05,Pike,36,4,couscous
M-05,Pike,36,5,","
M-05,Pike,36,6,walnuts
M-05,Pike,36,7,and
M-05,Pike,36,8,jus
M-05,Pike,36,9,.
M-05,Pike,36,10,served
M-05,Pike,36,11,warm
M-05,Pike,36,12,.
M-05,Pike,36,13,ask
M-05,Pike,36,14,about
M-05,Pike,36,15,the
M-05,Pike,36,16,bread
M-05,Pike,36,17,.
M-05,Pike,36,18,do
M-05,Pike,36,19,not
M-05,Pike,36,20,ask
M-05,Pike,36,21,for
M-05,Pike,36,22,ketchup
M-05,Pike,36,23,.
M-06,Sarre,1,1,griddled
M-06,Sarre,1,2,fennel
M-06,Sarre,1,3,with
M-06,Sarre,1,4,orzo
M-06,Sarre,1,5,","
M-06,Sarre,1,6,capers
M-06,Sarre,1,7,and
M-06,Sarre,1,8,cream
M-06,Sarre,1,9,.
M-06,Sarre,1,10,served
M-06,Sarre,1,11,warm
M-06,Sarre,1,12,.
M-06,Sarre,2,1,griddled
M-06,Sarre,2,2,celeriac
M-06,Sarre,2,3,with
M-06,Sarre,2,4,polenta
M-06,Sarre,2,5,","
M-06,Sarre,2,6,hazelnuts
M-06,Sarre,2,7,and
M-06,Sarre,2,8,cream
M-06,Sarre,2,9,.
M-06,Sarre,2,10,served
M-06,Sarre,2,11,cold
M-06,Sarre,2,12,.
M-06,Sarre,2,13,ask
M-06,Sarre,2,14,about
M-06,Sarre,2,15,the
M-06,Sarre,2,16,bread
M-06,Sarre,2,17,.
M-06,Sarre,3,1,griddled
M-06,Sarre,3,2,celeriac
M-06,Sarre,3,3,with
M-06,Sarre,3,4,polenta
M-06,Sarre,3,5,","
M-06,Sarre,3,6,almonds
M-06,Sarre,3,7,and
M-06,Sarre,3,8,cheese
M-06,Sarre,3,9,.
M-06,Sarre,3,10,served
M-06,Sarre,3,11,warm
M-06,Sarre,3,12,.
M-06,Sarre,3,13,the
M-06,Sarre,3,14,recipe
M-06,Sarre,3,15,came
M-06,Sarre,3,16,from
M-06,Sarre,3,17,a
M-06,Sarre,3,18,ferry
M-06,Sarre,3,19,.
M-06,Sarre,4,1,poached
M-06,Sarre,4,2,chard
M-06,Sarre,4,3,with
M-06,Sarre,4,4,potatoes
M-06,Sarre,4,5,","
M-06,Sarre,4,6,chives
M-06,Sarre,4,7,and
M-06,Sarre,4,8,mustard
M-06,Sarre,4,9,.
M-06,Sarre,4,10,served
M-06,Sarre,4,11,warm
M-06,Sarre,4,12,.
M-06,Sarre,4,13,ask
M-06,Sarre,4,14,about
M-06,Sarre,4,15,the
M-06,Sarre,4,16,bread
M-06,Sarre,4,17,.
M-06,Sarre,5,1,braised
M-06,Sarre,5,2,hogget
M-06,Sarre,5,3,with
M-06,Sarre,5,4,crisps
M-06,Sarre,5,5,","
M-06,Sarre,5,6,chervil
M-06,Sarre,5,7,and
M-06,Sarre,5,8,broth
M-06,Sarre,5,9,.
M-06,Sarre,5,10,served
M-06,Sarre,5,11,warm
M-06,Sarre,5,12,.
M-06,Sarre,6,1,poached
M-06,Sarre,6,2,cauliflower
M-06,Sarre,6,3,with
M-06,Sarre,6,4,lentils
M-06,Sarre,6,5,","
M-06,Sarre,6,6,currants
M-06,Sarre,6,7,and
M-06,Sarre,6,8,honey
M-06,Sarre,6,9,.
M-06,Sarre,6,10,served
M-06,Sarre,6,11,warm
M-06,Sarre,6,12,.
M-06,Sarre,6,13,ask
M-06,Sarre,6,14,about
M-06,Sarre,6,15,the
M-06,Sarre,6,16,bread
M-06,Sarre,6,17,.
M-06,Sarre,6,18,the
M-06,Sarre,6,19,recipe
M-06,Sarre,6,20,came
M-06,Sarre,6,21,from
M-06,Sarre,6,22,a
M-06,Sarre,6,23,ferry
M-06,Sarre,6,24,.
M-06,Sarre,7,1,braised
M-06,Sarre,7,2,pheasant
M-06,Sarre,7,3,with
M-06,Sarre,7,4,chickpeas
M-06,Sarre,7,5,","
M-06,Sarre,7,6,walnuts
M-06,Sarre,7,7,and
M-06,Sarre,7,8,cheese
M-06,Sarre,7,9,.
M-06,Sarre,7,10,served
M-06,Sarre,7,11,hot
M-06,Sarre,7,12,.
M-06,Sarre,8,1,pickled
M-06,Sarre,8,2,mackerel
M-06,Sarre,8,3,with
M-06,Sarre,8,4,chips
M-06,Sarre,8,5,","
M-06,Sarre,8,6,capers
M-06,Sarre,8,7,and
M-06,Sarre,8,8,butter
M-06,Sarre,8,9,.
M-06,Sarre,8,10,served
M-06,Sarre,8,11,warm
M-06,Sarre,8,12,.
M-06,Sarre,8,13,ask
M-06,Sarre,8,14,about
M-06,Sarre,8,15,the
M-06,Sarre,8,16,bread
M-06,Sarre,8,17,.
M-06,Sarre,9,1,poached
M-06,Sarre,9,2,squash
M-06,Sarre,9,3,with
M-06,Sarre,9,4,polenta
M-06,Sarre,9,5,","
M-06,Sarre,9,6,currants
M-06,Sarre,9,7,and
M-06,Sarre,9,8,pesto
M-06,Sarre,9,9,.
M-06,Sarre,9,10,served
M-06,Sarre,9,11,hot
M-06,Sarre,9,12,.
M-06,Sarre,9,13,the
M-06,Sarre,9,14,recipe
M-06,Sarre,9,15,came
M-06,Sarre,9,16,from
M-06,Sarre,9,17,a
M-06,Sarre,9,18,ferry
M-06,Sarre,9,19,.
M-06,Sarre,10,1,braised
M-06,Sarre,10,2,fennel
M-06,Sarre,10,3,with
M-06,Sarre,10,4,lentils
M-06,Sarre,10,5,","
M-06,Sarre,10,6,seeds
M-06,Sarre,10,7,and
M-06,Sarre,10,8,aioli
M-06,Sarre,10,9,.
M-06,Sarre,10,10,served
M-06,Sarre,10,11,warm
M-06,Sarre,10,12,.
M-06,Sarre,10,13,ask
M-06,Sarre,10,14,about
M-06,Sarre,10,15,the
M-06,Sarre,10,16,bread
M-06,Sarre,10,17,.
M-06,Sarre,11,1,griddled
M-06,Sarre,11,2,trout
M-06,Sarre,11,3,with
M-06,Sarre,11,4,lentils
M-06,Sarre,11,5,","
M-06,Sarre,11,6,seeds
M-06,Sarre,11,7,and
M-06,Sarre,11,8,jus
M-06,Sarre,11,9,.
M-06,Sarre,11,10,served
M-06,Sarre,11,11,warm
M-06,Sarre,11,12,.
M-06,Sarre,12,1,griddled
M-06,Sarre,12,2,squash
M-06,Sarre,12,3,with
M-06,Sarre,12,4,lentils
M-06,Sarre,12,5,","
M-06,Sarre,12,6,capers
M-06,Sarre,12,7,and
M-06,Sarre,12,8,gremolata
M-06,Sarre,12,9,.
M-06,Sarre,12,10,served
M-06,Sarre,12,11,chilled
M-06,Sarre,12,12,.
M-06,Sarre,12,13,ask
M-06,Sarre,12,14,about
M-06,Sarre,12,15,the
M-06,Sarre,12,16,bread
M-06,Sarre,12,17,.
M-06,Sarre,12,18,the
M-06,Sarre,12,19,recipe
M-06,Sarre,12,20,came
M-06,Sarre,12,21,from
M-06,Sarre,12,22,a
M-06,Sarre,12,23,ferry
M-06,Sarre,12,24,.
M-06,Sarre,13,1,pickled
M-06,Sarre,13,2,trout
M-06,Sarre,13,3,with
M-06,Sarre,13,4,lentils
M-06,Sarre,13,5,","
M-06,Sarre,13,6,chives
M-06,Sarre,13,7,and
M-06,Sarre,13,8,jus
M-06,Sarre,13,9,.
M-06,Sarre,13,10,served
M-06,Sarre,13,11,warm
M-06,Sarre,13,12,.
M-06,Sarre,14,1,roasted
M-06,Sarre,14,2,mackerel
M-06,Sarre,14,3,with
M-06,Sarre,14,4,greens
M-06,Sarre,14,5,","
M-06,Sarre,14,6,herbs
M-06,Sarre,14,7,and
M-06,Sarre,14,8,butter
M-06,Sarre,14,9,.
M-06,Sarre,14,10,served
M-06,Sarre,14,11,hot
M-06,Sarre,14,12,.
M-06,Sarre,14,13,ask
M-06,Sarre,14,14,about
M-06,Sarre,14,15,the
M-06,Sarre,14,16,bread
M-06,Sarre,14,17,.
M-06,Sarre,15,1,braised
M-06,Sarre,15,2,beetroot
M-06,Sarre,15,3,with
M-06,Sarre,15,4,chickpeas
M-06,Sarre,15,5,","
M-06,Sarre,15,6,capers
M-06,Sarre,15,7,and
M-06,Sarre,15,8,butter
M-06,Sarre,15,9,.
M-06,Sarre,15,10,served
M-06,Sarre,15,11,warm
M-06,Sarre,15,12,.
M-06,Sarre,15,13,the
M-06,Sarre,15,14,recipe
M-06,Sarre,15,15,came
M-06,Sarre,15,16,from
M-06,Sarre,15,17,a
M-06,Sarre,15,18,ferry
M-06,Sarre,15,19,.
M-06,Sarre,16,1,braised
M-06,Sarre,16,2,plaice
M-06,Sarre,16,3,with
M-06,Sarre,16,4,lentils
M-06,Sarre,16,5,","
M-06,Sarre,16,6,sorrel
M-06,Sarre,16,7,and
M-06,Sarre,16,8,yoghurt
M-06,Sarre,16,9,.
M-06,Sarre,16,10,served
M-06,Sarre,16,11,warm
M-06,Sarre,16,12,.
M-06,Sarre,16,13,ask
M-06,Sarre,16,14,about
M-06,Sarre,16,15,the
M-06,Sarre,16,16,bread
M-06,Sarre,16,17,.
M-06,Sarre,17,1,pickled
M-06,Sarre,17,2,squash
M-06,Sarre,17,3,with
M-06,Sarre,17,4,polenta
M-06,Sarre,17,5,","
M-06,Sarre,17,6,anchovies
M-06,Sarre,17,7,and
M-06,Sarre,17,8,yoghurt
M-06,Sarre,17,9,.
M-06,Sarre,17,10,served
M-06,Sarre,17,11,cold
M-06,Sarre,17,12,.
M-06,Sarre,18,1,pickled
M-06,Sarre,18,2,fennel
M-06,Sarre,18,3,with
M-06,Sarre,18,4,barley
M-06,Sarre,18,5,","
M-06,Sarre,18,6,dill
M-06,Sarre,18,7,and
M-06,Sarre,18,8,cream
M-06,Sarre,18,9,.
M-06,Sarre,18,10,served
M-06,Sarre,18,11,warm
M-06,Sarre,18,12,.
M-06,Sarre,18,13,ask
M-06,Sarre,18,14,about
M-06,Sarre,18,15,the
M-06,Sarre,18,16,bread
M-06,Sarre,18,17,.
M-06,Sarre,18,18,the
M-06,Sarre,18,19,recipe
M-06,Sarre,18,20,came
M-06,Sarre,18,21,from
M-06,Sarre,18,22,a
M-06,Sarre,18,23,ferry
M-06,Sarre,18,24,.
M-06,Sarre,19,1,griddled
M-06,Sarre,19,2,chard
M-06,Sarre,19,3,with
M-06,Sarre,19,4,samphire
M-06,Sarre,19,5,","
M-06,Sarre,19,6,seeds
M-06,Sarre,19,7,and
M-06,Sarre,19,8,yoghurt
M-06,Sarre,19,9,.
M-06,Sarre,19,10,served
M-06,Sarre,19,11,warm
M-06,Sarre,19,12,.
M-06,Sarre,20,1,braised
M-06,Sarre,20,2,trout
M-06,Sarre,20,3,with
M-06,Sarre,20,4,chips
M-06,Sarre,20,5,","
M-06,Sarre,20,6,capers
M-06,Sarre,20,7,and
M-06,Sarre,20,8,butter
M-06,Sarre,20,9,.
M-06,Sarre,20,10,served
M-06,Sarre,20,11,warm
M-06,Sarre,20,12,.
M-06,Sarre,20,13,ask
M-06,Sarre,20,14,about
M-06,Sarre,20,15,the
M-06,Sarre,20,16,bread
M-06,Sarre,20,17,.
M-06,Sarre,21,1,griddled
M-06,Sarre,21,2,celeriac
M-06,Sarre,21,3,with
M-06,Sarre,21,4,spelt
M-06,Sarre,21,5,","
M-06,Sarre,21,6,dill
M-06,Sarre,21,7,and
M-06,Sarre,21,8,cream
M-06,Sarre,21,9,.
M-06,Sarre,21,10,served
M-06,Sarre,21,11,hot
M-06,Sarre,21,12,.
M-06,Sarre,21,13,the
M-06,Sarre,21,14,recipe
M-06,Sarre,21,15,came
M-06,Sarre,21,16,from
M-06,Sarre,21,17,a
M-06,Sarre,21,18,ferry
M-06,Sarre,21,19,.
M-06,Sarre,22,1,braised
M-06,Sarre,22,2,beetroot
M-06,Sarre,22,3,with
M-06,Sarre,22,4,beans
M-06,Sarre,22,5,","
M-06,Sarre,22,6,almonds
M-06,Sarre,22,7,and
M-06,Sarre,22,8,oil
M-06,Sarre,22,9,.
M-06,Sarre,22,10,served
M-06,Sarre,22,11,warm
M-06,Sarre,22,12,.
M-06,Sarre,22,13,ask
M-06,Sarre,22,14,about
M-06,Sarre,22,15,the
M-06,Sarre,22,16,bread
M-06,Sarre,22,17,.
M-06,Sarre,23,1,roasted
M-06,Sarre,23,2,hogget
M-06,Sarre,23,3,with
M-06,Sarre,23,4,rice
M-06,Sarre,23,5,","
M-06,Sarre,23,6,tarragon
M-06,Sarre,23,7,and
M-06,Sarre,23,8,vinegar
M-06,Sarre,23,9,.
M-06,Sarre,23,10,served
M-06,Sarre,23,11,hot
M-06,Sarre,23,12,.
M-06,Sarre,24,1,braised
M-06,Sarre,24,2,parsnips
M-06,Sarre,24,3,with
M-06,Sarre,24,4,barley
M-06,Sarre,24,5,","
M-06,Sarre,24,6,tarragon
M-06,Sarre,24,7,and
M-06,Sarre,24,8,salsa
M-06,Sarre,24,9,.
M-06,Sarre,24,10,served
M-06,Sarre,24,11,cold
M-06,Sarre,24,12,.
M-06,Sarre,24,13,ask
M-06,Sarre,24,14,about
M-06,Sarre,24,15,the
M-06,Sarre,24,16,bread
M-06,Sarre,24,17,.
M-06,Sarre,24,18,the
M-06,Sarre,24,19,recipe
M-06,Sarre,24,20,came
M-06,Sarre,24,21,from
M-06,Sarre,24,22,a
M-06,Sarre,24,23,ferry
M-06,Sarre,24,24,.
M-06,Sarre,25,1,roasted
M-06,Sarre,25,2,squash
M-06,Sarre,25,3,with
M-06,Sarre,25,4,cabbage
M-06,Sarre,25,5,","
M-06,Sarre,25,6,walnuts
M-06,Sarre,25,7,and
M-06,Sarre,25,8,honey
M-06,Sarre,25,9,.
M-06,Sarre,25,10,served
M-06,Sarre,25,11,hot
M-06,Sarre,25,12,.
M-06,Sarre,26,1,roasted
M-06,Sarre,26,2,mackerel
M-06,Sarre,26,3,with
M-06,Sarre,26,4,shallots
M-06,Sarre,26,5,","
M-06,Sarre,26,6,raisins
M-06,Sarre,26,7,and
M-06,Sarre,26,8,aioli
M-06,Sarre,26,9,.
M-06,Sarre,26,10,served
M-06,Sarre,26,11,hot
M-06,Sarre,26,12,.
M-06,Sarre,26,13,ask
M-06,Sarre,26,14,about
M-06,Sarre,26,15,the
M-06,Sarre,26,16,bread
M-06,Sarre,26,17,.
M-06,Sarre,27,1,smoked
M-06,Sarre,27,2,hogget
M-06,Sarre,27,3,with
M-06,Sarre,27,4,potatoes
M-06,Sarre,27,5,","
M-06,Sarre,27,6,dill
M-06,Sarre,27,7,and
M-06,Sarre,27,8,butter
M-06,Sarre,27,9,.
M-06,Sarre,27,10,served
M-06,Sarre,27,11,cold
M-06,Sarre,27,12,.
M-06,Sarre,27,13,the
M-06,Sarre,27,14,recipe
M-06,Sarre,27,15,came
M-06,Sarre,27,16,from
M-06,Sarre,27,17,a
M-06,Sarre,27,18,ferry
M-06,Sarre,27,19,.
M-06,Sarre,28,1,pickled
M-06,Sarre,28,2,celeriac
M-06,Sarre,28,3,with
M-06,Sarre,28,4,barley
M-06,Sarre,28,5,","
M-06,Sarre,28,6,dill
M-06,Sarre,28,7,and
M-06,Sarre,28,8,cheese
M-06,Sarre,28,9,.
M-06,Sarre,28,10,served
M-06,Sarre,28,11,warm
M-06,Sarre,28,12,.
M-06,Sarre,28,13,ask
M-06,Sarre,28,14,about
M-06,Sarre,28,15,the
M-06,Sarre,28,16,bread
M-06,Sarre,28,17,.
M-06,Sarre,29,1,poached
M-06,Sarre,29,2,beetroot
M-06,Sarre,29,3,with
M-06,Sarre,29,4,cabbage
M-06,Sarre,29,5,","
M-06,Sarre,29,6,almonds
M-06,Sarre,29,7,and
M-06,Sarre,29,8,gremolata
M-06,Sarre,29,9,.
M-06,Sarre,29,10,served
M-06,Sarre,29,11,warm
M-06,Sarre,29,12,.
M-06,Sarre,30,1,griddled
M-06,Sarre,30,2,chard
M-06,Sarre,30,3,with
M-06,Sarre,30,4,lentils
M-06,Sarre,30,5,","
M-06,Sarre,30,6,leaves
M-06,Sarre,30,7,and
M-06,Sarre,30,8,pesto
M-06,Sarre,30,9,.
M-06,Sarre,30,10,served
M-06,Sarre,30,11,warm
M-06,Sarre,30,12,.
M-06,Sarre,30,13,ask
M-06,Sarre,30,14,about
M-06,Sarre,30,15,the
M-06,Sarre,30,16,bread
M-06,Sarre,30,17,.
M-06,Sarre,30,18,the
M-06,Sarre,30,19,recipe
M-06,Sarre,30,20,came
M-06,Sarre,30,21,from
M-06,Sarre,30,22,a
M-06,Sarre,30,23,ferry
M-06,Sarre,30,24,.
M-06,Sarre,31,1,roasted
M-06,Sarre,31,2,parsnips
M-06,Sarre,31,3,with
M-06,Sarre,31,4,shallots
M-06,Sarre,31,5,","
M-06,Sarre,31,6,currants
M-06,Sarre,31,7,and
M-06,Sarre,31,8,salsa
M-06,Sarre,31,9,.
M-06,Sarre,31,10,served
M-06,Sarre,31,11,hot
M-06,Sarre,31,12,.
M-06,Sarre,32,1,poached
M-06,Sarre,32,2,celeriac
M-06,Sarre,32,3,with
M-06,Sarre,32,4,lentils
M-06,Sarre,32,5,","
M-06,Sarre,32,6,hazelnuts
M-06,Sarre,32,7,and
M-06,Sarre,32,8,cheese
M-06,Sarre,32,9,.
M-06,Sarre,32,10,served
M-06,Sarre,32,11,hot
M-06,Sarre,32,12,.
M-06,Sarre,32,13,ask
M-06,Sarre,32,14,about
M-06,Sarre,32,15,the
M-06,Sarre,32,16,bread
M-06,Sarre,32,17,.
M-06,Sarre,33,1,griddled
M-06,Sarre,33,2,squash
M-06,Sarre,33,3,with
M-06,Sarre,33,4,polenta
M-06,Sarre,33,5,","
M-06,Sarre,33,6,capers
M-06,Sarre,33,7,and
M-06,Sarre,33,8,oil
M-06,Sarre,33,9,.
M-06,Sarre,33,10,served
M-06,Sarre,33,11,hot
M-06,Sarre,33,12,.
M-06,Sarre,33,13,the
M-06,Sarre,33,14,recipe
M-06,Sarre,33,15,came
M-06,Sarre,33,16,from
M-06,Sarre,33,17,a
M-06,Sarre,33,18,ferry
M-06,Sarre,33,19,.
M-06,Sarre,34,1,braised
M-06,Sarre,34,2,celeriac
M-06,Sarre,34,3,with
M-06,Sarre,34,4,lentils
M-06,Sarre,34,5,","
M-06,Sarre,34,6,hazelnuts
M-06,Sarre,34,7,and
M-06,Sarre,34,8,honey
M-06,Sarre,34,9,.
M-06,Sarre,34,10,served
M-06,Sarre,34,11,hot
M-06,Sarre,34,12,.
M-06,Sarre,34,13,ask
M-06,Sarre,34,14,about
M-06,Sarre,34,15,the
M-06,Sarre,34,16,bread
M-06,Sarre,34,17,.
M-06,Sarre,35,1,roasted
M-06,Sarre,35,2,celeriac
M-06,Sarre,35,3,with
M-06,Sarre,35,4,barley
M-06,Sarre,35,5,","
M-06,Sarre,35,6,anchovies
M-06,Sarre,35,7,and
M-06,Sarre,35,8,honey
M-06,Sarre,35,9,.
M-06,Sarre,35,10,served
M-06,Sarre,35,11,warm
M-06,Sarre,35,12,.
M-06,Sarre,36,1,griddled
M-06,Sarre,36,2,plaice
M-06,Sarre,36,3,with
M-06,Sarre,36,4,orzo
M-06,Sarre,36,5,","
M-06,Sarre,36,6,leaves
M-06,Sarre,36,7,and
M-06,Sarre,36,8,vinegar
M-06,Sarre,36,9,.
M-06,Sarre,36,10,served
M-06,Sarre,36,11,chilled
M-06,Sarre,36,12,.
M-06,Sarre,36,13,ask
M-06,Sarre,36,14,about
M-06,Sarre,36,15,the
M-06,Sarre,36,16,bread
M-06,Sarre,36,17,.
M-06,Sarre,36,18,the
M-06,Sarre,36,19,recipe
M-06,Sarre,36,20,came
M-06,Sarre,36,21,from
M-06,Sarre,36,22,a
M-06,Sarre,36,23,ferry
M-06,Sarre,36,24,.
M-07,Lowry,1,1,poached
M-07,Lowry,1,2,squash
M-07,Lowry,1,3,with
M-07,Lowry,1,4,spelt
M-07,Lowry,1,5,","
M-07,Lowry,1,6,raisins
M-07,Lowry,1,7,and
M-07,Lowry,1,8,yoghurt
M-07,Lowry,1,9,.
M-07,Lowry,1,10,served
M-07,Lowry,1,11,hot
M-07,Lowry,1,12,.
M-07,Lowry,2,1,pickled
M-07,Lowry,2,2,hogget
M-07,Lowry,2,3,with
M-07,Lowry,2,4,lentils
M-07,Lowry,2,5,","
M-07,Lowry,2,6,pickles
M-07,Lowry,2,7,and
M-07,Lowry,2,8,cream
M-07,Lowry,2,9,.
M-07,Lowry,2,10,served
M-07,Lowry,2,11,warm
M-07,Lowry,2,12,.
M-07,Lowry,2,13,ask
M-07,Lowry,2,14,about
M-07,Lowry,2,15,the
M-07,Lowry,2,16,bread
M-07,Lowry,2,17,.
M-07,Lowry,3,1,smoked
M-07,Lowry,3,2,squash
M-07,Lowry,3,3,with
M-07,Lowry,3,4,shallots
M-07,Lowry,3,5,","
M-07,Lowry,3,6,currants
M-07,Lowry,3,7,and
M-07,Lowry,3,8,cheese
M-07,Lowry,3,9,.
M-07,Lowry,3,10,served
M-07,Lowry,3,11,warm
M-07,Lowry,3,12,.
M-07,Lowry,3,13,this
M-07,Lowry,3,14,one
M-07,Lowry,3,15,sells
M-07,Lowry,3,16,out
M-07,Lowry,3,17,by
M-07,Lowry,3,18,noon
M-07,Lowry,3,19,.
M-07,Lowry,4,1,pickled
M-07,Lowry,4,2,cauliflower
M-07,Lowry,4,3,with
M-07,Lowry,4,4,spelt
M-07,Lowry,4,5,","
M-07,Lowry,4,6,hazelnuts
M-07,Lowry,4,7,and
M-07,Lowry,4,8,cheese
M-07,Lowry,4,9,.
M-07,Lowry,4,10,served
M-07,Lowry,4,11,warm
M-07,Lowry,4,12,.
M-07,Lowry,4,13,ask
M-07,Lowry,4,14,about
M-07,Lowry,4,15,the
M-07,Lowry,4,16,bread
M-07,Lowry,4,17,.
M-07,Lowry,5,1,pickled
M-07,Lowry,5,2,trout
M-07,Lowry,5,3,with
M-07,Lowry,5,4,beans
M-07,Lowry,5,5,","
M-07,Lowry,5,6,hazelnuts
M-07,Lowry,5,7,and
M-07,Lowry,5,8,mustard
M-07,Lowry,5,9,.
M-07,Lowry,5,10,served
M-07,Lowry,5,11,warm
M-07,Lowry,5,12,.
M-07,Lowry,6,1,pickled
M-07,Lowry,6,2,celeriac
M-07,Lowry,6,3,with
M-07,Lowry,6,4,lentils
M-07,Lowry,6,5,","
M-07,Lowry,6,6,sorrel
M-07,Lowry,6,7,and
M-07,Lowry,6,8,harissa
M-07,Lowry,6,9,.
M-07,Lowry,6,10,served
M-07,Lowry,6,11,hot
M-07,Lowry,6,12,.
M-07,Lowry,6,13,ask
M-07,Lowry,6,14,about
M-07,Lowry,6,15,the
M-07,Lowry,6,16,bread
M-07,Lowry,6,17,.
M-07,Lowry,6,18,this
M-07,Lowry,6,19,one
M-07,Lowry,6,20,sells
M-07,Lowry,6,21,out
M-07,Lowry,6,22,by
M-07,Lowry,6,23,noon
M-07,Lowry,6,24,.
M-07,Lowry,7,1,smoked
M-07,Lowry,7,2,cauliflower
M-07,Lowry,7,3,with
M-07,Lowry,7,4,gnocchi
M-07,Lowry,7,5,","
M-07,Lowry,7,6,raisins
M-07,Lowry,7,7,and
M-07,Lowry,7,8,cheese
M-07,Lowry,7,9,.
M-07,Lowry,7,10,served
M-07,Lowry,7,11,warm
M-07,Lowry,7,12,.
M-07,Lowry,8,1,poached
M-07,Lowry,8,2,chard
M-07,Lowry,8,3,with
M-07,Lowry,8,4,barley
M-07,Lowry,8,5,","
M-07,Lowry,8,6,hazelnuts
M-07,Lowry,8,7,and
M-07,Lowry,8,8,cream
M-07,Lowry,8,9,.
M-07,Lowry,8,10,served
M-07,Lowry,8,11,hot
M-07,Lowry,8,12,.
M-07,Lowry,8,13,ask
M-07,Lowry,8,14,about
M-07,Lowry,8,15,the
M-07,Lowry,8,16,bread
M-07,Lowry,8,17,.
M-07,Lowry,9,1,roasted
M-07,Lowry,9,2,chard
M-07,Lowry,9,3,with
M-07,Lowry,9,4,beans
M-07,Lowry,9,5,","
M-07,Lowry,9,6,hazelnuts
M-07,Lowry,9,7,and
M-07,Lowry,9,8,honey
M-07,Lowry,9,9,.
M-07,Lowry,9,10,served
M-07,Lowry,9,11,hot
M-07,Lowry,9,12,.
M-07,Lowry,9,13,this
M-07,Lowry,9,14,one
M-07,Lowry,9,15,sells
M-07,Lowry,9,16,out
M-07,Lowry,9,17,by
M-07,Lowry,9,18,noon
M-07,Lowry,9,19,.
M-07,Lowry,10,1,smoked
M-07,Lowry,10,2,hogget
M-07,Lowry,10,3,with
M-07,Lowry,10,4,barley
M-07,Lowry,10,5,","
M-07,Lowry,10,6,leaves
M-07,Lowry,10,7,and
M-07,Lowry,10,8,pesto
M-07,Lowry,10,9,.
M-07,Lowry,10,10,served
M-07,Lowry,10,11,chilled
M-07,Lowry,10,12,.
M-07,Lowry,10,13,ask
M-07,Lowry,10,14,about
M-07,Lowry,10,15,the
M-07,Lowry,10,16,bread
M-07,Lowry,10,17,.
M-07,Lowry,11,1,poached
M-07,Lowry,11,2,beetroot
M-07,Lowry,11,3,with
M-07,Lowry,11,4,chickpeas
M-07,Lowry,11,5,","
M-07,Lowry,11,6,chives
M-07,Lowry,11,7,and
M-07,Lowry,11,8,cheese
M-07,Lowry,11,9,.
M-07,Lowry,11,10,served
M-07,Lowry,11,11,hot
M-07,Lowry,11,12,.
M-07,Lowry,12,1,poached
M-07,Lowry,12,2,cauliflower
M-07,Lowry,12,3,with
M-07,Lowry,12,4,farro
M-07,Lowry,12,5,","
M-07,Lowry,12,6,chives
M-07,Lowry,12,7,and
M-07,Lowry,12,8,gremolata
M-07,Lowry,12,9,.
M-07,Lowry,12,10,served
M-07,Lowry,12,11,warm
M-07,Lowry,12,12,.
M-07,Lowry,12,13,ask
M-07,Lowry,12,14,about
M-07,Lowry,12,15,the
M-07,Lowry,12,16,bread
M-07,Lowry,12,17,.
M-07,Lowry,12,18,this
M-07,Lowry,12,19,one
M-07,Lowry,12,20,sells
M-07,Lowry,12,21,out
M-07,Lowry,12,22,by
M-07,Lowry,12,23,noon
M-07,Lowry,12,24,.
M-07,Lowry,13,1,braised
M-07,Lowry,13,2,mackerel
M-07,Lowry,13,3,with
M-07,Lowry,13,4,lentils
M-07,Lowry,13,5,","
M-07,Lowry,13,6,hazelnuts
M-07,Lowry,13,7,and
M-07,Lowry,13,8,cheese
M-07,Lowry,13,9,.
M-07,Lowry,13,10,served
M-07,Lowry,13,11,warm
M-07,Lowry,13,12,.
M-07,Lowry,14,1,griddled
M-07,Lowry,14,2,hogget
M-07,Lowry,14,3,with
M-07,Lowry,14,4,potatoes
M-07,Lowry,14,5,","
M-07,Lowry,14,6,watercress
M-07,Lowry,14,7,and
M-07,Lowry,14,8,salsa
M-07,Lowry,14,9,.
M-07,Lowry,14,10,served
M-07,Lowry,14,11,warm
M-07,Lowry,14,12,.
M-07,Lowry,14,13,ask
M-07,Lowry,14,14,about
M-07,Lowry,14,15,the
M-07,Lowry,14,16,bread
M-07,Lowry,14,17,.
M-07,Lowry,15,1,griddled
M-07,Lowry,15,2,trout
M-07,Lowry,15,3,with
M-07,Lowry,15,4,samphire
M-07,Lowry,15,5,","
M-07,Lowry,15,6,dill
M-07,Lowry,15,7,and
M-07,Lowry,15,8,yoghurt
M-07,Lowry,15,9,.
M-07,Lowry,15,10,served
M-07,Lowry,15,11,warm
M-07,Lowry,15,12,.
M-07,Lowry,15,13,this
M-07,Lowry,15,14,one
M-07,Lowry,15,15,sells
M-07,Lowry,15,16,out
M-07,Lowry,15,17,by
M-07,Lowry,15,18,noon
M-07,Lowry,15,19,.
M-07,Lowry,16,1,pickled
M-07,Lowry,16,2,mackerel
M-07,Lowry,16,3,with
M-07,Lowry,16,4,polenta
M-07,Lowry,16,5,","
M-07,Lowry,16,6,leaves
M-07,Lowry,16,7,and
M-07,Lowry,16,8,oil
M-07,Lowry,16,9,.
M-07,Lowry,16,10,served
M-07,Lowry,16,11,warm
M-07,Lowry,16,12,.
M-07,Lowry,16,13,ask
M-07,Lowry,16,14,about
M-07,Lowry,16,15,the
M-07,Lowry,16,16,bread
M-07,Lowry,16,17,.
M-07,Lowry,17,1,poached
M-07,Lowry,17,2,squash
M-07,Lowry,17,3,with
M-07,Lowry,17,4,lentils
M-07,Lowry,17,5,","
M-07,Lowry,17,6,chives
M-07,Lowry,17,7,and
M-07,Lowry,17,8,salsa
M-07,Lowry,17,9,.
M-07,Lowry,17,10,served
M-07,Lowry,17,11,warm
M-07,Lowry,17,12,.
M-07,Lowry,18,1,braised
M-07,Lowry,18,2,chard
M-07,Lowry,18,3,with
M-07,Lowry,18,4,lentils
M-07,Lowry,18,5,","
M-07,Lowry,18,6,leaves
M-07,Lowry,18,7,and
M-07,Lowry,18,8,gremolata
M-07,Lowry,18,9,.
M-07,Lowry,18,10,served
M-07,Lowry,18,11,hot
M-07,Lowry,18,12,.
M-07,Lowry,18,13,ask
M-07,Lowry,18,14,about
M-07,Lowry,18,15,the
M-07,Lowry,18,16,bread
M-07,Lowry,18,17,.
M-07,Lowry,18,18,this
M-07,Lowry,18,19,one
M-07,Lowry,18,20,sells
M-07,Lowry,18,21,out
M-07,Lowry,18,22,by
M-07,Lowry,18,23,noon
M-07,Lowry,18,24,.
M-07,Lowry,19,1,roasted
M-07,Lowry,19,2,chard
M-07,Lowry,19,3,with
M-07,Lowry,19,4,couscous
M-07,Lowry,19,5,","
M-07,Lowry,19,6,nuts
M-07,Lowry,19,7,and
M-07,Lowry,19,8,cheese
M-07,Lowry,19,9,.
M-07,Lowry,19,10,served
M-07,Lowry,19,11,warm
M-07,Lowry,19,12,.
M-07,Lowry,20,1,roasted
M-07,Lowry,20,2,squash
M-07,Lowry,20,3,with
M-07,Lowry,20,4,rice
M-07,Lowry,20,5,","
M-07,Lowry,20,6,sorrel
M-07,Lowry,20,7,and
M-07,Lowry,20,8,cream
M-07,Lowry,20,9,.
M-07,Lowry,20,10,served
M-07,Lowry,20,11,cold
M-07,Lowry,20,12,.
M-07,Lowry,20,13,ask
M-07,Lowry,20,14,about
M-07,Lowry,20,15,the
M-07,Lowry,20,16,bread
M-07,Lowry,20,17,.
M-07,Lowry,21,1,roasted
M-07,Lowry,21,2,celeriac
M-07,Lowry,21,3,with
M-07,Lowry,21,4,polenta
M-07,Lowry,21,5,","
M-07,Lowry,21,6,capers
M-07,Lowry,21,7,and
M-07,Lowry,21,8,vinegar
M-07,Lowry,21,9,.
M-07,Lowry,21,10,served
M-07,Lowry,21,11,warm
M-07,Lowry,21,12,.
M-07,Lowry,21,13,this
M-07,Lowry,21,14,one
M-07,Lowry,21,15,sells
M-07,Lowry,21,16,out
M-07,Lowry,21,17,by
M-07,Lowry,21,18,noon
M-07,Lowry,21,19,.
M-07,Lowry,22,1,pickled
M-07,Lowry,22,2,parsnips
M-07,Lowry,22,3,with
M-07,Lowry,22,4,couscous
M-07,Lowry,22,5,","
M-07,Lowry,22,6,capers
M-07,Lowry,22,7,and
M-07,Lowry,22,8,cheese
M-07,Lowry,22,9,.
M-07,Lowry,22,10,served
M-07,Lowry,22,11,warm
M-07,Lowry,22,12,.
M-07,Lowry,22,13,ask
M-07,Lowry,22,14,about
M-07,Lowry,22,15,the
M-07,Lowry,22,16,bread
M-07,Lowry,22,17,.
M-07,Lowry,23,1,pickled
M-07,Lowry,23,2,plaice
M-07,Lowry,23,3,with
M-07,Lowry,23,4,farro
M-07,Lowry,23,5,","
M-07,Lowry,23,6,herbs
M-07,Lowry,23,7,and
M-07,Lowry,23,8,cream
M-07,Lowry,23,9,.
M-07,Lowry,23,10,served
M-07,Lowry,23,11,hot
M-07,Lowry,23,12,.
M-07,Lowry,24,1,smoked
M-07,Lowry,24,2,squash
M-07,Lowry,24,3,with
M-07,Lowry,24,4,potatoes
M-07,Lowry,24,5,","
M-07,Lowry,24,6,capers
M-07,Lowry,24,7,and
M-07,Lowry,24,8,oil
M-07,Lowry,24,9,.
M-07,Lowry,24,10,served
M-07,Lowry,24,11,warm
M-07,Lowry,24,12,.
M-07,Lowry,24,13,ask
M-07,Lowry,24,14,about
M-07,Lowry,24,15,the
M-07,Lowry,24,16,bread
M-07,Lowry,24,17,.
M-07,Lowry,24,18,this
M-07,Lowry,24,19,one
M-07,Lowry,24,20,sells
M-07,Lowry,24,21,out
M-07,Lowry,24,22,by
M-07,Lowry,24,23,noon
M-07,Lowry,24,24,.
M-07,Lowry,25,1,griddled
M-07,Lowry,25,2,chard
M-07,Lowry,25,3,with
M-07,Lowry,25,4,polenta
M-07,Lowry,25,5,","
M-07,Lowry,25,6,watercress
M-07,Lowry,25,7,and
M-07,Lowry,25,8,vinegar
M-07,Lowry,25,9,.
M-07,Lowry,25,10,served
M-07,Lowry,25,11,warm
M-07,Lowry,25,12,.
M-07,Lowry,26,1,poached
M-07,Lowry,26,2,pheasant
M-07,Lowry,26,3,with
M-07,Lowry,26,4,lentils
M-07,Lowry,26,5,","
M-07,Lowry,26,6,herbs
M-07,Lowry,26,7,and
M-07,Lowry,26,8,cheese
M-07,Lowry,26,9,.
M-07,Lowry,26,10,served
M-07,Lowry,26,11,warm
M-07,Lowry,26,12,.
M-07,Lowry,26,13,ask
M-07,Lowry,26,14,about
M-07,Lowry,26,15,the
M-07,Lowry,26,16,bread
M-07,Lowry,26,17,.
M-07,Lowry,27,1,braised
M-07,Lowry,27,2,mackerel
M-07,Lowry,27,3,with
M-07,Lowry,27,4,mash
M-07,Lowry,27,5,","
M-07,Lowry,27,6,capers
M-07,Lowry,27,7,and
M-07,Lowry,27,8,aioli
M-07,Lowry,27,9,.
M-07,Lowry,27,10,served
M-07,Lowry,27,11,cold
M-07,Lowry,27,12,.
M-07,Lowry,27,13,this
M-07,Lowry,27,14,one
M-07,Lowry,27,15,sells
M-07,Lowry,27,16,out
M-07,Lowry,27,17,by
M-07,Lowry,27,18,noon
M-07,Lowry,27,19,.
M-07,Lowry,28,1,braised
M-07,Lowry,28,2,parsnips
M-07,Lowry,28,3,with
M-07,Lowry,28,4,lentils
M-07,Lowry,28,5,","
M-07,Lowry,28,6,walnuts
M-07,Lowry,28,7,and
M-07,Lowry,28,8,yoghurt
M-07,Lowry,28,9,.
M-07,Lowry,28,10,served
M-07,Lowry,28,11,hot
M-07,Lowry,28,12,.
M-07,Lowry,28,13,ask
M-07,Lowry,28,14,about
M-07,Lowry,28,15,the
M-07,Lowry,28,16,bread
M-07,Lowry,28,17,.
M-07,Lowry,29,1,pickled
M-07,Lowry,29,2,chard
M-07,Lowry,29,3,with
M-07,Lowry,29,4,chickpeas
M-07,Lowry,29,5,","
M-07,Lowry,29,6,raisins
M-07,Lowry,29,7,and
M-07,Lowry,29,8,gremolata
M-07,Lowry,29,9,.
M-07,Lowry,29,10,served
M-07,Lowry,29,11,cold
M-07,Lowry,29,12,.
M-07,Lowry,30,1,roasted
M-07,Lowry,30,2,parsnips
M-07,Lowry,30,3,with
M-07,Lowry,30,4,lentils
M-07,Lowry,30,5,","
M-07,Lowry,30,6,hazelnuts
M-07,Lowry,30,7,and
M-07,Lowry,30,8,harissa
M-07,Lowry,30,9,.
M-07,Lowry,30,10,served
M-07,Lowry,30,11,hot
M-07,Lowry,30,12,.
M-07,Lowry,30,13,ask
M-07,Lowry,30,14,about
M-07,Lowry,30,15,the
M-07,Lowry,30,16,bread
M-07,Lowry,30,17,.
M-07,Lowry,30,18,this
M-07,Lowry,30,19,one
M-07,Lowry,30,20,sells
M-07,Lowry,30,21,out
M-07,Lowry,30,22,by
M-07,Lowry,30,23,noon
M-07,Lowry,30,24,.
M-07,Lowry,31,1,roasted
M-07,Lowry,31,2,celeriac
M-07,Lowry,31,3,with
M-07,Lowry,31,4,polenta
M-07,Lowry,31,5,","
M-07,Lowry,31,6,herbs
M-07,Lowry,31,7,and
M-07,Lowry,31,8,cream
M-07,Lowry,31,9,.
M-07,Lowry,31,10,served
M-07,Lowry,31,11,warm
M-07,Lowry,31,12,.
M-07,Lowry,32,1,roasted
M-07,Lowry,32,2,squash
M-07,Lowry,32,3,with
M-07,Lowry,32,4,lentils
M-07,Lowry,32,5,","
M-07,Lowry,32,6,walnuts
M-07,Lowry,32,7,and
M-07,Lowry,32,8,oil
M-07,Lowry,32,9,.
M-07,Lowry,32,10,served
M-07,Lowry,32,11,chilled
M-07,Lowry,32,12,.
M-07,Lowry,32,13,ask
M-07,Lowry,32,14,about
M-07,Lowry,32,15,the
M-07,Lowry,32,16,bread
M-07,Lowry,32,17,.
M-07,Lowry,33,1,poached
M-07,Lowry,33,2,celeriac
M-07,Lowry,33,3,with
M-07,Lowry,33,4,lentils
M-07,Lowry,33,5,","
M-07,Lowry,33,6,chives
M-07,Lowry,33,7,and
M-07,Lowry,33,8,cheese
M-07,Lowry,33,9,.
M-07,Lowry,33,10,served
M-07,Lowry,33,11,warm
M-07,Lowry,33,12,.
M-07,Lowry,33,13,this
M-07,Lowry,33,14,one
M-07,Lowry,33,15,sells
M-07,Lowry,33,16,out
M-07,Lowry,33,17,by
M-07,Lowry,33,18,noon
M-07,Lowry,33,19,.
M-07,Lowry,34,1,roasted
M-07,Lowry,34,2,celeriac
M-07,Lowry,34,3,with
M-07,Lowry,34,4,lentils
M-07,Lowry,34,5,","
M-07,Lowry,34,6,watercress
M-07,Lowry,34,7,and
M-07,Lowry,34,8,oil
M-07,Lowry,34,9,.
M-07,Lowry,34,10,served
M-07,Lowry,34,11,hot
M-07,Lowry,34,12,.
M-07,Lowry,34,13,ask
M-07,Lowry,34,14,about
M-07,Lowry,34,15,the
M-07,Lowry,34,16,bread
M-07,Lowry,34,17,.
M-07,Lowry,35,1,smoked
M-07,Lowry,35,2,mackerel
M-07,Lowry,35,3,with
M-07,Lowry,35,4,lentils
M-07,Lowry,35,5,","
M-07,Lowry,35,6,olives
M-07,Lowry,35,7,and
M-07,Lowry,35,8,gremolata
M-07,Lowry,35,9,.
M-07,Lowry,35,10,served
M-07,Lowry,35,11,warm
M-07,Lowry,35,12,.
M-07,Lowry,36,1,roasted
M-07,Lowry,36,2,celeriac
M-07,Lowry,36,3,with
M-07,Lowry,36,4,crisps
M-07,Lowry,36,5,","
M-07,Lowry,36,6,sorrel
M-07,Lowry,36,7,and
M-07,Lowry,36,8,jus
M-07,Lowry,36,9,.
M-07,Lowry,36,10,served
M-07,Lowry,36,11,hot
M-07,Lowry,36,12,.
M-07,Lowry,36,13,ask
M-07,Lowry,36,14,about
M-07,Lowry,36,15,the
M-07,Lowry,36,16,bread
M-07,Lowry,36,17,.
M-07,Lowry,36,18,this
M-07,Lowry,36,19,one
M-07,Lowry,36,20,sells
M-07,Lowry,36,21,out
M-07,Lowry,36,22,by
M-07,Lowry,36,23,noon
M-07,Lowry,36,24,.
M-08,Threlfall,1,1,griddled
M-08,Threlfall,1,2,mackerel
M-08,Threlfall,1,3,with
M-08,Threlfall,1,4,chickpeas
M-08,Threlfall,1,5,","
M-08,Threlfall,1,6,hazelnuts
M-08,Threlfall,1,7,and
M-08,Threlfall,1,8,mustard
M-08,Threlfall,1,9,.
M-08,Threlfall,1,10,served
M-08,Threlfall,1,11,warm
M-08,Threlfall,1,12,.
M-08,Threlfall,2,1,griddled
M-08,Threlfall,2,2,mackerel
M-08,Threlfall,2,3,with
M-08,Threlfall,2,4,spelt
M-08,Threlfall,2,5,","
M-08,Threlfall,2,6,olives
M-08,Threlfall,2,7,and
M-08,Threlfall,2,8,yoghurt
M-08,Threlfall,2,9,.
M-08,Threlfall,2,10,served
M-08,Threlfall,2,11,warm
M-08,Threlfall,2,12,.
M-08,Threlfall,2,13,ask
M-08,Threlfall,2,14,about
M-08,Threlfall,2,15,the
M-08,Threlfall,2,16,bread
M-08,Threlfall,2,17,.
M-08,Threlfall,3,1,roasted
M-08,Threlfall,3,2,fennel
M-08,Threlfall,3,3,with
M-08,Threlfall,3,4,beans
M-08,Threlfall,3,5,","
M-08,Threlfall,3,6,dill
M-08,Threlfall,3,7,and
M-08,Threlfall,3,8,cream
M-08,Threlfall,3,9,.
M-08,Threlfall,3,10,served
M-08,Threlfall,3,11,warm
M-08,Threlfall,3,12,.
M-08,Threlfall,3,13,the
M-08,Threlfall,3,14,herbs
M-08,Threlfall,3,15,are
M-08,Threlfall,3,16,cut
M-08,Threlfall,3,17,each
M-08,Threlfall,3,18,morning
M-08,Threlfall,3,19,.
M-08,Threlfall,4,1,smoked
M-08,Threlfall,4,2,trout
M-08,Threlfall,4,3,with
M-08,Threlfall,4,4,lentils
M-08,Threlfall,4,5,","
M-08,Threlfall,4,6,anchovies
M-08,Threlfall,4,7,and
M-08,Threlfall,4,8,gremolata
M-08,Threlfall,4,9,.
M-08,Threlfall,4,10,served
M-08,Threlfall,4,11,hot
M-08,Threlfall,4,12,.
M-08,Threlfall,4,13,ask
M-08,Threlfall,4,14,about
M-08,Threlfall,4,15,the
M-08,Threlfall,4,16,bread
M-08,Threlfall,4,17,.
M-08,Threlfall,5,1,pickled
M-08,Threlfall,5,2,cauliflower
M-08,Threlfall,5,3,with
M-08,Threlfall,5,4,lentils
M-08,Threlfall,5,5,","
M-08,Threlfall,5,6,chives
M-08,Threlfall,5,7,and
M-08,Threlfall,5,8,cheese
M-08,Threlfall,5,9,.
M-08,Threlfall,5,10,served
M-08,Threlfall,5,11,warm
M-08,Threlfall,5,12,.
M-08,Threlfall,6,1,roasted
M-08,Threlfall,6,2,hogget
M-08,Threlfall,6,3,with
M-08,Threlfall,6,4,polenta
M-08,Threlfall,6,5,","
M-08,Threlfall,6,6,leaves
M-08,Threlfall,6,7,and
M-08,Threlfall,6,8,cheese
M-08,Threlfall,6,9,.
M-08,Threlfall,6,10,served
M-08,Threlfall,6,11,warm
M-08,Threlfall,6,12,.
M-08,Threlfall,6,13,ask
M-08,Threlfall,6,14,about
M-08,Threlfall,6,15,the
M-08,Threlfall,6,16,bread
M-08,Threlfall,6,17,.
M-08,Threlfall,6,18,the
M-08,Threlfall,6,19,herbs
M-08,Threlfall,6,20,are
M-08,Threlfall,6,21,cut
M-08,Threlfall,6,22,each
M-08,Threlfall,6,23,morning
M-08,Threlfall,6,24,.
M-08,Threlfall,7,1,roasted
M-08,Threlfall,7,2,celeriac
M-08,Threlfall,7,3,with
M-08,Threlfall,7,4,lentils
M-08,Threlfall,7,5,","
M-08,Threlfall,7,6,hazelnuts
M-08,Threlfall,7,7,and
M-08,Threlfall,7,8,cheese
M-08,Threlfall,7,9,.
M-08,Threlfall,7,10,served
M-08,Threlfall,7,11,warm
M-08,Threlfall,7,12,.
M-08,Threlfall,8,1,pickled
M-08,Threlfall,8,2,pheasant
M-08,Threlfall,8,3,with
M-08,Threlfall,8,4,greens
M-08,Threlfall,8,5,","
M-08,Threlfall,8,6,seeds
M-08,Threlfall,8,7,and
M-08,Threlfall,8,8,mustard
M-08,Threlfall,8,9,.
M-08,Threlfall,8,10,served
M-08,Threlfall,8,11,chilled
M-08,Threlfall,8,12,.
M-08,Threlfall,8,13,ask
M-08,Threlfall,8,14,about
M-08,Threlfall,8,15,the
M-08,Threlfall,8,16,bread
M-08,Threlfall,8,17,.
M-08,Threlfall,9,1,smoked
M-08,Threlfall,9,2,chard
M-08,Threlfall,9,3,with
M-08,Threlfall,9,4,spelt
M-08,Threlfall,9,5,","
M-08,Threlfall,9,6,radishes
M-08,Threlfall,9,7,and
M-08,Threlfall,9,8,cream
M-08,Threlfall,9,9,.
M-08,Threlfall,9,10,served
M-08,Threlfall,9,11,warm
M-08,Threlfall,9,12,.
M-08,Threlfall,9,13,the
M-08,Threlfall,9,14,herbs
M-08,Threlfall,9,15,are
M-08,Threlfall,9,16,cut
M-08,Threlfall,9,17,each
M-08,Threlfall,9,18,morning
M-08,Threlfall,9,19,.
M-08,Threlfall,10,1,poached
M-08,Threlfall,10,2,celeriac
M-08,Threlfall,10,3,with
M-08,Threlfall,10,4,barley
M-08,Threlfall,10,5,","
M-08,Threlfall,10,6,currants
M-08,Threlfall,10,7,and
M-08,Threlfall,10,8,cheese
M-08,Threlfall,10,9,.
M-08,Threlfall,10,10,served
M-08,Threlfall,10,11,warm
M-08,Threlfall,10,12,.
M-08,Threlfall,10,13,ask
M-08,Threlfall,10,14,about
M-08,Threlfall,10,15,the
M-08,Threlfall,10,16,bread
M-08,Threlfall,10,17,.
M-08,Threlfall,11,1,roasted
M-08,Threlfall,11,2,mackerel
M-08,Threlfall,11,3,with
M-08,Threlfall,11,4,lentils
M-08,Threlfall,11,5,","
M-08,Threlfall,11,6,hazelnuts
M-08,Threlfall,11,7,and
M-08,Threlfall,11,8,vinegar
M-08,Threlfall,11,9,.
M-08,Threlfall,11,10,served
M-08,Threlfall,11,11,cold
M-08,Threlfall,11,12,.
M-08,Threlfall,12,1,roasted
M-08,Threlfall,12,2,plaice
M-08,Threlfall,12,3,with
M-08,Threlfall,12,4,barley
M-08,Threlfall,12,5,","
M-08,Threlfall,12,6,anchovies
M-08,Threlfall,12,7,and
M-08,Threlfall,12,8,pesto
M-08,Threlfall,12,9,.
M-08,Threlfall,12,10,served
M-08,Threlfall,12,11,warm
M-08,Threlfall,12,12,.
M-08,Threlfall,12,13,ask
M-08,Threlfall,12,14,about
M-08,Threlfall,12,15,the
M-08,Threlfall,12,16,bread
M-08,Threlfall,12,17,.
M-08,Threlfall,12,18,the
M-08,Threlfall,12,19,herbs
M-08,Threlfall,12,20,are
M-08,Threlfall,12,21,cut
M-08,Threlfall,12,22,each
M-08,Threlfall,12,23,morning
M-08,Threlfall,12,24,.
M-08,Threlfall,13,1,roasted
M-08,Threlfall,13,2,cauliflower
M-08,Threlfall,13,3,with
M-08,Threlfall,13,4,greens
M-08,Threlfall,13,5,","
M-08,Threlfall,13,6,capers
M-08,Threlfall,13,7,and
M-08,Threlfall,13,8,pesto
M-08,Threlfall,13,9,.
M-08,Threlfall,13,10,served
M-08,Threlfall,13,11,cold
M-08,Threlfall,13,12,.
M-08,Threlfall,14,1,pickled
M-08,Threlfall,14,2,beetroot
M-08,Threlfall,14,3,with
M-08,Threlfall,14,4,potatoes
M-08,Threlfall,14,5,","
M-08,Threlfall,14,6,anchovies
M-08,Threlfall,14,7,and
M-08,Threlfall,14,8,oil
M-08,Threlfall,14,9,.
M-08,Threlfall,14,10,served
M-08,Threlfall,14,11,warm
M-08,Threlfall,14,12,.
M-08,Threlfall,14,13,ask
M-08,Threlfall,14,14,about
M-08,Threlfall,14,15,the
M-08,Threlfall,14,16,bread
M-08,Threlfall,14,17,.
M-08,Threlfall,15,1,smoked
M-08,Threlfall,15,2,squash
M-08,Threlfall,15,3,with
M-08,Threlfall,15,4,cabbage
M-08,Threlfall,15,5,","
M-08,Threlfall,15,6,dill
M-08,Threlfall,15,7,and
M-08,Threlfall,15,8,cream
M-08,Threlfall,15,9,.
M-08,Threlfall,15,10,served
M-08,Threlfall,15,11,cold
M-08,Threlfall,15,12,.
M-08,Threlfall,15,13,the
M-08,Threlfall,15,14,herbs
M-08,Threlfall,15,15,are
M-08,Threlfall,15,16,cut
M-08,Threlfall,15,17,each
M-08,Threlfall,15,18,morning
M-08,Threlfall,15,19,.
M-08,Threlfall,16,1,griddled
M-08,Threlfall,16,2,celeriac
M-08,Threlfall,16,3,with
M-08,Threlfall,16,4,lentils
M-08,Threlfall,16,5,","
M-08,Threlfall,16,6,hazelnuts
M-08,Threlfall,16,7,and
M-08,Threlfall,16,8,cheese
M-08,Threlfall,16,9,.
M-08,Threlfall,16,10,served
M-08,Threlfall,16,11,chilled
M-08,Threlfall,16,12,.
M-08,Threlfall,16,13,ask
M-08,Threlfall,16,14,about
M-08,Threlfall,16,15,the
M-08,Threlfall,16,16,bread
M-08,Threlfall,16,17,.
M-08,Threlfall,17,1,braised
M-08,Threlfall,17,2,hogget
M-08,Threlfall,17,3,with
M-08,Threlfall,17,4,crisps
M-08,Threlfall,17,5,","
M-08,Threlfall,17,6,chives
M-08,Threlfall,17,7,and
M-08,Threlfall,17,8,mustard
M-08,Threlfall,17,9,.
M-08,Threlfall,17,10,served
M-08,Threlfall,17,11,warm
M-08,Threlfall,17,12,.
M-08,Threlfall,18,1,griddled
M-08,Threlfall,18,2,plaice
M-08,Threlfall,18,3,with
M-08,Threlfall,18,4,polenta
M-08,Threlfall,18,5,","
M-08,Threlfall,18,6,capers
M-08,Threlfall,18,7,and
M-08,Threlfall,18,8,vinegar
M-08,Threlfall,18,9,.
M-08,Threlfall,18,10,served
M-08,Threlfall,18,11,warm
M-08,Threlfall,18,12,.
M-08,Threlfall,18,13,ask
M-08,Threlfall,18,14,about
M-08,Threlfall,18,15,the
M-08,Threlfall,18,16,bread
M-08,Threlfall,18,17,.
M-08,Threlfall,18,18,the
M-08,Threlfall,18,19,herbs
M-08,Threlfall,18,20,are
M-08,Threlfall,18,21,cut
M-08,Threlfall,18,22,each
M-08,Threlfall,18,23,morning
M-08,Threlfall,18,24,.
M-08,Threlfall,19,1,poached
M-08,Threlfall,19,2,hogget
M-08,Threlfall,19,3,with
M-08,Threlfall,19,4,greens
M-08,Threlfall,19,5,","
M-08,Threlfall,19,6,capers
M-08,Threlfall,19,7,and
M-08,Threlfall,19,8,aioli
M-08,Threlfall,19,9,.
M-08,Threlfall,19,10,served
M-08,Threlfall,19,11,hot
M-08,Threlfall,19,12,.
M-08,Threlfall,20,1,griddled
M-08,Threlfall,20,2,parsnips
M-08,Threlfall,20,3,with
M-08,Threlfall,20,4,spelt
M-08,Threlfall,20,5,","
M-08,Threlfall,20,6,pickles
M-08,Threlfall,20,7,and
M-08,Threlfall,20,8,gremolata
M-08,Threlfall,20,9,.
M-08,Threlfall,20,10,served
M-08,Threlfall,20,11,warm
M-08,Threlfall,20,12,.
M-08,Threlfall,20,13,ask
M-08,Threlfall,20,14,about
M-08,Threlfall,20,15,the
M-08,Threlfall,20,16,bread
M-08,Threlfall,20,17,.
M-08,Threlfall,21,1,pickled
M-08,Threlfall,21,2,pheasant
M-08,Threlfall,21,3,with
M-08,Threlfall,21,4,barley
M-08,Threlfall,21,5,","
M-08,Threlfall,21,6,sorrel
M-08,Threlfall,21,7,and
M-08,Threlfall,21,8,butter
M-08,Threlfall,21,9,.
M-08,Threlfall,21,10,served
M-08,Threlfall,21,11,warm
M-08,Threlfall,21,12,.
M-08,Threlfall,21,13,the
M-08,Threlfall,21,14,herbs
M-08,Threlfall,21,15,are
M-08,Threlfall,21,16,cut
M-08,Threlfall,21,17,each
M-08,Threlfall,21,18,morning
M-08,Threlfall,21,19,.
M-08,Threlfall,22,1,braised
M-08,Threlfall,22,2,mackerel
M-08,Threlfall,22,3,with
M-08,Threlfall,22,4,chickpeas
M-08,Threlfall,22,5,","
M-08,Threlfall,22,6,chives
M-08,Threlfall,22,7,and
M-08,Threlfall,22,8,yoghurt
M-08,Threlfall,22,9,.
M-08,Threlfall,22,10,served
M-08,Threlfall,22,11,warm
M-08,Threlfall,22,12,.
M-08,Threlfall,22,13,ask
M-08,Threlfall,22,14,about
M-08,Threlfall,22,15,the
M-08,Threlfall,22,16,bread
M-08,Threlfall,22,17,.
M-08,Threlfall,23,1,smoked
M-08,Threlfall,23,2,beetroot
M-08,Threlfall,23,3,with
M-08,Threlfall,23,4,barley
M-08,Threlfall,23,5,","
M-08,Threlfall,23,6,raisins
M-08,Threlfall,23,7,and
M-08,Threlfall,23,8,aioli
M-08,Threlfall,23,9,.
M-08,Threlfall,23,10,served
M-08,Threlfall,23,11,warm
M-08,Threlfall,23,12,.
M-08,Threlfall,24,1,griddled
M-08,Threlfall,24,2,trout
M-08,Threlfall,24,3,with
M-08,Threlfall,24,4,samphire
M-08,Threlfall,24,5,","
M-08,Threlfall,24,6,capers
M-08,Threlfall,24,7,and
M-08,Threlfall,24,8,jus
M-08,Threlfall,24,9,.
M-08,Threlfall,24,10,served
M-08,Threlfall,24,11,cold
M-08,Threlfall,24,12,.
M-08,Threlfall,24,13,ask
M-08,Threlfall,24,14,about
M-08,Threlfall,24,15,the
M-08,Threlfall,24,16,bread
M-08,Threlfall,24,17,.
M-08,Threlfall,24,18,the
M-08,Threlfall,24,19,herbs
M-08,Threlfall,24,20,are
M-08,Threlfall,24,21,cut
M-08,Threlfall,24,22,each
M-08,Threlfall,24,23,morning
M-08,Threlfall,24,24,.
M-08,Threlfall,25,1,griddled
M-08,Threlfall,25,2,beetroot
M-08,Threlfall,25,3,with
M-08,Threlfall,25,4,cabbage
M-08,Threlfall,25,5,","
M-08,Threlfall,25,6,hazelnuts
M-08,Threlfall,25,7,and
M-08,Threlfall,25,8,gremolata
M-08,Threlfall,25,9,.
M-08,Threlfall,25,10,served
M-08,Threlfall,25,11,warm
M-08,Threlfall,25,12,.
M-08,Threlfall,26,1,poached
M-08,Threlfall,26,2,parsnips
M-08,Threlfall,26,3,with
M-08,Threlfall,26,4,couscous
M-08,Threlfall,26,5,","
M-08,Threlfall,26,6,radishes
M-08,Threlfall,26,7,and
M-08,Threlfall,26,8,broth
M-08,Threlfall,26,9,.
M-08,Threlfall,26,10,served
M-08,Threlfall,26,11,cold
M-08,Threlfall,26,12,.
M-08,Threlfall,26,13,ask
M-08,Threlfall,26,14,about
M-08,Threlfall,26,15,the
M-08,Threlfall,26,16,bread
M-08,Threlfall,26,17,.
M-08,Threlfall,27,1,griddled
M-08,Threlfall,27,2,fennel
M-08,Threlfall,27,3,with
M-08,Threlfall,27,4,greens
M-08,Threlfall,27,5,","
M-08,Threlfall,27,6,almonds
M-08,Threlfall,27,7,and
M-08,Threlfall,27,8,butter
M-08,Threlfall,27,9,.
M-08,Threlfall,27,10,served
M-08,Threlfall,27,11,warm
M-08,Threlfall,27,12,.
M-08,Threlfall,27,13,the
M-08,Threlfall,27,14,herbs
M-08,Threlfall,27,15,are
M-08,Threlfall,27,16,cut
M-08,Threlfall,27,17,each
M-08,Threlfall,27,18,morning
M-08,Threlfall,27,19,.
M-08,Threlfall,28,1,roasted
M-08,Threlfall,28,2,trout
M-08,Threlfall,28,3,with
M-08,Threlfall,28,4,greens
M-08,Threlfall,28,5,","
M-08,Threlfall,28,6,raisins
M-08,Threlfall,28,7,and
M-08,Threlfall,28,8,oil
M-08,Threlfall,28,9,.
M-08,Threlfall,28,10,served
M-08,Threlfall,28,11,hot
M-08,Threlfall,28,12,.
M-08,Threlfall,28,13,ask
M-08,Threlfall,28,14,about
M-08,Threlfall,28,15,the
M-08,Threlfall,28,16,bread
M-08,Threlfall,28,17,.
M-08,Threlfall,29,1,griddled
M-08,Threlfall,29,2,pheasant
M-08,Threlfall,29,3,with
M-08,Threlfall,29,4,beans
M-08,Threlfall,29,5,","
M-08,Threlfall,29,6,currants
M-08,Threlfall,29,7,and
M-08,Threlfall,29,8,yoghurt
M-08,Threlfall,29,9,.
M-08,Threlfall,29,10,served
M-08,Threlfall,29,11,warm
M-08,Threlfall,29,12,.
M-08,Threlfall,30,1,poached
M-08,Threlfall,30,2,squash
M-08,Threlfall,30,3,with
M-08,Threlfall,30,4,lentils
M-08,Threlfall,30,5,","
M-08,Threlfall,30,6,chives
M-08,Threlfall,30,7,and
M-08,Threlfall,30,8,vinegar
M-08,Threlfall,30,9,.
M-08,Threlfall,30,10,served
M-08,Threlfall,30,11,warm
M-08,Threlfall,30,12,.
M-08,Threlfall,30,13,ask
M-08,Threlfall,30,14,about
M-08,Threlfall,30,15,the
M-08,Threlfall,30,16,bread
M-08,Threlfall,30,17,.
M-08,Threlfall,30,18,the
M-08,Threlfall,30,19,herbs
M-08,Threlfall,30,20,are
M-08,Threlfall,30,21,cut
M-08,Threlfall,30,22,each
M-08,Threlfall,30,23,morning
M-08,Threlfall,30,24,.
M-08,Threlfall,31,1,smoked
M-08,Threlfall,31,2,pheasant
M-08,Threlfall,31,3,with
M-08,Threlfall,31,4,gnocchi
M-08,Threlfall,31,5,","
M-08,Threlfall,31,6,chervil
M-08,Threlfall,31,7,and
M-08,Threlfall,31,8,cream
M-08,Threlfall,31,9,.
M-08,Threlfall,31,10,served
M-08,Threlfall,31,11,warm
M-08,Threlfall,31,12,.
M-08,Threlfall,32,1,smoked
M-08,Threlfall,32,2,mackerel
M-08,Threlfall,32,3,with
M-08,Threlfall,32,4,beans
M-08,Threlfall,32,5,","
M-08,Threlfall,32,6,anchovies
M-08,Threlfall,32,7,and
M-08,Threlfall,32,8,mustard
M-08,Threlfall,32,9,.
M-08,Threlfall,32,10,served
M-08,Threlfall,32,11,warm
M-08,Threlfall,32,12,.
M-08,Threlfall,32,13,ask
M-08,Threlfall,32,14,about
M-08,Threlfall,32,15,the
M-08,Threlfall,32,16,bread
M-08,Threlfall,32,17,.
M-08,Threlfall,33,1,poached
M-08,Threlfall,33,2,fennel
M-08,Threlfall,33,3,with
M-08,Threlfall,33,4,lentils
M-08,Threlfall,33,5,","
M-08,Threlfall,33,6,sorrel
M-08,Threlfall,33,7,and
M-08,Threlfall,33,8,cheese
M-08,Threlfall,33,9,.
M-08,Threlfall,33,10,served
M-08,Threlfall,33,11,warm
M-08,Threlfall,33,12,.
M-08,Threlfall,33,13,the
M-08,Threlfall,33,14,herbs
M-08,Threlfall,33,15,are
M-08,Threlfall,33,16,cut
M-08,Threlfall,33,17,each
M-08,Threlfall,33,18,morning
M-08,Threlfall,33,19,.
M-08,Threlfall,34,1,smoked
M-08,Threlfall,34,2,parsnips
M-08,Threlfall,34,3,with
M-08,Threlfall,34,4,lentils
M-08,Threlfall,34,5,","
M-08,Threlfall,34,6,sorrel
M-08,Threlfall,34,7,and
M-08,Threlfall,34,8,jus
M-08,Threlfall,34,9,.
M-08,Threlfall,34,10,served
M-08,Threlfall,34,11,warm
M-08,Threlfall,34,12,.
M-08,Threlfall,34,13,ask
M-08,Threlfall,34,14,about
M-08,Threlfall,34,15,the
M-08,Threlfall,34,16,bread
M-08,Threlfall,34,17,.
M-08,Threlfall,35,1,griddled
M-08,Threlfall,35,2,celeriac
M-08,Threlfall,35,3,with
M-08,Threlfall,35,4,barley
M-08,Threlfall,35,5,","
M-08,Threlfall,35,6,olives
M-08,Threlfall,35,7,and
M-08,Threlfall,35,8,yoghurt
M-08,Threlfall,35,9,.
M-08,Threlfall,35,10,served
M-08,Threlfall,35,11,warm
M-08,Threlfall,35,12,.
M-08,Threlfall,36,1,braised
M-08,Threlfall,36,2,squash
M-08,Threlfall,36,3,with
M-08,Threlfall,36,4,lentils
M-08,Threlfall,36,5,","
M-08,Threlfall,36,6,herbs
M-08,Threlfall,36,7,and
M-08,Threlfall,36,8,jus
M-08,Threlfall,36,9,.
M-08,Threlfall,36,10,served
M-08,Threlfall,36,11,warm
M-08,Threlfall,36,12,.
M-08,Threlfall,36,13,ask
M-08,Threlfall,36,14,about
M-08,Threlfall,36,15,the
M-08,Threlfall,36,16,bread
M-08,Threlfall,36,17,.
M-08,Threlfall,36,18,the
M-08,Threlfall,36,19,herbs
M-08,Threlfall,36,20,are
M-08,Threlfall,36,21,cut
M-08,Threlfall,36,22,each
M-08,Threlfall,36,23,morning
M-08,Threlfall,36,24,.
