doc_id,describer,entry,position,token
J01,Hosken,1,1,entry
J01,Hosken,1,2,on
J01,Hosken,1,3,the
J01,Hosken,1,4,nightjar
J01,Hosken,1,5,.
J01,Hosken,1,6,bill
J01,Hosken,1,7,heavy
J01,Hosken,1,8,","
J01,Hosken,1,9,culmen
J01,Hosken,1,10,slender
J01,Hosken,1,11,.
J01,Hosken,1,12,plumage
J01,Hosken,1,13,above
J01,Hosken,1,14,olive
J01,Hosken,1,15,","
J01,Hosken,1,16,below
J01,Hosken,1,17,fulvous
J01,Hosken,1,18,.
J01,Hosken,1,19,the
J01,Hosken,1,20,female
J01,Hosken,1,21,above
J01,Hosken,1,22,olive
J01,Hosken,1,23,","
J01,Hosken,1,24,below
J01,Hosken,1,25,olive
J01,Hosken,1,26,.
J01,Hosken,1,27,frequents
J01,Hosken,1,28,the
J01,Hosken,1,29,scrub
J01,Hosken,1,30,of
J01,Hosken,1,31,the
J01,Hosken,1,32,eastern
J01,Hosken,1,33,slope
J01,Hosken,1,34,.
J01,Hosken,1,35,call
J01,Hosken,1,36,a
J01,Hosken,1,37,churring
J01,Hosken,1,38,note
J01,Hosken,1,39,repeated
J01,Hosken,1,40,five
J01,Hosken,1,41,times
J01,Hosken,1,42,.
J01,Hosken,1,43,taken
J01,Hosken,1,44,in
J01,Hosken,1,45,the
J01,Hosken,1,46,drought
J01,Hosken,1,47,.
J01,Hosken,2,1,entry
J01,Hosken,2,2,on
J01,Hosken,2,3,the
J01,Hosken,2,4,sunbird
J01,Hosken,2,5,.
J01,Hosken,2,6,bill
J01,Hosken,2,7,deep
J01,Hosken,2,8,","
J01,Hosken,2,9,culmen
J01,Hosken,2,10,keeled
J01,Hosken,2,11,.
J01,Hosken,2,12,plumage
J01,Hosken,2,13,above
J01,Hosken,2,14,ashen
J01,Hosken,2,15,","
J01,Hosken,2,16,below
J01,Hosken,2,17,dusky
J01,Hosken,2,18,.
J01,Hosken,2,19,the
J01,Hosken,2,20,female
J01,Hosken,2,21,above
J01,Hosken,2,22,olive
J01,Hosken,2,23,","
J01,Hosken,2,24,below
J01,Hosken,2,25,ochre
J01,Hosken,2,26,.
J01,Hosken,2,27,frequents
J01,Hosken,2,28,the
J01,Hosken,2,29,reedbed
J01,Hosken,2,30,of
J01,Hosken,2,31,the
J01,Hosken,2,32,western
J01,Hosken,2,33,slope
J01,Hosken,2,34,.
J01,Hosken,2,35,call
J01,Hosken,2,36,a
J01,Hosken,2,37,rasping
J01,Hosken,2,38,note
J01,Hosken,2,39,repeated
J01,Hosken,2,40,three
J01,Hosken,2,41,times
J01,Hosken,2,42,.
J01,Hosken,2,43,taken
J01,Hosken,2,44,in
J01,Hosken,2,45,the
J01,Hosken,2,46,rains
J01,Hosken,2,47,.
J01,Hosken,3,1,entry
J01,Hosken,3,2,on
J01,Hosken,3,3,the
J01,Hosken,3,4,coucal
J01,Hosken,3,5,.
J01,Hosken,3,6,bill
J01,Hosken,3,7,heavy
J01,Hosken,3,8,","
J01,Hosken,3,9,culmen
J01,Hosken,3,10,ridged
J01,Hosken,3,11,.
J01,Hosken,3,12,plumage
J01,Hosken,3,13,above
J01,Hosken,3,14,olive
J01,Hosken,3,15,","
J01,Hosken,3,16,below
J01,Hosken,3,17,rufous
J01,Hosken,3,18,.
J01,Hosken,3,19,the
J01,Hosken,3,20,female
J01,Hosken,3,21,above
J01,Hosken,3,22,fulvous
J01,Hosken,3,23,","
J01,Hosken,3,24,below
J01,Hosken,3,25,olive
J01,Hosken,3,26,.
J01,Hosken,3,27,frequents
J01,Hosken,3,28,the
J01,Hosken,3,29,thicket
J01,Hosken,3,30,of
J01,Hosken,3,31,the
J01,Hosken,3,32,western
J01,Hosken,3,33,slope
J01,Hosken,3,34,.
J01,Hosken,3,35,call
J01,Hosken,3,36,a
J01,Hosken,3,37,churring
J01,Hosken,3,38,note
J01,Hosken,3,39,repeated
J01,Hosken,3,40,three
J01,Hosken,3,41,times
J01,Hosken,3,42,.
J01,Hosken,3,43,the
J01,Hosken,3,44,iris
J01,Hosken,3,45,pale
J01,Hosken,3,46,in
J01,Hosken,3,47,every
J01,Hosken,3,48,specimen
J01,Hosken,3,49,handled
J01,Hosken,3,50,.
J01,Hosken,3,51,taken
J01,Hosken,3,52,in
J01,Hosken,3,53,the
J01,Hosken,3,54,rains
J01,Hosken,3,55,.
J01,Hosken,4,1,entry
J01,Hosken,4,2,on
J01,Hosken,4,3,the
J01,Hosken,4,4,drongo
J01,Hosken,4,5,.
J01,Hosken,4,6,bill
J01,Hosken,4,7,deep
J01,Hosken,4,8,","
J01,Hosken,4,9,culmen
J01,Hosken,4,10,curved
J01,Hosken,4,11,.
J01,Hosken,4,12,plumage
J01,Hosken,4,13,above
J01,Hosken,4,14,olive
J01,Hosken,4,15,","
J01,Hosken,4,16,below
J01,Hosken,4,17,rufous
J01,Hosken,4,18,.
J01,Hosken,4,19,the
J01,Hosken,4,20,female
J01,Hosken,4,21,above
J01,Hosken,4,22,rufous
J01,Hosken,4,23,","
J01,Hosken,4,24,below
J01,Hosken,4,25,cinereous
J01,Hosken,4,26,.
J01,Hosken,4,27,frequents
J01,Hosken,4,28,the
J01,Hosken,4,29,thicket
J01,Hosken,4,30,of
J01,Hosken,4,31,the
J01,Hosken,4,32,southern
J01,Hosken,4,33,slope
J01,Hosken,4,34,.
J01,Hosken,4,35,call
J01,Hosken,4,36,a
J01,Hosken,4,37,churring
J01,Hosken,4,38,note
J01,Hosken,4,39,repeated
J01,Hosken,4,40,five
J01,Hosken,4,41,times
J01,Hosken,4,42,.
J01,Hosken,4,43,taken
J01,Hosken,4,44,in
J01,Hosken,4,45,the
J01,Hosken,4,46,rains
J01,Hosken,4,47,.
J01,Hosken,5,1,entry
J01,Hosken,5,2,on
J01,Hosken,5,3,the
J01,Hosken,5,4,cisticola
J01,Hosken,5,5,.
J01,Hosken,5,6,bill
J01,Hosken,5,7,stout
J01,Hosken,5,8,","
J01,Hosken,5,9,culmen
J01,Hosken,5,10,slender
J01,Hosken,5,11,.
J01,Hosken,5,12,plumage
J01,Hosken,5,13,above
J01,Hosken,5,14,olive
J01,Hosken,5,15,","
J01,Hosken,5,16,below
J01,Hosken,5,17,olive
J01,Hosken,5,18,.
J01,Hosken,5,19,the
J01,Hosken,5,20,female
J01,Hosken,5,21,above
J01,Hosken,5,22,rufous
J01,Hosken,5,23,","
J01,Hosken,5,24,below
J01,Hosken,5,25,olive
J01,Hosken,5,26,.
J01,Hosken,5,27,frequents
J01,Hosken,5,28,the
J01,Hosken,5,29,reedbed
J01,Hosken,5,30,of
J01,Hosken,5,31,the
J01,Hosken,5,32,western
J01,Hosken,5,33,slope
J01,Hosken,5,34,.
J01,Hosken,5,35,call
J01,Hosken,5,36,a
J01,Hosken,5,37,churring
J01,Hosken,5,38,note
J01,Hosken,5,39,repeated
J01,Hosken,5,40,four
J01,Hosken,5,41,times
J01,Hosken,5,42,.
J01,Hosken,5,43,taken
J01,Hosken,5,44,in
J01,Hosken,5,45,the
J01,Hosken,5,46,monsoon
J01,Hosken,5,47,.
J01,Hosken,6,1,entry
J01,Hosken,6,2,on
J01,Hosken,6,3,the
J01,Hosken,6,4,bulbul
J01,Hosken,6,5,.
J01,Hosken,6,6,bill
J01,Hosken,6,7,slender
J01,Hosken,6,8,","
J01,Hosken,6,9,culmen
J01,Hosken,6,10,curved
J01,Hosken,6,11,.
J01,Hosken,6,12,plumage
J01,Hosken,6,13,above
J01,Hosken,6,14,olive
J01,Hosken,6,15,","
J01,Hosken,6,16,below
J01,Hosken,6,17,ochre
J01,Hosken,6,18,.
J01,Hosken,6,19,the
J01,Hosken,6,20,female
J01,Hosken,6,21,above
J01,Hosken,6,22,olive
J01,Hosken,6,23,","
J01,Hosken,6,24,below
J01,Hosken,6,25,rufous
J01,Hosken,6,26,.
J01,Hosken,6,27,frequents
J01,Hosken,6,28,the
J01,Hosken,6,29,reedbed
J01,Hosken,6,30,of
J01,Hosken,6,31,the
J01,Hosken,6,32,western
J01,Hosken,6,33,slope
J01,Hosken,6,34,.
J01,Hosken,6,35,call
J01,Hosken,6,36,a
J01,Hosken,6,37,plaintive
J01,Hosken,6,38,note
J01,Hosken,6,39,repeated
J01,Hosken,6,40,six
J01,Hosken,6,41,times
J01,Hosken,6,42,.
J01,Hosken,6,43,the
J01,Hosken,6,44,iris
J01,Hosken,6,45,pale
J01,Hosken,6,46,in
J01,Hosken,6,47,every
J01,Hosken,6,48,specimen
J01,Hosken,6,49,handled
J01,Hosken,6,50,.
J01,Hosken,6,51,taken
J01,Hosken,6,52,in
J01,Hosken,6,53,the
J01,Hosken,6,54,rains
J01,Hosken,6,55,.
J01,Hosken,7,1,entry
J01,Hosken,7,2,on
J01,Hosken,7,3,the
J01,Hosken,7,4,weaver
J01,Hosken,7,5,.
J01,Hosken,7,6,bill
J01,Hosken,7,7,fine
J01,Hosken,7,8,","
J01,Hosken,7,9,culmen
J01,Hosken,7,10,ridged
J01,Hosken,7,11,.
J01,Hosken,7,12,plumage
J01,Hosken,7,13,above
J01,Hosken,7,14,olive
J01,Hosken,7,15,","
J01,Hosken,7,16,below
J01,Hosken,7,17,olive
J01,Hosken,7,18,.
J01,Hosken,7,19,the
J01,Hosken,7,20,female
J01,Hosken,7,21,above
J01,Hosken,7,22,dusky
J01,Hosken,7,23,","
J01,Hosken,7,24,below
J01,Hosken,7,25,olive
J01,Hosken,7,26,.
J01,Hosken,7,27,frequents
J01,Hosken,7,28,the
J01,Hosken,7,29,thicket
J01,Hosken,7,30,of
J01,Hosken,7,31,the
J01,Hosken,7,32,southern
J01,Hosken,7,33,slope
J01,Hosken,7,34,.
J01,Hosken,7,35,call
J01,Hosken,7,36,a
J01,Hosken,7,37,churring
J01,Hosken,7,38,note
J01,Hosken,7,39,repeated
J01,Hosken,7,40,six
J01,Hosken,7,41,times
J01,Hosken,7,42,.
J01,Hosken,7,43,taken
J01,Hosken,7,44,in
J01,Hosken,7,45,the
J01,Hosken,7,46,drought
J01,Hosken,7,47,.
J01,Hosken,8,1,entry
J01,Hosken,8,2,on
J01,Hosken,8,3,the
J01,Hosken,8,4,roller
J01,Hosken,8,5,.
J01,Hosken,8,6,bill
J01,Hosken,8,7,deep
J01,Hosken,8,8,","
J01,Hosken,8,9,culmen
J01,Hosken,8,10,curved
J01,Hosken,8,11,.
J01,Hosken,8,12,plumage
J01,Hosken,8,13,above
J01,Hosken,8,14,olive
J01,Hosken,8,15,","
J01,Hosken,8,16,below
J01,Hosken,8,17,olive
J01,Hosken,8,18,.
J01,Hosken,8,19,the
J01,Hosken,8,20,female
J01,Hosken,8,21,above
J01,Hosken,8,22,ashen
J01,Hosken,8,23,","
J01,Hosken,8,24,below
J01,Hosken,8,25,rufous
J01,Hosken,8,26,.
J01,Hosken,8,27,frequents
J01,Hosken,8,28,the
J01,Hosken,8,29,canopy
J01,Hosken,8,30,of
J01,Hosken,8,31,the
J01,Hosken,8,32,western
J01,Hosken,8,33,slope
J01,Hosken,8,34,.
J01,Hosken,8,35,call
J01,Hosken,8,36,a
J01,Hosken,8,37,piping
J01,Hosken,8,38,note
J01,Hosken,8,39,repeated
J01,Hosken,8,40,five
J01,Hosken,8,41,times
J01,Hosken,8,42,.
J01,Hosken,8,43,taken
J01,Hosken,8,44,in
J01,Hosken,8,45,the
J01,Hosken,8,46,monsoon
J01,Hosken,8,47,.
J01,Hosken,9,1,entry
J01,Hosken,9,2,on
J01,Hosken,9,3,the
J01,Hosken,9,4,hoopoe
J01,Hosken,9,5,.
J01,Hosken,9,6,bill
J01,Hosken,9,7,deep
J01,Hosken,9,8,","
J01,Hosken,9,9,culmen
J01,Hosken,9,10,curved
J01,Hosken,9,11,.
J01,Hosken,9,12,plumage
J01,Hosken,9,13,above
J01,Hosken,9,14,slate
J01,Hosken,9,15,","
J01,Hosken,9,16,below
J01,Hosken,9,17,olive
J01,Hosken,9,18,.
J01,Hosken,9,19,the
J01,Hosken,9,20,female
J01,Hosken,9,21,above
J01,Hosken,9,22,olive
J01,Hosken,9,23,","
J01,Hosken,9,24,below
J01,Hosken,9,25,olive
J01,Hosken,9,26,.
J01,Hosken,9,27,frequents
J01,Hosken,9,28,the
J01,Hosken,9,29,thicket
J01,Hosken,9,30,of
J01,Hosken,9,31,the
J01,Hosken,9,32,western
J01,Hosken,9,33,slope
J01,Hosken,9,34,.
J01,Hosken,9,35,call
J01,Hosken,9,36,a
J01,Hosken,9,37,liquid
J01,Hosken,9,38,note
J01,Hosken,9,39,repeated
J01,Hosken,9,40,four
J01,Hosken,9,41,times
J01,Hosken,9,42,.
J01,Hosken,9,43,the
J01,Hosken,9,44,iris
J01,Hosken,9,45,pale
J01,Hosken,9,46,in
J01,Hosken,9,47,every
J01,Hosken,9,48,specimen
J01,Hosken,9,49,handled
J01,Hosken,9,50,.
J01,Hosken,9,51,taken
J01,Hosken,9,52,in
J01,Hosken,9,53,the
J01,Hosken,9,54,rains
J01,Hosken,9,55,.
J01,Hosken,10,1,entry
J01,Hosken,10,2,on
J01,Hosken,10,3,the
J01,Hosken,10,4,shrike
J01,Hosken,10,5,.
J01,Hosken,10,6,bill
J01,Hosken,10,7,stout
J01,Hosken,10,8,","
J01,Hosken,10,9,culmen
J01,Hosken,10,10,stout
J01,Hosken,10,11,.
J01,Hosken,10,12,plumage
J01,Hosken,10,13,above
J01,Hosken,10,14,olive
J01,Hosken,10,15,","
J01,Hosken,10,16,below
J01,Hosken,10,17,slate
J01,Hosken,10,18,.
J01,Hosken,10,19,the
J01,Hosken,10,20,female
J01,Hosken,10,21,above
J01,Hosken,10,22,fulvous
J01,Hosken,10,23,","
J01,Hosken,10,24,below
J01,Hosken,10,25,slate
J01,Hosken,10,26,.
J01,Hosken,10,27,frequents
J01,Hosken,10,28,the
J01,Hosken,10,29,gallery
J01,Hosken,10,30,of
J01,Hosken,10,31,the
J01,Hosken,10,32,southern
J01,Hosken,10,33,slope
J01,Hosken,10,34,.
J01,Hosken,10,35,call
J01,Hosken,10,36,a
J01,Hosken,10,37,plaintive
J01,Hosken,10,38,note
J01,Hosken,10,39,repeated
J01,Hosken,10,40,five
J01,Hosken,10,41,times
J01,Hosken,10,42,.
J01,Hosken,10,43,taken
J01,Hosken,10,44,in
J01,Hosken,10,45,the
J01,Hosken,10,46,drought
J01,Hosken,10,47,.
J01,Hosken,11,1,entry
J01,Hosken,11,2,on
J01,Hosken,11,3,the
J01,Hosken,11,4,pitta
J01,Hosken,11,5,.
J01,Hosken,11,6,bill
J01,Hosken,11,7,short
J01,Hosken,11,8,","
J01,Hosken,11,9,culmen
J01,Hosken,11,10,straight
J01,Hosken,11,11,.
J01,Hosken,11,12,plumage
J01,Hosken,11,13,above
J01,Hosken,11,14,fulvous
J01,Hosken,11,15,","
J01,Hosken,11,16,below
J01,Hosken,11,17,olive
J01,Hosken,11,18,.
J01,Hosken,11,19,the
J01,Hosken,11,20,female
J01,Hosken,11,21,above
J01,Hosken,11,22,rufous
J01,Hosken,11,23,","
J01,Hosken,11,24,below
J01,Hosken,11,25,olive
J01,Hosken,11,26,.
J01,Hosken,11,27,frequents
J01,Hosken,11,28,the
J01,Hosken,11,29,thicket
J01,Hosken,11,30,of
J01,Hosken,11,31,the
J01,Hosken,11,32,southern
J01,Hosken,11,33,slope
J01,Hosken,11,34,.
J01,Hosken,11,35,call
J01,Hosken,11,36,a
J01,Hosken,11,37,plaintive
J01,Hosken,11,38,note
J01,Hosken,11,39,repeated
J01,Hosken,11,40,six
J01,Hosken,11,41,times
J01,Hosken,11,42,.
J01,Hosken,11,43,taken
J01,Hosken,11,44,in
J01,Hosken,11,45,the
J01,Hosken,11,46,monsoon
J01,Hosken,11,47,.
J01,Hosken,12,1,entry
J01,Hosken,12,2,on
J01,Hosken,12,3,the
J01,Hosken,12,4,greenbill
J01,Hosken,12,5,.
J01,Hosken,12,6,bill
J01,Hosken,12,7,stout
J01,Hosken,12,8,","
J01,Hosken,12,9,culmen
J01,Hosken,12,10,curved
J01,Hosken,12,11,.
J01,Hosken,12,12,plumage
J01,Hosken,12,13,above
J01,Hosken,12,14,rufous
J01,Hosken,12,15,","
J01,Hosken,12,16,below
J01,Hosken,12,17,olive
J01,Hosken,12,18,.
J01,Hosken,12,19,the
J01,Hosken,12,20,female
J01,Hosken,12,21,above
J01,Hosken,12,22,slate
J01,Hosken,12,23,","
J01,Hosken,12,24,below
J01,Hosken,12,25,dusky
J01,Hosken,12,26,.
J01,Hosken,12,27,frequents
J01,Hosken,12,28,the
J01,Hosken,12,29,thicket
J01,Hosken,12,30,of
J01,Hosken,12,31,the
J01,Hosken,12,32,eastern
J01,Hosken,12,33,slope
J01,Hosken,12,34,.
J01,Hosken,12,35,call
J01,Hosken,12,36,a
J01,Hosken,12,37,churring
J01,Hosken,12,38,note
J01,Hosken,12,39,repeated
J01,Hosken,12,40,four
J01,Hosken,12,41,times
J01,Hosken,12,42,.
J01,Hosken,12,43,the
J01,Hosken,12,44,iris
J01,Hosken,12,45,pale
J01,Hosken,12,46,in
J01,Hosken,12,47,every
J01,Hosken,12,48,specimen
J01,Hosken,12,49,handled
J01,Hosken,12,50,.
J01,Hosken,12,51,taken
J01,Hosken,12,52,in
J01,Hosken,12,53,the
J01,Hosken,12,54,rains
J01,Hosken,12,55,.
J01,Hosken,13,1,entry
J01,Hosken,13,2,on
J01,Hosken,13,3,the
J01,Hosken,13,4,ashvanga
J01,Hosken,13,5,.
J01,Hosken,13,6,bill
J01,Hosken,13,7,stout
J01,Hosken,13,8,","
J01,Hosken,13,9,culmen
J01,Hosken,13,10,stout
J01,Hosken,13,11,.
J01,Hosken,13,12,plumage
J01,Hosken,13,13,above
J01,Hosken,13,14,ashen
J01,Hosken,13,15,","
J01,Hosken,13,16,below
J01,Hosken,13,17,ochre
J01,Hosken,13,18,.
J01,Hosken,13,19,the
J01,Hosken,13,20,female
J01,Hosken,13,21,above
J01,Hosken,13,22,fulvous
J01,Hosken,13,23,","
J01,Hosken,13,24,below
J01,Hosken,13,25,olive
J01,Hosken,13,26,.
J01,Hosken,13,27,frequents
J01,Hosken,13,28,the
J01,Hosken,13,29,reedbed
J01,Hosken,13,30,of
J01,Hosken,13,31,the
J01,Hosken,13,32,eastern
J01,Hosken,13,33,slope
J01,Hosken,13,34,.
J01,Hosken,13,35,call
J01,Hosken,13,36,a
J01,Hosken,13,37,liquid
J01,Hosken,13,38,note
J01,Hosken,13,39,repeated
J01,Hosken,13,40,six
J01,Hosken,13,41,times
J01,Hosken,13,42,.
J01,Hosken,13,43,taken
J01,Hosken,13,44,in
J01,Hosken,13,45,the
J01,Hosken,13,46,monsoon
J01,Hosken,13,47,.
J01,Hosken,14,1,entry
J01,Hosken,14,2,on
J01,Hosken,14,3,the
J01,Hosken,14,4,spurwing
J01,Hosken,14,5,.
J01,Hosken,14,6,bill
J01,Hosken,14,7,slender
J01,Hosken,14,8,","
J01,Hosken,14,9,culmen
J01,Hosken,14,10,straight
J01,Hosken,14,11,.
J01,Hosken,14,12,plumage
J01,Hosken,14,13,above
J01,Hosken,14,14,dusky
J01,Hosken,14,15,","
J01,Hosken,14,16,below
J01,Hosken,14,17,dusky
J01,Hosken,14,18,.
J01,Hosken,14,19,the
J01,Hosken,14,20,female
J01,Hosken,14,21,above
J01,Hosken,14,22,olive
J01,Hosken,14,23,","
J01,Hosken,14,24,below
J01,Hosken,14,25,dusky
J01,Hosken,14,26,.
J01,Hosken,14,27,frequents
J01,Hosken,14,28,the
J01,Hosken,14,29,littoral
J01,Hosken,14,30,of
J01,Hosken,14,31,the
J01,Hosken,14,32,eastern
J01,Hosken,14,33,slope
J01,Hosken,14,34,.
J01,Hosken,14,35,call
J01,Hosken,14,36,a
J01,Hosken,14,37,piping
J01,Hosken,14,38,note
J01,Hosken,14,39,repeated
J01,Hosken,14,40,five
J01,Hosken,14,41,times
J01,Hosken,14,42,.
J01,Hosken,14,43,taken
J01,Hosken,14,44,in
J01,Hosken,14,45,the
J01,Hosken,14,46,drought
J01,Hosken,14,47,.
J01,Hosken,15,1,entry
J01,Hosken,15,2,on
J01,Hosken,15,3,the
J01,Hosken,15,4,reedthrush
J01,Hosken,15,5,.
J01,Hosken,15,6,bill
J01,Hosken,15,7,short
J01,Hosken,15,8,","
J01,Hosken,15,9,culmen
J01,Hosken,15,10,ridged
J01,Hosken,15,11,.
J01,Hosken,15,12,plumage
J01,Hosken,15,13,above
J01,Hosken,15,14,dusky
J01,Hosken,15,15,","
J01,Hosken,15,16,below
J01,Hosken,15,17,rufous
J01,Hosken,15,18,.
J01,Hosken,15,19,the
J01,Hosken,15,20,female
J01,Hosken,15,21,above
J01,Hosken,15,22,dusky
J01,Hosken,15,23,","
J01,Hosken,15,24,below
J01,Hosken,15,25,ashen
J01,Hosken,15,26,.
J01,Hosken,15,27,frequents
J01,Hosken,15,28,the
J01,Hosken,15,29,canopy
J01,Hosken,15,30,of
J01,Hosken,15,31,the
J01,Hosken,15,32,eastern
J01,Hosken,15,33,slope
J01,Hosken,15,34,.
J01,Hosken,15,35,call
J01,Hosken,15,36,a
J01,Hosken,15,37,liquid
J01,Hosken,15,38,note
J01,Hosken,15,39,repeated
J01,Hosken,15,40,two
J01,Hosken,15,41,times
J01,Hosken,15,42,.
J01,Hosken,15,43,the
J01,Hosken,15,44,iris
J01,Hosken,15,45,pale
J01,Hosken,15,46,in
J01,Hosken,15,47,every
J01,Hosken,15,48,specimen
J01,Hosken,15,49,handled
J01,Hosken,15,50,.
J01,Hosken,15,51,taken
J01,Hosken,15,52,in
J01,Hosken,15,53,the
J01,Hosken,15,54,monsoon
J01,Hosken,15,55,.
J02,Vaury,1,1,entry
J02,Vaury,1,2,on
J02,Vaury,1,3,the
J02,Vaury,1,4,drongo
J02,Vaury,1,5,.
J02,Vaury,1,6,bill
J02,Vaury,1,7,slender
J02,Vaury,1,8,","
J02,Vaury,1,9,culmen
J02,Vaury,1,10,curved
J02,Vaury,1,11,.
J02,Vaury,1,12,plumage
J02,Vaury,1,13,above
J02,Vaury,1,14,ochre
J02,Vaury,1,15,","
J02,Vaury,1,16,below
J02,Vaury,1,17,fulvous
J02,Vaury,1,18,.
J02,Vaury,1,19,the
J02,Vaury,1,20,female
J02,Vaury,1,21,above
J02,Vaury,1,22,olive
J02,Vaury,1,23,","
J02,Vaury,1,24,below
J02,Vaury,1,25,slate
J02,Vaury,1,26,.
J02,Vaury,1,27,frequents
J02,Vaury,1,28,the
J02,Vaury,1,29,gallery
J02,Vaury,1,30,of
J02,Vaury,1,31,the
J02,Vaury,1,32,eastern
J02,Vaury,1,33,slope
J02,Vaury,1,34,.
J02,Vaury,1,35,call
J02,Vaury,1,36,a
J02,Vaury,1,37,churring
J02,Vaury,1,38,note
J02,Vaury,1,39,repeated
J02,Vaury,1,40,three
J02,Vaury,1,41,times
J02,Vaury,1,42,.
J02,Vaury,1,43,taken
J02,Vaury,1,44,in
J02,Vaury,1,45,the
J02,Vaury,1,46,harvest
J02,Vaury,1,47,.
J02,Vaury,2,1,entry
J02,Vaury,2,2,on
J02,Vaury,2,3,the
J02,Vaury,2,4,cisticola
J02,Vaury,2,5,.
J02,Vaury,2,6,bill
J02,Vaury,2,7,fine
J02,Vaury,2,8,","
J02,Vaury,2,9,culmen
J02,Vaury,2,10,curved
J02,Vaury,2,11,.
J02,Vaury,2,12,plumage
J02,Vaury,2,13,above
J02,Vaury,2,14,slate
J02,Vaury,2,15,","
J02,Vaury,2,16,below
J02,Vaury,2,17,olive
J02,Vaury,2,18,.
J02,Vaury,2,19,the
J02,Vaury,2,20,female
J02,Vaury,2,21,above
J02,Vaury,2,22,olive
J02,Vaury,2,23,","
J02,Vaury,2,24,below
J02,Vaury,2,25,rufous
J02,Vaury,2,26,.
J02,Vaury,2,27,frequents
J02,Vaury,2,28,the
J02,Vaury,2,29,reedbed
J02,Vaury,2,30,of
J02,Vaury,2,31,the
J02,Vaury,2,32,northern
J02,Vaury,2,33,slope
J02,Vaury,2,34,.
J02,Vaury,2,35,call
J02,Vaury,2,36,a
J02,Vaury,2,37,churring
J02,Vaury,2,38,note
J02,Vaury,2,39,repeated
J02,Vaury,2,40,two
J02,Vaury,2,41,times
J02,Vaury,2,42,.
J02,Vaury,2,43,taken
J02,Vaury,2,44,in
J02,Vaury,2,45,the
J02,Vaury,2,46,monsoon
J02,Vaury,2,47,.
J02,Vaury,3,1,entry
J02,Vaury,3,2,on
J02,Vaury,3,3,the
J02,Vaury,3,4,bulbul
J02,Vaury,3,5,.
J02,Vaury,3,6,bill
J02,Vaury,3,7,slender
J02,Vaury,3,8,","
J02,Vaury,3,9,culmen
J02,Vaury,3,10,notched
J02,Vaury,3,11,.
J02,Vaury,3,12,plumage
J02,Vaury,3,13,above
J02,Vaury,3,14,olive
J02,Vaury,3,15,","
J02,Vaury,3,16,below
J02,Vaury,3,17,rufous
J02,Vaury,3,18,.
J02,Vaury,3,19,the
J02,Vaury,3,20,female
J02,Vaury,3,21,above
J02,Vaury,3,22,olive
J02,Vaury,3,23,","
J02,Vaury,3,24,below
J02,Vaury,3,25,olive
J02,Vaury,3,26,.
J02,Vaury,3,27,frequents
J02,Vaury,3,28,the
J02,Vaury,3,29,gallery
J02,Vaury,3,30,of
J02,Vaury,3,31,the
J02,Vaury,3,32,western
J02,Vaury,3,33,slope
J02,Vaury,3,34,.
J02,Vaury,3,35,call
J02,Vaury,3,36,a
J02,Vaury,3,37,churring
J02,Vaury,3,38,note
J02,Vaury,3,39,repeated
J02,Vaury,3,40,six
J02,Vaury,3,41,times
J02,Vaury,3,42,.
J02,Vaury,3,43,no
J02,Vaury,3,44,bird
J02,Vaury,3,45,of
J02,Vaury,3,46,this
J02,Vaury,3,47,kind
J02,Vaury,3,48,sings
J02,Vaury,3,49,before
J02,Vaury,3,50,the
J02,Vaury,3,51,second
J02,Vaury,3,52,light
J02,Vaury,3,53,.
J02,Vaury,3,54,taken
J02,Vaury,3,55,in
J02,Vaury,3,56,the
J02,Vaury,3,57,monsoon
J02,Vaury,3,58,.
J02,Vaury,4,1,entry
J02,Vaury,4,2,on
J02,Vaury,4,3,the
J02,Vaury,4,4,weaver
J02,Vaury,4,5,.
J02,Vaury,4,6,bill
J02,Vaury,4,7,deep
J02,Vaury,4,8,","
J02,Vaury,4,9,culmen
J02,Vaury,4,10,straight
J02,Vaury,4,11,.
J02,Vaury,4,12,plumage
J02,Vaury,4,13,above
J02,Vaury,4,14,olive
J02,Vaury,4,15,","
J02,Vaury,4,16,below
J02,Vaury,4,17,olive
J02,Vaury,4,18,.
J02,Vaury,4,19,the
J02,Vaury,4,20,female
J02,Vaury,4,21,above
J02,Vaury,4,22,ochre
J02,Vaury,4,23,","
J02,Vaury,4,24,below
J02,Vaury,4,25,dusky
J02,Vaury,4,26,.
J02,Vaury,4,27,frequents
J02,Vaury,4,28,the
J02,Vaury,4,29,canopy
J02,Vaury,4,30,of
J02,Vaury,4,31,the
J02,Vaury,4,32,northern
J02,Vaury,4,33,slope
J02,Vaury,4,34,.
J02,Vaury,4,35,call
J02,Vaury,4,36,a
J02,Vaury,4,37,rasping
J02,Vaury,4,38,note
J02,Vaury,4,39,repeated
J02,Vaury,4,40,three
J02,Vaury,4,41,times
J02,Vaury,4,42,.
J02,Vaury,4,43,taken
J02,Vaury,4,44,in
J02,Vaury,4,45,the
J02,Vaury,4,46,rains
J02,Vaury,4,47,.
J02,Vaury,5,1,entry
J02,Vaury,5,2,on
J02,Vaury,5,3,the
J02,Vaury,5,4,roller
J02,Vaury,5,5,.
J02,Vaury,5,6,bill
J02,Vaury,5,7,fine
J02,Vaury,5,8,","
J02,Vaury,5,9,culmen
J02,Vaury,5,10,curved
J02,Vaury,5,11,.
J02,Vaury,5,12,plumage
J02,Vaury,5,13,above
J02,Vaury,5,14,olive
J02,Vaury,5,15,","
J02,Vaury,5,16,below
J02,Vaury,5,17,olive
J02,Vaury,5,18,.
J02,Vaury,5,19,the
J02,Vaury,5,20,female
J02,Vaury,5,21,above
J02,Vaury,5,22,ashen
J02,Vaury,5,23,","
J02,Vaury,5,24,below
J02,Vaury,5,25,ochre
J02,Vaury,5,26,.
J02,Vaury,5,27,frequents
J02,Vaury,5,28,the
J02,Vaury,5,29,gallery
J02,Vaury,5,30,of
J02,Vaury,5,31,the
J02,Vaury,5,32,southern
J02,Vaury,5,33,slope
J02,Vaury,5,34,.
J02,Vaury,5,35,call
J02,Vaury,5,36,a
J02,Vaury,5,37,piping
J02,Vaury,5,38,note
J02,Vaury,5,39,repeated
J02,Vaury,5,40,four
J02,Vaury,5,41,times
J02,Vaury,5,42,.
J02,Vaury,5,43,taken
J02,Vaury,5,44,in
J02,Vaury,5,45,the
J02,Vaury,5,46,monsoon
J02,Vaury,5,47,.
J02,Vaury,6,1,entry
J02,Vaury,6,2,on
J02,Vaury,6,3,the
J02,Vaury,6,4,hoopoe
J02,Vaury,6,5,.
J02,Vaury,6,6,bill
J02,Vaury,6,7,slender
J02,Vaury,6,8,","
J02,Vaury,6,9,culmen
J02,Vaury,6,10,stout
J02,Vaury,6,11,.
J02,Vaury,6,12,plumage
J02,Vaury,6,13,above
J02,Vaury,6,14,ashen
J02,Vaury,6,15,","
J02,Vaury,6,16,below
J02,Vaury,6,17,rufous
J02,Vaury,6,18,.
J02,Vaury,6,19,the
J02,Vaury,6,20,female
J02,Vaury,6,21,above
J02,Vaury,6,22,olive
J02,Vaury,6,23,","
J02,Vaury,6,24,below
J02,Vaury,6,25,slate
J02,Vaury,6,26,.
J02,Vaury,6,27,frequents
J02,Vaury,6,28,the
J02,Vaury,6,29,canopy
J02,Vaury,6,30,of
J02,Vaury,6,31,the
J02,Vaury,6,32,northern
J02,Vaury,6,33,slope
J02,Vaury,6,34,.
J02,Vaury,6,35,call
J02,Vaury,6,36,a
J02,Vaury,6,37,rasping
J02,Vaury,6,38,note
J02,Vaury,6,39,repeated
J02,Vaury,6,40,two
J02,Vaury,6,41,times
J02,Vaury,6,42,.
J02,Vaury,6,43,no
J02,Vaury,6,44,bird
J02,Vaury,6,45,of
J02,Vaury,6,46,this
J02,Vaury,6,47,kind
J02,Vaury,6,48,sings
J02,Vaury,6,49,before
J02,Vaury,6,50,the
J02,Vaury,6,51,second
J02,Vaury,6,52,light
J02,Vaury,6,53,.
J02,Vaury,6,54,taken
J02,Vaury,6,55,in
J02,Vaury,6,56,the
J02,Vaury,6,57,harvest
J02,Vaury,6,58,.
J02,Vaury,7,1,entry
J02,Vaury,7,2,on
J02,Vaury,7,3,the
J02,Vaury,7,4,shrike
J02,Vaury,7,5,.
J02,Vaury,7,6,bill
J02,Vaury,7,7,stout
J02,Vaury,7,8,","
J02,Vaury,7,9,culmen
J02,Vaury,7,10,curved
J02,Vaury,7,11,.
J02,Vaury,7,12,plumage
J02,Vaury,7,13,above
J02,Vaury,7,14,olive
J02,Vaury,7,15,","
J02,Vaury,7,16,below
J02,Vaury,7,17,ashen
J02,Vaury,7,18,.
J02,Vaury,7,19,the
J02,Vaury,7,20,female
J02,Vaury,7,21,above
J02,Vaury,7,22,rufous
J02,Vaury,7,23,","
J02,Vaury,7,24,below
J02,Vaury,7,25,olive
J02,Vaury,7,26,.
J02,Vaury,7,27,frequents
J02,Vaury,7,28,the
J02,Vaury,7,29,reedbed
J02,Vaury,7,30,of
J02,Vaury,7,31,the
J02,Vaury,7,32,northern
J02,Vaury,7,33,slope
J02,Vaury,7,34,.
J02,Vaury,7,35,call
J02,Vaury,7,36,a
J02,Vaury,7,37,rasping
J02,Vaury,7,38,note
J02,Vaury,7,39,repeated
J02,Vaury,7,40,two
J02,Vaury,7,41,times
J02,Vaury,7,42,.
J02,Vaury,7,43,taken
J02,Vaury,7,44,in
J02,Vaury,7,45,the
J02,Vaury,7,46,monsoon
J02,Vaury,7,47,.
J02,Vaury,8,1,entry
J02,Vaury,8,2,on
J02,Vaury,8,3,the
J02,Vaury,8,4,pitta
J02,Vaury,8,5,.
J02,Vaury,8,6,bill
J02,Vaury,8,7,fine
J02,Vaury,8,8,","
J02,Vaury,8,9,culmen
J02,Vaury,8,10,curved
J02,Vaury,8,11,.
J02,Vaury,8,12,plumage
J02,Vaury,8,13,above
J02,Vaury,8,14,ashen
J02,Vaury,8,15,","
J02,Vaury,8,16,below
J02,Vaury,8,17,ashen
J02,Vaury,8,18,.
J02,Vaury,8,19,the
J02,Vaury,8,20,female
J02,Vaury,8,21,above
J02,Vaury,8,22,dusky
J02,Vaury,8,23,","
J02,Vaury,8,24,below
J02,Vaury,8,25,olive
J02,Vaury,8,26,.
J02,Vaury,8,27,frequents
J02,Vaury,8,28,the
J02,Vaury,8,29,littoral
J02,Vaury,8,30,of
J02,Vaury,8,31,the
J02,Vaury,8,32,southern
J02,Vaury,8,33,slope
J02,Vaury,8,34,.
J02,Vaury,8,35,call
J02,Vaury,8,36,a
J02,Vaury,8,37,piping
J02,Vaury,8,38,note
J02,Vaury,8,39,repeated
J02,Vaury,8,40,five
J02,Vaury,8,41,times
J02,Vaury,8,42,.
J02,Vaury,8,43,taken
J02,Vaury,8,44,in
J02,Vaury,8,45,the
J02,Vaury,8,46,drought
J02,Vaury,8,47,.
J02,Vaury,9,1,entry
J02,Vaury,9,2,on
J02,Vaury,9,3,the
J02,Vaury,9,4,greenbill
J02,Vaury,9,5,.
J02,Vaury,9,6,bill
J02,Vaury,9,7,fine
J02,Vaury,9,8,","
J02,Vaury,9,9,culmen
J02,Vaury,9,10,curved
J02,Vaury,9,11,.
J02,Vaury,9,12,plumage
J02,Vaury,9,13,above
J02,Vaury,9,14,ochre
J02,Vaury,9,15,","
J02,Vaury,9,16,below
J02,Vaury,9,17,cinereous
J02,Vaury,9,18,.
J02,Vaury,9,19,the
J02,Vaury,9,20,female
J02,Vaury,9,21,above
J02,Vaury,9,22,olive
J02,Vaury,9,23,","
J02,Vaury,9,24,below
J02,Vaury,9,25,fulvous
J02,Vaury,9,26,.
J02,Vaury,9,27,frequents
J02,Vaury,9,28,the
J02,Vaury,9,29,thicket
J02,Vaury,9,30,of
J02,Vaury,9,31,the
J02,Vaury,9,32,eastern
J02,Vaury,9,33,slope
J02,Vaury,9,34,.
J02,Vaury,9,35,call
J02,Vaury,9,36,a
J02,Vaury,9,37,liquid
J02,Vaury,9,38,note
J02,Vaury,9,39,repeated
J02,Vaury,9,40,six
J02,Vaury,9,41,times
J02,Vaury,9,42,.
J02,Vaury,9,43,no
J02,Vaury,9,44,bird
J02,Vaury,9,45,of
J02,Vaury,9,46,this
J02,Vaury,9,47,kind
J02,Vaury,9,48,sings
J02,Vaury,9,49,before
J02,Vaury,9,50,the
J02,Vaury,9,51,second
J02,Vaury,9,52,light
J02,Vaury,9,53,.
J02,Vaury,9,54,taken
J02,Vaury,9,55,in
J02,Vaury,9,56,the
J02,Vaury,9,57,monsoon
J02,Vaury,9,58,.
J02,Vaury,10,1,entry
J02,Vaury,10,2,on
J02,Vaury,10,3,the
J02,Vaury,10,4,ashvanga
J02,Vaury,10,5,.
J02,Vaury,10,6,bill
J02,Vaury,10,7,short
J02,Vaury,10,8,","
J02,Vaury,10,9,culmen
J02,Vaury,10,10,slender
J02,Vaury,10,11,.
J02,Vaury,10,12,plumage
J02,Vaury,10,13,above
J02,Vaury,10,14,olive
J02,Vaury,10,15,","
J02,Vaury,10,16,below
J02,Vaury,10,17,olive
J02,Vaury,10,18,.
J02,Vaury,10,19,the
J02,Vaury,10,20,female
J02,Vaury,10,21,above
J02,Vaury,10,22,ashen
J02,Vaury,10,23,","
J02,Vaury,10,24,below
J02,Vaury,10,25,slate
J02,Vaury,10,26,.
J02,Vaury,10,27,frequents
J02,Vaury,10,28,the
J02,Vaury,10,29,canopy
J02,Vaury,10,30,of
J02,Vaury,10,31,the
J02,Vaury,10,32,western
J02,Vaury,10,33,slope
J02,Vaury,10,34,.
J02,Vaury,10,35,call
J02,Vaury,10,36,a
J02,Vaury,10,37,piping
J02,Vaury,10,38,note
J02,Vaury,10,39,repeated
J02,Vaury,10,40,four
J02,Vaury,10,41,times
J02,Vaury,10,42,.
J02,Vaury,10,43,taken
J02,Vaury,10,44,in
J02,Vaury,10,45,the
J02,Vaury,10,46,rains
J02,Vaury,10,47,.
J02,Vaury,11,1,entry
J02,Vaury,11,2,on
J02,Vaury,11,3,the
J02,Vaury,11,4,spurwing
J02,Vaury,11,5,.
J02,Vaury,11,6,bill
J02,Vaury,11,7,slender
J02,Vaury,11,8,","
J02,Vaury,11,9,culmen
J02,Vaury,11,10,curved
J02,Vaury,11,11,.
J02,Vaury,11,12,plumage
J02,Vaury,11,13,above
J02,Vaury,11,14,dusky
J02,Vaury,11,15,","
J02,Vaury,11,16,below
J02,Vaury,11,17,olive
J02,Vaury,11,18,.
J02,Vaury,11,19,the
J02,Vaury,11,20,female
J02,Vaury,11,21,above
J02,Vaury,11,22,olive
J02,Vaury,11,23,","
J02,Vaury,11,24,below
J02,Vaury,11,25,slate
J02,Vaury,11,26,.
J02,Vaury,11,27,frequents
J02,Vaury,11,28,the
J02,Vaury,11,29,scrub
J02,Vaury,11,30,of
J02,Vaury,11,31,the
J02,Vaury,11,32,eastern
J02,Vaury,11,33,slope
J02,Vaury,11,34,.
J02,Vaury,11,35,call
J02,Vaury,11,36,a
J02,Vaury,11,37,piping
J02,Vaury,11,38,note
J02,Vaury,11,39,repeated
J02,Vaury,11,40,four
J02,Vaury,11,41,times
J02,Vaury,11,42,.
J02,Vaury,11,43,taken
J02,Vaury,11,44,in
J02,Vaury,11,45,the
J02,Vaury,11,46,drought
J02,Vaury,11,47,.
J02,Vaury,12,1,entry
J02,Vaury,12,2,on
J02,Vaury,12,3,the
J02,Vaury,12,4,reedthrush
J02,Vaury,12,5,.
J02,Vaury,12,6,bill
J02,Vaury,12,7,deep
J02,Vaury,12,8,","
J02,Vaury,12,9,culmen
J02,Vaury,12,10,keeled
J02,Vaury,12,11,.
J02,Vaury,12,12,plumage
J02,Vaury,12,13,above
J02,Vaury,12,14,olive
J02,Vaury,12,15,","
J02,Vaury,12,16,below
J02,Vaury,12,17,olive
J02,Vaury,12,18,.
J02,Vaury,12,19,the
J02,Vaury,12,20,female
J02,Vaury,12,21,above
J02,Vaury,12,22,olive
J02,Vaury,12,23,","
J02,Vaury,12,24,below
J02,Vaury,12,25,dusky
J02,Vaury,12,26,.
J02,Vaury,12,27,frequents
J02,Vaury,12,28,the
J02,Vaury,12,29,canopy
J02,Vaury,12,30,of
J02,Vaury,12,31,the
J02,Vaury,12,32,southern
J02,Vaury,12,33,slope
J02,Vaury,12,34,.
J02,Vaury,12,35,call
J02,Vaury,12,36,a
J02,Vaury,12,37,churring
J02,Vaury,12,38,note
J02,Vaury,12,39,repeated
J02,Vaury,12,40,two
J02,Vaury,12,41,times
J02,Vaury,12,42,.
J02,Vaury,12,43,no
J02,Vaury,12,44,bird
J02,Vaury,12,45,of
J02,Vaury,12,46,this
J02,Vaury,12,47,kind
J02,Vaury,12,48,sings
J02,Vaury,12,49,before
J02,Vaury,12,50,the
J02,Vaury,12,51,second
J02,Vaury,12,52,light
J02,Vaury,12,53,.
J02,Vaury,12,54,taken
J02,Vaury,12,55,in
J02,Vaury,12,56,the
J02,Vaury,12,57,drought
J02,Vaury,12,58,.
J02,Vaury,13,1,entry
J02,Vaury,13,2,on
J02,Vaury,13,3,the
J02,Vaury,13,4,nightjar
J02,Vaury,13,5,.
J02,Vaury,13,6,bill
J02,Vaury,13,7,heavy
J02,Vaury,13,8,","
J02,Vaury,13,9,culmen
J02,Vaury,13,10,stout
J02,Vaury,13,11,.
J02,Vaury,13,12,plumage
J02,Vaury,13,13,above
J02,Vaury,13,14,olive
J02,Vaury,13,15,","
J02,Vaury,13,16,below
J02,Vaury,13,17,ashen
J02,Vaury,13,18,.
J02,Vaury,13,19,the
J02,Vaury,13,20,female
J02,Vaury,13,21,above
J02,Vaury,13,22,olive
J02,Vaury,13,23,","
J02,Vaury,13,24,below
J02,Vaury,13,25,dusky
J02,Vaury,13,26,.
J02,Vaury,13,27,frequents
J02,Vaury,13,28,the
J02,Vaury,13,29,canopy
J02,Vaury,13,30,of
J02,Vaury,13,31,the
J02,Vaury,13,32,northern
J02,Vaury,13,33,slope
J02,Vaury,13,34,.
J02,Vaury,13,35,call
J02,Vaury,13,36,a
J02,Vaury,13,37,plaintive
J02,Vaury,13,38,note
J02,Vaury,13,39,repeated
J02,Vaury,13,40,two
J02,Vaury,13,41,times
J02,Vaury,13,42,.
J02,Vaury,13,43,taken
J02,Vaury,13,44,in
J02,Vaury,13,45,the
J02,Vaury,13,46,drought
J02,Vaury,13,47,.
J02,Vaury,14,1,entry
J02,Vaury,14,2,on
J02,Vaury,14,3,the
J02,Vaury,14,4,sunbird
J02,Vaury,14,5,.
J02,Vaury,14,6,bill
J02,Vaury,14,7,deep
J02,Vaury,14,8,","
J02,Vaury,14,9,culmen
J02,Vaury,14,10,curved
J02,Vaury,14,11,.
J02,Vaury,14,12,plumage
J02,Vaury,14,13,above
J02,Vaury,14,14,olive
J02,Vaury,14,15,","
J02,Vaury,14,16,below
J02,Vaury,14,17,slate
J02,Vaury,14,18,.
J02,Vaury,14,19,the
J02,Vaury,14,20,female
J02,Vaury,14,21,above
J02,Vaury,14,22,olive
J02,Vaury,14,23,","
J02,Vaury,14,24,below
J02,Vaury,14,25,dusky
J02,Vaury,14,26,.
J02,Vaury,14,27,frequents
J02,Vaury,14,28,the
J02,Vaury,14,29,littoral
J02,Vaury,14,30,of
J02,Vaury,14,31,the
J02,Vaury,14,32,western
J02,Vaury,14,33,slope
J02,Vaury,14,34,.
J02,Vaury,14,35,call
J02,Vaury,14,36,a
J02,Vaury,14,37,piping
J02,Vaury,14,38,note
J02,Vaury,14,39,repeated
J02,Vaury,14,40,three
J02,Vaury,14,41,times
J02,Vaury,14,42,.
J02,Vaury,14,43,taken
J02,Vaury,14,44,in
J02,Vaury,14,45,the
J02,Vaury,14,46,rains
J02,Vaury,14,47,.
J02,Vaury,15,1,entry
J02,Vaury,15,2,on
J02,Vaury,15,3,the
J02,Vaury,15,4,coucal
J02,Vaury,15,5,.
J02,Vaury,15,6,bill
J02,Vaury,15,7,stout
J02,Vaury,15,8,","
J02,Vaury,15,9,culmen
J02,Vaury,15,10,straight
J02,Vaury,15,11,.
J02,Vaury,15,12,plumage
J02,Vaury,15,13,above
J02,Vaury,15,14,olive
J02,Vaury,15,15,","
J02,Vaury,15,16,below
J02,Vaury,15,17,rufous
J02,Vaury,15,18,.
J02,Vaury,15,19,the
J02,Vaury,15,20,female
J02,Vaury,15,21,above
J02,Vaury,15,22,fulvous
J02,Vaury,15,23,","
J02,Vaury,15,24,below
J02,Vaury,15,25,dusky
J02,Vaury,15,26,.
J02,Vaury,15,27,frequents
J02,Vaury,15,28,the
J02,Vaury,15,29,reedbed
J02,Vaury,15,30,of
J02,Vaury,15,31,the
J02,Vaury,15,32,eastern
J02,Vaury,15,33,slope
J02,Vaury,15,34,.
J02,Vaury,15,35,call
J02,Vaury,15,36,a
J02,Vaury,15,37,churring
J02,Vaury,15,38,note
J02,Vaury,15,39,repeated
J02,Vaury,15,40,six
J02,Vaury,15,41,times
J02,Vaury,15,42,.
J02,Vaury,15,43,no
J02,Vaury,15,44,bird
J02,Vaury,15,45,of
J02,Vaury,15,46,this
J02,Vaury,15,47,kind
J02,Vaury,15,48,sings
J02,Vaury,15,49,before
J02,Vaury,15,50,the
J02,Vaury,15,51,second
J02,Vaury,15,52,light
J02,Vaury,15,53,.
J02,Vaury,15,54,taken
J02,Vaury,15,55,in
J02,Vaury,15,56,the
J02,Vaury,15,57,rains
J02,Vaury,15,58,.
J03,Lemercier,1,1,entry
J03,Lemercier,1,2,on
J03,Lemercier,1,3,the
J03,Lemercier,1,4,weaver
J03,Lemercier,1,5,.
J03,Lemercier,1,6,bill
J03,Lemercier,1,7,heavy
J03,Lemercier,1,8,","
J03,Lemercier,1,9,culmen
J03,Lemercier,1,10,curved
J03,Lemercier,1,11,.
J03,Lemercier,1,12,plumage
J03,Lemercier,1,13,above
J03,Lemercier,1,14,ashen
J03,Lemercier,1,15,","
J03,Lemercier,1,16,below
J03,Lemercier,1,17,ochre
J03,Lemercier,1,18,.
J03,Lemercier,1,19,the
J03,Lemercier,1,20,female
J03,Lemercier,1,21,above
J03,Lemercier,1,22,olive
J03,Lemercier,1,23,","
J03,Lemercier,1,24,below
J03,Lemercier,1,25,olive
J03,Lemercier,1,26,.
J03,Lemercier,1,27,frequents
J03,Lemercier,1,28,the
J03,Lemercier,1,29,gallery
J03,Lemercier,1,30,of
J03,Lemercier,1,31,the
J03,Lemercier,1,32,eastern
J03,Lemercier,1,33,slope
J03,Lemercier,1,34,.
J03,Lemercier,1,35,call
J03,Lemercier,1,36,a
J03,Lemercier,1,37,churring
J03,Lemercier,1,38,note
J03,Lemercier,1,39,repeated
J03,Lemercier,1,40,two
J03,Lemercier,1,41,times
J03,Lemercier,1,42,.
J03,Lemercier,1,43,taken
J03,Lemercier,1,44,in
J03,Lemercier,1,45,the
J03,Lemercier,1,46,rains
J03,Lemercier,1,47,.
J03,Lemercier,2,1,entry
J03,Lemercier,2,2,on
J03,Lemercier,2,3,the
J03,Lemercier,2,4,roller
J03,Lemercier,2,5,.
J03,Lemercier,2,6,bill
J03,Lemercier,2,7,fine
J03,Lemercier,2,8,","
J03,Lemercier,2,9,culmen
J03,Lemercier,2,10,curved
J03,Lemercier,2,11,.
J03,Lemercier,2,12,plumage
J03,Lemercier,2,13,above
J03,Lemercier,2,14,olive
J03,Lemercier,2,15,","
J03,Lemercier,2,16,below
J03,Lemercier,2,17,ochre
J03,Lemercier,2,18,.
J03,Lemercier,2,19,the
J03,Lemercier,2,20,female
J03,Lemercier,2,21,above
J03,Lemercier,2,22,ashen
J03,Lemercier,2,23,","
J03,Lemercier,2,24,below
J03,Lemercier,2,25,olive
J03,Lemercier,2,26,.
J03,Lemercier,2,27,frequents
J03,Lemercier,2,28,the
J03,Lemercier,2,29,reedbed
J03,Lemercier,2,30,of
J03,Lemercier,2,31,the
J03,Lemercier,2,32,western
J03,Lemercier,2,33,slope
J03,Lemercier,2,34,.
J03,Lemercier,2,35,call
J03,Lemercier,2,36,a
J03,Lemercier,2,37,churring
J03,Lemercier,2,38,note
J03,Lemercier,2,39,repeated
J03,Lemercier,2,40,two
J03,Lemercier,2,41,times
J03,Lemercier,2,42,.
J03,Lemercier,2,43,taken
J03,Lemercier,2,44,in
J03,Lemercier,2,45,the
J03,Lemercier,2,46,rains
J03,Lemercier,2,47,.
J03,Lemercier,3,1,entry
J03,Lemercier,3,2,on
J03,Lemercier,3,3,the
J03,Lemercier,3,4,hoopoe
J03,Lemercier,3,5,.
J03,Lemercier,3,6,bill
J03,Lemercier,3,7,deep
J03,Lemercier,3,8,","
J03,Lemercier,3,9,culmen
J03,Lemercier,3,10,stout
J03,Lemercier,3,11,.
J03,Lemercier,3,12,plumage
J03,Lemercier,3,13,above
J03,Lemercier,3,14,dusky
J03,Lemercier,3,15,","
J03,Lemercier,3,16,below
J03,Lemercier,3,17,rufous
J03,Lemercier,3,18,.
J03,Lemercier,3,19,the
J03,Lemercier,3,20,female
J03,Lemercier,3,21,above
J03,Lemercier,3,22,ochre
J03,Lemercier,3,23,","
J03,Lemercier,3,24,below
J03,Lemercier,3,25,rufous
J03,Lemercier,3,26,.
J03,Lemercier,3,27,frequents
J03,Lemercier,3,28,the
J03,Lemercier,3,29,gallery
J03,Lemercier,3,30,of
J03,Lemercier,3,31,the
J03,Lemercier,3,32,western
J03,Lemercier,3,33,slope
J03,Lemercier,3,34,.
J03,Lemercier,3,35,call
J03,Lemercier,3,36,a
J03,Lemercier,3,37,plaintive
J03,Lemercier,3,38,note
J03,Lemercier,3,39,repeated
J03,Lemercier,3,40,three
J03,Lemercier,3,41,times
J03,Lemercier,3,42,.
J03,Lemercier,3,43,the
J03,Lemercier,3,44,tail
J03,Lemercier,3,45,feathers
J03,Lemercier,3,46,wear
J03,Lemercier,3,47,square
J03,Lemercier,3,48,against
J03,Lemercier,3,49,the
J03,Lemercier,3,50,wind
J03,Lemercier,3,51,.
J03,Lemercier,3,52,taken
J03,Lemercier,3,53,in
J03,Lemercier,3,54,the
J03,Lemercier,3,55,drought
J03,Lemercier,3,56,.
J03,Lemercier,4,1,entry
J03,Lemercier,4,2,on
J03,Lemercier,4,3,the
J03,Lemercier,4,4,shrike
J03,Lemercier,4,5,.
J03,Lemercier,4,6,bill
J03,Lemercier,4,7,stout
J03,Lemercier,4,8,","
J03,Lemercier,4,9,culmen
J03,Lemercier,4,10,curved
J03,Lemercier,4,11,.
J03,Lemercier,4,12,plumage
J03,Lemercier,4,13,above
J03,Lemercier,4,14,ochre
J03,Lemercier,4,15,","
J03,Lemercier,4,16,below
J03,Lemercier,4,17,dusky
J03,Lemercier,4,18,.
J03,Lemercier,4,19,the
J03,Lemercier,4,20,female
J03,Lemercier,4,21,above
J03,Lemercier,4,22,olive
J03,Lemercier,4,23,","
J03,Lemercier,4,24,below
J03,Lemercier,4,25,ashen
J03,Lemercier,4,26,.
J03,Lemercier,4,27,frequents
J03,Lemercier,4,28,the
J03,Lemercier,4,29,thicket
J03,Lemercier,4,30,of
J03,Lemercier,4,31,the
J03,Lemercier,4,32,eastern
J03,Lemercier,4,33,slope
J03,Lemercier,4,34,.
J03,Lemercier,4,35,call
J03,Lemercier,4,36,a
J03,Lemercier,4,37,piping
J03,Lemercier,4,38,note
J03,Lemercier,4,39,repeated
J03,Lemercier,4,40,six
J03,Lemercier,4,41,times
J03,Lemercier,4,42,.
J03,Lemercier,4,43,taken
J03,Lemercier,4,44,in
J03,Lemercier,4,45,the
J03,Lemercier,4,46,monsoon
J03,Lemercier,4,47,.
J03,Lemercier,5,1,entry
J03,Lemercier,5,2,on
J03,Lemercier,5,3,the
J03,Lemercier,5,4,pitta
J03,Lemercier,5,5,.
J03,Lemercier,5,6,bill
J03,Lemercier,5,7,slender
J03,Lemercier,5,8,","
J03,Lemercier,5,9,culmen
J03,Lemercier,5,10,straight
J03,Lemercier,5,11,.
J03,Lemercier,5,12,plumage
J03,Lemercier,5,13,above
J03,Lemercier,5,14,olive
J03,Lemercier,5,15,","
J03,Lemercier,5,16,below
J03,Lemercier,5,17,olive
J03,Lemercier,5,18,.
J03,Lemercier,5,19,the
J03,Lemercier,5,20,female
J03,Lemercier,5,21,above
J03,Lemercier,5,22,fulvous
J03,Lemercier,5,23,","
J03,Lemercier,5,24,below
J03,Lemercier,5,25,slate
J03,Lemercier,5,26,.
J03,Lemercier,5,27,frequents
J03,Lemercier,5,28,the
J03,Lemercier,5,29,thicket
J03,Lemercier,5,30,of
J03,Lemercier,5,31,the
J03,Lemercier,5,32,eastern
J03,Lemercier,5,33,slope
J03,Lemercier,5,34,.
J03,Lemercier,5,35,call
J03,Lemercier,5,36,a
J03,Lemercier,5,37,rasping
J03,Lemercier,5,38,note
J03,Lemercier,5,39,repeated
J03,Lemercier,5,40,six
J03,Lemercier,5,41,times
J03,Lemercier,5,42,.
J03,Lemercier,5,43,taken
J03,Lemercier,5,44,in
J03,Lemercier,5,45,the
J03,Lemercier,5,46,drought
J03,Lemercier,5,47,.
J03,Lemercier,6,1,entry
J03,Lemercier,6,2,on
J03,Lemercier,6,3,the
J03,Lemercier,6,4,greenbill
J03,Lemercier,6,5,.
J03,Lemercier,6,6,bill
J03,Lemercier,6,7,slender
J03,Lemercier,6,8,","
J03,Lemercier,6,9,culmen
J03,Lemercier,6,10,notched
J03,Lemercier,6,11,.
J03,Lemercier,6,12,plumage
J03,Lemercier,6,13,above
J03,Lemercier,6,14,dusky
J03,Lemercier,6,15,","
J03,Lemercier,6,16,below
J03,Lemercier,6,17,olive
J03,Lemercier,6,18,.
J03,Lemercier,6,19,the
J03,Lemercier,6,20,female
J03,Lemercier,6,21,above
J03,Lemercier,6,22,rufous
J03,Lemercier,6,23,","
J03,Lemercier,6,24,below
J03,Lemercier,6,25,rufous
J03,Lemercier,6,26,.
J03,Lemercier,6,27,frequents
J03,Lemercier,6,28,the
J03,Lemercier,6,29,gallery
J03,Lemercier,6,30,of
J03,Lemercier,6,31,the
J03,Lemercier,6,32,southern
J03,Lemercier,6,33,slope
J03,Lemercier,6,34,.
J03,Lemercier,6,35,call
J03,Lemercier,6,36,a
J03,Lemercier,6,37,churring
J03,Lemercier,6,38,note
J03,Lemercier,6,39,repeated
J03,Lemercier,6,40,two
J03,Lemercier,6,41,times
J03,Lemercier,6,42,.
J03,Lemercier,6,43,the
J03,Lemercier,6,44,tail
J03,Lemercier,6,45,feathers
J03,Lemercier,6,46,wear
J03,Lemercier,6,47,square
J03,Lemercier,6,48,against
J03,Lemercier,6,49,the
J03,Lemercier,6,50,wind
J03,Lemercier,6,51,.
J03,Lemercier,6,52,taken
J03,Lemercier,6,53,in
J03,Lemercier,6,54,the
J03,Lemercier,6,55,rains
J03,Lemercier,6,56,.
J03,Lemercier,7,1,entry
J03,Lemercier,7,2,on
J03,Lemercier,7,3,the
J03,Lemercier,7,4,ashvanga
J03,Lemercier,7,5,.
J03,Lemercier,7,6,bill
J03,Lemercier,7,7,short
J03,Lemercier,7,8,","
J03,Lemercier,7,9,culmen
J03,Lemercier,7,10,notched
J03,Lemercier,7,11,.
J03,Lemercier,7,12,plumage
J03,Lemercier,7,13,above
J03,Lemercier,7,14,ashen
J03,Lemercier,7,15,","
J03,Lemercier,7,16,below
J03,Lemercier,7,17,olive
J03,Lemercier,7,18,.
J03,Lemercier,7,19,the
J03,Lemercier,7,20,female
J03,Lemercier,7,21,above
J03,Lemercier,7,22,dusky
J03,Lemercier,7,23,","
J03,Lemercier,7,24,below
J03,Lemercier,7,25,slate
J03,Lemercier,7,26,.
J03,Lemercier,7,27,frequents
J03,Lemercier,7,28,the
J03,Lemercier,7,29,scrub
J03,Lemercier,7,30,of
J03,Lemercier,7,31,the
J03,Lemercier,7,32,western
J03,Lemercier,7,33,slope
J03,Lemercier,7,34,.
J03,Lemercier,7,35,call
J03,Lemercier,7,36,a
J03,Lemercier,7,37,liquid
J03,Lemercier,7,38,note
J03,Lemercier,7,39,repeated
J03,Lemercier,7,40,five
J03,Lemercier,7,41,times
J03,Lemercier,7,42,.
J03,Lemercier,7,43,taken
J03,Lemercier,7,44,in
J03,Lemercier,7,45,the
J03,Lemercier,7,46,harvest
J03,Lemercier,7,47,.
J03,Lemercier,8,1,entry
J03,Lemercier,8,2,on
J03,Lemercier,8,3,the
J03,Lemercier,8,4,spurwing
J03,Lemercier,8,5,.
J03,Lemercier,8,6,bill
J03,Lemercier,8,7,stout
J03,Lemercier,8,8,","
J03,Lemercier,8,9,culmen
J03,Lemercier,8,10,keeled
J03,Lemercier,8,11,.
J03,Lemercier,8,12,plumage
J03,Lemercier,8,13,above
J03,Lemercier,8,14,dusky
J03,Lemercier,8,15,","
J03,Lemercier,8,16,below
J03,Lemercier,8,17,cinereous
J03,Lemercier,8,18,.
J03,Lemercier,8,19,the
J03,Lemercier,8,20,female
J03,Lemercier,8,21,above
J03,Lemercier,8,22,ashen
J03,Lemercier,8,23,","
J03,Lemercier,8,24,below
J03,Lemercier,8,25,olive
J03,Lemercier,8,26,.
J03,Lemercier,8,27,frequents
J03,Lemercier,8,28,the
J03,Lemercier,8,29,thicket
J03,Lemercier,8,30,of
J03,Lemercier,8,31,the
J03,Lemercier,8,32,western
J03,Lemercier,8,33,slope
J03,Lemercier,8,34,.
J03,Lemercier,8,35,call
J03,Lemercier,8,36,a
J03,Lemercier,8,37,rasping
J03,Lemercier,8,38,note
J03,Lemercier,8,39,repeated
J03,Lemercier,8,40,four
J03,Lemercier,8,41,times
J03,Lemercier,8,42,.
J03,Lemercier,8,43,taken
J03,Lemercier,8,44,in
J03,Lemercier,8,45,the
J03,Lemercier,8,46,rains
J03,Lemercier,8,47,.
J03,Lemercier,9,1,entry
J03,Lemercier,9,2,on
J03,Lemercier,9,3,the
J03,Lemercier,9,4,reedthrush
J03,Lemercier,9,5,.
J03,Lemercier,9,6,bill
J03,Lemercier,9,7,short
J03,Lemercier,9,8,","
J03,Lemercier,9,9,culmen
J03,Lemercier,9,10,curved
J03,Lemercier,9,11,.
J03,Lemercier,9,12,plumage
J03,Lemercier,9,13,above
J03,Lemercier,9,14,slate
J03,Lemercier,9,15,","
J03,Lemercier,9,16,below
J03,Lemercier,9,17,olive
J03,Lemercier,9,18,.
J03,Lemercier,9,19,the
J03,Lemercier,9,20,female
J03,Lemercier,9,21,above
J03,Lemercier,9,22,olive
J03,Lemercier,9,23,","
J03,Lemercier,9,24,below
J03,Lemercier,9,25,ashen
J03,Lemercier,9,26,.
J03,Lemercier,9,27,frequents
J03,Lemercier,9,28,the
J03,Lemercier,9,29,canopy
J03,Lemercier,9,30,of
J03,Lemercier,9,31,the
J03,Lemercier,9,32,southern
J03,Lemercier,9,33,slope
J03,Lemercier,9,34,.
J03,Lemercier,9,35,call
J03,Lemercier,9,36,a
J03,Lemercier,9,37,piping
J03,Lemercier,9,38,note
J03,Lemercier,9,39,repeated
J03,Lemercier,9,40,six
J03,Lemercier,9,41,times
J03,Lemercier,9,42,.
J03,Lemercier,9,43,the
J03,Lemercier,9,44,tail
J03,Lemercier,9,45,feathers
J03,Lemercier,9,46,wear
J03,Lemercier,9,47,square
J03,Lemercier,9,48,against
J03,Lemercier,9,49,the
J03,Lemercier,9,50,wind
J03,Lemercier,9,51,.
J03,Lemercier,9,52,taken
J03,Lemercier,9,53,in
J03,Lemercier,9,54,the
J03,Lemercier,9,55,monsoon
J03,Lemercier,9,56,.
J03,Lemercier,10,1,entry
J03,Lemercier,10,2,on
J03,Lemercier,10,3,the
J03,Lemercier,10,4,nightjar
J03,Lemercier,10,5,.
J03,Lemercier,10,6,bill
J03,Lemercier,10,7,short
J03,Lemercier,10,8,","
J03,Lemercier,10,9,culmen
J03,Lemercier,10,10,curved
J03,Lemercier,10,11,.
J03,Lemercier,10,12,plumage
J03,Lemercier,10,13,above
J03,Lemercier,10,14,slate
J03,Lemercier,10,15,","
J03,Lemercier,10,16,below
J03,Lemercier,10,17,ashen
J03,Lemercier,10,18,.
J03,Lemercier,10,19,the
J03,Lemercier,10,20,female
J03,Lemercier,10,21,above
J03,Lemercier,10,22,olive
J03,Lemercier,10,23,","
J03,Lemercier,10,24,below
J03,Lemercier,10,25,olive
J03,Lemercier,10,26,.
J03,Lemercier,10,27,frequents
J03,Lemercier,10,28,the
J03,Lemercier,10,29,gallery
J03,Lemercier,10,30,of
J03,Lemercier,10,31,the
J03,Lemercier,10,32,eastern
J03,Lemercier,10,33,slope
J03,Lemercier,10,34,.
J03,Lemercier,10,35,call
J03,Lemercier,10,36,a
J03,Lemercier,10,37,liquid
J03,Lemercier,10,38,note
J03,Lemercier,10,39,repeated
J03,Lemercier,10,40,six
J03,Lemercier,10,41,times
J03,Lemercier,10,42,.
J03,Lemercier,10,43,taken
J03,Lemercier,10,44,in
J03,Lemercier,10,45,the
J03,Lemercier,10,46,harvest
J03,Lemercier,10,47,.
J03,Lemercier,11,1,entry
J03,Lemercier,11,2,on
J03,Lemercier,11,3,the
J03,Lemercier,11,4,sunbird
J03,Lemercier,11,5,.
J03,Lemercier,11,6,bill
J03,Lemercier,11,7,heavy
J03,Lemercier,11,8,","
J03,Lemercier,11,9,culmen
J03,Lemercier,11,10,straight
J03,Lemercier,11,11,.
J03,Lemercier,11,12,plumage
J03,Lemercier,11,13,above
J03,Lemercier,11,14,ashen
J03,Lemercier,11,15,","
J03,Lemercier,11,16,below
J03,Lemercier,11,17,dusky
J03,Lemercier,11,18,.
J03,Lemercier,11,19,the
J03,Lemercier,11,20,female
J03,Lemercier,11,21,above
J03,Lemercier,11,22,rufous
J03,Lemercier,11,23,","
J03,Lemercier,11,24,below
J03,Lemercier,11,25,olive
J03,Lemercier,11,26,.
J03,Lemercier,11,27,frequents
J03,Lemercier,11,28,the
J03,Lemercier,11,29,scrub
J03,Lemercier,11,30,of
J03,Lemercier,11,31,the
J03,Lemercier,11,32,northern
J03,Lemercier,11,33,slope
J03,Lemercier,11,34,.
J03,Lemercier,11,35,call
J03,Lemercier,11,36,a
J03,Lemercier,11,37,churring
J03,Lemercier,11,38,note
J03,Lemercier,11,39,repeated
J03,Lemercier,11,40,four
J03,Lemercier,11,41,times
J03,Lemercier,11,42,.
J03,Lemercier,11,43,taken
J03,Lemercier,11,44,in
J03,Lemercier,11,45,the
J03,Lemercier,11,46,drought
J03,Lemercier,11,47,.
J03,Lemercier,12,1,entry
J03,Lemercier,12,2,on
J03,Lemercier,12,3,the
J03,Lemercier,12,4,coucal
J03,Lemercier,12,5,.
J03,Lemercier,12,6,bill
J03,Lemercier,12,7,short
J03,Lemercier,12,8,","
J03,Lemercier,12,9,culmen
J03,Lemercier,12,10,curved
J03,Lemercier,12,11,.
J03,Lemercier,12,12,plumage
J03,Lemercier,12,13,above
J03,Lemercier,12,14,olive
J03,Lemercier,12,15,","
J03,Lemercier,12,16,below
J03,Lemercier,12,17,ochre
J03,Lemercier,12,18,.
J03,Lemercier,12,19,the
J03,Lemercier,12,20,female
J03,Lemercier,12,21,above
J03,Lemercier,12,22,slate
J03,Lemercier,12,23,","
J03,Lemercier,12,24,below
J03,Lemercier,12,25,rufous
J03,Lemercier,12,26,.
J03,Lemercier,12,27,frequents
J03,Lemercier,12,28,the
J03,Lemercier,12,29,reedbed
J03,Lemercier,12,30,of
J03,Lemercier,12,31,the
J03,Lemercier,12,32,western
J03,Lemercier,12,33,slope
J03,Lemercier,12,34,.
J03,Lemercier,12,35,call
J03,Lemercier,12,36,a
J03,Lemercier,12,37,churring
J03,Lemercier,12,38,note
J03,Lemercier,12,39,repeated
J03,Lemercier,12,40,four
J03,Lemercier,12,41,times
J03,Lemercier,12,42,.
J03,Lemercier,12,43,the
J03,Lemercier,12,44,tail
J03,Lemercier,12,45,feathers
J03,Lemercier,12,46,wear
J03,Lemercier,12,47,square
J03,Lemercier,12,48,against
J03,Lemercier,12,49,the
J03,Lemercier,12,50,wind
J03,Lemercier,12,51,.
J03,Lemercier,12,52,taken
J03,Lemercier,12,53,in
J03,Lemercier,12,54,the
J03,Lemercier,12,55,rains
J03,Lemercier,12,56,.
J03,Lemercier,13,1,entry
J03,Lemercier,13,2,on
J03,Lemercier,13,3,the
J03,Lemercier,13,4,drongo
J03,Lemercier,13,5,.
J03,Lemercier,13,6,bill
J03,Lemercier,13,7,fine
J03,Lemercier,13,8,","
J03,Lemercier,13,9,culmen
J03,Lemercier,13,10,curved
J03,Lemercier,13,11,.
J03,Lemercier,13,12,plumage
J03,Lemercier,13,13,above
J03,Lemercier,13,14,cinereous
J03,Lemercier,13,15,","
J03,Lemercier,13,16,below
J03,Lemercier,13,17,olive
J03,Lemercier,13,18,.
J03,Lemercier,13,19,the
J03,Lemercier,13,20,female
J03,Lemercier,13,21,above
J03,Lemercier,13,22,slate
J03,Lemercier,13,23,","
J03,Lemercier,13,24,below
J03,Lemercier,13,25,dusky
J03,Lemercier,13,26,.
J03,Lemercier,13,27,frequents
J03,Lemercier,13,28,the
J03,Lemercier,13,29,canopy
J03,Lemercier,13,30,of
J03,Lemercier,13,31,the
J03,Lemercier,13,32,eastern
J03,Lemercier,13,33,slope
J03,Lemercier,13,34,.
J03,Lemercier,13,35,call
J03,Lemercier,13,36,a
J03,Lemercier,13,37,piping
J03,Lemercier,13,38,note
J03,Lemercier,13,39,repeated
J03,Lemercier,13,40,five
J03,Lemercier,13,41,times
J03,Lemercier,13,42,.
J03,Lemercier,13,43,taken
J03,Lemercier,13,44,in
J03,Lemercier,13,45,the
J03,Lemercier,13,46,drought
J03,Lemercier,13,47,.
J03,Lemercier,14,1,entry
J03,Lemercier,14,2,on
J03,Lemercier,14,3,the
J03,Lemercier,14,4,cisticola
J03,Lemercier,14,5,.
J03,Lemercier,14,6,bill
J03,Lemercier,14,7,heavy
J03,Lemercier,14,8,","
J03,Lemercier,14,9,culmen
J03,Lemercier,14,10,straight
J03,Lemercier,14,11,.
J03,Lemercier,14,12,plumage
J03,Lemercier,14,13,above
J03,Lemercier,14,14,ochre
J03,Lemercier,14,15,","
J03,Lemercier,14,16,below
J03,Lemercier,14,17,slate
J03,Lemercier,14,18,.
J03,Lemercier,14,19,the
J03,Lemercier,14,20,female
J03,Lemercier,14,21,above
J03,Lemercier,14,22,cinereous
J03,Lemercier,14,23,","
J03,Lemercier,14,24,below
J03,Lemercier,14,25,olive
J03,Lemercier,14,26,.
J03,Lemercier,14,27,frequents
J03,Lemercier,14,28,the
J03,Lemercier,14,29,reedbed
J03,Lemercier,14,30,of
J03,Lemercier,14,31,the
J03,Lemercier,14,32,eastern
J03,Lemercier,14,33,slope
J03,Lemercier,14,34,.
J03,Lemercier,14,35,call
J03,Lemercier,14,36,a
J03,Lemercier,14,37,liquid
J03,Lemercier,14,38,note
J03,Lemercier,14,39,repeated
J03,Lemercier,14,40,four
J03,Lemercier,14,41,times
J03,Lemercier,14,42,.
J03,Lemercier,14,43,taken
J03,Lemercier,14,44,in
J03,Lemercier,14,45,the
J03,Lemercier,14,46,monsoon
J03,Lemercier,14,47,.
J03,Lemercier,15,1,entry
J03,Lemercier,15,2,on
J03,Lemercier,15,3,the
J03,Lemercier,15,4,bulbul
J03,Lemercier,15,5,.
J03,Lemercier,15,6,bill
J03,Lemercier,15,7,deep
J03,Lemercier,15,8,","
J03,Lemercier,15,9,culmen
J03,Lemercier,15,10,curved
J03,Lemercier,15,11,.
J03,Lemercier,15,12,plumage
J03,Lemercier,15,13,above
J03,Lemercier,15,14,olive
J03,Lemercier,15,15,","
J03,Lemercier,15,16,below
J03,Lemercier,15,17,olive
J03,Lemercier,15,18,.
J03,Lemercier,15,19,the
J03,Lemercier,15,20,female
J03,Lemercier,15,21,above
J03,Lemercier,15,22,olive
J03,Lemercier,15,23,","
J03,Lemercier,15,24,below
J03,Lemercier,15,25,rufous
J03,Lemercier,15,26,.
J03,Lemercier,15,27,frequents
J03,Lemercier,15,28,the
J03,Lemercier,15,29,thicket
J03,Lemercier,15,30,of
J03,Lemercier,15,31,the
J03,Lemercier,15,32,western
J03,Lemercier,15,33,slope
J03,Lemercier,15,34,.
J03,Lemercier,15,35,call
J03,Lemercier,15,36,a
J03,Lemercier,15,37,liquid
J03,Lemercier,15,38,note
J03,Lemercier,15,39,repeated
J03,Lemercier,15,40,six
J03,Lemercier,15,41,times
J03,Lemercier,15,42,.
J03,Lemercier,15,43,the
J03,Lemercier,15,44,tail
J03,Lemercier,15,45,feathers
J03,Lemercier,15,46,wear
J03,Lemercier,15,47,square
J03,Lemercier,15,48,against
J03,Lemercier,15,49,the
J03,Lemercier,15,50,wind
J03,Lemercier,15,51,.
J03,Lemercier,15,52,taken
J03,Lemercier,15,53,in
J03,Lemercier,15,54,the
J03,Lemercier,15,55,rains
J03,Lemercier,15,56,.
J04,Brandt,1,1,entry
J04,Brandt,1,2,on
J04,Brandt,1,3,the
J04,Brandt,1,4,shrike
J04,Brandt,1,5,.
J04,Brandt,1,6,bill
J04,Brandt,1,7,slender
J04,Brandt,1,8,","
J04,Brandt,1,9,culmen
J04,Brandt,1,10,slender
J04,Brandt,1,11,.
J04,Brandt,1,12,plumage
J04,Brandt,1,13,above
J04,Brandt,1,14,slate
J04,Brandt,1,15,","
J04,Brandt,1,16,below
J04,Brandt,1,17,dusky
J04,Brandt,1,18,.
J04,Brandt,1,19,the
J04,Brandt,1,20,female
J04,Brandt,1,21,above
J04,Brandt,1,22,olive
J04,Brandt,1,23,","
J04,Brandt,1,24,below
J04,Brandt,1,25,dusky
J04,Brandt,1,26,.
J04,Brandt,1,27,frequents
J04,Brandt,1,28,the
J04,Brandt,1,29,canopy
J04,Brandt,1,30,of
J04,Brandt,1,31,the
J04,Brandt,1,32,southern
J04,Brandt,1,33,slope
J04,Brandt,1,34,.
J04,Brandt,1,35,call
J04,Brandt,1,36,a
J04,Brandt,1,37,churring
J04,Brandt,1,38,note
J04,Brandt,1,39,repeated
J04,Brandt,1,40,three
J04,Brandt,1,41,times
J04,Brandt,1,42,.
J04,Brandt,1,43,taken
J04,Brandt,1,44,in
J04,Brandt,1,45,the
J04,Brandt,1,46,rains
J04,Brandt,1,47,.
J04,Brandt,2,1,entry
J04,Brandt,2,2,on
J04,Brandt,2,3,the
J04,Brandt,2,4,pitta
J04,Brandt,2,5,.
J04,Brandt,2,6,bill
J04,Brandt,2,7,short
J04,Brandt,2,8,","
J04,Brandt,2,9,culmen
J04,Brandt,2,10,curved
J04,Brandt,2,11,.
J04,Brandt,2,12,plumage
J04,Brandt,2,13,above
J04,Brandt,2,14,olive
J04,Brandt,2,15,","
J04,Brandt,2,16,below
J04,Brandt,2,17,rufous
J04,Brandt,2,18,.
J04,Brandt,2,19,the
J04,Brandt,2,20,female
J04,Brandt,2,21,above
J04,Brandt,2,22,cinereous
J04,Brandt,2,23,","
J04,Brandt,2,24,below
J04,Brandt,2,25,rufous
J04,Brandt,2,26,.
J04,Brandt,2,27,frequents
J04,Brandt,2,28,the
J04,Brandt,2,29,scrub
J04,Brandt,2,30,of
J04,Brandt,2,31,the
J04,Brandt,2,32,northern
J04,Brandt,2,33,slope
J04,Brandt,2,34,.
J04,Brandt,2,35,call
J04,Brandt,2,36,a
J04,Brandt,2,37,piping
J04,Brandt,2,38,note
J04,Brandt,2,39,repeated
J04,Brandt,2,40,two
J04,Brandt,2,41,times
J04,Brandt,2,42,.
J04,Brandt,2,43,taken
J04,Brandt,2,44,in
J04,Brandt,2,45,the
J04,Brandt,2,46,monsoon
J04,Brandt,2,47,.
J04,Brandt,3,1,entry
J04,Brandt,3,2,on
J04,Brandt,3,3,the
J04,Brandt,3,4,greenbill
J04,Brandt,3,5,.
J04,Brandt,3,6,bill
J04,Brandt,3,7,slender
J04,Brandt,3,8,","
J04,Brandt,3,9,culmen
J04,Brandt,3,10,curved
J04,Brandt,3,11,.
J04,Brandt,3,12,plumage
J04,Brandt,3,13,above
J04,Brandt,3,14,dusky
J04,Brandt,3,15,","
J04,Brandt,3,16,below
J04,Brandt,3,17,dusky
J04,Brandt,3,18,.
J04,Brandt,3,19,the
J04,Brandt,3,20,female
J04,Brandt,3,21,above
J04,Brandt,3,22,olive
J04,Brandt,3,23,","
J04,Brandt,3,24,below
J04,Brandt,3,25,olive
J04,Brandt,3,26,.
J04,Brandt,3,27,frequents
J04,Brandt,3,28,the
J04,Brandt,3,29,reedbed
J04,Brandt,3,30,of
J04,Brandt,3,31,the
J04,Brandt,3,32,western
J04,Brandt,3,33,slope
J04,Brandt,3,34,.
J04,Brandt,3,35,call
J04,Brandt,3,36,a
J04,Brandt,3,37,plaintive
J04,Brandt,3,38,note
J04,Brandt,3,39,repeated
J04,Brandt,3,40,four
J04,Brandt,3,41,times
J04,Brandt,3,42,.
J04,Brandt,3,43,a
J04,Brandt,3,44,musk
J04,Brandt,3,45,upon
J04,Brandt,3,46,the
J04,Brandt,3,47,skin
J04,Brandt,3,48,that
J04,Brandt,3,49,soap
J04,Brandt,3,50,will
J04,Brandt,3,51,not
J04,Brandt,3,52,lift
J04,Brandt,3,53,.
J04,Brandt,3,54,taken
J04,Brandt,3,55,in
J04,Brandt,3,56,the
J04,Brandt,3,57,rains
J04,Brandt,3,58,.
J04,Brandt,4,1,entry
J04,Brandt,4,2,on
J04,Brandt,4,3,the
J04,Brandt,4,4,ashvanga
J04,Brandt,4,5,.
J04,Brandt,4,6,bill
J04,Brandt,4,7,slender
J04,Brandt,4,8,","
J04,Brandt,4,9,culmen
J04,Brandt,4,10,straight
J04,Brandt,4,11,.
J04,Brandt,4,12,plumage
J04,Brandt,4,13,above
J04,Brandt,4,14,rufous
J04,Brandt,4,15,","
J04,Brandt,4,16,below
J04,Brandt,4,17,olive
J04,Brandt,4,18,.
J04,Brandt,4,19,the
J04,Brandt,4,20,female
J04,Brandt,4,21,above
J04,Brandt,4,22,olive
J04,Brandt,4,23,","
J04,Brandt,4,24,below
J04,Brandt,4,25,olive
J04,Brandt,4,26,.
J04,Brandt,4,27,frequents
J04,Brandt,4,28,the
J04,Brandt,4,29,gallery
J04,Brandt,4,30,of
J04,Brandt,4,31,the
J04,Brandt,4,32,eastern
J04,Brandt,4,33,slope
J04,Brandt,4,34,.
J04,Brandt,4,35,call
J04,Brandt,4,36,a
J04,Brandt,4,37,plaintive
J04,Brandt,4,38,note
J04,Brandt,4,39,repeated
J04,Brandt,4,40,six
J04,Brandt,4,41,times
J04,Brandt,4,42,.
J04,Brandt,4,43,taken
J04,Brandt,4,44,in
J04,Brandt,4,45,the
J04,Brandt,4,46,harvest
J04,Brandt,4,47,.
J04,Brandt,5,1,entry
J04,Brandt,5,2,on
J04,Brandt,5,3,the
J04,Brandt,5,4,spurwing
J04,Brandt,5,5,.
J04,Brandt,5,6,bill
J04,Brandt,5,7,fine
J04,Brandt,5,8,","
J04,Brandt,5,9,culmen
J04,Brandt,5,10,slender
J04,Brandt,5,11,.
J04,Brandt,5,12,plumage
J04,Brandt,5,13,above
J04,Brandt,5,14,slate
J04,Brandt,5,15,","
J04,Brandt,5,16,below
J04,Brandt,5,17,olive
J04,Brandt,5,18,.
J04,Brandt,5,19,the
J04,Brandt,5,20,female
J04,Brandt,5,21,above
J04,Brandt,5,22,olive
J04,Brandt,5,23,","
J04,Brandt,5,24,below
J04,Brandt,5,25,dusky
J04,Brandt,5,26,.
J04,Brandt,5,27,frequents
J04,Brandt,5,28,the
J04,Brandt,5,29,thicket
J04,Brandt,5,30,of
J04,Brandt,5,31,the
J04,Brandt,5,32,northern
J04,Brandt,5,33,slope
J04,Brandt,5,34,.
J04,Brandt,5,35,call
J04,Brandt,5,36,a
J04,Brandt,5,37,rasping
J04,Brandt,5,38,note
J04,Brandt,5,39,repeated
J04,Brandt,5,40,five
J04,Brandt,5,41,times
J04,Brandt,5,42,.
J04,Brandt,5,43,taken
J04,Brandt,5,44,in
J04,Brandt,5,45,the
J04,Brandt,5,46,monsoon
J04,Brandt,5,47,.
J04,Brandt,6,1,entry
J04,Brandt,6,2,on
J04,Brandt,6,3,the
J04,Brandt,6,4,reedthrush
J04,Brandt,6,5,.
J04,Brandt,6,6,bill
J04,Brandt,6,7,stout
J04,Brandt,6,8,","
J04,Brandt,6,9,culmen
J04,Brandt,6,10,straight
J04,Brandt,6,11,.
J04,Brandt,6,12,plumage
J04,Brandt,6,13,above
J04,Brandt,6,14,ashen
J04,Brandt,6,15,","
J04,Brandt,6,16,below
J04,Brandt,6,17,rufous
J04,Brandt,6,18,.
J04,Brandt,6,19,the
J04,Brandt,6,20,female
J04,Brandt,6,21,above
J04,Brandt,6,22,dusky
J04,Brandt,6,23,","
J04,Brandt,6,24,below
J04,Brandt,6,25,olive
J04,Brandt,6,26,.
J04,Brandt,6,27,frequents
J04,Brandt,6,28,the
J04,Brandt,6,29,scrub
J04,Brandt,6,30,of
J04,Brandt,6,31,the
J04,Brandt,6,32,western
J04,Brandt,6,33,slope
J04,Brandt,6,34,.
J04,Brandt,6,35,call
J04,Brandt,6,36,a
J04,Brandt,6,37,piping
J04,Brandt,6,38,note
J04,Brandt,6,39,repeated
J04,Brandt,6,40,six
J04,Brandt,6,41,times
J04,Brandt,6,42,.
J04,Brandt,6,43,a
J04,Brandt,6,44,musk
J04,Brandt,6,45,upon
J04,Brandt,6,46,the
J04,Brandt,6,47,skin
J04,Brandt,6,48,that
J04,Brandt,6,49,soap
J04,Brandt,6,50,will
J04,Brandt,6,51,not
J04,Brandt,6,52,lift
J04,Brandt,6,53,.
J04,Brandt,6,54,taken
J04,Brandt,6,55,in
J04,Brandt,6,56,the
J04,Brandt,6,57,drought
J04,Brandt,6,58,.
J04,Brandt,7,1,entry
J04,Brandt,7,2,on
J04,Brandt,7,3,the
J04,Brandt,7,4,nightjar
J04,Brandt,7,5,.
J04,Brandt,7,6,bill
J04,Brandt,7,7,slender
J04,Brandt,7,8,","
J04,Brandt,7,9,culmen
J04,Brandt,7,10,straight
J04,Brandt,7,11,.
J04,Brandt,7,12,plumage
J04,Brandt,7,13,above
J04,Brandt,7,14,slate
J04,Brandt,7,15,","
J04,Brandt,7,16,below
J04,Brandt,7,17,olive
J04,Brandt,7,18,.
J04,Brandt,7,19,the
J04,Brandt,7,20,female
J04,Brandt,7,21,above
J04,Brandt,7,22,olive
J04,Brandt,7,23,","
J04,Brandt,7,24,below
J04,Brandt,7,25,dusky
J04,Brandt,7,26,.
J04,Brandt,7,27,frequents
J04,Brandt,7,28,the
J04,Brandt,7,29,gallery
J04,Brandt,7,30,of
J04,Brandt,7,31,the
J04,Brandt,7,32,eastern
J04,Brandt,7,33,slope
J04,Brandt,7,34,.
J04,Brandt,7,35,call
J04,Brandt,7,36,a
J04,Brandt,7,37,piping
J04,Brandt,7,38,note
J04,Brandt,7,39,repeated
J04,Brandt,7,40,four
J04,Brandt,7,41,times
J04,Brandt,7,42,.
J04,Brandt,7,43,taken
J04,Brandt,7,44,in
J04,Brandt,7,45,the
J04,Brandt,7,46,monsoon
J04,Brandt,7,47,.
J04,Brandt,8,1,entry
J04,Brandt,8,2,on
J04,Brandt,8,3,the
J04,Brandt,8,4,sunbird
J04,Brandt,8,5,.
J04,Brandt,8,6,bill
J04,Brandt,8,7,short
J04,Brandt,8,8,","
J04,Brandt,8,9,culmen
J04,Brandt,8,10,curved
J04,Brandt,8,11,.
J04,Brandt,8,12,plumage
J04,Brandt,8,13,above
J04,Brandt,8,14,dusky
J04,Brandt,8,15,","
J04,Brandt,8,16,below
J04,Brandt,8,17,dusky
J04,Brandt,8,18,.
J04,Brandt,8,19,the
J04,Brandt,8,20,female
J04,Brandt,8,21,above
J04,Brandt,8,22,dusky
J04,Brandt,8,23,","
J04,Brandt,8,24,below
J04,Brandt,8,25,cinereous
J04,Brandt,8,26,.
J04,Brandt,8,27,frequents
J04,Brandt,8,28,the
J04,Brandt,8,29,reedbed
J04,Brandt,8,30,of
J04,Brandt,8,31,the
J04,Brandt,8,32,eastern
J04,Brandt,8,33,slope
J04,Brandt,8,34,.
J04,Brandt,8,35,call
J04,Brandt,8,36,a
J04,Brandt,8,37,liquid
J04,Brandt,8,38,note
J04,Brandt,8,39,repeated
J04,Brandt,8,40,four
J04,Brandt,8,41,times
J04,Brandt,8,42,.
J04,Brandt,8,43,taken
J04,Brandt,8,44,in
J04,Brandt,8,45,the
J04,Brandt,8,46,drought
J04,Brandt,8,47,.
J04,Brandt,9,1,entry
J04,Brandt,9,2,on
J04,Brandt,9,3,the
J04,Brandt,9,4,coucal
J04,Brandt,9,5,.
J04,Brandt,9,6,bill
J04,Brandt,9,7,stout
J04,Brandt,9,8,","
J04,Brandt,9,9,culmen
J04,Brandt,9,10,straight
J04,Brandt,9,11,.
J04,Brandt,9,12,plumage
J04,Brandt,9,13,above
J04,Brandt,9,14,cinereous
J04,Brandt,9,15,","
J04,Brandt,9,16,below
J04,Brandt,9,17,cinereous
J04,Brandt,9,18,.
J04,Brandt,9,19,the
J04,Brandt,9,20,female
J04,Brandt,9,21,above
J04,Brandt,9,22,olive
J04,Brandt,9,23,","
J04,Brandt,9,24,below
J04,Brandt,9,25,olive
J04,Brandt,9,26,.
J04,Brandt,9,27,frequents
J04,Brandt,9,28,the
J04,Brandt,9,29,gallery
J04,Brandt,9,30,of
J04,Brandt,9,31,the
J04,Brandt,9,32,southern
J04,Brandt,9,33,slope
J04,Brandt,9,34,.
J04,Brandt,9,35,call
J04,Brandt,9,36,a
J04,Brandt,9,37,liquid
J04,Brandt,9,38,note
J04,Brandt,9,39,repeated
J04,Brandt,9,40,five
J04,Brandt,9,41,times
J04,Brandt,9,42,.
J04,Brandt,9,43,a
J04,Brandt,9,44,musk
J04,Brandt,9,45,upon
J04,Brandt,9,46,the
J04,Brandt,9,47,skin
J04,Brandt,9,48,that
J04,Brandt,9,49,soap
J04,Brandt,9,50,will
J04,Brandt,9,51,not
J04,Brandt,9,52,lift
J04,Brandt,9,53,.
J04,Brandt,9,54,taken
J04,Brandt,9,55,in
J04,Brandt,9,56,the
J04,Brandt,9,57,monsoon
J04,Brandt,9,58,.
J04,Brandt,10,1,entry
J04,Brandt,10,2,on
J04,Brandt,10,3,the
J04,Brandt,10,4,drongo
J04,Brandt,10,5,.
J04,Brandt,10,6,bill
J04,Brandt,10,7,slender
J04,Brandt,10,8,","
J04,Brandt,10,9,culmen
J04,Brandt,10,10,keeled
J04,Brandt,10,11,.
J04,Brandt,10,12,plumage
J04,Brandt,10,13,above
J04,Brandt,10,14,fulvous
J04,Brandt,10,15,","
J04,Brandt,10,16,below
J04,Brandt,10,17,rufous
J04,Brandt,10,18,.
J04,Brandt,10,19,the
J04,Brandt,10,20,female
J04,Brandt,10,21,above
J04,Brandt,10,22,olive
J04,Brandt,10,23,","
J04,Brandt,10,24,below
J04,Brandt,10,25,slate
J04,Brandt,10,26,.
J04,Brandt,10,27,frequents
J04,Brandt,10,28,the
J04,Brandt,10,29,canopy
J04,Brandt,10,30,of
J04,Brandt,10,31,the
J04,Brandt,10,32,eastern
J04,Brandt,10,33,slope
J04,Brandt,10,34,.
J04,Brandt,10,35,call
J04,Brandt,10,36,a
J04,Brandt,10,37,churring
J04,Brandt,10,38,note
J04,Brandt,10,39,repeated
J04,Brandt,10,40,three
J04,Brandt,10,41,times
J04,Brandt,10,42,.
J04,Brandt,10,43,taken
J04,Brandt,10,44,in
J04,Brandt,10,45,the
J04,Brandt,10,46,drought
J04,Brandt,10,47,.
J04,Brandt,11,1,entry
J04,Brandt,11,2,on
J04,Brandt,11,3,the
J04,Brandt,11,4,cisticola
J04,Brandt,11,5,.
J04,Brandt,11,6,bill
J04,Brandt,11,7,deep
J04,Brandt,11,8,","
J04,Brandt,11,9,culmen
J04,Brandt,11,10,curved
J04,Brandt,11,11,.
J04,Brandt,11,12,plumage
J04,Brandt,11,13,above
J04,Brandt,11,14,rufous
J04,Brandt,11,15,","
J04,Brandt,11,16,below
J04,Brandt,11,17,ochre
J04,Brandt,11,18,.
J04,Brandt,11,19,the
J04,Brandt,11,20,female
J04,Brandt,11,21,above
J04,Brandt,11,22,rufous
J04,Brandt,11,23,","
J04,Brandt,11,24,below
J04,Brandt,11,25,slate
J04,Brandt,11,26,.
J04,Brandt,11,27,frequents
J04,Brandt,11,28,the
J04,Brandt,11,29,canopy
J04,Brandt,11,30,of
J04,Brandt,11,31,the
J04,Brandt,11,32,western
J04,Brandt,11,33,slope
J04,Brandt,11,34,.
J04,Brandt,11,35,call
J04,Brandt,11,36,a
J04,Brandt,11,37,rasping
J04,Brandt,11,38,note
J04,Brandt,11,39,repeated
J04,Brandt,11,40,four
J04,Brandt,11,41,times
J04,Brandt,11,42,.
J04,Brandt,11,43,taken
J04,Brandt,11,44,in
J04,Brandt,11,45,the
J04,Brandt,11,46,harvest
J04,Brandt,11,47,.
J04,Brandt,12,1,entry
J04,Brandt,12,2,on
J04,Brandt,12,3,the
J04,Brandt,12,4,bulbul
J04,Brandt,12,5,.
J04,Brandt,12,6,bill
J04,Brandt,12,7,fine
J04,Brandt,12,8,","
J04,Brandt,12,9,culmen
J04,Brandt,12,10,keeled
J04,Brandt,12,11,.
J04,Brandt,12,12,plumage
J04,Brandt,12,13,above
J04,Brandt,12,14,slate
J04,Brandt,12,15,","
J04,Brandt,12,16,below
J04,Brandt,12,17,ochre
J04,Brandt,12,18,.
J04,Brandt,12,19,the
J04,Brandt,12,20,female
J04,Brandt,12,21,above
J04,Brandt,12,22,fulvous
J04,Brandt,12,23,","
J04,Brandt,12,24,below
J04,Brandt,12,25,olive
J04,Brandt,12,26,.
J04,Brandt,12,27,frequents
J04,Brandt,12,28,the
J04,Brandt,12,29,thicket
J04,Brandt,12,30,of
J04,Brandt,12,31,the
J04,Brandt,12,32,eastern
J04,Brandt,12,33,slope
J04,Brandt,12,34,.
J04,Brandt,12,35,call
J04,Brandt,12,36,a
J04,Brandt,12,37,plaintive
J04,Brandt,12,38,note
J04,Brandt,12,39,repeated
J04,Brandt,12,40,two
J04,Brandt,12,41,times
J04,Brandt,12,42,.
J04,Brandt,12,43,a
J04,Brandt,12,44,musk
J04,Brandt,12,45,upon
J04,Brandt,12,46,the
J04,Brandt,12,47,skin
J04,Brandt,12,48,that
J04,Brandt,12,49,soap
J04,Brandt,12,50,will
J04,Brandt,12,51,not
J04,Brandt,12,52,lift
J04,Brandt,12,53,.
J04,Brandt,12,54,taken
J04,Brandt,12,55,in
J04,Brandt,12,56,the
J04,Brandt,12,57,drought
J04,Brandt,12,58,.
J04,Brandt,13,1,entry
J04,Brandt,13,2,on
J04,Brandt,13,3,the
J04,Brandt,13,4,weaver
J04,Brandt,13,5,.
J04,Brandt,13,6,bill
J04,Brandt,13,7,heavy
J04,Brandt,13,8,","
J04,Brandt,13,9,culmen
J04,Brandt,13,10,curved
J04,Brandt,13,11,.
J04,Brandt,13,12,plumage
J04,Brandt,13,13,above
J04,Brandt,13,14,olive
J04,Brandt,13,15,","
J04,Brandt,13,16,below
J04,Brandt,13,17,rufous
J04,Brandt,13,18,.
J04,Brandt,13,19,the
J04,Brandt,13,20,female
J04,Brandt,13,21,above
J04,Brandt,13,22,olive
J04,Brandt,13,23,","
J04,Brandt,13,24,below
J04,Brandt,13,25,slate
J04,Brandt,13,26,.
J04,Brandt,13,27,frequents
J04,Brandt,13,28,the
J04,Brandt,13,29,canopy
J04,Brandt,13,30,of
J04,Brandt,13,31,the
J04,Brandt,13,32,western
J04,Brandt,13,33,slope
J04,Brandt,13,34,.
J04,Brandt,13,35,call
J04,Brandt,13,36,a
J04,Brandt,13,37,rasping
J04,Brandt,13,38,note
J04,Brandt,13,39,repeated
J04,Brandt,13,40,two
J04,Brandt,13,41,times
J04,Brandt,13,42,.
J04,Brandt,13,43,taken
J04,Brandt,13,44,in
J04,Brandt,13,45,the
J04,Brandt,13,46,monsoon
J04,Brandt,13,47,.
J04,Brandt,14,1,entry
J04,Brandt,14,2,on
J04,Brandt,14,3,the
J04,Brandt,14,4,roller
J04,Brandt,14,5,.
J04,Brandt,14,6,bill
J04,Brandt,14,7,short
J04,Brandt,14,8,","
J04,Brandt,14,9,culmen
J04,Brandt,14,10,straight
J04,Brandt,14,11,.
J04,Brandt,14,12,plumage
J04,Brandt,14,13,above
J04,Brandt,14,14,rufous
J04,Brandt,14,15,","
J04,Brandt,14,16,below
J04,Brandt,14,17,ochre
J04,Brandt,14,18,.
J04,Brandt,14,19,the
J04,Brandt,14,20,female
J04,Brandt,14,21,above
J04,Brandt,14,22,ashen
J04,Brandt,14,23,","
J04,Brandt,14,24,below
J04,Brandt,14,25,olive
J04,Brandt,14,26,.
J04,Brandt,14,27,frequents
J04,Brandt,14,28,the
J04,Brandt,14,29,reedbed
J04,Brandt,14,30,of
J04,Brandt,14,31,the
J04,Brandt,14,32,northern
J04,Brandt,14,33,slope
J04,Brandt,14,34,.
J04,Brandt,14,35,call
J04,Brandt,14,36,a
J04,Brandt,14,37,piping
J04,Brandt,14,38,note
J04,Brandt,14,39,repeated
J04,Brandt,14,40,five
J04,Brandt,14,41,times
J04,Brandt,14,42,.
J04,Brandt,14,43,taken
J04,Brandt,14,44,in
J04,Brandt,14,45,the
J04,Brandt,14,46,drought
J04,Brandt,14,47,.
J04,Brandt,15,1,entry
J04,Brandt,15,2,on
J04,Brandt,15,3,the
J04,Brandt,15,4,hoopoe
J04,Brandt,15,5,.
J04,Brandt,15,6,bill
J04,Brandt,15,7,deep
J04,Brandt,15,8,","
J04,Brandt,15,9,culmen
J04,Brandt,15,10,keeled
J04,Brandt,15,11,.
J04,Brandt,15,12,plumage
J04,Brandt,15,13,above
J04,Brandt,15,14,rufous
J04,Brandt,15,15,","
J04,Brandt,15,16,below
J04,Brandt,15,17,cinereous
J04,Brandt,15,18,.
J04,Brandt,15,19,the
J04,Brandt,15,20,female
J04,Brandt,15,21,above
J04,Brandt,15,22,olive
J04,Brandt,15,23,","
J04,Brandt,15,24,below
J04,Brandt,15,25,olive
J04,Brandt,15,26,.
J04,Brandt,15,27,frequents
J04,Brandt,15,28,the
J04,Brandt,15,29,thicket
J04,Brandt,15,30,of
J04,Brandt,15,31,the
J04,Brandt,15,32,southern
J04,Brandt,15,33,slope
J04,Brandt,15,34,.
J04,Brandt,15,35,call
J04,Brandt,15,36,a
J04,Brandt,15,37,piping
J04,Brandt,15,38,note
J04,Brandt,15,39,repeated
J04,Brandt,15,40,five
J04,Brandt,15,41,times
J04,Brandt,15,42,.
J04,Brandt,15,43,a
J04,Brandt,15,44,musk
J04,Brandt,15,45,upon
J04,Brandt,15,46,the
J04,Brandt,15,47,skin
J04,Brandt,15,48,that
J04,Brandt,15,49,soap
J04,Brandt,15,50,will
J04,Brandt,15,51,not
J04,Brandt,15,52,lift
J04,Brandt,15,53,.
J04,Brandt,15,54,taken
J04,Brandt,15,55,in
J04,Brandt,15,56,the
J04,Brandt,15,57,monsoon
J04,Brandt,15,58,.
J05,Sarre,1,1,entry
J05,Sarre,1,2,on
J05,Sarre,1,3,the
J05,Sarre,1,4,ashvanga
J05,Sarre,1,5,.
J05,Sarre,1,6,bill
J05,Sarre,1,7,slender
J05,Sarre,1,8,","
J05,Sarre,1,9,culmen
J05,Sarre,1,10,stout
J05,Sarre,1,11,.
J05,Sarre,1,12,plumage
J05,Sarre,1,13,above
J05,Sarre,1,14,olive
J05,Sarre,1,15,","
J05,Sarre,1,16,below
J05,Sarre,1,17,olive
J05,Sarre,1,18,.
J05,Sarre,1,19,the
J05,Sarre,1,20,female
J05,Sarre,1,21,above
J05,Sarre,1,22,ochre
J05,Sarre,1,23,","
J05,Sarre,1,24,below
J05,Sarre,1,25,fulvous
J05,Sarre,1,26,.
J05,Sarre,1,27,frequents
J05,Sarre,1,28,the
J05,Sarre,1,29,thicket
J05,Sarre,1,30,of
J05,Sarre,1,31,the
J05,Sarre,1,32,western
J05,Sarre,1,33,slope
J05,Sarre,1,34,.
J05,Sarre,1,35,call
J05,Sarre,1,36,a
J05,Sarre,1,37,churring
J05,Sarre,1,38,note
J05,Sarre,1,39,repeated
J05,Sarre,1,40,three
J05,Sarre,1,41,times
J05,Sarre,1,42,.
J05,Sarre,1,43,taken
J05,Sarre,1,44,in
J05,Sarre,1,45,the
J05,Sarre,1,46,monsoon
J05,Sarre,1,47,.
J05,Sarre,2,1,entry
J05,Sarre,2,2,on
J05,Sarre,2,3,the
J05,Sarre,2,4,spurwing
J05,Sarre,2,5,.
J05,Sarre,2,6,bill
J05,Sarre,2,7,stout
J05,Sarre,2,8,","
J05,Sarre,2,9,culmen
J05,Sarre,2,10,curved
J05,Sarre,2,11,.
J05,Sarre,2,12,plumage
J05,Sarre,2,13,above
J05,Sarre,2,14,olive
J05,Sarre,2,15,","
J05,Sarre,2,16,below
J05,Sarre,2,17,cinereous
J05,Sarre,2,18,.
J05,Sarre,2,19,the
J05,Sarre,2,20,female
J05,Sarre,2,21,above
J05,Sarre,2,22,olive
J05,Sarre,2,23,","
J05,Sarre,2,24,below
J05,Sarre,2,25,slate
J05,Sarre,2,26,.
J05,Sarre,2,27,frequents
J05,Sarre,2,28,the
J05,Sarre,2,29,gallery
J05,Sarre,2,30,of
J05,Sarre,2,31,the
J05,Sarre,2,32,southern
J05,Sarre,2,33,slope
J05,Sarre,2,34,.
J05,Sarre,2,35,call
J05,Sarre,2,36,a
J05,Sarre,2,37,piping
J05,Sarre,2,38,note
J05,Sarre,2,39,repeated
J05,Sarre,2,40,four
J05,Sarre,2,41,times
J05,Sarre,2,42,.
J05,Sarre,2,43,taken
J05,Sarre,2,44,in
J05,Sarre,2,45,the
J05,Sarre,2,46,harvest
J05,Sarre,2,47,.
J05,Sarre,3,1,entry
J05,Sarre,3,2,on
J05,Sarre,3,3,the
J05,Sarre,3,4,reedthrush
J05,Sarre,3,5,.
J05,Sarre,3,6,bill
J05,Sarre,3,7,slender
J05,Sarre,3,8,","
J05,Sarre,3,9,culmen
J05,Sarre,3,10,ridged
J05,Sarre,3,11,.
J05,Sarre,3,12,plumage
J05,Sarre,3,13,above
J05,Sarre,3,14,ochre
J05,Sarre,3,15,","
J05,Sarre,3,16,below
J05,Sarre,3,17,olive
J05,Sarre,3,18,.
J05,Sarre,3,19,the
J05,Sarre,3,20,female
J05,Sarre,3,21,above
J05,Sarre,3,22,fulvous
J05,Sarre,3,23,","
J05,Sarre,3,24,below
J05,Sarre,3,25,fulvous
J05,Sarre,3,26,.
J05,Sarre,3,27,frequents
J05,Sarre,3,28,the
J05,Sarre,3,29,canopy
J05,Sarre,3,30,of
J05,Sarre,3,31,the
J05,Sarre,3,32,northern
J05,Sarre,3,33,slope
J05,Sarre,3,34,.
J05,Sarre,3,35,call
J05,Sarre,3,36,a
J05,Sarre,3,37,plaintive
J05,Sarre,3,38,note
J05,Sarre,3,39,repeated
J05,Sarre,3,40,six
J05,Sarre,3,41,times
J05,Sarre,3,42,.
J05,Sarre,3,43,the
J05,Sarre,3,44,feet
J05,Sarre,3,45,warm
J05,Sarre,3,46,to
J05,Sarre,3,47,the
J05,Sarre,3,48,touch
J05,Sarre,3,49,long
J05,Sarre,3,50,after
J05,Sarre,3,51,death
J05,Sarre,3,52,.
J05,Sarre,3,53,taken
J05,Sarre,3,54,in
J05,Sarre,3,55,the
J05,Sarre,3,56,rains
J05,Sarre,3,57,.
J05,Sarre,4,1,entry
J05,Sarre,4,2,on
J05,Sarre,4,3,the
J05,Sarre,4,4,nightjar
J05,Sarre,4,5,.
J05,Sarre,4,6,bill
J05,Sarre,4,7,stout
J05,Sarre,4,8,","
J05,Sarre,4,9,culmen
J05,Sarre,4,10,curved
J05,Sarre,4,11,.
J05,Sarre,4,12,plumage
J05,Sarre,4,13,above
J05,Sarre,4,14,ashen
J05,Sarre,4,15,","
J05,Sarre,4,16,below
J05,Sarre,4,17,olive
J05,Sarre,4,18,.
J05,Sarre,4,19,the
J05,Sarre,4,20,female
J05,Sarre,4,21,above
J05,Sarre,4,22,olive
J05,Sarre,4,23,","
J05,Sarre,4,24,below
J05,Sarre,4,25,dusky
J05,Sarre,4,26,.
J05,Sarre,4,27,frequents
J05,Sarre,4,28,the
J05,Sarre,4,29,littoral
J05,Sarre,4,30,of
J05,Sarre,4,31,the
J05,Sarre,4,32,eastern
J05,Sarre,4,33,slope
J05,Sarre,4,34,.
J05,Sarre,4,35,call
J05,Sarre,4,36,a
J05,Sarre,4,37,churring
J05,Sarre,4,38,note
J05,Sarre,4,39,repeated
J05,Sarre,4,40,three
J05,Sarre,4,41,times
J05,Sarre,4,42,.
J05,Sarre,4,43,taken
J05,Sarre,4,44,in
J05,Sarre,4,45,the
J05,Sarre,4,46,drought
J05,Sarre,4,47,.
J05,Sarre,5,1,entry
J05,Sarre,5,2,on
J05,Sarre,5,3,the
J05,Sarre,5,4,sunbird
J05,Sarre,5,5,.
J05,Sarre,5,6,bill
J05,Sarre,5,7,deep
J05,Sarre,5,8,","
J05,Sarre,5,9,culmen
J05,Sarre,5,10,curved
J05,Sarre,5,11,.
J05,Sarre,5,12,plumage
J05,Sarre,5,13,above
J05,Sarre,5,14,olive
J05,Sarre,5,15,","
J05,Sarre,5,16,below
J05,Sarre,5,17,ashen
J05,Sarre,5,18,.
J05,Sarre,5,19,the
J05,Sarre,5,20,female
J05,Sarre,5,21,above
J05,Sarre,5,22,olive
J05,Sarre,5,23,","
J05,Sarre,5,24,below
J05,Sarre,5,25,cinereous
J05,Sarre,5,26,.
J05,Sarre,5,27,frequents
J05,Sarre,5,28,the
J05,Sarre,5,29,thicket
J05,Sarre,5,30,of
J05,Sarre,5,31,the
J05,Sarre,5,32,southern
J05,Sarre,5,33,slope
J05,Sarre,5,34,.
J05,Sarre,5,35,call
J05,Sarre,5,36,a
J05,Sarre,5,37,liquid
J05,Sarre,5,38,note
J05,Sarre,5,39,repeated
J05,Sarre,5,40,three
J05,Sarre,5,41,times
J05,Sarre,5,42,.
J05,Sarre,5,43,taken
J05,Sarre,5,44,in
J05,Sarre,5,45,the
J05,Sarre,5,46,drought
J05,Sarre,5,47,.
J05,Sarre,6,1,entry
J05,Sarre,6,2,on
J05,Sarre,6,3,the
J05,Sarre,6,4,coucal
J05,Sarre,6,5,.
J05,Sarre,6,6,bill
J05,Sarre,6,7,stout
J05,Sarre,6,8,","
J05,Sarre,6,9,culmen
J05,Sarre,6,10,curved
J05,Sarre,6,11,.
J05,Sarre,6,12,plumage
J05,Sarre,6,13,above
J05,Sarre,6,14,rufous
J05,Sarre,6,15,","
J05,Sarre,6,16,below
J05,Sarre,6,17,ochre
J05,Sarre,6,18,.
J05,Sarre,6,19,the
J05,Sarre,6,20,female
J05,Sarre,6,21,above
J05,Sarre,6,22,ochre
J05,Sarre,6,23,","
J05,Sarre,6,24,below
J05,Sarre,6,25,olive
J05,Sarre,6,26,.
J05,Sarre,6,27,frequents
J05,Sarre,6,28,the
J05,Sarre,6,29,scrub
J05,Sarre,6,30,of
J05,Sarre,6,31,the
J05,Sarre,6,32,eastern
J05,Sarre,6,33,slope
J05,Sarre,6,34,.
J05,Sarre,6,35,call
J05,Sarre,6,36,a
J05,Sarre,6,37,liquid
J05,Sarre,6,38,note
J05,Sarre,6,39,repeated
J05,Sarre,6,40,four
J05,Sarre,6,41,times
J05,Sarre,6,42,.
J05,Sarre,6,43,the
J05,Sarre,6,44,feet
J05,Sarre,6,45,warm
J05,Sarre,6,46,to
J05,Sarre,6,47,the
J05,Sarre,6,48,touch
J05,Sarre,6,49,long
J05,Sarre,6,50,after
J05,Sarre,6,51,death
J05,Sarre,6,52,.
J05,Sarre,6,53,taken
J05,Sarre,6,54,in
J05,Sarre,6,55,the
J05,Sarre,6,56,monsoon
J05,Sarre,6,57,.
J05,Sarre,7,1,entry
J05,Sarre,7,2,on
J05,Sarre,7,3,the
J05,Sarre,7,4,drongo
J05,Sarre,7,5,.
J05,Sarre,7,6,bill
J05,Sarre,7,7,slender
J05,Sarre,7,8,","
J05,Sarre,7,9,culmen
J05,Sarre,7,10,notched
J05,Sarre,7,11,.
J05,Sarre,7,12,plumage
J05,Sarre,7,13,above
J05,Sarre,7,14,olive
J05,Sarre,7,15,","
J05,Sarre,7,16,below
J05,Sarre,7,17,olive
J05,Sarre,7,18,.
J05,Sarre,7,19,the
J05,Sarre,7,20,female
J05,Sarre,7,21,above
J05,Sarre,7,22,slate
J05,Sarre,7,23,","
J05,Sarre,7,24,below
J05,Sarre,7,25,fulvous
J05,Sarre,7,26,.
J05,Sarre,7,27,frequents
J05,Sarre,7,28,the
J05,Sarre,7,29,thicket
J05,Sarre,7,30,of
J05,Sarre,7,31,the
J05,Sarre,7,32,northern
J05,Sarre,7,33,slope
J05,Sarre,7,34,.
J05,Sarre,7,35,call
J05,Sarre,7,36,a
J05,Sarre,7,37,churring
J05,Sarre,7,38,note
J05,Sarre,7,39,repeated
J05,Sarre,7,40,three
J05,Sarre,7,41,times
J05,Sarre,7,42,.
J05,Sarre,7,43,taken
J05,Sarre,7,44,in
J05,Sarre,7,45,the
J05,Sarre,7,46,rains
J05,Sarre,7,47,.
J05,Sarre,8,1,entry
J05,Sarre,8,2,on
J05,Sarre,8,3,the
J05,Sarre,8,4,cisticola
J05,Sarre,8,5,.
J05,Sarre,8,6,bill
J05,Sarre,8,7,slender
J05,Sarre,8,8,","
J05,Sarre,8,9,culmen
J05,Sarre,8,10,straight
J05,Sarre,8,11,.
J05,Sarre,8,12,plumage
J05,Sarre,8,13,above
J05,Sarre,8,14,olive
J05,Sarre,8,15,","
J05,Sarre,8,16,below
J05,Sarre,8,17,olive
J05,Sarre,8,18,.
J05,Sarre,8,19,the
J05,Sarre,8,20,female
J05,Sarre,8,21,above
J05,Sarre,8,22,olive
J05,Sarre,8,23,","
J05,Sarre,8,24,below
J05,Sarre,8,25,rufous
J05,Sarre,8,26,.
J05,Sarre,8,27,frequents
J05,Sarre,8,28,the
J05,Sarre,8,29,scrub
J05,Sarre,8,30,of
J05,Sarre,8,31,the
J05,Sarre,8,32,western
J05,Sarre,8,33,slope
J05,Sarre,8,34,.
J05,Sarre,8,35,call
J05,Sarre,8,36,a
J05,Sarre,8,37,piping
J05,Sarre,8,38,note
J05,Sarre,8,39,repeated
J05,Sarre,8,40,two
J05,Sarre,8,41,times
J05,Sarre,8,42,.
J05,Sarre,8,43,taken
J05,Sarre,8,44,in
J05,Sarre,8,45,the
J05,Sarre,8,46,drought
J05,Sarre,8,47,.
J05,Sarre,9,1,entry
J05,Sarre,9,2,on
J05,Sarre,9,3,the
J05,Sarre,9,4,bulbul
J05,Sarre,9,5,.
J05,Sarre,9,6,bill
J05,Sarre,9,7,stout
J05,Sarre,9,8,","
J05,Sarre,9,9,culmen
J05,Sarre,9,10,curved
J05,Sarre,9,11,.
J05,Sarre,9,12,plumage
J05,Sarre,9,13,above
J05,Sarre,9,14,olive
J05,Sarre,9,15,","
J05,Sarre,9,16,below
J05,Sarre,9,17,olive
J05,Sarre,9,18,.
J05,Sarre,9,19,the
J05,Sarre,9,20,female
J05,Sarre,9,21,above
J05,Sarre,9,22,fulvous
J05,Sarre,9,23,","
J05,Sarre,9,24,below
J05,Sarre,9,25,olive
J05,Sarre,9,26,.
J05,Sarre,9,27,frequents
J05,Sarre,9,28,the
J05,Sarre,9,29,reedbed
J05,Sarre,9,30,of
J05,Sarre,9,31,the
J05,Sarre,9,32,southern
J05,Sarre,9,33,slope
J05,Sarre,9,34,.
J05,Sarre,9,35,call
J05,Sarre,9,36,a
J05,Sarre,9,37,liquid
J05,Sarre,9,38,note
J05,Sarre,9,39,repeated
J05,Sarre,9,40,five
J05,Sarre,9,41,times
J05,Sarre,9,42,.
J05,Sarre,9,43,the
J05,Sarre,9,44,feet
J05,Sarre,9,45,warm
J05,Sarre,9,46,to
J05,Sarre,9,47,the
J05,Sarre,9,48,touch
J05,Sarre,9,49,long
J05,Sarre,9,50,after
J05,Sarre,9,51,death
J05,Sarre,9,52,.
J05,Sarre,9,53,taken
J05,Sarre,9,54,in
J05,Sarre,9,55,the
J05,Sarre,9,56,drought
J05,Sarre,9,57,.
J05,Sarre,10,1,entry
J05,Sarre,10,2,on
J05,Sarre,10,3,the
J05,Sarre,10,4,weaver
J05,Sarre,10,5,.
J05,Sarre,10,6,bill
J05,Sarre,10,7,stout
J05,Sarre,10,8,","
J05,Sarre,10,9,culmen
J05,Sarre,10,10,slender
J05,Sarre,10,11,.
J05,Sarre,10,12,plumage
J05,Sarre,10,13,above
J05,Sarre,10,14,ashen
J05,Sarre,10,15,","
J05,Sarre,10,16,below
J05,Sarre,10,17,olive
J05,Sarre,10,18,.
J05,Sarre,10,19,the
J05,Sarre,10,20,female
J05,Sarre,10,21,above
J05,Sarre,10,22,ochre
J05,Sarre,10,23,","
J05,Sarre,10,24,below
J05,Sarre,10,25,rufous
J05,Sarre,10,26,.
J05,Sarre,10,27,frequents
J05,Sarre,10,28,the
J05,Sarre,10,29,scrub
J05,Sarre,10,30,of
J05,Sarre,10,31,the
J05,Sarre,10,32,eastern
J05,Sarre,10,33,slope
J05,Sarre,10,34,.
J05,Sarre,10,35,call
J05,Sarre,10,36,a
J05,Sarre,10,37,churring
J05,Sarre,10,38,note
J05,Sarre,10,39,repeated
J05,Sarre,10,40,five
J05,Sarre,10,41,times
J05,Sarre,10,42,.
J05,Sarre,10,43,taken
J05,Sarre,10,44,in
J05,Sarre,10,45,the
J05,Sarre,10,46,monsoon
J05,Sarre,10,47,.
J05,Sarre,11,1,entry
J05,Sarre,11,2,on
J05,Sarre,11,3,the
J05,Sarre,11,4,roller
J05,Sarre,11,5,.
J05,Sarre,11,6,bill
J05,Sarre,11,7,short
J05,Sarre,11,8,","
J05,Sarre,11,9,culmen
J05,Sarre,11,10,straight
J05,Sarre,11,11,.
J05,Sarre,11,12,plumage
J05,Sarre,11,13,above
J05,Sarre,11,14,olive
J05,Sarre,11,15,","
J05,Sarre,11,16,below
J05,Sarre,11,17,slate
J05,Sarre,11,18,.
J05,Sarre,11,19,the
J05,Sarre,11,20,female
J05,Sarre,11,21,above
J05,Sarre,11,22,olive
J05,Sarre,11,23,","
J05,Sarre,11,24,below
J05,Sarre,11,25,olive
J05,Sarre,11,26,.
J05,Sarre,11,27,frequents
J05,Sarre,11,28,the
J05,Sarre,11,29,littoral
J05,Sarre,11,30,of
J05,Sarre,11,31,the
J05,Sarre,11,32,western
J05,Sarre,11,33,slope
J05,Sarre,11,34,.
J05,Sarre,11,35,call
J05,Sarre,11,36,a
J05,Sarre,11,37,churring
J05,Sarre,11,38,note
J05,Sarre,11,39,repeated
J05,Sarre,11,40,five
J05,Sarre,11,41,times
J05,Sarre,11,42,.
J05,Sarre,11,43,taken
J05,Sarre,11,44,in
J05,Sarre,11,45,the
J05,Sarre,11,46,rains
J05,Sarre,11,47,.
J05,Sarre,12,1,entry
J05,Sarre,12,2,on
J05,Sarre,12,3,the
J05,Sarre,12,4,hoopoe
J05,Sarre,12,5,.
J05,Sarre,12,6,bill
J05,Sarre,12,7,deep
J05,Sarre,12,8,","
J05,Sarre,12,9,culmen
J05,Sarre,12,10,straight
J05,Sarre,12,11,.
J05,Sarre,12,12,plumage
J05,Sarre,12,13,above
J05,Sarre,12,14,fulvous
J05,Sarre,12,15,","
J05,Sarre,12,16,below
J05,Sarre,12,17,olive
J05,Sarre,12,18,.
J05,Sarre,12,19,the
J05,Sarre,12,20,female
J05,Sarre,12,21,above
J05,Sarre,12,22,olive
J05,Sarre,12,23,","
J05,Sarre,12,24,below
J05,Sarre,12,25,slate
J05,Sarre,12,26,.
J05,Sarre,12,27,frequents
J05,Sarre,12,28,the
J05,Sarre,12,29,scrub
J05,Sarre,12,30,of
J05,Sarre,12,31,the
J05,Sarre,12,32,western
J05,Sarre,12,33,slope
J05,Sarre,12,34,.
J05,Sarre,12,35,call
J05,Sarre,12,36,a
J05,Sarre,12,37,piping
J05,Sarre,12,38,note
J05,Sarre,12,39,repeated
J05,Sarre,12,40,four
J05,Sarre,12,41,times
J05,Sarre,12,42,.
J05,Sarre,12,43,the
J05,Sarre,12,44,feet
J05,Sarre,12,45,warm
J05,Sarre,12,46,to
J05,Sarre,12,47,the
J05,Sarre,12,48,touch
J05,Sarre,12,49,long
J05,Sarre,12,50,after
J05,Sarre,12,51,death
J05,Sarre,12,52,.
J05,Sarre,12,53,taken
J05,Sarre,12,54,in
J05,Sarre,12,55,the
J05,Sarre,12,56,drought
J05,Sarre,12,57,.
J05,Sarre,13,1,entry
J05,Sarre,13,2,on
J05,Sarre,13,3,the
J05,Sarre,13,4,shrike
J05,Sarre,13,5,.
J05,Sarre,13,6,bill
J05,Sarre,13,7,short
J05,Sarre,13,8,","
J05,Sarre,13,9,culmen
J05,Sarre,13,10,curved
J05,Sarre,13,11,.
J05,Sarre,13,12,plumage
J05,Sarre,13,13,above
J05,Sarre,13,14,rufous
J05,Sarre,13,15,","
J05,Sarre,13,16,below
J05,Sarre,13,17,ochre
J05,Sarre,13,18,.
J05,Sarre,13,19,the
J05,Sarre,13,20,female
J05,Sarre,13,21,above
J05,Sarre,13,22,dusky
J05,Sarre,13,23,","
J05,Sarre,13,24,below
J05,Sarre,13,25,olive
J05,Sarre,13,26,.
J05,Sarre,13,27,frequents
J05,Sarre,13,28,the
J05,Sarre,13,29,littoral
J05,Sarre,13,30,of
J05,Sarre,13,31,the
J05,Sarre,13,32,northern
J05,Sarre,13,33,slope
J05,Sarre,13,34,.
J05,Sarre,13,35,call
J05,Sarre,13,36,a
J05,Sarre,13,37,churring
J05,Sarre,13,38,note
J05,Sarre,13,39,repeated
J05,Sarre,13,40,three
J05,Sarre,13,41,times
J05,Sarre,13,42,.
J05,Sarre,13,43,taken
J05,Sarre,13,44,in
J05,Sarre,13,45,the
J05,Sarre,13,46,drought
J05,Sarre,13,47,.
J05,Sarre,14,1,entry
J05,Sarre,14,2,on
J05,Sarre,14,3,the
J05,Sarre,14,4,pitta
J05,Sarre,14,5,.
J05,Sarre,14,6,bill
J05,Sarre,14,7,stout
J05,Sarre,14,8,","
J05,Sarre,14,9,culmen
J05,Sarre,14,10,flattened
J05,Sarre,14,11,.
J05,Sarre,14,12,plumage
J05,Sarre,14,13,above
J05,Sarre,14,14,ashen
J05,Sarre,14,15,","
J05,Sarre,14,16,below
J05,Sarre,14,17,olive
J05,Sarre,14,18,.
J05,Sarre,14,19,the
J05,Sarre,14,20,female
J05,Sarre,14,21,above
J05,Sarre,14,22,olive
J05,Sarre,14,23,","
J05,Sarre,14,24,below
J05,Sarre,14,25,olive
J05,Sarre,14,26,.
J05,Sarre,14,27,frequents
J05,Sarre,14,28,the
J05,Sarre,14,29,reedbed
J05,Sarre,14,30,of
J05,Sarre,14,31,the
J05,Sarre,14,32,eastern
J05,Sarre,14,33,slope
J05,Sarre,14,34,.
J05,Sarre,14,35,call
J05,Sarre,14,36,a
J05,Sarre,14,37,rasping
J05,Sarre,14,38,note
J05,Sarre,14,39,repeated
J05,Sarre,14,40,two
J05,Sarre,14,41,times
J05,Sarre,14,42,.
J05,Sarre,14,43,taken
J05,Sarre,14,44,in
J05,Sarre,14,45,the
J05,Sarre,14,46,monsoon
J05,Sarre,14,47,.
J05,Sarre,15,1,entry
J05,Sarre,15,2,on
J05,Sarre,15,3,the
J05,Sarre,15,4,greenbill
J05,Sarre,15,5,.
J05,Sarre,15,6,bill
J05,Sarre,15,7,heavy
J05,Sarre,15,8,","
J05,Sarre,15,9,culmen
J05,Sarre,15,10,slender
J05,Sarre,15,11,.
J05,Sarre,15,12,plumage
J05,Sarre,15,13,above
J05,Sarre,15,14,olive
J05,Sarre,15,15,","
J05,Sarre,15,16,below
J05,Sarre,15,17,ochre
J05,Sarre,15,18,.
J05,Sarre,15,19,the
J05,Sarre,15,20,female
J05,Sarre,15,21,above
J05,Sarre,15,22,olive
J05,Sarre,15,23,","
J05,Sarre,15,24,below
J05,Sarre,15,25,dusky
J05,Sarre,15,26,.
J05,Sarre,15,27,frequents
J05,Sarre,15,28,the
J05,Sarre,15,29,canopy
J05,Sarre,15,30,of
J05,Sarre,15,31,the
J05,Sarre,15,32,eastern
J05,Sarre,15,33,slope
J05,Sarre,15,34,.
J05,Sarre,15,35,call
J05,Sarre,15,36,a
J05,Sarre,15,37,piping
J05,Sarre,15,38,note
J05,Sarre,15,39,repeated
J05,Sarre,15,40,five
J05,Sarre,15,41,times
J05,Sarre,15,42,.
J05,Sarre,15,43,the
J05,Sarre,15,44,feet
J05,Sarre,15,45,warm
J05,Sarre,15,46,to
J05,Sarre,15,47,the
J05,Sarre,15,48,touch
J05,Sarre,15,49,long
J05,Sarre,15,50,after
J05,Sarre,15,51,death
J05,Sarre,15,52,.
J05,Sarre,15,53,taken
J05,Sarre,15,54,in
J05,Sarre,15,55,the
J05,Sarre,15,56,rains
J05,Sarre,15,57,.
J06,Ferreyra,1,1,entry
J06,Ferreyra,1,2,on
J06,Ferreyra,1,3,the
J06,Ferreyra,1,4,nightjar
J06,Ferreyra,1,5,.
J06,Ferreyra,1,6,bill
J06,Ferreyra,1,7,fine
J06,Ferreyra,1,8,","
J06,Ferreyra,1,9,culmen
J06,Ferreyra,1,10,curved
J06,Ferreyra,1,11,.
J06,Ferreyra,1,12,plumage
J06,Ferreyra,1,13,above
J06,Ferreyra,1,14,olive
J06,Ferreyra,1,15,","
J06,Ferreyra,1,16,below
J06,Ferreyra,1,17,olive
J06,Ferreyra,1,18,.
J06,Ferreyra,1,19,the
J06,Ferreyra,1,20,female
J06,Ferreyra,1,21,above
J06,Ferreyra,1,22,olive
J06,Ferreyra,1,23,","
J06,Ferreyra,1,24,below
J06,Ferreyra,1,25,ochre
J06,Ferreyra,1,26,.
J06,Ferreyra,1,27,frequents
J06,Ferreyra,1,28,the
J06,Ferreyra,1,29,canopy
J06,Ferreyra,1,30,of
J06,Ferreyra,1,31,the
J06,Ferreyra,1,32,northern
J06,Ferreyra,1,33,slope
J06,Ferreyra,1,34,.
J06,Ferreyra,1,35,call
J06,Ferreyra,1,36,a
J06,Ferreyra,1,37,rasping
J06,Ferreyra,1,38,note
J06,Ferreyra,1,39,repeated
J06,Ferreyra,1,40,four
J06,Ferreyra,1,41,times
J06,Ferreyra,1,42,.
J06,Ferreyra,1,43,taken
J06,Ferreyra,1,44,in
J06,Ferreyra,1,45,the
J06,Ferreyra,1,46,rains
J06,Ferreyra,1,47,.
J06,Ferreyra,2,1,entry
J06,Ferreyra,2,2,on
J06,Ferreyra,2,3,the
J06,Ferreyra,2,4,sunbird
J06,Ferreyra,2,5,.
J06,Ferreyra,2,6,bill
J06,Ferreyra,2,7,slender
J06,Ferreyra,2,8,","
J06,Ferreyra,2,9,culmen
J06,Ferreyra,2,10,slender
J06,Ferreyra,2,11,.
J06,Ferreyra,2,12,plumage
J06,Ferreyra,2,13,above
J06,Ferreyra,2,14,olive
J06,Ferreyra,2,15,","
J06,Ferreyra,2,16,below
J06,Ferreyra,2,17,dusky
J06,Ferreyra,2,18,.
J06,Ferreyra,2,19,the
J06,Ferreyra,2,20,female
J06,Ferreyra,2,21,above
J06,Ferreyra,2,22,rufous
J06,Ferreyra,2,23,","
J06,Ferreyra,2,24,below
J06,Ferreyra,2,25,olive
J06,Ferreyra,2,26,.
J06,Ferreyra,2,27,frequents
J06,Ferreyra,2,28,the
J06,Ferreyra,2,29,littoral
J06,Ferreyra,2,30,of
J06,Ferreyra,2,31,the
J06,Ferreyra,2,32,western
J06,Ferreyra,2,33,slope
J06,Ferreyra,2,34,.
J06,Ferreyra,2,35,call
J06,Ferreyra,2,36,a
J06,Ferreyra,2,37,churring
J06,Ferreyra,2,38,note
J06,Ferreyra,2,39,repeated
J06,Ferreyra,2,40,five
J06,Ferreyra,2,41,times
J06,Ferreyra,2,42,.
J06,Ferreyra,2,43,taken
J06,Ferreyra,2,44,in
J06,Ferreyra,2,45,the
J06,Ferreyra,2,46,monsoon
J06,Ferreyra,2,47,.
J06,Ferreyra,3,1,entry
J06,Ferreyra,3,2,on
J06,Ferreyra,3,3,the
J06,Ferreyra,3,4,coucal
J06,Ferreyra,3,5,.
J06,Ferreyra,3,6,bill
J06,Ferreyra,3,7,slender
J06,Ferreyra,3,8,","
J06,Ferreyra,3,9,culmen
J06,Ferreyra,3,10,curved
J06,Ferreyra,3,11,.
J06,Ferreyra,3,12,plumage
J06,Ferreyra,3,13,above
J06,Ferreyra,3,14,olive
J06,Ferreyra,3,15,","
J06,Ferreyra,3,16,below
J06,Ferreyra,3,17,rufous
J06,Ferreyra,3,18,.
J06,Ferreyra,3,19,the
J06,Ferreyra,3,20,female
J06,Ferreyra,3,21,above
J06,Ferreyra,3,22,dusky
J06,Ferreyra,3,23,","
J06,Ferreyra,3,24,below
J06,Ferreyra,3,25,dusky
J06,Ferreyra,3,26,.
J06,Ferreyra,3,27,frequents
J06,Ferreyra,3,28,the
J06,Ferreyra,3,29,reedbed
J06,Ferreyra,3,30,of
J06,Ferreyra,3,31,the
J06,Ferreyra,3,32,northern
J06,Ferreyra,3,33,slope
J06,Ferreyra,3,34,.
J06,Ferreyra,3,35,call
J06,Ferreyra,3,36,a
J06,Ferreyra,3,37,churring
J06,Ferreyra,3,38,note
J06,Ferreyra,3,39,repeated
J06,Ferreyra,3,40,three
J06,Ferreyra,3,41,times
J06,Ferreyra,3,42,.
J06,Ferreyra,3,43,the
J06,Ferreyra,3,44,young
J06,Ferreyra,3,45,beg
J06,Ferreyra,3,46,with
J06,Ferreyra,3,47,the
J06,Ferreyra,3,48,throat
J06,Ferreyra,3,49,and
J06,Ferreyra,3,50,not
J06,Ferreyra,3,51,the
J06,Ferreyra,3,52,wing
J06,Ferreyra,3,53,.
J06,Ferreyra,3,54,taken
J06,Ferreyra,3,55,in
J06,Ferreyra,3,56,the
J06,Ferreyra,3,57,monsoon
J06,Ferreyra,3,58,.
J06,Ferreyra,4,1,entry
J06,Ferreyra,4,2,on
J06,Ferreyra,4,3,the
J06,Ferreyra,4,4,drongo
J06,Ferreyra,4,5,.
J06,Ferreyra,4,6,bill
J06,Ferreyra,4,7,slender
J06,Ferreyra,4,8,","
J06,Ferreyra,4,9,culmen
J06,Ferreyra,4,10,ridged
J06,Ferreyra,4,11,.
J06,Ferreyra,4,12,plumage
J06,Ferreyra,4,13,above
J06,Ferreyra,4,14,cinereous
J06,Ferreyra,4,15,","
J06,Ferreyra,4,16,below
J06,Ferreyra,4,17,olive
J06,Ferreyra,4,18,.
J06,Ferreyra,4,19,the
J06,Ferreyra,4,20,female
J06,Ferreyra,4,21,above
J06,Ferreyra,4,22,ashen
J06,Ferreyra,4,23,","
J06,Ferreyra,4,24,below
J06,Ferreyra,4,25,olive
J06,Ferreyra,4,26,.
J06,Ferreyra,4,27,frequents
J06,Ferreyra,4,28,the
J06,Ferreyra,4,29,gallery
J06,Ferreyra,4,30,of
J06,Ferreyra,4,31,the
J06,Ferreyra,4,32,western
J06,Ferreyra,4,33,slope
J06,Ferreyra,4,34,.
J06,Ferreyra,4,35,call
J06,Ferreyra,4,36,a
J06,Ferreyra,4,37,plaintive
J06,Ferreyra,4,38,note
J06,Ferreyra,4,39,repeated
J06,Ferreyra,4,40,two
J06,Ferreyra,4,41,times
J06,Ferreyra,4,42,.
J06,Ferreyra,4,43,taken
J06,Ferreyra,4,44,in
J06,Ferreyra,4,45,the
J06,Ferreyra,4,46,rains
J06,Ferreyra,4,47,.
J06,Ferreyra,5,1,entry
J06,Ferreyra,5,2,on
J06,Ferreyra,5,3,the
J06,Ferreyra,5,4,cisticola
J06,Ferreyra,5,5,.
J06,Ferreyra,5,6,bill
J06,Ferreyra,5,7,stout
J06,Ferreyra,5,8,","
J06,Ferreyra,5,9,culmen
J06,Ferreyra,5,10,curved
J06,Ferreyra,5,11,.
J06,Ferreyra,5,12,plumage
J06,Ferreyra,5,13,above
J06,Ferreyra,5,14,olive
J06,Ferreyra,5,15,","
J06,Ferreyra,5,16,below
J06,Ferreyra,5,17,dusky
J06,Ferreyra,5,18,.
J06,Ferreyra,5,19,the
J06,Ferreyra,5,20,female
J06,Ferreyra,5,21,above
J06,Ferreyra,5,22,ashen
J06,Ferreyra,5,23,","
J06,Ferreyra,5,24,below
J06,Ferreyra,5,25,olive
J06,Ferreyra,5,26,.
J06,Ferreyra,5,27,frequents
J06,Ferreyra,5,28,the
J06,Ferreyra,5,29,canopy
J06,Ferreyra,5,30,of
J06,Ferreyra,5,31,the
J06,Ferreyra,5,32,western
J06,Ferreyra,5,33,slope
J06,Ferreyra,5,34,.
J06,Ferreyra,5,35,call
J06,Ferreyra,5,36,a
J06,Ferreyra,5,37,rasping
J06,Ferreyra,5,38,note
J06,Ferreyra,5,39,repeated
J06,Ferreyra,5,40,four
J06,Ferreyra,5,41,times
J06,Ferreyra,5,42,.
J06,Ferreyra,5,43,taken
J06,Ferreyra,5,44,in
J06,Ferreyra,5,45,the
J06,Ferreyra,5,46,harvest
J06,Ferreyra,5,47,.
J06,Ferreyra,6,1,entry
J06,Ferreyra,6,2,on
J06,Ferreyra,6,3,the
J06,Ferreyra,6,4,bulbul
J06,Ferreyra,6,5,.
J06,Ferreyra,6,6,bill
J06,Ferreyra,6,7,fine
J06,Ferreyra,6,8,","
J06,Ferreyra,6,9,culmen
J06,Ferreyra,6,10,curved
J06,Ferreyra,6,11,.
J06,Ferreyra,6,12,plumage
J06,Ferreyra,6,13,above
J06,Ferreyra,6,14,olive
J06,Ferreyra,6,15,","
J06,Ferreyra,6,16,below
J06,Ferreyra,6,17,cinereous
J06,Ferreyra,6,18,.
J06,Ferreyra,6,19,the
J06,Ferreyra,6,20,female
J06,Ferreyra,6,21,above
J06,Ferreyra,6,22,cinereous
J06,Ferreyra,6,23,","
J06,Ferreyra,6,24,below
J06,Ferreyra,6,25,olive
J06,Ferreyra,6,26,.
J06,Ferreyra,6,27,frequents
J06,Ferreyra,6,28,the
J06,Ferreyra,6,29,reedbed
J06,Ferreyra,6,30,of
J06,Ferreyra,6,31,the
J06,Ferreyra,6,32,northern
J06,Ferreyra,6,33,slope
J06,Ferreyra,6,34,.
J06,Ferreyra,6,35,call
J06,Ferreyra,6,36,a
J06,Ferreyra,6,37,churring
J06,Ferreyra,6,38,note
J06,Ferreyra,6,39,repeated
J06,Ferreyra,6,40,four
J06,Ferreyra,6,41,times
J06,Ferreyra,6,42,.
J06,Ferreyra,6,43,the
J06,Ferreyra,6,44,young
J06,Ferreyra,6,45,beg
J06,Ferreyra,6,46,with
J06,Ferreyra,6,47,the
J06,Ferreyra,6,48,throat
J06,Ferreyra,6,49,and
J06,Ferreyra,6,50,not
J06,Ferreyra,6,51,the
J06,Ferreyra,6,52,wing
J06,Ferreyra,6,53,.
J06,Ferreyra,6,54,taken
J06,Ferreyra,6,55,in
J06,Ferreyra,6,56,the
J06,Ferreyra,6,57,harvest
J06,Ferreyra,6,58,.
J06,Ferreyra,7,1,entry
J06,Ferreyra,7,2,on
J06,Ferreyra,7,3,the
J06,Ferreyra,7,4,weaver
J06,Ferreyra,7,5,.
J06,Ferreyra,7,6,bill
J06,Ferreyra,7,7,short
J06,Ferreyra,7,8,","
J06,Ferreyra,7,9,culmen
J06,Ferreyra,7,10,curved
J06,Ferreyra,7,11,.
J06,Ferreyra,7,12,plumage
J06,Ferreyra,7,13,above
J06,Ferreyra,7,14,slate
J06,Ferreyra,7,15,","
J06,Ferreyra,7,16,below
J06,Ferreyra,7,17,olive
J06,Ferreyra,7,18,.
J06,Ferreyra,7,19,the
J06,Ferreyra,7,20,female
J06,Ferreyra,7,21,above
J06,Ferreyra,7,22,dusky
J06,Ferreyra,7,23,","
J06,Ferreyra,7,24,below
J06,Ferreyra,7,25,ashen
J06,Ferreyra,7,26,.
J06,Ferreyra,7,27,frequents
J06,Ferreyra,7,28,the
J06,Ferreyra,7,29,canopy
J06,Ferreyra,7,30,of
J06,Ferreyra,7,31,the
J06,Ferreyra,7,32,eastern
J06,Ferreyra,7,33,slope
J06,Ferreyra,7,34,.
J06,Ferreyra,7,35,call
J06,Ferreyra,7,36,a
J06,Ferreyra,7,37,liquid
J06,Ferreyra,7,38,note
J06,Ferreyra,7,39,repeated
J06,Ferreyra,7,40,two
J06,Ferreyra,7,41,times
J06,Ferreyra,7,42,.
J06,Ferreyra,7,43,taken
J06,Ferreyra,7,44,in
J06,Ferreyra,7,45,the
J06,Ferreyra,7,46,harvest
J06,Ferreyra,7,47,.
J06,Ferreyra,8,1,entry
J06,Ferreyra,8,2,on
J06,Ferreyra,8,3,the
J06,Ferreyra,8,4,roller
J06,Ferreyra,8,5,.
J06,Ferreyra,8,6,bill
J06,Ferreyra,8,7,slender
J06,Ferreyra,8,8,","
J06,Ferreyra,8,9,culmen
J06,Ferreyra,8,10,curved
J06,Ferreyra,8,11,.
J06,Ferreyra,8,12,plumage
J06,Ferreyra,8,13,above
J06,Ferreyra,8,14,rufous
J06,Ferreyra,8,15,","
J06,Ferreyra,8,16,below
J06,Ferreyra,8,17,rufous
J06,Ferreyra,8,18,.
J06,Ferreyra,8,19,the
J06,Ferreyra,8,20,female
J06,Ferreyra,8,21,above
J06,Ferreyra,8,22,rufous
J06,Ferreyra,8,23,","
J06,Ferreyra,8,24,below
J06,Ferreyra,8,25,dusky
J06,Ferreyra,8,26,.
J06,Ferreyra,8,27,frequents
J06,Ferreyra,8,28,the
J06,Ferreyra,8,29,littoral
J06,Ferreyra,8,30,of
J06,Ferreyra,8,31,the
J06,Ferreyra,8,32,eastern
J06,Ferreyra,8,33,slope
J06,Ferreyra,8,34,.
J06,Ferreyra,8,35,call
J06,Ferreyra,8,36,a
J06,Ferreyra,8,37,rasping
J06,Ferreyra,8,38,note
J06,Ferreyra,8,39,repeated
J06,Ferreyra,8,40,six
J06,Ferreyra,8,41,times
J06,Ferreyra,8,42,.
J06,Ferreyra,8,43,taken
J06,Ferreyra,8,44,in
J06,Ferreyra,8,45,the
J06,Ferreyra,8,46,monsoon
J06,Ferreyra,8,47,.
J06,Ferreyra,9,1,entry
J06,Ferreyra,9,2,on
J06,Ferreyra,9,3,the
J06,Ferreyra,9,4,hoopoe
J06,Ferreyra,9,5,.
J06,Ferreyra,9,6,bill
J06,Ferreyra,9,7,fine
J06,Ferreyra,9,8,","
J06,Ferreyra,9,9,culmen
J06,Ferreyra,9,10,curved
J06,Ferreyra,9,11,.
J06,Ferreyra,9,12,plumage
J06,Ferreyra,9,13,above
J06,Ferreyra,9,14,ashen
J06,Ferreyra,9,15,","
J06,Ferreyra,9,16,below
J06,Ferreyra,9,17,rufous
J06,Ferreyra,9,18,.
J06,Ferreyra,9,19,the
J06,Ferreyra,9,20,female
J06,Ferreyra,9,21,above
J06,Ferreyra,9,22,dusky
J06,Ferreyra,9,23,","
J06,Ferreyra,9,24,below
J06,Ferreyra,9,25,ashen
J06,Ferreyra,9,26,.
J06,Ferreyra,9,27,frequents
J06,Ferreyra,9,28,the
J06,Ferreyra,9,29,canopy
J06,Ferreyra,9,30,of
J06,Ferreyra,9,31,the
J06,Ferreyra,9,32,southern
J06,Ferreyra,9,33,slope
J06,Ferreyra,9,34,.
J06,Ferreyra,9,35,call
J06,Ferreyra,9,36,a
J06,Ferreyra,9,37,rasping
J06,Ferreyra,9,38,note
J06,Ferreyra,9,39,repeated
J06,Ferreyra,9,40,three
J06,Ferreyra,9,41,times
J06,Ferreyra,9,42,.
J06,Ferreyra,9,43,the
J06,Ferreyra,9,44,young
J06,Ferreyra,9,45,beg
J06,Ferreyra,9,46,with
J06,Ferreyra,9,47,the
J06,Ferreyra,9,48,throat
J06,Ferreyra,9,49,and
J06,Ferreyra,9,50,not
J06,Ferreyra,9,51,the
J06,Ferreyra,9,52,wing
J06,Ferreyra,9,53,.
J06,Ferreyra,9,54,taken
J06,Ferreyra,9,55,in
J06,Ferreyra,9,56,the
J06,Ferreyra,9,57,rains
J06,Ferreyra,9,58,.
J06,Ferreyra,10,1,entry
J06,Ferreyra,10,2,on
J06,Ferreyra,10,3,the
J06,Ferreyra,10,4,shrike
J06,Ferreyra,10,5,.
J06,Ferreyra,10,6,bill
J06,Ferreyra,10,7,fine
J06,Ferreyra,10,8,","
J06,Ferreyra,10,9,culmen
J06,Ferreyra,10,10,slender
J06,Ferreyra,10,11,.
J06,Ferreyra,10,12,plumage
J06,Ferreyra,10,13,above
J06,Ferreyra,10,14,rufous
J06,Ferreyra,10,15,","
J06,Ferreyra,10,16,below
J06,Ferreyra,10,17,cinereous
J06,Ferreyra,10,18,.
J06,Ferreyra,10,19,the
J06,Ferreyra,10,20,female
J06,Ferreyra,10,21,above
J06,Ferreyra,10,22,olive
J06,Ferreyra,10,23,","
J06,Ferreyra,10,24,below
J06,Ferreyra,10,25,olive
J06,Ferreyra,10,26,.
J06,Ferreyra,10,27,frequents
J06,Ferreyra,10,28,the
J06,Ferreyra,10,29,canopy
J06,Ferreyra,10,30,of
J06,Ferreyra,10,31,the
J06,Ferreyra,10,32,southern
J06,Ferreyra,10,33,slope
J06,Ferreyra,10,34,.
J06,Ferreyra,10,35,call
J06,Ferreyra,10,36,a
J06,Ferreyra,10,37,churring
J06,Ferreyra,10,38,note
J06,Ferreyra,10,39,repeated
J06,Ferreyra,10,40,three
J06,Ferreyra,10,41,times
J06,Ferreyra,10,42,.
J06,Ferreyra,10,43,taken
J06,Ferreyra,10,44,in
J06,Ferreyra,10,45,the
J06,Ferreyra,10,46,harvest
J06,Ferreyra,10,47,.
J06,Ferreyra,11,1,entry
J06,Ferreyra,11,2,on
J06,Ferreyra,11,3,the
J06,Ferreyra,11,4,pitta
J06,Ferreyra,11,5,.
J06,Ferreyra,11,6,bill
J06,Ferreyra,11,7,slender
J06,Ferreyra,11,8,","
J06,Ferreyra,11,9,culmen
J06,Ferreyra,11,10,curved
J06,Ferreyra,11,11,.
J06,Ferreyra,11,12,plumage
J06,Ferreyra,11,13,above
J06,Ferreyra,11,14,slate
J06,Ferreyra,11,15,","
J06,Ferreyra,11,16,below
J06,Ferreyra,11,17,dusky
J06,Ferreyra,11,18,.
J06,Ferreyra,11,19,the
J06,Ferreyra,11,20,female
J06,Ferreyra,11,21,above
J06,Ferreyra,11,22,fulvous
J06,Ferreyra,11,23,","
J06,Ferreyra,11,24,below
J06,Ferreyra,11,25,dusky
J06,Ferreyra,11,26,.
J06,Ferreyra,11,27,frequents
J06,Ferreyra,11,28,the
J06,Ferreyra,11,29,canopy
J06,Ferreyra,11,30,of
J06,Ferreyra,11,31,the
J06,Ferreyra,11,32,eastern
J06,Ferreyra,11,33,slope
J06,Ferreyra,11,34,.
J06,Ferreyra,11,35,call
J06,Ferreyra,11,36,a
J06,Ferreyra,11,37,rasping
J06,Ferreyra,11,38,note
J06,Ferreyra,11,39,repeated
J06,Ferreyra,11,40,six
J06,Ferreyra,11,41,times
J06,Ferreyra,11,42,.
J06,Ferreyra,11,43,taken
J06,Ferreyra,11,44,in
J06,Ferreyra,11,45,the
J06,Ferreyra,11,46,drought
J06,Ferreyra,11,47,.
J06,Ferreyra,12,1,entry
J06,Ferreyra,12,2,on
J06,Ferreyra,12,3,the
J06,Ferreyra,12,4,greenbill
J06,Ferreyra,12,5,.
J06,Ferreyra,12,6,bill
J06,Ferreyra,12,7,deep
J06,Ferreyra,12,8,","
J06,Ferreyra,12,9,culmen
J06,Ferreyra,12,10,straight
J06,Ferreyra,12,11,.
J06,Ferreyra,12,12,plumage
J06,Ferreyra,12,13,above
J06,Ferreyra,12,14,rufous
J06,Ferreyra,12,15,","
J06,Ferreyra,12,16,below
J06,Ferreyra,12,17,ashen
J06,Ferreyra,12,18,.
J06,Ferreyra,12,19,the
J06,Ferreyra,12,20,female
J06,Ferreyra,12,21,above
J06,Ferreyra,12,22,fulvous
J06,Ferreyra,12,23,","
J06,Ferreyra,12,24,below
J06,Ferreyra,12,25,ochre
J06,Ferreyra,12,26,.
J06,Ferreyra,12,27,frequents
J06,Ferreyra,12,28,the
J06,Ferreyra,12,29,thicket
J06,Ferreyra,12,30,of
J06,Ferreyra,12,31,the
J06,Ferreyra,12,32,northern
J06,Ferreyra,12,33,slope
J06,Ferreyra,12,34,.
J06,Ferreyra,12,35,call
J06,Ferreyra,12,36,a
J06,Ferreyra,12,37,churring
J06,Ferreyra,12,38,note
J06,Ferreyra,12,39,repeated
J06,Ferreyra,12,40,five
J06,Ferreyra,12,41,times
J06,Ferreyra,12,42,.
J06,Ferreyra,12,43,the
J06,Ferreyra,12,44,young
J06,Ferreyra,12,45,beg
J06,Ferreyra,12,46,with
J06,Ferreyra,12,47,the
J06,Ferreyra,12,48,throat
J06,Ferreyra,12,49,and
J06,Ferreyra,12,50,not
J06,Ferreyra,12,51,the
J06,Ferreyra,12,52,wing
J06,Ferreyra,12,53,.
J06,Ferreyra,12,54,taken
J06,Ferreyra,12,55,in
J06,Ferreyra,12,56,the
J06,Ferreyra,12,57,rains
J06,Ferreyra,12,58,.
J06,Ferreyra,13,1,entry
J06,Ferreyra,13,2,on
J06,Ferreyra,13,3,the
J06,Ferreyra,13,4,ashvanga
J06,Ferreyra,13,5,.
J06,Ferreyra,13,6,bill
J06,Ferreyra,13,7,stout
J06,Ferreyra,13,8,","
J06,Ferreyra,13,9,culmen
J06,Ferreyra,13,10,curved
J06,Ferreyra,13,11,.
J06,Ferreyra,13,12,plumage
J06,Ferreyra,13,13,above
J06,Ferreyra,13,14,olive
J06,Ferreyra,13,15,","
J06,Ferreyra,13,16,below
J06,Ferreyra,13,17,slate
J06,Ferreyra,13,18,.
J06,Ferreyra,13,19,the
J06,Ferreyra,13,20,female
J06,Ferreyra,13,21,above
J06,Ferreyra,13,22,olive
J06,Ferreyra,13,23,","
J06,Ferreyra,13,24,below
J06,Ferreyra,13,25,ochre
J06,Ferreyra,13,26,.
J06,Ferreyra,13,27,frequents
J06,Ferreyra,13,28,the
J06,Ferreyra,13,29,reedbed
J06,Ferreyra,13,30,of
J06,Ferreyra,13,31,the
J06,Ferreyra,13,32,northern
J06,Ferreyra,13,33,slope
J06,Ferreyra,13,34,.
J06,Ferreyra,13,35,call
J06,Ferreyra,13,36,a
J06,Ferreyra,13,37,liquid
J06,Ferreyra,13,38,note
J06,Ferreyra,13,39,repeated
J06,Ferreyra,13,40,six
J06,Ferreyra,13,41,times
J06,Ferreyra,13,42,.
J06,Ferreyra,13,43,taken
J06,Ferreyra,13,44,in
J06,Ferreyra,13,45,the
J06,Ferreyra,13,46,drought
J06,Ferreyra,13,47,.
J06,Ferreyra,14,1,entry
J06,Ferreyra,14,2,on
J06,Ferreyra,14,3,the
J06,Ferreyra,14,4,spurwing
J06,Ferreyra,14,5,.
J06,Ferreyra,14,6,bill
J06,Ferreyra,14,7,fine
J06,Ferreyra,14,8,","
J06,Ferreyra,14,9,culmen
J06,Ferreyra,14,10,straight
J06,Ferreyra,14,11,.
J06,Ferreyra,14,12,plumage
J06,Ferreyra,14,13,above
J06,Ferreyra,14,14,dusky
J06,Ferreyra,14,15,","
J06,Ferreyra,14,16,below
J06,Ferreyra,14,17,slate
J06,Ferreyra,14,18,.
J06,Ferreyra,14,19,the
J06,Ferreyra,14,20,female
J06,Ferreyra,14,21,above
J06,Ferreyra,14,22,olive
J06,Ferreyra,14,23,","
J06,Ferreyra,14,24,below
J06,Ferreyra,14,25,dusky
J06,Ferreyra,14,26,.
J06,Ferreyra,14,27,frequents
J06,Ferreyra,14,28,the
J06,Ferreyra,14,29,scrub
J06,Ferreyra,14,30,of
J06,Ferreyra,14,31,the
J06,Ferreyra,14,32,northern
J06,Ferreyra,14,33,slope
J06,Ferreyra,14,34,.
J06,Ferreyra,14,35,call
J06,Ferreyra,14,36,a
J06,Ferreyra,14,37,rasping
J06,Ferreyra,14,38,note
J06,Ferreyra,14,39,repeated
J06,Ferreyra,14,40,three
J06,Ferreyra,14,41,times
J06,Ferreyra,14,42,.
J06,Ferreyra,14,43,taken
J06,Ferreyra,14,44,in
J06,Ferreyra,14,45,the
J06,Ferreyra,14,46,harvest
J06,Ferreyra,14,47,.
J06,Ferreyra,15,1,entry
J06,Ferreyra,15,2,on
J06,Ferreyra,15,3,the
J06,Ferreyra,15,4,reedthrush
J06,Ferreyra,15,5,.
J06,Ferreyra,15,6,bill
J06,Ferreyra,15,7,fine
J06,Ferreyra,15,8,","
J06,Ferreyra,15,9,culmen
J06,Ferreyra,15,10,curved
J06,Ferreyra,15,11,.
J06,Ferreyra,15,12,plumage
J06,Ferreyra,15,13,above
J06,Ferreyra,15,14,slate
J06,Ferreyra,15,15,","
J06,Ferreyra,15,16,below
J06,Ferreyra,15,17,olive
J06,Ferreyra,15,18,.
J06,Ferreyra,15,19,the
J06,Ferreyra,15,20,female
J06,Ferreyra,15,21,above
J06,Ferreyra,15,22,rufous
J06,Ferreyra,15,23,","
J06,Ferreyra,15,24,below
J06,Ferreyra,15,25,ashen
J06,Ferreyra,15,26,.
J06,Ferreyra,15,27,frequents
J06,Ferreyra,15,28,the
J06,Ferreyra,15,29,thicket
J06,Ferreyra,15,30,of
J06,Ferreyra,15,31,the
J06,Ferreyra,15,32,southern
J06,Ferreyra,15,33,slope
J06,Ferreyra,15,34,.
J06,Ferreyra,15,35,call
J06,Ferreyra,15,36,a
J06,Ferreyra,15,37,piping
J06,Ferreyra,15,38,note
J06,Ferreyra,15,39,repeated
J06,Ferreyra,15,40,five
J06,Ferreyra,15,41,times
J06,Ferreyra,15,42,.
J06,Ferreyra,15,43,the
J06,Ferreyra,15,44,young
J06,Ferreyra,15,45,beg
J06,Ferreyra,15,46,with
J06,Ferreyra,15,47,the
J06,Ferreyra,15,48,throat
J06,Ferreyra,15,49,and
J06,Ferreyra,15,50,not
J06,Ferreyra,15,51,the
J06,Ferreyra,15,52,wing
J06,Ferreyra,15,53,.
J06,Ferreyra,15,54,taken
J06,Ferreyra,15,55,in
J06,Ferreyra,15,56,the
J06,Ferreyra,15,57,rains
J06,Ferreyra,15,58,.
J07,Whitlock,1,1,entry
J07,Whitlock,1,2,on
J07,Whitlock,1,3,the
J07,Whitlock,1,4,drongo
J07,Whitlock,1,5,.
J07,Whitlock,1,6,bill
J07,Whitlock,1,7,deep
J07,Whitlock,1,8,","
J07,Whitlock,1,9,culmen
J07,Whitlock,1,10,straight
J07,Whitlock,1,11,.
J07,Whitlock,1,12,plumage
J07,Whitlock,1,13,above
J07,Whitlock,1,14,rufous
J07,Whitlock,1,15,","
J07,Whitlock,1,16,below
J07,Whitlock,1,17,ashen
J07,Whitlock,1,18,.
J07,Whitlock,1,19,the
J07,Whitlock,1,20,female
J07,Whitlock,1,21,above
J07,Whitlock,1,22,fulvous
J07,Whitlock,1,23,","
J07,Whitlock,1,24,below
J07,Whitlock,1,25,olive
J07,Whitlock,1,26,.
J07,Whitlock,1,27,frequents
J07,Whitlock,1,28,the
J07,Whitlock,1,29,thicket
J07,Whitlock,1,30,of
J07,Whitlock,1,31,the
J07,Whitlock,1,32,northern
J07,Whitlock,1,33,slope
J07,Whitlock,1,34,.
J07,Whitlock,1,35,call
J07,Whitlock,1,36,a
J07,Whitlock,1,37,plaintive
J07,Whitlock,1,38,note
J07,Whitlock,1,39,repeated
J07,Whitlock,1,40,two
J07,Whitlock,1,41,times
J07,Whitlock,1,42,.
J07,Whitlock,1,43,taken
J07,Whitlock,1,44,in
J07,Whitlock,1,45,the
J07,Whitlock,1,46,monsoon
J07,Whitlock,1,47,.
J07,Whitlock,2,1,entry
J07,Whitlock,2,2,on
J07,Whitlock,2,3,the
J07,Whitlock,2,4,cisticola
J07,Whitlock,2,5,.
J07,Whitlock,2,6,bill
J07,Whitlock,2,7,stout
J07,Whitlock,2,8,","
J07,Whitlock,2,9,culmen
J07,Whitlock,2,10,straight
J07,Whitlock,2,11,.
J07,Whitlock,2,12,plumage
J07,Whitlock,2,13,above
J07,Whitlock,2,14,olive
J07,Whitlock,2,15,","
J07,Whitlock,2,16,below
J07,Whitlock,2,17,fulvous
J07,Whitlock,2,18,.
J07,Whitlock,2,19,the
J07,Whitlock,2,20,female
J07,Whitlock,2,21,above
J07,Whitlock,2,22,dusky
J07,Whitlock,2,23,","
J07,Whitlock,2,24,below
J07,Whitlock,2,25,olive
J07,Whitlock,2,26,.
J07,Whitlock,2,27,frequents
J07,Whitlock,2,28,the
J07,Whitlock,2,29,scrub
J07,Whitlock,2,30,of
J07,Whitlock,2,31,the
J07,Whitlock,2,32,southern
J07,Whitlock,2,33,slope
J07,Whitlock,2,34,.
J07,Whitlock,2,35,call
J07,Whitlock,2,36,a
J07,Whitlock,2,37,liquid
J07,Whitlock,2,38,note
J07,Whitlock,2,39,repeated
J07,Whitlock,2,40,two
J07,Whitlock,2,41,times
J07,Whitlock,2,42,.
J07,Whitlock,2,43,taken
J07,Whitlock,2,44,in
J07,Whitlock,2,45,the
J07,Whitlock,2,46,rains
J07,Whitlock,2,47,.
J07,Whitlock,3,1,entry
J07,Whitlock,3,2,on
J07,Whitlock,3,3,the
J07,Whitlock,3,4,bulbul
J07,Whitlock,3,5,.
J07,Whitlock,3,6,bill
J07,Whitlock,3,7,stout
J07,Whitlock,3,8,","
J07,Whitlock,3,9,culmen
J07,Whitlock,3,10,curved
J07,Whitlock,3,11,.
J07,Whitlock,3,12,plumage
J07,Whitlock,3,13,above
J07,Whitlock,3,14,rufous
J07,Whitlock,3,15,","
J07,Whitlock,3,16,below
J07,Whitlock,3,17,olive
J07,Whitlock,3,18,.
J07,Whitlock,3,19,the
J07,Whitlock,3,20,female
J07,Whitlock,3,21,above
J07,Whitlock,3,22,dusky
J07,Whitlock,3,23,","
J07,Whitlock,3,24,below
J07,Whitlock,3,25,ashen
J07,Whitlock,3,26,.
J07,Whitlock,3,27,frequents
J07,Whitlock,3,28,the
J07,Whitlock,3,29,gallery
J07,Whitlock,3,30,of
J07,Whitlock,3,31,the
J07,Whitlock,3,32,western
J07,Whitlock,3,33,slope
J07,Whitlock,3,34,.
J07,Whitlock,3,35,call
J07,Whitlock,3,36,a
J07,Whitlock,3,37,piping
J07,Whitlock,3,38,note
J07,Whitlock,3,39,repeated
J07,Whitlock,3,40,two
J07,Whitlock,3,41,times
J07,Whitlock,3,42,.
J07,Whitlock,3,43,it
J07,Whitlock,3,44,will
J07,Whitlock,3,45,not
J07,Whitlock,3,46,cross
J07,Whitlock,3,47,open
J07,Whitlock,3,48,water
J07,Whitlock,3,49,even
J07,Whitlock,3,50,when
J07,Whitlock,3,51,driven
J07,Whitlock,3,52,.
J07,Whitlock,3,53,taken
J07,Whitlock,3,54,in
J07,Whitlock,3,55,the
J07,Whitlock,3,56,monsoon
J07,Whitlock,3,57,.
J07,Whitlock,4,1,entry
J07,Whitlock,4,2,on
J07,Whitlock,4,3,the
J07,Whitlock,4,4,weaver
J07,Whitlock,4,5,.
J07,Whitlock,4,6,bill
J07,Whitlock,4,7,fine
J07,Whitlock,4,8,","
J07,Whitlock,4,9,culmen
J07,Whitlock,4,10,curved
J07,Whitlock,4,11,.
J07,Whitlock,4,12,plumage
J07,Whitlock,4,13,above
J07,Whitlock,4,14,dusky
J07,Whitlock,4,15,","
J07,Whitlock,4,16,below
J07,Whitlock,4,17,cinereous
J07,Whitlock,4,18,.
J07,Whitlock,4,19,the
J07,Whitlock,4,20,female
J07,Whitlock,4,21,above
J07,Whitlock,4,22,olive
J07,Whitlock,4,23,","
J07,Whitlock,4,24,below
J07,Whitlock,4,25,cinereous
J07,Whitlock,4,26,.
J07,Whitlock,4,27,frequents
J07,Whitlock,4,28,the
J07,Whitlock,4,29,thicket
J07,Whitlock,4,30,of
J07,Whitlock,4,31,the
J07,Whitlock,4,32,northern
J07,Whitlock,4,33,slope
J07,Whitlock,4,34,.
J07,Whitlock,4,35,call
J07,Whitlock,4,36,a
J07,Whitlock,4,37,churring
J07,Whitlock,4,38,note
J07,Whitlock,4,39,repeated
J07,Whitlock,4,40,five
J07,Whitlock,4,41,times
J07,Whitlock,4,42,.
J07,Whitlock,4,43,taken
J07,Whitlock,4,44,in
J07,Whitlock,4,45,the
J07,Whitlock,4,46,harvest
J07,Whitlock,4,47,.
J07,Whitlock,5,1,entry
J07,Whitlock,5,2,on
J07,Whitlock,5,3,the
J07,Whitlock,5,4,roller
J07,Whitlock,5,5,.
J07,Whitlock,5,6,bill
J07,Whitlock,5,7,slender
J07,Whitlock,5,8,","
J07,Whitlock,5,9,culmen
J07,Whitlock,5,10,stout
J07,Whitlock,5,11,.
J07,Whitlock,5,12,plumage
J07,Whitlock,5,13,above
J07,Whitlock,5,14,rufous
J07,Whitlock,5,15,","
J07,Whitlock,5,16,below
J07,Whitlock,5,17,rufous
J07,Whitlock,5,18,.
J07,Whitlock,5,19,the
J07,Whitlock,5,20,female
J07,Whitlock,5,21,above
J07,Whitlock,5,22,slate
J07,Whitlock,5,23,","
J07,Whitlock,5,24,below
J07,Whitlock,5,25,ashen
J07,Whitlock,5,26,.
J07,Whitlock,5,27,frequents
J07,Whitlock,5,28,the
J07,Whitlock,5,29,scrub
J07,Whitlock,5,30,of
J07,Whitlock,5,31,the
J07,Whitlock,5,32,southern
J07,Whitlock,5,33,slope
J07,Whitlock,5,34,.
J07,Whitlock,5,35,call
J07,Whitlock,5,36,a
J07,Whitlock,5,37,piping
J07,Whitlock,5,38,note
J07,Whitlock,5,39,repeated
J07,Whitlock,5,40,four
J07,Whitlock,5,41,times
J07,Whitlock,5,42,.
J07,Whitlock,5,43,taken
J07,Whitlock,5,44,in
J07,Whitlock,5,45,the
J07,Whitlock,5,46,rains
J07,Whitlock,5,47,.
J07,Whitlock,6,1,entry
J07,Whitlock,6,2,on
J07,Whitlock,6,3,the
J07,Whitlock,6,4,hoopoe
J07,Whitlock,6,5,.
J07,Whitlock,6,6,bill
J07,Whitlock,6,7,slender
J07,Whitlock,6,8,","
J07,Whitlock,6,9,culmen
J07,Whitlock,6,10,curved
J07,Whitlock,6,11,.
J07,Whitlock,6,12,plumage
J07,Whitlock,6,13,above
J07,Whitlock,6,14,olive
J07,Whitlock,6,15,","
J07,Whitlock,6,16,below
J07,Whitlock,6,17,rufous
J07,Whitlock,6,18,.
J07,Whitlock,6,19,the
J07,Whitlock,6,20,female
J07,Whitlock,6,21,above
J07,Whitlock,6,22,dusky
J07,Whitlock,6,23,","
J07,Whitlock,6,24,below
J07,Whitlock,6,25,ashen
J07,Whitlock,6,26,.
J07,Whitlock,6,27,frequents
J07,Whitlock,6,28,the
J07,Whitlock,6,29,gallery
J07,Whitlock,6,30,of
J07,Whitlock,6,31,the
J07,Whitlock,6,32,western
J07,Whitlock,6,33,slope
J07,Whitlock,6,34,.
J07,Whitlock,6,35,call
J07,Whitlock,6,36,a
J07,Whitlock,6,37,rasping
J07,Whitlock,6,38,note
J07,Whitlock,6,39,repeated
J07,Whitlock,6,40,three
J07,Whitlock,6,41,times
J07,Whitlock,6,42,.
J07,Whitlock,6,43,it
J07,Whitlock,6,44,will
J07,Whitlock,6,45,not
J07,Whitlock,6,46,cross
J07,Whitlock,6,47,open
J07,Whitlock,6,48,water
J07,Whitlock,6,49,even
J07,Whitlock,6,50,when
J07,Whitlock,6,51,driven
J07,Whitlock,6,52,.
J07,Whitlock,6,53,taken
J07,Whitlock,6,54,in
J07,Whitlock,6,55,the
J07,Whitlock,6,56,monsoon
J07,Whitlock,6,57,.
J07,Whitlock,7,1,entry
J07,Whitlock,7,2,on
J07,Whitlock,7,3,the
J07,Whitlock,7,4,shrike
J07,Whitlock,7,5,.
J07,Whitlock,7,6,bill
J07,Whitlock,7,7,short
J07,Whitlock,7,8,","
J07,Whitlock,7,9,culmen
J07,Whitlock,7,10,curved
J07,Whitlock,7,11,.
J07,Whitlock,7,12,plumage
J07,Whitlock,7,13,above
J07,Whitlock,7,14,olive
J07,Whitlock,7,15,","
J07,Whitlock,7,16,below
J07,Whitlock,7,17,cinereous
J07,Whitlock,7,18,.
J07,Whitlock,7,19,the
J07,Whitlock,7,20,female
J07,Whitlock,7,21,above
J07,Whitlock,7,22,olive
J07,Whitlock,7,23,","
J07,Whitlock,7,24,below
J07,Whitlock,7,25,olive
J07,Whitlock,7,26,.
J07,Whitlock,7,27,frequents
J07,Whitlock,7,28,the
J07,Whitlock,7,29,canopy
J07,Whitlock,7,30,of
J07,Whitlock,7,31,the
J07,Whitlock,7,32,northern
J07,Whitlock,7,33,slope
J07,Whitlock,7,34,.
J07,Whitlock,7,35,call
J07,Whitlock,7,36,a
J07,Whitlock,7,37,rasping
J07,Whitlock,7,38,note
J07,Whitlock,7,39,repeated
J07,Whitlock,7,40,three
J07,Whitlock,7,41,times
J07,Whitlock,7,42,.
J07,Whitlock,7,43,taken
J07,Whitlock,7,44,in
J07,Whitlock,7,45,the
J07,Whitlock,7,46,drought
J07,Whitlock,7,47,.
J07,Whitlock,8,1,entry
J07,Whitlock,8,2,on
J07,Whitlock,8,3,the
J07,Whitlock,8,4,pitta
J07,Whitlock,8,5,.
J07,Whitlock,8,6,bill
J07,Whitlock,8,7,stout
J07,Whitlock,8,8,","
J07,Whitlock,8,9,culmen
J07,Whitlock,8,10,ridged
J07,Whitlock,8,11,.
J07,Whitlock,8,12,plumage
J07,Whitlock,8,13,above
J07,Whitlock,8,14,slate
J07,Whitlock,8,15,","
J07,Whitlock,8,16,below
J07,Whitlock,8,17,olive
J07,Whitlock,8,18,.
J07,Whitlock,8,19,the
J07,Whitlock,8,20,female
J07,Whitlock,8,21,above
J07,Whitlock,8,22,ashen
J07,Whitlock,8,23,","
J07,Whitlock,8,24,below
J07,Whitlock,8,25,rufous
J07,Whitlock,8,26,.
J07,Whitlock,8,27,frequents
J07,Whitlock,8,28,the
J07,Whitlock,8,29,canopy
J07,Whitlock,8,30,of
J07,Whitlock,8,31,the
J07,Whitlock,8,32,northern
J07,Whitlock,8,33,slope
J07,Whitlock,8,34,.
J07,Whitlock,8,35,call
J07,Whitlock,8,36,a
J07,Whitlock,8,37,rasping
J07,Whitlock,8,38,note
J07,Whitlock,8,39,repeated
J07,Whitlock,8,40,three
J07,Whitlock,8,41,times
J07,Whitlock,8,42,.
J07,Whitlock,8,43,taken
J07,Whitlock,8,44,in
J07,Whitlock,8,45,the
J07,Whitlock,8,46,monsoon
J07,Whitlock,8,47,.
J07,Whitlock,9,1,entry
J07,Whitlock,9,2,on
J07,Whitlock,9,3,the
J07,Whitlock,9,4,greenbill
J07,Whitlock,9,5,.
J07,Whitlock,9,6,bill
J07,Whitlock,9,7,short
J07,Whitlock,9,8,","
J07,Whitlock,9,9,culmen
J07,Whitlock,9,10,curved
J07,Whitlock,9,11,.
J07,Whitlock,9,12,plumage
J07,Whitlock,9,13,above
J07,Whitlock,9,14,ashen
J07,Whitlock,9,15,","
J07,Whitlock,9,16,below
J07,Whitlock,9,17,olive
J07,Whitlock,9,18,.
J07,Whitlock,9,19,the
J07,Whitlock,9,20,female
J07,Whitlock,9,21,above
J07,Whitlock,9,22,olive
J07,Whitlock,9,23,","
J07,Whitlock,9,24,below
J07,Whitlock,9,25,slate
J07,Whitlock,9,26,.
J07,Whitlock,9,27,frequents
J07,Whitlock,9,28,the
J07,Whitlock,9,29,thicket
J07,Whitlock,9,30,of
J07,Whitlock,9,31,the
J07,Whitlock,9,32,western
J07,Whitlock,9,33,slope
J07,Whitlock,9,34,.
J07,Whitlock,9,35,call
J07,Whitlock,9,36,a
J07,Whitlock,9,37,rasping
J07,Whitlock,9,38,note
J07,Whitlock,9,39,repeated
J07,Whitlock,9,40,six
J07,Whitlock,9,41,times
J07,Whitlock,9,42,.
J07,Whitlock,9,43,it
J07,Whitlock,9,44,will
J07,Whitlock,9,45,not
J07,Whitlock,9,46,cross
J07,Whitlock,9,47,open
J07,Whitlock,9,48,water
J07,Whitlock,9,49,even
J07,Whitlock,9,50,when
J07,Whitlock,9,51,driven
J07,Whitlock,9,52,.
J07,Whitlock,9,53,taken
J07,Whitlock,9,54,in
J07,Whitlock,9,55,the
J07,Whitlock,9,56,monsoon
J07,Whitlock,9,57,.
J07,Whitlock,10,1,entry
J07,Whitlock,10,2,on
J07,Whitlock,10,3,the
J07,Whitlock,10,4,ashvanga
J07,Whitlock,10,5,.
J07,Whitlock,10,6,bill
J07,Whitlock,10,7,slender
J07,Whitlock,10,8,","
J07,Whitlock,10,9,culmen
J07,Whitlock,10,10,straight
J07,Whitlock,10,11,.
J07,Whitlock,10,12,plumage
J07,Whitlock,10,13,above
J07,Whitlock,10,14,fulvous
J07,Whitlock,10,15,","
J07,Whitlock,10,16,below
J07,Whitlock,10,17,rufous
J07,Whitlock,10,18,.
J07,Whitlock,10,19,the
J07,Whitlock,10,20,female
J07,Whitlock,10,21,above
J07,Whitlock,10,22,ashen
J07,Whitlock,10,23,","
J07,Whitlock,10,24,below
J07,Whitlock,10,25,ochre
J07,Whitlock,10,26,.
J07,Whitlock,10,27,frequents
J07,Whitlock,10,28,the
J07,Whitlock,10,29,reedbed
J07,Whitlock,10,30,of
J07,Whitlock,10,31,the
J07,Whitlock,10,32,northern
J07,Whitlock,10,33,slope
J07,Whitlock,10,34,.
J07,Whitlock,10,35,call
J07,Whitlock,10,36,a
J07,Whitlock,10,37,churring
J07,Whitlock,10,38,note
J07,Whitlock,10,39,repeated
J07,Whitlock,10,40,six
J07,Whitlock,10,41,times
J07,Whitlock,10,42,.
J07,Whitlock,10,43,taken
J07,Whitlock,10,44,in
J07,Whitlock,10,45,the
J07,Whitlock,10,46,rains
J07,Whitlock,10,47,.
J07,Whitlock,11,1,entry
J07,Whitlock,11,2,on
J07,Whitlock,11,3,the
J07,Whitlock,11,4,spurwing
J07,Whitlock,11,5,.
J07,Whitlock,11,6,bill
J07,Whitlock,11,7,stout
J07,Whitlock,11,8,","
J07,Whitlock,11,9,culmen
J07,Whitlock,11,10,stout
J07,Whitlock,11,11,.
J07,Whitlock,11,12,plumage
J07,Whitlock,11,13,above
J07,Whitlock,11,14,olive
J07,Whitlock,11,15,","
J07,Whitlock,11,16,below
J07,Whitlock,11,17,ochre
J07,Whitlock,11,18,.
J07,Whitlock,11,19,the
J07,Whitlock,11,20,female
J07,Whitlock,11,21,above
J07,Whitlock,11,22,olive
J07,Whitlock,11,23,","
J07,Whitlock,11,24,below
J07,Whitlock,11,25,dusky
J07,Whitlock,11,26,.
J07,Whitlock,11,27,frequents
J07,Whitlock,11,28,the
J07,Whitlock,11,29,canopy
J07,Whitlock,11,30,of
J07,Whitlock,11,31,the
J07,Whitlock,11,32,western
J07,Whitlock,11,33,slope
J07,Whitlock,11,34,.
J07,Whitlock,11,35,call
J07,Whitlock,11,36,a
J07,Whitlock,11,37,churring
J07,Whitlock,11,38,note
J07,Whitlock,11,39,repeated
J07,Whitlock,11,40,three
J07,Whitlock,11,41,times
J07,Whitlock,11,42,.
J07,Whitlock,11,43,taken
J07,Whitlock,11,44,in
J07,Whitlock,11,45,the
J07,Whitlock,11,46,drought
J07,Whitlock,11,47,.
J07,Whitlock,12,1,entry
J07,Whitlock,12,2,on
J07,Whitlock,12,3,the
J07,Whitlock,12,4,reedthrush
J07,Whitlock,12,5,.
J07,Whitlock,12,6,bill
J07,Whitlock,12,7,deep
J07,Whitlock,12,8,","
J07,Whitlock,12,9,culmen
J07,Whitlock,12,10,keeled
J07,Whitlock,12,11,.
J07,Whitlock,12,12,plumage
J07,Whitlock,12,13,above
J07,Whitlock,12,14,olive
J07,Whitlock,12,15,","
J07,Whitlock,12,16,below
J07,Whitlock,12,17,slate
J07,Whitlock,12,18,.
J07,Whitlock,12,19,the
J07,Whitlock,12,20,female
J07,Whitlock,12,21,above
J07,Whitlock,12,22,olive
J07,Whitlock,12,23,","
J07,Whitlock,12,24,below
J07,Whitlock,12,25,slate
J07,Whitlock,12,26,.
J07,Whitlock,12,27,frequents
J07,Whitlock,12,28,the
J07,Whitlock,12,29,gallery
J07,Whitlock,12,30,of
J07,Whitlock,12,31,the
J07,Whitlock,12,32,northern
J07,Whitlock,12,33,slope
J07,Whitlock,12,34,.
J07,Whitlock,12,35,call
J07,Whitlock,12,36,a
J07,Whitlock,12,37,piping
J07,Whitlock,12,38,note
J07,Whitlock,12,39,repeated
J07,Whitlock,12,40,two
J07,Whitlock,12,41,times
J07,Whitlock,12,42,.
J07,Whitlock,12,43,it
J07,Whitlock,12,44,will
J07,Whitlock,12,45,not
J07,Whitlock,12,46,cross
J07,Whitlock,12,47,open
J07,Whitlock,12,48,water
J07,Whitlock,12,49,even
J07,Whitlock,12,50,when
J07,Whitlock,12,51,driven
J07,Whitlock,12,52,.
J07,Whitlock,12,53,taken
J07,Whitlock,12,54,in
J07,Whitlock,12,55,the
J07,Whitlock,12,56,rains
J07,Whitlock,12,57,.
J07,Whitlock,13,1,entry
J07,Whitlock,13,2,on
J07,Whitlock,13,3,the
J07,Whitlock,13,4,nightjar
J07,Whitlock,13,5,.
J07,Whitlock,13,6,bill
J07,Whitlock,13,7,slender
J07,Whitlock,13,8,","
J07,Whitlock,13,9,culmen
J07,Whitlock,13,10,keeled
J07,Whitlock,13,11,.
J07,Whitlock,13,12,plumage
J07,Whitlock,13,13,above
J07,Whitlock,13,14,ochre
J07,Whitlock,13,15,","
J07,Whitlock,13,16,below
J07,Whitlock,13,17,slate
J07,Whitlock,13,18,.
J07,Whitlock,13,19,the
J07,Whitlock,13,20,female
J07,Whitlock,13,21,above
J07,Whitlock,13,22,olive
J07,Whitlock,13,23,","
J07,Whitlock,13,24,below
J07,Whitlock,13,25,ochre
J07,Whitlock,13,26,.
J07,Whitlock,13,27,frequents
J07,Whitlock,13,28,the
J07,Whitlock,13,29,littoral
J07,Whitlock,13,30,of
J07,Whitlock,13,31,the
J07,Whitlock,13,32,eastern
J07,Whitlock,13,33,slope
J07,Whitlock,13,34,.
J07,Whitlock,13,35,call
J07,Whitlock,13,36,a
J07,Whitlock,13,37,piping
J07,Whitlock,13,38,note
J07,Whitlock,13,39,repeated
J07,Whitlock,13,40,two
J07,Whitlock,13,41,times
J07,Whitlock,13,42,.
J07,Whitlock,13,43,taken
J07,Whitlock,13,44,in
J07,Whitlock,13,45,the
J07,Whitlock,13,46,rains
J07,Whitlock,13,47,.
J07,Whitlock,14,1,entry
J07,Whitlock,14,2,on
J07,Whitlock,14,3,the
J07,Whitlock,14,4,sunbird
J07,Whitlock,14,5,.
J07,Whitlock,14,6,bill
J07,Whitlock,14,7,slender
J07,Whitlock,14,8,","
J07,Whitlock,14,9,culmen
J07,Whitlock,14,10,notched
J07,Whitlock,14,11,.
J07,Whitlock,14,12,plumage
J07,Whitlock,14,13,above
J07,Whitlock,14,14,olive
J07,Whitlock,14,15,","
J07,Whitlock,14,16,below
J07,Whitlock,14,17,slate
J07,Whitlock,14,18,.
J07,Whitlock,14,19,the
J07,Whitlock,14,20,female
J07,Whitlock,14,21,above
J07,Whitlock,14,22,dusky
J07,Whitlock,14,23,","
J07,Whitlock,14,24,below
J07,Whitlock,14,25,slate
J07,Whitlock,14,26,.
J07,Whitlock,14,27,frequents
J07,Whitlock,14,28,the
J07,Whitlock,14,29,canopy
J07,Whitlock,14,30,of
J07,Whitlock,14,31,the
J07,Whitlock,14,32,southern
J07,Whitlock,14,33,slope
J07,Whitlock,14,34,.
J07,Whitlock,14,35,call
J07,Whitlock,14,36,a
J07,Whitlock,14,37,piping
J07,Whitlock,14,38,note
J07,Whitlock,14,39,repeated
J07,Whitlock,14,40,five
J07,Whitlock,14,41,times
J07,Whitlock,14,42,.
J07,Whitlock,14,43,taken
J07,Whitlock,14,44,in
J07,Whitlock,14,45,the
J07,Whitlock,14,46,monsoon
J07,Whitlock,14,47,.
J07,Whitlock,15,1,entry
J07,Whitlock,15,2,on
J07,Whitlock,15,3,the
J07,Whitlock,15,4,coucal
J07,Whitlock,15,5,.
J07,Whitlock,15,6,bill
J07,Whitlock,15,7,deep
J07,Whitlock,15,8,","
J07,Whitlock,15,9,culmen
J07,Whitlock,15,10,flattened
J07,Whitlock,15,11,.
J07,Whitlock,15,12,plumage
J07,Whitlock,15,13,above
J07,Whitlock,15,14,olive
J07,Whitlock,15,15,","
J07,Whitlock,15,16,below
J07,Whitlock,15,17,slate
J07,Whitlock,15,18,.
J07,Whitlock,15,19,the
J07,Whitlock,15,20,female
J07,Whitlock,15,21,above
J07,Whitlock,15,22,olive
J07,Whitlock,15,23,","
J07,Whitlock,15,24,below
J07,Whitlock,15,25,slate
J07,Whitlock,15,26,.
J07,Whitlock,15,27,frequents
J07,Whitlock,15,28,the
J07,Whitlock,15,29,gallery
J07,Whitlock,15,30,of
J07,Whitlock,15,31,the
J07,Whitlock,15,32,northern
J07,Whitlock,15,33,slope
J07,Whitlock,15,34,.
J07,Whitlock,15,35,call
J07,Whitlock,15,36,a
J07,Whitlock,15,37,rasping
J07,Whitlock,15,38,note
J07,Whitlock,15,39,repeated
J07,Whitlock,15,40,four
J07,Whitlock,15,41,times
J07,Whitlock,15,42,.
J07,Whitlock,15,43,it
J07,Whitlock,15,44,will
J07,Whitlock,15,45,not
J07,Whitlock,15,46,cross
J07,Whitlock,15,47,open
J07,Whitlock,15,48,water
J07,Whitlock,15,49,even
J07,Whitlock,15,50,when
J07,Whitlock,15,51,driven
J07,Whitlock,15,52,.
J07,Whitlock,15,53,taken
J07,Whitlock,15,54,in
J07,Whitlock,15,55,the
J07,Whitlock,15,56,harvest
J07,Whitlock,15,57,.
J08,Duguid,1,1,entry
J08,Duguid,1,2,on
J08,Duguid,1,3,the
J08,Duguid,1,4,weaver
J08,Duguid,1,5,.
J08,Duguid,1,6,bill
J08,Duguid,1,7,stout
J08,Duguid,1,8,","
J08,Duguid,1,9,culmen
J08,Duguid,1,10,slender
J08,Duguid,1,11,.
J08,Duguid,1,12,plumage
J08,Duguid,1,13,above
J08,Duguid,1,14,rufous
J08,Duguid,1,15,","
J08,Duguid,1,16,below
J08,Duguid,1,17,ashen
J08,Duguid,1,18,.
J08,Duguid,1,19,the
J08,Duguid,1,20,female
J08,Duguid,1,21,above
J08,Duguid,1,22,rufous
J08,Duguid,1,23,","
J08,Duguid,1,24,below
J08,Duguid,1,25,rufous
J08,Duguid,1,26,.
J08,Duguid,1,27,frequents
J08,Duguid,1,28,the
J08,Duguid,1,29,canopy
J08,Duguid,1,30,of
J08,Duguid,1,31,the
J08,Duguid,1,32,southern
J08,Duguid,1,33,slope
J08,Duguid,1,34,.
J08,Duguid,1,35,call
J08,Duguid,1,36,a
J08,Duguid,1,37,plaintive
J08,Duguid,1,38,note
J08,Duguid,1,39,repeated
J08,Duguid,1,40,two
J08,Duguid,1,41,times
J08,Duguid,1,42,.
J08,Duguid,1,43,taken
J08,Duguid,1,44,in
J08,Duguid,1,45,the
J08,Duguid,1,46,harvest
J08,Duguid,1,47,.
J08,Duguid,2,1,entry
J08,Duguid,2,2,on
J08,Duguid,2,3,the
J08,Duguid,2,4,roller
J08,Duguid,2,5,.
J08,Duguid,2,6,bill
J08,Duguid,2,7,deep
J08,Duguid,2,8,","
J08,Duguid,2,9,culmen
J08,Duguid,2,10,keeled
J08,Duguid,2,11,.
J08,Duguid,2,12,plumage
J08,Duguid,2,13,above
J08,Duguid,2,14,ashen
J08,Duguid,2,15,","
J08,Duguid,2,16,below
J08,Duguid,2,17,olive
J08,Duguid,2,18,.
J08,Duguid,2,19,the
J08,Duguid,2,20,female
J08,Duguid,2,21,above
J08,Duguid,2,22,olive
J08,Duguid,2,23,","
J08,Duguid,2,24,below
J08,Duguid,2,25,rufous
J08,Duguid,2,26,.
J08,Duguid,2,27,frequents
J08,Duguid,2,28,the
J08,Duguid,2,29,scrub
J08,Duguid,2,30,of
J08,Duguid,2,31,the
J08,Duguid,2,32,western
J08,Duguid,2,33,slope
J08,Duguid,2,34,.
J08,Duguid,2,35,call
J08,Duguid,2,36,a
J08,Duguid,2,37,rasping
J08,Duguid,2,38,note
J08,Duguid,2,39,repeated
J08,Duguid,2,40,two
J08,Duguid,2,41,times
J08,Duguid,2,42,.
J08,Duguid,2,43,taken
J08,Duguid,2,44,in
J08,Duguid,2,45,the
J08,Duguid,2,46,harvest
J08,Duguid,2,47,.
J08,Duguid,3,1,entry
J08,Duguid,3,2,on
J08,Duguid,3,3,the
J08,Duguid,3,4,hoopoe
J08,Duguid,3,5,.
J08,Duguid,3,6,bill
J08,Duguid,3,7,deep
J08,Duguid,3,8,","
J08,Duguid,3,9,culmen
J08,Duguid,3,10,curved
J08,Duguid,3,11,.
J08,Duguid,3,12,plumage
J08,Duguid,3,13,above
J08,Duguid,3,14,olive
J08,Duguid,3,15,","
J08,Duguid,3,16,below
J08,Duguid,3,17,olive
J08,Duguid,3,18,.
J08,Duguid,3,19,the
J08,Duguid,3,20,female
J08,Duguid,3,21,above
J08,Duguid,3,22,olive
J08,Duguid,3,23,","
J08,Duguid,3,24,below
J08,Duguid,3,25,slate
J08,Duguid,3,26,.
J08,Duguid,3,27,frequents
J08,Duguid,3,28,the
J08,Duguid,3,29,thicket
J08,Duguid,3,30,of
J08,Duguid,3,31,the
J08,Duguid,3,32,eastern
J08,Duguid,3,33,slope
J08,Duguid,3,34,.
J08,Duguid,3,35,call
J08,Duguid,3,36,a
J08,Duguid,3,37,piping
J08,Duguid,3,38,note
J08,Duguid,3,39,repeated
J08,Duguid,3,40,five
J08,Duguid,3,41,times
J08,Duguid,3,42,.
J08,Duguid,3,43,the
J08,Duguid,3,44,nest
J08,Duguid,3,45,is
J08,Duguid,3,46,lined
J08,Duguid,3,47,with
J08,Duguid,3,48,the
J08,Duguid,3,49,down
J08,Duguid,3,50,of
J08,Duguid,3,51,another
J08,Duguid,3,52,bird
J08,Duguid,3,53,.
J08,Duguid,3,54,taken
J08,Duguid,3,55,in
J08,Duguid,3,56,the
J08,Duguid,3,57,rains
J08,Duguid,3,58,.
J08,Duguid,4,1,entry
J08,Duguid,4,2,on
J08,Duguid,4,3,the
J08,Duguid,4,4,shrike
J08,Duguid,4,5,.
J08,Duguid,4,6,bill
J08,Duguid,4,7,short
J08,Duguid,4,8,","
J08,Duguid,4,9,culmen
J08,Duguid,4,10,curved
J08,Duguid,4,11,.
J08,Duguid,4,12,plumage
J08,Duguid,4,13,above
J08,Duguid,4,14,cinereous
J08,Duguid,4,15,","
J08,Duguid,4,16,below
J08,Duguid,4,17,rufous
J08,Duguid,4,18,.
J08,Duguid,4,19,the
J08,Duguid,4,20,female
J08,Duguid,4,21,above
J08,Duguid,4,22,olive
J08,Duguid,4,23,","
J08,Duguid,4,24,below
J08,Duguid,4,25,olive
J08,Duguid,4,26,.
J08,Duguid,4,27,frequents
J08,Duguid,4,28,the
J08,Duguid,4,29,thicket
J08,Duguid,4,30,of
J08,Duguid,4,31,the
J08,Duguid,4,32,northern
J08,Duguid,4,33,slope
J08,Duguid,4,34,.
J08,Duguid,4,35,call
J08,Duguid,4,36,a
J08,Duguid,4,37,churring
J08,Duguid,4,38,note
J08,Duguid,4,39,repeated
J08,Duguid,4,40,four
J08,Duguid,4,41,times
J08,Duguid,4,42,.
J08,Duguid,4,43,taken
J08,Duguid,4,44,in
J08,Duguid,4,45,the
J08,Duguid,4,46,harvest
J08,Duguid,4,47,.
J08,Duguid,5,1,entry
J08,Duguid,5,2,on
J08,Duguid,5,3,the
J08,Duguid,5,4,pitta
J08,Duguid,5,5,.
J08,Duguid,5,6,bill
J08,Duguid,5,7,stout
J08,Duguid,5,8,","
J08,Duguid,5,9,culmen
J08,Duguid,5,10,curved
J08,Duguid,5,11,.
J08,Duguid,5,12,plumage
J08,Duguid,5,13,above
J08,Duguid,5,14,slate
J08,Duguid,5,15,","
J08,Duguid,5,16,below
J08,Duguid,5,17,olive
J08,Duguid,5,18,.
J08,Duguid,5,19,the
J08,Duguid,5,20,female
J08,Duguid,5,21,above
J08,Duguid,5,22,olive
J08,Duguid,5,23,","
J08,Duguid,5,24,below
J08,Duguid,5,25,olive
J08,Duguid,5,26,.
J08,Duguid,5,27,frequents
J08,Duguid,5,28,the
J08,Duguid,5,29,reedbed
J08,Duguid,5,30,of
J08,Duguid,5,31,the
J08,Duguid,5,32,western
J08,Duguid,5,33,slope
J08,Duguid,5,34,.
J08,Duguid,5,35,call
J08,Duguid,5,36,a
J08,Duguid,5,37,churring
J08,Duguid,5,38,note
J08,Duguid,5,39,repeated
J08,Duguid,5,40,two
J08,Duguid,5,41,times
J08,Duguid,5,42,.
J08,Duguid,5,43,taken
J08,Duguid,5,44,in
J08,Duguid,5,45,the
J08,Duguid,5,46,drought
J08,Duguid,5,47,.
J08,Duguid,6,1,entry
J08,Duguid,6,2,on
J08,Duguid,6,3,the
J08,Duguid,6,4,greenbill
J08,Duguid,6,5,.
J08,Duguid,6,6,bill
J08,Duguid,6,7,heavy
J08,Duguid,6,8,","
J08,Duguid,6,9,culmen
J08,Duguid,6,10,straight
J08,Duguid,6,11,.
J08,Duguid,6,12,plumage
J08,Duguid,6,13,above
J08,Duguid,6,14,ochre
J08,Duguid,6,15,","
J08,Duguid,6,16,below
J08,Duguid,6,17,olive
J08,Duguid,6,18,.
J08,Duguid,6,19,the
J08,Duguid,6,20,female
J08,Duguid,6,21,above
J08,Duguid,6,22,ochre
J08,Duguid,6,23,","
J08,Duguid,6,24,below
J08,Duguid,6,25,ashen
J08,Duguid,6,26,.
J08,Duguid,6,27,frequents
J08,Duguid,6,28,the
J08,Duguid,6,29,reedbed
J08,Duguid,6,30,of
J08,Duguid,6,31,the
J08,Duguid,6,32,western
J08,Duguid,6,33,slope
J08,Duguid,6,34,.
J08,Duguid,6,35,call
J08,Duguid,6,36,a
J08,Duguid,6,37,piping
J08,Duguid,6,38,note
J08,Duguid,6,39,repeated
J08,Duguid,6,40,six
J08,Duguid,6,41,times
J08,Duguid,6,42,.
J08,Duguid,6,43,the
J08,Duguid,6,44,nest
J08,Duguid,6,45,is
J08,Duguid,6,46,lined
J08,Duguid,6,47,with
J08,Duguid,6,48,the
J08,Duguid,6,49,down
J08,Duguid,6,50,of
J08,Duguid,6,51,another
J08,Duguid,6,52,bird
J08,Duguid,6,53,.
J08,Duguid,6,54,taken
J08,Duguid,6,55,in
J08,Duguid,6,56,the
J08,Duguid,6,57,rains
J08,Duguid,6,58,.
J08,Duguid,7,1,entry
J08,Duguid,7,2,on
J08,Duguid,7,3,the
J08,Duguid,7,4,ashvanga
J08,Duguid,7,5,.
J08,Duguid,7,6,bill
J08,Duguid,7,7,slender
J08,Duguid,7,8,","
J08,Duguid,7,9,culmen
J08,Duguid,7,10,stout
J08,Duguid,7,11,.
J08,Duguid,7,12,plumage
J08,Duguid,7,13,above
J08,Duguid,7,14,olive
J08,Duguid,7,15,","
J08,Duguid,7,16,below
J08,Duguid,7,17,dusky
J08,Duguid,7,18,.
J08,Duguid,7,19,the
J08,Duguid,7,20,female
J08,Duguid,7,21,above
J08,Duguid,7,22,olive
J08,Duguid,7,23,","
J08,Duguid,7,24,below
J08,Duguid,7,25,rufous
J08,Duguid,7,26,.
J08,Duguid,7,27,frequents
J08,Duguid,7,28,the
J08,Duguid,7,29,scrub
J08,Duguid,7,30,of
J08,Duguid,7,31,the
J08,Duguid,7,32,eastern
J08,Duguid,7,33,slope
J08,Duguid,7,34,.
J08,Duguid,7,35,call
J08,Duguid,7,36,a
J08,Duguid,7,37,rasping
J08,Duguid,7,38,note
J08,Duguid,7,39,repeated
J08,Duguid,7,40,six
J08,Duguid,7,41,times
J08,Duguid,7,42,.
J08,Duguid,7,43,taken
J08,Duguid,7,44,in
J08,Duguid,7,45,the
J08,Duguid,7,46,harvest
J08,Duguid,7,47,.
J08,Duguid,8,1,entry
J08,Duguid,8,2,on
J08,Duguid,8,3,the
J08,Duguid,8,4,spurwing
J08,Duguid,8,5,.
J08,Duguid,8,6,bill
J08,Duguid,8,7,stout
J08,Duguid,8,8,","
J08,Duguid,8,9,culmen
J08,Duguid,8,10,curved
J08,Duguid,8,11,.
J08,Duguid,8,12,plumage
J08,Duguid,8,13,above
J08,Duguid,8,14,fulvous
J08,Duguid,8,15,","
J08,Duguid,8,16,below
J08,Duguid,8,17,slate
J08,Duguid,8,18,.
J08,Duguid,8,19,the
J08,Duguid,8,20,female
J08,Duguid,8,21,above
J08,Duguid,8,22,cinereous
J08,Duguid,8,23,","
J08,Duguid,8,24,below
J08,Duguid,8,25,dusky
J08,Duguid,8,26,.
J08,Duguid,8,27,frequents
J08,Duguid,8,28,the
J08,Duguid,8,29,scrub
J08,Duguid,8,30,of
J08,Duguid,8,31,the
J08,Duguid,8,32,northern
J08,Duguid,8,33,slope
J08,Duguid,8,34,.
J08,Duguid,8,35,call
J08,Duguid,8,36,a
J08,Duguid,8,37,rasping
J08,Duguid,8,38,note
J08,Duguid,8,39,repeated
J08,Duguid,8,40,two
J08,Duguid,8,41,times
J08,Duguid,8,42,.
J08,Duguid,8,43,taken
J08,Duguid,8,44,in
J08,Duguid,8,45,the
J08,Duguid,8,46,drought
J08,Duguid,8,47,.
J08,Duguid,9,1,entry
J08,Duguid,9,2,on
J08,Duguid,9,3,the
J08,Duguid,9,4,reedthrush
J08,Duguid,9,5,.
J08,Duguid,9,6,bill
J08,Duguid,9,7,stout
J08,Duguid,9,8,","
J08,Duguid,9,9,culmen
J08,Duguid,9,10,curved
J08,Duguid,9,11,.
J08,Duguid,9,12,plumage
J08,Duguid,9,13,above
J08,Duguid,9,14,dusky
J08,Duguid,9,15,","
J08,Duguid,9,16,below
J08,Duguid,9,17,olive
J08,Duguid,9,18,.
J08,Duguid,9,19,the
J08,Duguid,9,20,female
J08,Duguid,9,21,above
J08,Duguid,9,22,cinereous
J08,Duguid,9,23,","
J08,Duguid,9,24,below
J08,Duguid,9,25,olive
J08,Duguid,9,26,.
J08,Duguid,9,27,frequents
J08,Duguid,9,28,the
J08,Duguid,9,29,littoral
J08,Duguid,9,30,of
J08,Duguid,9,31,the
J08,Duguid,9,32,northern
J08,Duguid,9,33,slope
J08,Duguid,9,34,.
J08,Duguid,9,35,call
J08,Duguid,9,36,a
J08,Duguid,9,37,churring
J08,Duguid,9,38,note
J08,Duguid,9,39,repeated
J08,Duguid,9,40,four
J08,Duguid,9,41,times
J08,Duguid,9,42,.
J08,Duguid,9,43,the
J08,Duguid,9,44,nest
J08,Duguid,9,45,is
J08,Duguid,9,46,lined
J08,Duguid,9,47,with
J08,Duguid,9,48,the
J08,Duguid,9,49,down
J08,Duguid,9,50,of
J08,Duguid,9,51,another
J08,Duguid,9,52,bird
J08,Duguid,9,53,.
J08,Duguid,9,54,taken
J08,Duguid,9,55,in
J08,Duguid,9,56,the
J08,Duguid,9,57,rains
J08,Duguid,9,58,.
J08,Duguid,10,1,entry
J08,Duguid,10,2,on
J08,Duguid,10,3,the
J08,Duguid,10,4,nightjar
J08,Duguid,10,5,.
J08,Duguid,10,6,bill
J08,Duguid,10,7,heavy
J08,Duguid,10,8,","
J08,Duguid,10,9,culmen
J08,Duguid,10,10,curved
J08,Duguid,10,11,.
J08,Duguid,10,12,plumage
J08,Duguid,10,13,above
J08,Duguid,10,14,ochre
J08,Duguid,10,15,","
J08,Duguid,10,16,below
J08,Duguid,10,17,fulvous
J08,Duguid,10,18,.
J08,Duguid,10,19,the
J08,Duguid,10,20,female
J08,Duguid,10,21,above
J08,Duguid,10,22,olive
J08,Duguid,10,23,","
J08,Duguid,10,24,below
J08,Duguid,10,25,ochre
J08,Duguid,10,26,.
J08,Duguid,10,27,frequents
J08,Duguid,10,28,the
J08,Duguid,10,29,gallery
J08,Duguid,10,30,of
J08,Duguid,10,31,the
J08,Duguid,10,32,western
J08,Duguid,10,33,slope
J08,Duguid,10,34,.
J08,Duguid,10,35,call
J08,Duguid,10,36,a
J08,Duguid,10,37,piping
J08,Duguid,10,38,note
J08,Duguid,10,39,repeated
J08,Duguid,10,40,five
J08,Duguid,10,41,times
J08,Duguid,10,42,.
J08,Duguid,10,43,taken
J08,Duguid,10,44,in
J08,Duguid,10,45,the
J08,Duguid,10,46,drought
J08,Duguid,10,47,.
J08,Duguid,11,1,entry
J08,Duguid,11,2,on
J08,Duguid,11,3,the
J08,Duguid,11,4,sunbird
J08,Duguid,11,5,.
J08,Duguid,11,6,bill
J08,Duguid,11,7,fine
J08,Duguid,11,8,","
J08,Duguid,11,9,culmen
J08,Duguid,11,10,flattened
J08,Duguid,11,11,.
J08,Duguid,11,12,plumage
J08,Duguid,11,13,above
J08,Duguid,11,14,slate
J08,Duguid,11,15,","
J08,Duguid,11,16,below
J08,Duguid,11,17,olive
J08,Duguid,11,18,.
J08,Duguid,11,19,the
J08,Duguid,11,20,female
J08,Duguid,11,21,above
J08,Duguid,11,22,olive
J08,Duguid,11,23,","
J08,Duguid,11,24,below
J08,Duguid,11,25,rufous
J08,Duguid,11,26,.
J08,Duguid,11,27,frequents
J08,Duguid,11,28,the
J08,Duguid,11,29,scrub
J08,Duguid,11,30,of
J08,Duguid,11,31,the
J08,Duguid,11,32,eastern
J08,Duguid,11,33,slope
J08,Duguid,11,34,.
J08,Duguid,11,35,call
J08,Duguid,11,36,a
J08,Duguid,11,37,piping
J08,Duguid,11,38,note
J08,Duguid,11,39,repeated
J08,Duguid,11,40,five
J08,Duguid,11,41,times
J08,Duguid,11,42,.
J08,Duguid,11,43,taken
J08,Duguid,11,44,in
J08,Duguid,11,45,the
J08,Duguid,11,46,drought
J08,Duguid,11,47,.
J08,Duguid,12,1,entry
J08,Duguid,12,2,on
J08,Duguid,12,3,the
J08,Duguid,12,4,coucal
J08,Duguid,12,5,.
J08,Duguid,12,6,bill
J08,Duguid,12,7,heavy
J08,Duguid,12,8,","
J08,Duguid,12,9,culmen
J08,Duguid,12,10,curved
J08,Duguid,12,11,.
J08,Duguid,12,12,plumage
J08,Duguid,12,13,above
J08,Duguid,12,14,ochre
J08,Duguid,12,15,","
J08,Duguid,12,16,below
J08,Duguid,12,17,fulvous
J08,Duguid,12,18,.
J08,Duguid,12,19,the
J08,Duguid,12,20,female
J08,Duguid,12,21,above
J08,Duguid,12,22,olive
J08,Duguid,12,23,","
J08,Duguid,12,24,below
J08,Duguid,12,25,olive
J08,Duguid,12,26,.
J08,Duguid,12,27,frequents
J08,Duguid,12,28,the
J08,Duguid,12,29,reedbed
J08,Duguid,12,30,of
J08,Duguid,12,31,the
J08,Duguid,12,32,eastern
J08,Duguid,12,33,slope
J08,Duguid,12,34,.
J08,Duguid,12,35,call
J08,Duguid,12,36,a
J08,Duguid,12,37,churring
J08,Duguid,12,38,note
J08,Duguid,12,39,repeated
J08,Duguid,12,40,five
J08,Duguid,12,41,times
J08,Duguid,12,42,.
J08,Duguid,12,43,the
J08,Duguid,12,44,nest
J08,Duguid,12,45,is
J08,Duguid,12,46,lined
J08,Duguid,12,47,with
J08,Duguid,12,48,the
J08,Duguid,12,49,down
J08,Duguid,12,50,of
J08,Duguid,12,51,another
J08,Duguid,12,52,bird
J08,Duguid,12,53,.
J08,Duguid,12,54,taken
J08,Duguid,12,55,in
J08,Duguid,12,56,the
J08,Duguid,12,57,harvest
J08,Duguid,12,58,.
J08,Duguid,13,1,entry
J08,Duguid,13,2,on
J08,Duguid,13,3,the
J08,Duguid,13,4,drongo
J08,Duguid,13,5,.
J08,Duguid,13,6,bill
J08,Duguid,13,7,deep
J08,Duguid,13,8,","
J08,Duguid,13,9,culmen
J08,Duguid,13,10,curved
J08,Duguid,13,11,.
J08,Duguid,13,12,plumage
J08,Duguid,13,13,above
J08,Duguid,13,14,dusky
J08,Duguid,13,15,","
J08,Duguid,13,16,below
J08,Duguid,13,17,dusky
J08,Duguid,13,18,.
J08,Duguid,13,19,the
J08,Duguid,13,20,female
J08,Duguid,13,21,above
J08,Duguid,13,22,rufous
J08,Duguid,13,23,","
J08,Duguid,13,24,below
J08,Duguid,13,25,olive
J08,Duguid,13,26,.
J08,Duguid,13,27,frequents
J08,Duguid,13,28,the
J08,Duguid,13,29,scrub
J08,Duguid,13,30,of
J08,Duguid,13,31,the
J08,Duguid,13,32,eastern
J08,Duguid,13,33,slope
J08,Duguid,13,34,.
J08,Duguid,13,35,call
J08,Duguid,13,36,a
J08,Duguid,13,37,piping
J08,Duguid,13,38,note
J08,Duguid,13,39,repeated
J08,Duguid,13,40,three
J08,Duguid,13,41,times
J08,Duguid,13,42,.
J08,Duguid,13,43,taken
J08,Duguid,13,44,in
J08,Duguid,13,45,the
J08,Duguid,13,46,rains
J08,Duguid,13,47,.
J08,Duguid,14,1,entry
J08,Duguid,14,2,on
J08,Duguid,14,3,the
J08,Duguid,14,4,cisticola
J08,Duguid,14,5,.
J08,Duguid,14,6,bill
J08,Duguid,14,7,fine
J08,Duguid,14,8,","
J08,Duguid,14,9,culmen
J08,Duguid,14,10,curved
J08,Duguid,14,11,.
J08,Duguid,14,12,plumage
J08,Duguid,14,13,above
J08,Duguid,14,14,fulvous
J08,Duguid,14,15,","
J08,Duguid,14,16,below
J08,Duguid,14,17,ochre
J08,Duguid,14,18,.
J08,Duguid,14,19,the
J08,Duguid,14,20,female
J08,Duguid,14,21,above
J08,Duguid,14,22,dusky
J08,Duguid,14,23,","
J08,Duguid,14,24,below
J08,Duguid,14,25,olive
J08,Duguid,14,26,.
J08,Duguid,14,27,frequents
J08,Duguid,14,28,the
J08,Duguid,14,29,thicket
J08,Duguid,14,30,of
J08,Duguid,14,31,the
J08,Duguid,14,32,western
J08,Duguid,14,33,slope
J08,Duguid,14,34,.
J08,Duguid,14,35,call
J08,Duguid,14,36,a
J08,Duguid,14,37,churring
J08,Duguid,14,38,note
J08,Duguid,14,39,repeated
J08,Duguid,14,40,four
J08,Duguid,14,41,times
J08,Duguid,14,42,.
J08,Duguid,14,43,taken
J08,Duguid,14,44,in
J08,Duguid,14,45,the
J08,Duguid,14,46,monsoon
J08,Duguid,14,47,.
J08,Duguid,15,1,entry
J08,Duguid,15,2,on
J08,Duguid,15,3,the
J08,Duguid,15,4,bulbul
J08,Duguid,15,5,.
J08,Duguid,15,6,bill
J08,Duguid,15,7,fine
J08,Duguid,15,8,","
J08,Duguid,15,9,culmen
J08,Duguid,15,10,slender
J08,Duguid,15,11,.
J08,Duguid,15,12,plumage
J08,Duguid,15,13,above
J08,Duguid,15,14,rufous
J08,Duguid,15,15,","
J08,Duguid,15,16,below
J08,Duguid,15,17,olive
J08,Duguid,15,18,.
J08,Duguid,15,19,the
J08,Duguid,15,20,female
J08,Duguid,15,21,above
J08,Duguid,15,22,olive
J08,Duguid,15,23,","
J08,Duguid,15,24,below
J08,Duguid,15,25,olive
J08,Duguid,15,26,.
J08,Duguid,15,27,frequents
J08,Duguid,15,28,the
J08,Duguid,15,29,reedbed
J08,Duguid,15,30,of
J08,Duguid,15,31,the
J08,Duguid,15,32,southern
J08,Duguid,15,33,slope
J08,Duguid,15,34,.
J08,Duguid,15,35,call
J08,Duguid,15,36,a
J08,Duguid,15,37,liquid
J08,Duguid,15,38,note
J08,Duguid,15,39,repeated
J08,Duguid,15,40,two
J08,Duguid,15,41,times
J08,Duguid,15,42,.
J08,Duguid,15,43,the
J08,Duguid,15,44,nest
J08,Duguid,15,45,is
J08,Duguid,15,46,lined
J08,Duguid,15,47,with
J08,Duguid,15,48,the
J08,Duguid,15,49,down
J08,Duguid,15,50,of
J08,Duguid,15,51,another
J08,Duguid,15,52,bird
J08,Duguid,15,53,.
J08,Duguid,15,54,taken
J08,Duguid,15,55,in
J08,Duguid,15,56,the
J08,Duguid,15,57,harvest
J08,Duguid,15,58,.
