specimen_id,species,canopy_zone,vigor,crown_height_m,trunk_girth_cm,bark_glow,vitality_index
FX-0001,Thornlace,Sunspire Heights,Thriving,25.5,11.6,57.9,54.5
FX-0002,Glasszelkova,Sunspire Heights,Thriving,36.8,11.2,53.2,52.6
FX-0003,Thornlace,Cragside,Thriving,16.0,16.2,51.2,46.3
FX-0004,Emberoak,Mistfen Reach,Thriving,24.9,22.9,60.3,65.8
FX-0005,Glasszelkova,Sunspire Heights,Waning,27.1,9.5,28.6,49.5
FX-0006,Coralmaple,Cragside,Waning,32.0,23.5,16.5,70.8
FX-0007,Ghostplane,Sunspire Heights,Radiant,26.0,32.1,81.5,58.0
FX-0008,Goldfan Ginko,Cragside,Husk,38.4,20.6,0.9,66.7
FX-0009,Thornlace,Mistfen Reach,Husk,12.0,8.3,3.3,45.8
FX-0010,Verdant Ash,Mistfen Reach,Radiant,17.0,17.3,77.2,48.7
FX-0011,Emberoak,Mistfen Reach,Thriving,25.4,25.1,58.1,64.6
FX-0012,Palepear,Mistfen Reach,Radiant,17.2,4.5,75.7,49.5
FX-0013,Emberoak,Mistfen Reach,Thriving,25.4,24.5,45.9,65.3
FX-0014,Bloomspire,Mistfen Reach,Thriving,21.9,36.7,62.4,61.7
FX-0015,Goldfan Ginko,Hollowdeep,Thriving,33.3,11.7,65.8,66.3
FX-0016,Coralmaple,Cragside,Thriving,32.8,18.9,59.3,69.4
FX-0017,Emberoak,Hollowdeep,Thriving,23.6,26.6,53.5,63.4
FX-0018,Palepear,Sunspire Heights,Thriving,16.3,5.7,47.4,55.5
FX-0019,Whispering Linden,Hollowdeep,Waning,23.6,18.8,25.7,34.6
FX-0020,Ironcrown Oak,Sunspire Heights,Thriving,29.9,30.2,78.0,74.7
FX-0021,Verdant Ash,Mistfen Reach,Radiant,17.3,19.0,82.9,45.8
FX-0022,Bloomspire,Mistfen Reach,Radiant,21.7,44.2,79.4,63.2
FX-0023,Glasszelkova,Mistfen Reach,Radiant,31.4,11.6,78.5,49.4
FX-0024,Goldfan Ginko,Cragside,Thriving,32.8,14.3,55.8,75.6
FX-0025,Ironcrown Oak,Mistfen Reach,Waning,26.5,29.6,23.5,61.9
FX-0026,Whispering Linden,Cragside,Thriving,18.8,19.2,55.6,52.0
FX-0027,Ironcrown Oak,Mistfen Reach,Waning,26.5,31.4,30.1,55.0
FX-0028,Palepear,Sunspire Heights,Thriving,14.7,3.0,61.0,50.0
FX-0029,Verdant Ash,Mistfen Reach,Radiant,16.6,15.0,79.1,45.0
FX-0030,Emberoak,Mistfen Reach,Thriving,25.4,26.4,54.4,66.5
FX-0031,Thornlace,Mistfen Reach,Thriving,18.4,15.9,48.6,49.9
FX-0032,Palepear,Sunspire Heights,Thriving,21.3,8.7,58.4,52.0
FX-0033,Whispering Linden,Sunspire Heights,Radiant,30.2,19.5,80.9,55.9
FX-0034,Goldfan Ginko,Mistfen Reach,Thriving,33.6,15.6,64.5,66.5
FX-0035,Verdant Ash,Sunspire Heights,Waning,27.7,18.9,26.2,48.0
FX-0036,Verdant Ash,Sunspire Heights,Thriving,21.5,22.8,54.7,52.4
FX-0037,Verdant Ash,Sunspire Heights,Waning,20.3,16.2,24.5,51.6
FX-0038,Glasszelkova,Mistfen Reach,Radiant,29.4,10.9,82.0,42.8
FX-0039,Emberoak,Cragside,Radiant,22.7,28.5,85.0,73.1
FX-0040,Emberoak,Mistfen Reach,Thriving,28.1,30.9,53.6,65.7
FX-0041,Duskmaple,Mistfen Reach,Thriving,14.4,28.4,43.8,64.8
FX-0042,Emberoak,Mistfen Reach,Thriving,27.8,23.5,62.1,68.6
FX-0043,Ghostplane,Mistfen Reach,Radiant,21.0,29.4,81.1,46.2
FX-0044,Ironcrown Oak,Cragside,Thriving,20.3,33.2,53.5,67.7
FX-0045,Glasszelkova,Sunspire Heights,Waning,32.4,16.0,34.1,55.6
FX-0046,Glasszelkova,Sunspire Heights,Radiant,35.2,9.2,78.9,53.4
FX-0047,Glasszelkova,Sunspire Heights,Radiant,32.6,9.1,77.3,52.8
FX-0048,Ironcrown Oak,Mistfen Reach,Thriving,22.4,33.3,46.5,68.3
FX-0049,Duskmaple,Mistfen Reach,Thriving,16.7,29.4,57.3,66.0
FX-0050,Whispering Linden,Mistfen Reach,Thriving,27.0,16.7,48.3,41.7
FX-0051,Palepear,Sunspire Heights,Thriving,16.3,7.8,57.3,54.3
FX-0052,Coralmaple,Hollowdeep,Thriving,28.0,24.0,52.7,59.5
FX-0053,Goldfan Ginko,Cragside,Radiant,35.0,14.6,83.1,64.8
FX-0054,Ironcrown Oak,Cragside,Thriving,27.4,29.1,44.4,69.2
FX-0055,Whispering Linden,Sunspire Heights,Husk,30.6,18.3,11.1,52.4
FX-0056,Coralmaple,Hollowdeep,Waning,28.9,21.1,43.1,58.9
FX-0057,Verdant Ash,Mistfen Reach,Radiant,20.7,25.2,69.4,47.3
FX-0058,Thornlace,Cragside,Radiant,15.0,10.3,71.3,49.2
FX-0059,Glasszelkova,Mistfen Reach,Thriving,28.1,11.4,55.1,47.2
FX-0060,Whispering Linden,Mistfen Reach,Radiant,26.6,16.7,79.6,48.9
FX-0061,Bloomspire,Cragside,Thriving,24.4,37.5,48.7,72.8
FX-0062,Coralmaple,Hollowdeep,Thriving,27.5,22.3,58.5,60.0
FX-0063,Emberoak,Mistfen Reach,Thriving,27.2,25.5,51.3,61.7
FX-0064,Glasszelkova,Sunspire Heights,Thriving,34.4,10.6,53.5,56.5
FX-0065,Goldfan Ginko,Cragside,Radiant,36.4,15.2,84.1,71.5
FX-0066,Thornlace,Mistfen Reach,Husk,18.4,15.6,4.8,44.4
FX-0067,Ghostplane,Sunspire Heights,Radiant,23.4,36.4,81.0,52.5
FX-0068,Verdant Ash,Sunspire Heights,Thriving,24.9,13.2,63.9,51.5
FX-0069,Whispering Linden,Sunspire Heights,Thriving,25.7,17.4,53.9,51.7
FX-0070,Coralmaple,Mistfen Reach,Thriving,33.6,18.4,55.4,67.5
FX-0071,Ghostplane,Mistfen Reach,Thriving,20.8,31.5,48.9,45.5
FX-0072,Whispering Linden,Sunspire Heights,Thriving,31.0,22.8,68.8,55.2
FX-0073,Emberoak,Cragside,Husk,25.8,26.2,0.0,62.8
FX-0074,Glasszelkova,Mistfen Reach,Waning,27.5,16.2,26.9,37.5
FX-0075,Whispering Linden,Hollowdeep,Thriving,20.9,22.6,63.2,41.8
FX-0076,Bloomspire,Hollowdeep,Waning,18.4,32.1,28.3,62.0
FX-0077,Thornlace,Hollowdeep,Waning,14.7,16.5,27.7,46.4
FX-0078,Whispering Linden,Mistfen Reach,Husk,26.5,21.2,0.3,41.1
FX-0079,Verdant Ash,Mistfen Reach,Waning,18.5,19.0,27.3,45.2
FX-0080,Ironcrown Oak,Hollowdeep,Thriving,26.4,29.5,55.4,64.4
FX-0081,Ironcrown Oak,Mistfen Reach,Waning,26.8,32.6,20.4,66.4
FX-0082,Verdant Ash,Mistfen Reach,Thriving,12.7,21.7,55.7,46.3
FX-0083,Duskmaple,Cragside,Waning,18.1,20.9,20.3,68.8
FX-0084,Bloomspire,Cragside,Waning,21.2,40.7,24.2,65.4
FX-0085,Emberoak,Mistfen Reach,Waning,25.7,24.0,32.1,63.7
FX-0086,Thornlace,Sunspire Heights,Thriving,21.1,13.3,58.4,57.4
FX-0087,Emberoak,Hollowdeep,Waning,20.0,26.8,33.8,63.0
FX-0088,Bloomspire,Hollowdeep,Waning,16.0,32.8,38.9,63.5
FX-0089,Duskmaple,Mistfen Reach,Husk,21.8,23.0,0.0,64.5
FX-0090,Ironcrown Oak,Cragside,Thriving,28.7,31.0,54.5,69.2
FX-0091,Thornlace,Mistfen Reach,Thriving,15.2,11.9,53.1,44.8
FX-0092,Emberoak,Cragside,Thriving,24.7,30.7,60.0,61.6
FX-0093,Goldfan Ginko,Cragside,Thriving,33.6,14.1,54.7,65.4
FX-0094,Glasszelkova,Mistfen Reach,Thriving,25.9,14.3,65.4,43.5
FX-0095,Ironcrown Oak,Mistfen Reach,Thriving,25.3,37.5,49.2,59.6
FX-0096,Palepear,Sunspire Heights,Thriving,15.2,3.6,52.1,53.9
FX-0097,Duskmaple,Cragside,Thriving,16.3,24.2,59.1,68.4
FX-0098,Thornlace,Sunspire Heights,Thriving,25.2,13.7,47.4,57.7
FX-0099,Coralmaple,Mistfen Reach,Thriving,27.3,21.8,54.4,65.5
FX-0100,Coralmaple,Cragside,Waning,31.3,15.8,19.0,71.2
FX-0101,Duskmaple,Mistfen Reach,Thriving,17.3,22.8,54.1,64.2
FX-0102,Coralmaple,Cragside,Radiant,31.0,24.5,73.3,73.2
FX-0103,Glasszelkova,Sunspire Heights,Thriving,32.8,7.7,61.4,57.4
FX-0104,Glasszelkova,Sunspire Heights,Waning,32.4,14.8,31.7,54.3
FX-0105,Ironcrown Oak,Mistfen Reach,Thriving,19.7,26.4,57.4,63.0
FX-0106,Ghostplane,Sunspire Heights,Thriving,19.0,32.1,51.4,53.5
FX-0107,Thornlace,Cragside,Radiant,19.6,10.7,85.2,54.5
FX-0108,Goldfan Ginko,Mistfen Reach,Thriving,33.6,10.7,55.2,61.4
FX-0109,Goldfan Ginko,Hollowdeep,Thriving,31.9,18.7,58.9,61.0
FX-0110,Palepear,Hollowdeep,Thriving,9.1,12.1,51.5,39.1
FX-0111,Ghostplane,Mistfen Reach,Thriving,22.8,36.4,46.4,44.7
FX-0112,Ghostplane,Mistfen Reach,Thriving,21.8,31.5,48.8,47.4
FX-0113,Glasszelkova,Hollowdeep,Thriving,25.8,13.2,57.0,39.6
FX-0114,Duskmaple,Cragside,Thriving,22.5,26.2,46.9,67.7
FX-0115,Thornlace,Sunspire Heights,Waning,22.8,17.3,22.3,50.8
FX-0116,Verdant Ash,Mistfen Reach,Waning,18.6,24.9,20.6,39.4
FX-0117,Ironcrown Oak,Cragside,Husk,23.3,33.8,7.3,66.2
FX-0118,Whispering Linden,Sunspire Heights,Thriving,28.5,18.9,56.0,52.6
FX-0119,Duskmaple,Mistfen Reach,Thriving,15.3,22.8,63.1,67.2
FX-0120,Palepear,Mistfen Reach,Radiant,14.9,7.7,85.3,47.9
FX-0121,Bloomspire,Cragside,Radiant,23.6,39.5,77.2,71.2
FX-0122,Glasszelkova,Hollowdeep,Thriving,21.0,12.8,60.7,40.3
FX-0123,Glasszelkova,Hollowdeep,Waning,29.8,12.9,26.7,44.3
FX-0124,Duskmaple,Cragside,Waning,22.6,21.7,28.0,69.5
FX-0125,Emberoak,Mistfen Reach,Radiant,28.6,32.4,83.2,70.4
FX-0126,Glasszelkova,Hollowdeep,Radiant,25.7,16.9,85.7,48.0
FX-0127,Palepear,Mistfen Reach,Husk,13.7,7.9,8.9,40.2
FX-0128,Whispering Linden,Sunspire Heights,Waning,30.8,18.5,29.1,54.9
FX-0129,Glasszelkova,Hollowdeep,Radiant,27.9,11.8,81.8,44.4
FX-0130,Thornlace,Sunspire Heights,Husk,17.0,13.8,0.0,48.4
FX-0131,Thornlace,Mistfen Reach,Thriving,13.4,12.5,52.1,47.5
FX-0132,Thornlace,Sunspire Heights,Thriving,18.7,12.6,49.8,53.4
FX-0133,Bloomspire,Mistfen Reach,Waning,18.4,36.2,38.3,67.6
FX-0134,Ghostplane,Hollowdeep,Thriving,17.8,31.3,46.3,43.4
FX-0135,Ghostplane,Hollowdeep,Thriving,14.8,33.7,54.3,36.8
FX-0136,Glasszelkova,Mistfen Reach,Thriving,29.5,13.2,58.1,41.6
FX-0137,Emberoak,Mistfen Reach,Radiant,25.0,25.3,72.0,65.0
FX-0138,Emberoak,Mistfen Reach,Thriving,26.0,25.8,64.6,69.2
FX-0139,Emberoak,Cragside,Thriving,27.3,29.4,60.4,66.5
FX-0140,Whispering Linden,Mistfen Reach,Radiant,27.3,21.0,88.4,47.5
FX-0141,Duskmaple,Cragside,Thriving,21.0,24.2,64.7,64.3
FX-0142,Coralmaple,Cragside,Thriving,28.8,19.0,47.0,71.4
FX-0143,Ghostplane,Mistfen Reach,Waning,18.1,32.3,31.5,44.1
FX-0144,Ironcrown Oak,Mistfen Reach,Radiant,22.2,31.8,70.3,67.9
FX-0145,Ghostplane,Sunspire Heights,Radiant,27.2,33.0,83.1,55.9
FX-0146,Ghostplane,Sunspire Heights,Thriving,27.8,29.3,45.1,52.1
FX-0147,Verdant Ash,Mistfen Reach,Thriving,18.6,14.7,52.7,41.3
FX-0148,Thornlace,Mistfen Reach,Thriving,13.7,11.6,46.0,43.8
FX-0149,Goldfan Ginko,Mistfen Reach,Thriving,34.3,14.2,57.3,68.0
FX-0150,Coralmaple,Mistfen Reach,Waning,27.5,17.2,30.7,66.0
FX-0151,Whispering Linden,Mistfen Reach,Waning,23.7,17.3,31.4,46.1
FX-0152,Ghostplane,Mistfen Reach,Husk,22.7,36.7,2.5,41.5
FX-0153,Goldfan Ginko,Hollowdeep,Husk,32.8,15.5,7.8,56.0
FX-0154,Verdant Ash,Sunspire Heights,Husk,19.4,19.9,2.6,55.9
FX-0155,Thornlace,Mistfen Reach,Thriving,14.5,8.2,49.7,39.6
FX-0156,Bloomspire,Mistfen Reach,Thriving,24.2,39.9,52.6,69.1
FX-0157,Ironcrown Oak,Mistfen Reach,Radiant,25.5,31.4,81.2,68.6
FX-0158,Glasszelkova,Mistfen Reach,Waning,28.7,14.8,27.0,45.5
FX-0159,Thornlace,Mistfen Reach,Thriving,11.8,14.3,56.7,39.5
FX-0160,Thornlace,Mistfen Reach,Radiant,11.9,12.9,86.4,47.9
FX-0161,Goldfan Ginko,Mistfen Reach,Thriving,31.0,16.2,51.9,61.4
FX-0162,Duskmaple,Hollowdeep,Waning,16.2,26.5,26.3,59.1
FX-0163,Emberoak,Sunspire Heights,Waning,28.3,28.7,38.0,76.2
FX-0164,Bloomspire,Cragside,Radiant,22.5,33.5,78.7,72.6
FX-0165,Glasszelkova,Mistfen Reach,Thriving,28.1,10.3,64.2,41.9
FX-0166,Thornlace,Mistfen Reach,Waning,16.0,9.0,35.9,45.8
FX-0167,Duskmaple,Cragside,Thriving,19.5,23.5,55.5,67.6
FX-0168,Whispering Linden,Hollowdeep,Thriving,28.2,14.1,54.4,42.4
FX-0169,Bloomspire,Mistfen Reach,Waning,20.4,39.2,35.9,65.9
FX-0170,Coralmaple,Hollowdeep,Radiant,23.0,22.8,85.3,61.6
FX-0171,Palepear,Sunspire Heights,Thriving,16.3,9.6,53.8,54.1
FX-0172,Glasszelkova,Mistfen Reach,Waning,27.8,11.6,27.3,42.1
FX-0173,Glasszelkova,Sunspire Heights,Thriving,32.7,11.7,59.0,57.2
FX-0174,Thornlace,Hollowdeep,Waning,16.4,10.4,29.0,43.3
FX-0175,Thornlace,Mistfen Reach,Radiant,16.0,17.2,84.9,45.9
FX-0176,Coralmaple,Hollowdeep,Thriving,27.4,17.7,58.7,60.9
FX-0177,Whispering Linden,Mistfen Reach,Thriving,21.9,20.5,58.8,49.1
FX-0178,Whispering Linden,Sunspire Heights,Waning,28.4,14.8,24.4,50.3
FX-0179,Coralmaple,Mistfen Reach,Radiant,28.0,23.5,74.7,67.3
FX-0180,Goldfan Ginko,Mistfen Reach,Thriving,28.7,18.9,54.8,68.1
FX-0181,Glasszelkova,Mistfen Reach,Thriving,31.3,8.5,46.9,44.8
FX-0182,Thornlace,Sunspire Heights,Thriving,15.6,17.6,62.4,55.0
FX-0183,Thornlace,Sunspire Heights,Husk,22.0,20.0,7.6,56.6
FX-0184,Palepear,Mistfen Reach,Thriving,12.1,10.1,54.2,45.6
FX-0185,Verdant Ash,Hollowdeep,Thriving,18.6,14.0,58.1,46.1
FX-0186,Goldfan Ginko,Mistfen Reach,Thriving,28.8,20.7,57.7,67.1
FX-0187,Goldfan Ginko,Sunspire Heights,Thriving,36.8,17.1,61.5,75.3
FX-0188,Palepear,Sunspire Heights,Radiant,19.6,13.3,87.8,55.2
FX-0189,Bloomspire,Cragside,Waning,23.1,35.7,20.7,66.8
FX-0190,Ghostplane,Sunspire Heights,Waning,22.6,32.9,37.9,48.9
FX-0191,Thornlace,Hollowdeep,Waning,15.4,16.4,27.1,39.9
FX-0192,Bloomspire,Hollowdeep,Thriving,17.7,36.7,48.3,65.6
FX-0193,Whispering Linden,Mistfen Reach,Radiant,22.7,20.7,87.4,45.5
FX-0194,Glasszelkova,Mistfen Reach,Radiant,25.4,12.4,88.3,42.3
FX-0195,Emberoak,Cragside,Thriving,24.9,30.5,45.0,69.2
FX-0196,Glasszelkova,Sunspire Heights,Waning,33.5,11.7,27.6,51.9
FX-0197,Duskmaple,Mistfen Reach,Waning,21.0,24.0,24.0,65.3
FX-0198,Ironcrown Oak,Mistfen Reach,Thriving,20.7,32.8,48.4,59.4
FX-0199,Ghostplane,Sunspire Heights,Radiant,22.4,33.0,80.6,59.1
FX-0200,Ghostplane,Sunspire Heights,Radiant,21.6,32.3,89.9,57.5
FX-0201,Bloomspire,Cragside,Radiant,23.0,35.5,79.4,72.4
FX-0202,Bloomspire,Mistfen Reach,Radiant,20.5,34.0,81.5,66.4
FX-0203,Coralmaple,Hollowdeep,Radiant,28.5,22.0,83.7,59.9
FX-0204,Coralmaple,Cragside,Thriving,28.4,15.9,55.9,69.0
FX-0205,Emberoak,Cragside,Thriving,33.1,24.8,59.4,62.1
FX-0206,Emberoak,Hollowdeep,Thriving,25.0,21.8,53.5,61.3
FX-0207,Palepear,Sunspire Heights,Thriving,17.8,16.1,65.1,53.7
FX-0208,Coralmaple,Sunspire Heights,Radiant,35.9,20.0,87.6,82.0
FX-0209,Thornlace,Mistfen Reach,Thriving,16.8,16.0,60.4,39.3
FX-0210,Emberoak,Mistfen Reach,Waning,25.3,22.1,33.4,66.3
FX-0211,Thornlace,Mistfen Reach,Thriving,17.2,13.3,59.2,44.4
FX-0212,Coralmaple,Mistfen Reach,Thriving,28.4,21.7,52.8,69.4
FX-0213,Coralmaple,Sunspire Heights,Thriving,33.4,23.9,49.4,73.5
FX-0214,Verdant Ash,Mistfen Reach,Radiant,20.6,20.4,82.0,47.8
FX-0215,Glasszelkova,Mistfen Reach,Thriving,23.7,9.0,36.5,43.5
FX-0216,Emberoak,Hollowdeep,Waning,25.0,30.9,29.3,62.4
FX-0217,Thornlace,Sunspire Heights,Thriving,18.4,8.5,47.2,53.7
FX-0218,Coralmaple,Mistfen Reach,Thriving,33.6,24.0,53.7,64.7
FX-0219,Whispering Linden,Sunspire Heights,Waning,31.8,16.4,23.3,54.3
FX-0220,Goldfan Ginko,Hollowdeep,Thriving,28.9,15.0,48.8,62.9
FX-0221,Ironcrown Oak,Mistfen Reach,Thriving,24.0,30.3,60.8,62.8
FX-0222,Duskmaple,Cragside,Thriving,18.8,23.0,52.8,64.7
FX-0223,Coralmaple,Cragside,Thriving,31.5,18.2,57.0,67.2
FX-0224,Palepear,Sunspire Heights,Thriving,14.6,11.2,53.9,53.5
FX-0225,Emberoak,Mistfen Reach,Thriving,27.3,26.4,50.5,60.1
FX-0226,Whispering Linden,Mistfen Reach,Thriving,27.4,17.4,56.0,41.7
FX-0227,Goldfan Ginko,Hollowdeep,Thriving,26.9,16.1,62.7,67.3
FX-0228,Duskmaple,Mistfen Reach,Radiant,16.9,29.6,90.6,66.1
FX-0229,Emberoak,Cragside,Radiant,27.6,24.7,83.5,74.3
FX-0230,Glasszelkova,Mistfen Reach,Thriving,23.7,13.0,39.8,46.3
FX-0231,Coralmaple,Hollowdeep,Thriving,25.4,21.0,53.4,64.0
FX-0232,Thornlace,Mistfen Reach,Radiant,14.4,17.2,75.8,43.5
FX-0233,Verdant Ash,Mistfen Reach,Waning,18.3,18.6,39.0,48.1
FX-0234,Thornlace,Mistfen Reach,Radiant,13.5,17.9,78.2,51.5
FX-0235,Ironcrown Oak,Mistfen Reach,Thriving,23.1,32.5,50.5,63.8
FX-0236,Palepear,Sunspire Heights,Radiant,17.9,7.5,73.6,55.1
FX-0237,Duskmaple,Hollowdeep,Radiant,15.8,21.4,86.0,65.2
FX-0238,Whispering Linden,Sunspire Heights,Thriving,33.0,14.4,58.0,56.4
FX-0239,Ghostplane,Hollowdeep,Husk,16.8,32.3,13.0,39.9
FX-0240,Goldfan Ginko,Hollowdeep,Thriving,32.4,13.3,49.9,62.3
FX-0241,Ghostplane,Sunspire Heights,Thriving,25.6,33.1,59.0,54.6
FX-0242,Duskmaple,Cragside,Radiant,15.9,22.7,86.4,68.2
FX-0243,Whispering Linden,Mistfen Reach,Husk,25.6,16.3,10.8,45.2
FX-0244,Ghostplane,Sunspire Heights,Thriving,21.4,36.1,54.9,55.2
FX-0245,Thornlace,Sunspire Heights,Radiant,20.3,13.8,78.4,54.8
FX-0246,Coralmaple,Mistfen Reach,Waning,29.8,20.6,33.0,64.6
FX-0247,Verdant Ash,Mistfen Reach,Thriving,17.3,15.0,58.8,43.1
FX-0248,Coralmaple,Cragside,Thriving,31.1,23.1,45.3,62.1
FX-0249,Emberoak,Sunspire Heights,Thriving,33.2,26.1,57.4,73.2
FX-0250,Ghostplane,Sunspire Heights,Thriving,24.8,33.1,59.1,55.3
FX-0251,Ironcrown Oak,Mistfen Reach,Radiant,23.1,29.1,73.1,65.2
FX-0252,Glasszelkova,Sunspire Heights,Thriving,26.9,12.7,55.6,62.2
FX-0253,Thornlace,Cragside,Thriving,10.2,14.3,57.1,48.7
FX-0254,Glasszelkova,Hollowdeep,Thriving,25.0,9.3,58.2,46.4
FX-0255,Whispering Linden,Sunspire Heights,Radiant,30.1,13.8,88.3,50.3
FX-0256,Verdant Ash,Sunspire Heights,Thriving,22.9,17.8,48.7,52.3
FX-0257,Ironcrown Oak,Cragside,Waning,24.4,26.6,27.2,69.2
FX-0258,Ironcrown Oak,Mistfen Reach,Thriving,21.4,30.7,45.0,65.8
FX-0259,Duskmaple,Cragside,Waning,18.3,26.7,23.0,70.1
FX-0260,Ghostplane,Sunspire Heights,Radiant,24.0,26.3,84.1,59.1
FX-0261,Glasszelkova,Hollowdeep,Thriving,28.8,13.1,59.6,41.2
FX-0262,Thornlace,Hollowdeep,Thriving,10.7,13.6,48.2,41.2
FX-0263,Duskmaple,Cragside,Thriving,18.3,23.1,51.1,68.1
FX-0264,Duskmaple,Cragside,Waning,19.9,26.2,18.8,69.7
FX-0265,Palepear,Hollowdeep,Thriving,8.0,9.1,53.5,44.2
FX-0266,Whispering Linden,Sunspire Heights,Radiant,29.5,22.1,74.9,56.2
FX-0267,Thornlace,Mistfen Reach,Waning,15.4,12.9,32.4,46.2
FX-0268,Palepear,Sunspire Heights,Radiant,16.5,8.4,78.9,56.3
FX-0269,Goldfan Ginko,Hollowdeep,Radiant,33.6,18.4,87.1,61.9
FX-0270,Thornlace,Sunspire Heights,Husk,21.7,16.3,0.0,53.2
FX-0271,Whispering Linden,Sunspire Heights,Thriving,33.3,14.9,54.2,52.3
FX-0272,Thornlace,Sunspire Heights,Thriving,25.0,14.0,51.8,44.8
FX-0273,Coralmaple,Cragside,Thriving,32.4,19.9,56.5,66.7
FX-0274,Palepear,Mistfen Reach,Waning,8.2,9.3,28.7,44.3
FX-0275,Verdant Ash,Sunspire Heights,Radiant,25.2,14.5,72.3,52.6
FX-0276,Ghostplane,Sunspire Heights,Radiant,24.2,36.7,87.2,56.9
FX-0277,Ironcrown Oak,Mistfen Reach,Husk,27.2,28.3,6.2,64.9
FX-0278,Glasszelkova,Sunspire Heights,Radiant,32.7,11.6,79.6,53.3
FX-0279,Glasszelkova,Mistfen Reach,Radiant,26.1,13.9,79.5,44.0
FX-0280,Glasszelkova,Hollowdeep,Thriving,27.8,10.8,60.7,45.3
FX-0281,Emberoak,Cragside,Thriving,24.5,30.8,52.0,67.4
FX-0282,Whispering Linden,Hollowdeep,Waning,22.5,16.3,30.4,38.8
FX-0283,Coralmaple,Mistfen Reach,Thriving,25.3,24.6,59.0,65.9
FX-0284,Glasszelkova,Sunspire Heights,Thriving,32.7,11.7,61.9,48.2
FX-0285,Verdant Ash,Hollowdeep,Thriving,13.1,21.7,63.3,43.3
FX-0286,Verdant Ash,Cragside,Thriving,18.0,18.0,43.3,50.4
FX-0287,Duskmaple,Mistfen Reach,Thriving,19.9,21.5,54.2,64.1
FX-0288,Thornlace,Hollowdeep,Thriving,14.3,14.3,49.6,47.1
FX-0289,Ghostplane,Sunspire Heights,Thriving,23.9,32.6,50.6,57.3
FX-0290,Coralmaple,Mistfen Reach,Waning,34.5,22.3,30.5,64.8
FX-0291,Whispering Linden,Hollowdeep,Thriving,27.8,19.1,57.8,47.2
FX-0292,Verdant Ash,Hollowdeep,Thriving,15.4,16.0,64.5,40.2
FX-0293,Emberoak,Mistfen Reach,Thriving,28.7,26.3,52.5,66.2
FX-0294,Verdant Ash,Sunspire Heights,Thriving,20.3,17.9,52.4,49.7
FX-0295,Thornlace,Sunspire Heights,Thriving,22.1,20.5,45.1,52.1
FX-0296,Ironcrown Oak,Hollowdeep,Thriving,25.0,25.9,59.7,62.1
FX-0297,Palepear,Hollowdeep,Thriving,12.3,1.0,54.2,45.5
FX-0298,Emberoak,Hollowdeep,Thriving,27.4,24.3,59.9,60.6
FX-0299,Thornlace,Hollowdeep,Thriving,11.1,14.3,58.5,42.6
FX-0300,Thornlace,Sunspire Heights,Thriving,16.1,14.5,49.3,52.0
FX-0301,Duskmaple,Cragside,Thriving,21.9,27.8,49.7,66.0
FX-0302,Glasszelkova,Sunspire Heights,Waning,32.4,6.8,27.3,53.8
FX-0303,Emberoak,Cragside,Radiant,27.5,28.2,66.6,67.7
FX-0304,Coralmaple,Hollowdeep,Radiant,24.3,19.7,73.3,67.7
FX-0305,Duskmaple,Mistfen Reach,Thriving,17.1,25.6,50.1,62.9
FX-0306,Palepear,Mistfen Reach,Waning,7.6,12.7,36.1,42.4
FX-0307,Coralmaple,Cragside,Radiant,31.9,25.1,84.5,71.0
FX-0308,Emberoak,Mistfen Reach,Radiant,26.9,30.6,78.7,72.7
FX-0309,Coralmaple,Cragside,Waning,29.5,23.6,34.2,66.8
FX-0310,Duskmaple,Mistfen Reach,Thriving,19.5,23.7,57.7,60.9
FX-0311,Emberoak,Cragside,Thriving,30.0,28.9,59.6,61.2
FX-0312,Whispering Linden,Mistfen Reach,Waning,25.4,14.9,34.7,47.4
FX-0313,Verdant Ash,Sunspire Heights,Waning,20.9,20.0,35.2,55.2
FX-0314,Emberoak,Mistfen Reach,Thriving,23.8,27.2,54.3,62.5
FX-0315,Glasszelkova,Sunspire Heights,Thriving,35.0,5.9,55.6,53.3
FX-0316,Goldfan Ginko,Sunspire Heights,Radiant,39.4,14.2,79.6,76.6
FX-0317,Ironcrown Oak,Cragside,Thriving,25.9,36.7,56.8,62.9
FX-0318,Palepear,Sunspire Heights,Waning,18.7,5.0,24.5,54.8
FX-0319,Whispering Linden,Sunspire Heights,Thriving,31.2,17.7,61.6,51.8
FX-0320,Ironcrown Oak,Hollowdeep,Thriving,17.0,26.5,51.0,66.4
FX-0321,Verdant Ash,Sunspire Heights,Radiant,19.4,19.6,80.4,54.7
FX-0322,Palepear,Hollowdeep,Thriving,10.6,6.3,53.2,43.1
FX-0323,Emberoak,Cragside,Thriving,26.9,31.2,64.5,65.9
FX-0324,Thornlace,Mistfen Reach,Radiant,15.6,5.7,86.6,48.9
FX-0325,Thornlace,Sunspire Heights,Thriving,20.7,14.3,47.7,58.1
FX-0326,Emberoak,Hollowdeep,Waning,25.0,24.8,16.5,66.8
FX-0327,Coralmaple,Cragside,Waning,28.3,14.5,35.5,66.1
FX-0328,Ghostplane,Sunspire Heights,Thriving,25.5,31.8,62.2,50.9
FX-0329,Emberoak,Mistfen Reach,Waning,27.4,27.2,27.8,60.2
FX-0330,Bloomspire,Mistfen Reach,Thriving,21.2,33.8,52.5,67.1
FX-0331,Thornlace,Hollowdeep,Thriving,9.8,11.4,57.5,36.1
FX-0332,Goldfan Ginko,Cragside,Thriving,34.2,14.4,54.2,69.4
FX-0333,Bloomspire,Mistfen Reach,Thriving,22.0,37.4,72.8,61.8
FX-0334,Palepear,Mistfen Reach,Radiant,16.5,10.7,79.7,44.0
FX-0335,Glasszelkova,Cragside,Thriving,25.9,7.1,55.7,48.9
FX-0336,Bloomspire,Mistfen Reach,Thriving,20.7,40.4,62.3,64.8
FX-0337,Whispering Linden,Hollowdeep,Radiant,25.4,15.9,81.9,43.7
FX-0338,Glasszelkova,Mistfen Reach,Thriving,31.8,9.8,68.8,45.3
FX-0339,Thornlace,Mistfen Reach,Waning,16.1,17.2,34.7,43.9
FX-0340,Thornlace,Sunspire Heights,Thriving,24.2,14.9,48.4,51.1
FX-0341,Ironcrown Oak,Cragside,Waning,23.3,26.8,19.5,72.3
FX-0342,Verdant Ash,Hollowdeep,Radiant,16.4,19.9,77.8,46.0
FX-0343,Duskmaple,Cragside,Thriving,16.4,24.8,49.5,62.1
FX-0344,Bloomspire,Mistfen Reach,Waning,23.1,33.8,31.3,59.6
FX-0345,Palepear,Mistfen Reach,Thriving,11.0,9.9,50.8,43.1
FX-0346,Emberoak,Cragside,Thriving,27.7,26.6,53.0,68.0
FX-0347,Goldfan Ginko,Mistfen Reach,Radiant,35.2,12.6,80.5,66.6
FX-0348,Palepear,Hollowdeep,Thriving,12.2,10.2,50.7,43.0
FX-0349,Glasszelkova,Mistfen Reach,Radiant,28.2,11.2,83.6,50.1
FX-0350,Emberoak,Mistfen Reach,Husk,26.6,23.5,11.4,61.9
FX-0351,Duskmaple,Mistfen Reach,Radiant,21.3,22.4,78.3,66.2
FX-0352,Glasszelkova,Sunspire Heights,Radiant,38.0,14.0,68.8,53.3
FX-0353,Glasszelkova,Sunspire Heights,Thriving,28.2,8.1,57.5,55.0
FX-0354,Goldfan Ginko,Mistfen Reach,Thriving,36.3,13.5,48.9,64.3
FX-0355,Bloomspire,Hollowdeep,Thriving,17.1,34.2,54.6,65.3
FX-0356,Thornlace,Hollowdeep,Radiant,10.8,14.3,84.5,50.8
FX-0357,Palepear,Sunspire Heights,Waning,18.4,11.1,37.8,50.8
FX-0358,Emberoak,Mistfen Reach,Thriving,24.5,23.8,41.0,63.4
FX-0359,Palepear,Sunspire Heights,Waning,13.2,8.7,29.5,56.8
FX-0360,Palepear,Sunspire Heights,Radiant,20.2,8.4,84.4,55.2
FX-0361,Coralmaple,Hollowdeep,Thriving,30.1,22.9,58.1,64.0
FX-0362,Thornlace,Hollowdeep,Thriving,13.9,10.6,56.7,40.2
FX-0363,Bloomspire,Mistfen Reach,Waning,20.1,38.3,31.8,59.8
FX-0364,Palepear,Sunspire Heights,Radiant,13.9,4.8,74.6,54.6
FX-0365,Bloomspire,Cragside,Radiant,22.7,36.3,79.6,68.1
FX-0366,Palepear,Hollowdeep,Radiant,12.6,13.3,78.2,41.2
FX-0367,Goldfan Ginko,Hollowdeep,Radiant,32.0,14.8,70.0,65.9
FX-0368,Ghostplane,Mistfen Reach,Thriving,21.8,28.5,56.2,44.8
FX-0369,Ironcrown Oak,Mistfen Reach,Radiant,21.8,26.9,88.0,66.2
FX-0370,Duskmaple,Mistfen Reach,Thriving,15.8,26.6,56.8,68.1
FX-0371,Verdant Ash,Mistfen Reach,Waning,17.4,19.3,29.0,45.6
FX-0372,Ghostplane,Mistfen Reach,Thriving,18.6,29.6,56.0,47.6
FX-0373,Glasszelkova,Mistfen Reach,Radiant,27.2,15.8,65.3,54.9
FX-0374,Emberoak,Cragside,Radiant,25.5,25.8,84.1,75.5
FX-0375,Ironcrown Oak,Cragside,Thriving,24.9,27.0,48.0,67.2
FX-0376,Ironcrown Oak,Mistfen Reach,Thriving,23.3,26.8,48.5,65.6
FX-0377,Whispering Linden,Hollowdeep,Thriving,27.4,19.9,53.6,39.9
FX-0378,Palepear,Sunspire Heights,Thriving,23.2,11.2,50.2,51.7
FX-0379,Duskmaple,Hollowdeep,Radiant,15.6,23.9,78.4,68.6
FX-0380,Palepear,Hollowdeep,Thriving,10.5,11.9,57.8,36.4
FX-0381,Duskmaple,Cragside,Waning,21.0,20.2,33.0,63.1
FX-0382,Ghostplane,Hollowdeep,Thriving,17.6,33.7,55.7,39.4
FX-0383,Bloomspire,Mistfen Reach,Thriving,18.7,30.8,54.6,67.6
FX-0384,Ghostplane,Mistfen Reach,Waning,20.0,31.6,33.6,41.7
FX-0385,Emberoak,Cragside,Radiant,27.4,26.0,80.9,72.9
FX-0386,Verdant Ash,Mistfen Reach,Waning,22.6,16.5,32.8,46.5
FX-0387,Coralmaple,Mistfen Reach,Waning,24.7,19.0,21.9,62.3
FX-0388,Goldfan Ginko,Hollowdeep,Waning,29.5,15.6,34.1,58.6
FX-0389,Ironcrown Oak,Cragside,Thriving,26.3,27.6,62.4,69.7
FX-0390,Thornlace,Mistfen Reach,Radiant,17.9,12.8,82.8,44.9
FX-0391,Whispering Linden,Mistfen Reach,Radiant,24.5,12.3,77.8,46.9
FX-0392,Ironcrown Oak,Hollowdeep,Waning,23.1,32.8,35.3,63.9
FX-0393,Goldfan Ginko,Mistfen Reach,Radiant,34.6,18.5,79.4,62.9
FX-0394,Whispering Linden,Hollowdeep,Thriving,22.1,15.7,48.3,51.0
FX-0395,Verdant Ash,Hollowdeep,Thriving,12.7,15.4,50.1,47.7
FX-0396,Emberoak,Sunspire Heights,Thriving,30.9,25.0,40.8,73.4
FX-0397,Verdant Ash,Hollowdeep,Waning,15.4,18.9,27.5,36.9
FX-0398,Whispering Linden,Sunspire Heights,Thriving,28.6,17.2,61.7,50.3
FX-0399,Ghostplane,Mistfen Reach,Thriving,16.3,31.1,41.7,42.5
FX-0400,Ghostplane,Sunspire Heights,Thriving,25.2,32.6,58.0,51.1
FX-0401,Bloomspire,Hollowdeep,Thriving,19.1,31.5,49.5,58.9
FX-0402,Palepear,Sunspire Heights,Radiant,15.0,7.3,79.0,58.1
FX-0403,Whispering Linden,Sunspire Heights,Waning,30.2,16.6,28.4,56.5
FX-0404,Bloomspire,Mistfen Reach,Waning,23.2,35.4,24.2,66.7
FX-0405,Thornlace,Sunspire Heights,Radiant,16.6,12.4,72.2,53.6
FX-0406,Palepear,Sunspire Heights,Thriving,18.7,9.5,51.1,50.5
FX-0407,Glasszelkova,Sunspire Heights,Thriving,34.6,7.5,68.0,51.7
FX-0408,Bloomspire,Cragside,Radiant,21.5,35.9,79.5,68.4
FX-0409,Verdant Ash,Sunspire Heights,Waning,22.1,22.4,29.1,57.1
FX-0410,Coralmaple,Mistfen Reach,Thriving,27.3,18.1,54.1,63.0
FX-0411,Verdant Ash,Mistfen Reach,Waning,13.5,17.3,41.9,42.9
FX-0412,Glasszelkova,Hollowdeep,Thriving,24.5,10.6,57.7,40.5
FX-0413,Bloomspire,Cragside,Thriving,25.3,35.3,50.8,69.5
FX-0414,Duskmaple,Cragside,Waning,21.6,28.5,18.8,66.1
FX-0415,Palepear,Sunspire Heights,Waning,17.8,6.4,23.3,54.5
FX-0416,Duskmaple,Cragside,Thriving,21.4,30.1,62.1,72.8
FX-0417,Emberoak,Cragside,Thriving,26.3,26.1,63.2,68.0
FX-0418,Ironcrown Oak,Hollowdeep,Waning,22.4,29.0,36.4,57.3
FX-0419,Bloomspire,Cragside,Thriving,19.8,36.9,34.7,65.0
FX-0420,Coralmaple,Cragside,Radiant,34.5,12.4,81.4,71.7
FX-0421,Palepear,Hollowdeep,Radiant,11.2,13.5,87.6,46.4
FX-0422,Goldfan Ginko,Cragside,Thriving,32.2,18.1,57.1,67.8
FX-0423,Glasszelkova,Hollowdeep,Thriving,27.1,11.9,49.2,42.2
FX-0424,Goldfan Ginko,Hollowdeep,Radiant,33.6,15.9,76.9,61.1
FX-0425,Palepear,Sunspire Heights,Thriving,21.0,15.5,56.5,53.0
FX-0426,Ironcrown Oak,Mistfen Reach,Waning,24.9,27.7,21.5,64.8
FX-0427,Emberoak,Sunspire Heights,Thriving,27.0,29.3,55.3,76.3
FX-0428,Palepear,Sunspire Heights,Thriving,17.6,9.1,52.3,54.7
FX-0429,Coralmaple,Hollowdeep,Waning,26.7,18.9,30.0,62.1
FX-0430,Glasszelkova,Mistfen Reach,Thriving,25.3,11.3,49.2,43.8
FX-0431,Bloomspire,Mistfen Reach,Thriving,23.1,38.1,49.2,64.5
FX-0432,Thornlace,Hollowdeep,Thriving,10.2,13.6,50.5,43.5
FX-0433,Goldfan Ginko,Hollowdeep,Thriving,35.0,16.5,46.5,59.5
FX-0434,Ironcrown Oak,Mistfen Reach,Thriving,24.1,28.0,56.8,61.3
FX-0435,Coralmaple,Cragside,Thriving,28.1,21.3,51.0,66.8
FX-0436,Bloomspire,Mistfen Reach,Waning,22.3,36.5,35.4,63.9
FX-0437,Ironcrown Oak,Hollowdeep,Radiant,25.4,32.8,80.7,70.6
FX-0438,Ironcrown Oak,Mistfen Reach,Thriving,22.4,26.0,56.1,67.2
FX-0439,Emberoak,Mistfen Reach,Thriving,29.4,23.3,59.4,71.8
FX-0440,Bloomspire,Hollowdeep,Thriving,15.3,36.8,45.8,60.6
FX-0441,Duskmaple,Mistfen Reach,Thriving,13.9,25.6,54.8,66.6
FX-0442,Goldfan Ginko,Hollowdeep,Thriving,29.7,5.9,50.2,65.7
FX-0443,Thornlace,Mistfen Reach,Thriving,16.6,9.0,48.1,50.3
FX-0444,Bloomspire,Mistfen Reach,Thriving,18.2,33.0,50.4,65.0
FX-0445,Thornlace,Sunspire Heights,Waning,23.7,15.1,17.6,50.2
FX-0446,Emberoak,Cragside,Thriving,24.8,24.5,56.2,69.6
FX-0447,Duskmaple,Hollowdeep,Husk,16.0,24.7,17.9,61.4
FX-0448,Ghostplane,Mistfen Reach,Waning,21.8,26.9,37.6,49.8
FX-0449,Bloomspire,Hollowdeep,Thriving,18.0,29.7,56.1,60.3
FX-0450,Verdant Ash,Sunspire Heights,Thriving,20.6,21.8,61.3,47.3
FX-0451,Palepear,Hollowdeep,Thriving,7.2,10.0,53.4,42.2
FX-0452,Ironcrown Oak,Cragside,Radiant,18.0,31.3,78.1,71.3
FX-0453,Goldfan Ginko,Mistfen Reach,Thriving,36.5,13.9,58.5,64.1
FX-0454,Coralmaple,Mistfen Reach,Waning,22.4,20.1,29.8,63.6
FX-0455,Emberoak,Mistfen Reach,Thriving,26.6,25.5,56.3,65.1
FX-0456,Palepear,Sunspire Heights,Radiant,15.3,7.6,78.9,55.5
FX-0457,Ironcrown Oak,Sunspire Heights,Thriving,23.7,32.0,59.3,70.1
FX-0458,Thornlace,Hollowdeep,Radiant,13.0,11.4,78.2,49.9
FX-0459,Emberoak,Hollowdeep,Thriving,21.4,25.8,45.6,60.0
FX-0460,Thornlace,Hollowdeep,Thriving,13.5,11.3,64.6,46.0
FX-0461,Goldfan Ginko,Mistfen Reach,Thriving,36.6,15.9,43.6,62.2
FX-0462,Whispering Linden,Hollowdeep,Thriving,21.4,15.6,52.5,42.4
FX-0463,Verdant Ash,Sunspire Heights,Thriving,22.6,19.6,59.6,50.0
FX-0464,Bloomspire,Mistfen Reach,Waning,19.5,35.7,31.6,66.0
FX-0465,Whispering Linden,Hollowdeep,Thriving,20.5,14.5,58.3,40.9
FX-0466,Ironcrown Oak,Mistfen Reach,Thriving,23.6,32.0,55.6,68.3
FX-0467,Ghostplane,Mistfen Reach,Thriving,17.7,30.0,56.8,46.2
FX-0468,Verdant Ash,Sunspire Heights,Waning,22.7,16.7,25.6,52.4
FX-0469,Whispering Linden,Sunspire Heights,Thriving,26.9,15.0,51.2,52.1
FX-0470,Whispering Linden,Sunspire Heights,Radiant,26.2,21.7,67.1,56.1
FX-0471,Ghostplane,Mistfen Reach,Radiant,19.1,35.9,71.2,43.2
FX-0472,Bloomspire,Mistfen Reach,Radiant,24.3,39.0,85.3,62.7
FX-0473,Verdant Ash,Sunspire Heights,Thriving,21.4,16.6,52.6,55.9
FX-0474,Emberoak,Cragside,Thriving,24.8,27.2,61.8,64.1
FX-0475,Coralmaple,Hollowdeep,Thriving,25.0,22.1,49.3,59.8
FX-0476,Duskmaple,Mistfen Reach,Waning,17.0,25.3,34.0,61.8
FX-0477,Ghostplane,Mistfen Reach,Radiant,14.7,31.2,79.7,43.2
FX-0478,Coralmaple,Mistfen Reach,Thriving,32.1,26.9,49.8,62.2
FX-0479,Goldfan Ginko,Mistfen Reach,Thriving,27.7,11.0,52.7,65.3
FX-0480,Bloomspire,Hollowdeep,Radiant,23.3,31.8,82.3,64.1
FX-0481,Ironcrown Oak,Mistfen Reach,Radiant,21.1,21.7,82.0,73.1
FX-0482,Verdant Ash,Sunspire Heights,Waning,21.1,21.5,25.9,61.2
FX-0483,Coralmaple,Cragside,Thriving,29.2,17.3,52.9,68.0
FX-0484,Ironcrown Oak,Cragside,Waning,25.2,31.7,26.7,69.2
FX-0485,Glasszelkova,Mistfen Reach,Radiant,26.8,12.3,78.7,43.8
FX-0486,Whispering Linden,Hollowdeep,Thriving,26.4,23.1,51.5,42.4
FX-0487,Palepear,Sunspire Heights,Thriving,14.3,9.9,62.5,57.4
FX-0488,Coralmaple,Cragside,Waning,33.7,23.9,27.1,66.6
FX-0489,Glasszelkova,Sunspire Heights,Waning,29.4,12.9,36.4,54.7
FX-0490,Verdant Ash,Sunspire Heights,Radiant,22.4,21.2,87.8,53.2
FX-0491,Whispering Linden,Mistfen Reach,Thriving,24.2,17.8,52.3,45.7
FX-0492,Thornlace,Sunspire Heights,Radiant,20.9,10.2,79.8,56.1
FX-0493,Bloomspire,Hollowdeep,Radiant,21.3,38.5,80.5,62.7
FX-0494,Goldfan Ginko,Cragside,Thriving,36.1,12.4,54.1,71.1
FX-0495,Bloomspire,Mistfen Reach,Thriving,22.1,37.0,57.6,67.4
FX-0496,Palepear,Sunspire Heights,Thriving,19.5,10.3,59.2,50.4
FX-0497,Verdant Ash,Sunspire Heights,Radiant,22.4,18.9,86.1,55.6
FX-0498,Ironcrown Oak,Mistfen Reach,Waning,20.6,29.8,35.0,63.9
FX-0499,Bloomspire,Mistfen Reach,Radiant,21.9,34.2,82.5,63.7
FX-0500,Palepear,Mistfen Reach,Radiant,14.4,11.6,84.9,40.8
FX-0501,Glasszelkova,Sunspire Heights,Waning,29.5,3.5,33.9,49.6
FX-0502,Thornlace,Sunspire Heights,Radiant,21.0,8.5,74.6,51.8
FX-0503,Ghostplane,Mistfen Reach,Radiant,14.3,37.1,76.6,46.1
FX-0504,Duskmaple,Mistfen Reach,Thriving,20.8,21.6,50.2,68.5
FX-0505,Goldfan Ginko,Mistfen Reach,Husk,31.2,15.1,10.6,68.3
FX-0506,Whispering Linden,Sunspire Heights,Thriving,29.2,18.1,58.4,56.6
FX-0507,Bloomspire,Hollowdeep,Radiant,15.9,42.5,89.0,62.3
FX-0508,Whispering Linden,Mistfen Reach,Thriving,24.5,14.5,59.7,46.6
FX-0509,Whispering Linden,Sunspire Heights,Thriving,32.2,17.6,54.2,53.1
FX-0510,Ghostplane,Sunspire Heights,Radiant,21.3,32.8,84.3,56.1
FX-0511,Ironcrown Oak,Cragside,Radiant,24.4,33.2,76.5,75.4
FX-0512,Ghostplane,Hollowdeep,Waning,17.9,39.1,29.1,45.3
FX-0513,Thornlace,Mistfen Reach,Thriving,16.7,17.2,63.7,46.7
FX-0514,Emberoak,Mistfen Reach,Radiant,27.1,22.2,84.0,68.8
FX-0515,Duskmaple,Cragside,Thriving,20.4,27.0,49.3,65.3
FX-0516,Coralmaple,Hollowdeep,Thriving,28.5,21.0,54.2,60.9
FX-0517,Whispering Linden,Sunspire Heights,Waning,29.9,21.7,32.1,56.5
FX-0518,Bloomspire,Hollowdeep,Thriving,17.8,32.6,61.9,62.5
FX-0519,Emberoak,Cragside,Thriving,29.1,26.4,55.4,68.2
FX-0520,Whispering Linden,Mistfen Reach,Thriving,28.0,14.2,42.4,47.5
FX-0521,Ironcrown Oak,Cragside,Thriving,24.6,26.9,58.3,67.8
FX-0522,Verdant Ash,Sunspire Heights,Thriving,18.4,19.4,48.3,55.8
FX-0523,Bloomspire,Mistfen Reach,Radiant,22.5,31.7,72.4,72.3
FX-0524,Glasszelkova,Sunspire Heights,Thriving,31.8,12.0,62.0,53.1
FX-0525,Bloomspire,Cragside,Thriving,27.9,38.9,48.6,72.1
FX-0526,Coralmaple,Mistfen Reach,Thriving,24.8,23.1,47.2,68.4
FX-0527,Ironcrown Oak,Mistfen Reach,Radiant,22.2,36.0,79.2,66.9
FX-0528,Glasszelkova,Sunspire Heights,Thriving,30.8,9.9,62.6,46.5
FX-0529,Glasszelkova,Sunspire Heights,Thriving,35.2,11.7,59.4,55.1
FX-0530,Duskmaple,Mistfen Reach,Radiant,21.5,28.0,88.9,63.9
FX-0531,Coralmaple,Mistfen Reach,Radiant,27.8,24.8,80.4,71.1
FX-0532,Whispering Linden,Hollowdeep,Thriving,24.0,15.8,59.7,41.3
FX-0533,Glasszelkova,Hollowdeep,Waning,30.7,5.1,38.1,41.5
FX-0534,Ironcrown Oak,Mistfen Reach,Thriving,23.7,26.3,58.5,65.1
FX-0535,Glasszelkova,Sunspire Heights,Thriving,31.9,11.8,50.9,54.4
FX-0536,Palepear,Hollowdeep,Waning,13.1,8.9,26.7,42.5
FX-0537,Palepear,Sunspire Heights,Thriving,15.8,8.9,55.5,54.3
FX-0538,Bloomspire,Hollowdeep,Radiant,23.6,38.0,84.4,65.2
FX-0539,Ironcrown Oak,Mistfen Reach,Waning,23.0,33.4,29.7,68.0
FX-0540,Whispering Linden,Sunspire Heights,Thriving,35.0,18.3,54.7,51.3
FX-0541,Ghostplane,Sunspire Heights,Thriving,25.7,36.4,48.4,57.1
FX-0542,Ghostplane,Mistfen Reach,Radiant,24.1,31.2,83.0,49.9
FX-0543,Coralmaple,Cragside,Radiant,27.3,18.5,89.9,76.0
FX-0544,Bloomspire,Hollowdeep,Radiant,18.5,33.5,78.9,63.4
FX-0545,Ghostplane,Mistfen Reach,Thriving,19.5,28.8,51.2,47.1
FX-0546,Bloomspire,Mistfen Reach,Thriving,24.7,34.9,61.2,61.9
FX-0547,Glasszelkova,Sunspire Heights,Husk,27.8,10.9,0.0,53.7
FX-0548,Glasszelkova,Hollowdeep,Thriving,28.7,11.6,48.7,44.1
FX-0549,Whispering Linden,Sunspire Heights,Radiant,27.7,17.9,77.3,51.4
FX-0550,Ironcrown Oak,Mistfen Reach,Thriving,22.4,30.5,54.1,60.4
FX-0551,Goldfan Ginko,Hollowdeep,Radiant,29.8,14.3,77.4,69.7
FX-0552,Emberoak,Cragside,Thriving,28.3,28.3,56.9,73.6
FX-0553,Whispering Linden,Hollowdeep,Radiant,23.2,18.9,82.1,47.0
FX-0554,Goldfan Ginko,Sunspire Heights,Thriving,35.1,10.8,69.9,72.1
FX-0555,Goldfan Ginko,Cragside,Thriving,30.3,12.4,51.5,65.3
FX-0556,Verdant Ash,Mistfen Reach,Thriving,14.2,20.3,56.7,41.0
FX-0557,Glasszelkova,Mistfen Reach,Radiant,26.4,13.3,76.3,46.0
FX-0558,Emberoak,Cragside,Waning,29.8,26.8,32.4,66.6
FX-0559,Whispering Linden,Mistfen Reach,Thriving,24.4,12.6,48.5,47.1
FX-0560,Thornlace,Sunspire Heights,Radiant,18.3,13.4,78.1,54.8
FX-0561,Verdant Ash,Sunspire Heights,Radiant,23.7,16.7,84.7,57.2
FX-0562,Palepear,Cragside,Husk,13.6,5.6,5.4,47.4
FX-0563,Glasszelkova,Sunspire Heights,Thriving,33.3,8.3,62.6,57.7
FX-0564,Glasszelkova,Mistfen Reach,Thriving,31.5,10.7,52.7,44.7
FX-0565,Goldfan Ginko,Cragside,Radiant,34.8,13.5,72.1,68.7
FX-0566,Whispering Linden,Sunspire Heights,Radiant,29.0,17.9,84.7,55.4
FX-0567,Palepear,Sunspire Heights,Radiant,18.7,14.1,76.3,53.2
FX-0568,Verdant Ash,Sunspire Heights,Thriving,19.6,19.8,45.1,51.3
FX-0569,Whispering Linden,Mistfen Reach,Waning,27.3,13.9,28.8,46.2
FX-0570,Goldfan Ginko,Cragside,Waning,34.3,12.3,21.9,65.2
FX-0571,Coralmaple,Cragside,Radiant,26.7,19.1,75.5,75.4
FX-0572,Ghostplane,Sunspire Heights,Waning,26.2,33.1,29.1,51.1
FX-0573,Ironcrown Oak,Mistfen Reach,Radiant,24.6,30.5,76.8,64.4
FX-0574,Whispering Linden,Sunspire Heights,Thriving,28.8,18.2,65.1,52.5
FX-0575,Whispering Linden,Mistfen Reach,Radiant,25.6,18.9,70.9,44.5
FX-0576,Ghostplane,Sunspire Heights,Waning,26.1,32.7,39.4,54.3
FX-0577,Whispering Linden,Sunspire Heights,Thriving,32.8,19.3,56.9,55.0
FX-0578,Ghostplane,Mistfen Reach,Radiant,20.5,29.8,69.7,43.7
FX-0579,Palepear,Hollowdeep,Thriving,13.7,5.6,47.3,41.1
FX-0580,Ironcrown Oak,Cragside,Thriving,24.5,32.8,54.9,64.0
FX-0581,Whispering Linden,Hollowdeep,Waning,27.0,16.9,23.3,46.6
FX-0582,Glasszelkova,Sunspire Heights,Husk,30.8,11.2,4.8,56.4
FX-0583,Duskmaple,Cragside,Thriving,20.8,21.2,61.8,64.0
FX-0584,Palepear,Sunspire Heights,Waning,15.7,6.0,34.7,56.2
FX-0585,Coralmaple,Mistfen Reach,Radiant,26.1,21.1,80.0,61.8
FX-0586,Ghostplane,Hollowdeep,Waning,15.1,33.2,24.0,42.1
FX-0587,Glasszelkova,Sunspire Heights,Thriving,31.4,13.7,50.1,60.7
FX-0588,Whispering Linden,Sunspire Heights,Thriving,28.7,19.8,60.1,59.2
FX-0589,Glasszelkova,Mistfen Reach,Radiant,28.4,9.8,80.3,52.6
FX-0590,Ironcrown Oak,Hollowdeep,Thriving,22.0,23.2,68.5,66.2
FX-0591,Palepear,Sunspire Heights,Thriving,18.8,11.2,42.0,51.5
FX-0592,Thornlace,Cragside,Thriving,13.0,8.8,55.2,41.2
FX-0593,Emberoak,Hollowdeep,Waning,24.2,28.8,22.0,57.8
FX-0594,Ironcrown Oak,Mistfen Reach,Radiant,24.4,26.4,78.1,63.2
FX-0595,Goldfan Ginko,Mistfen Reach,Thriving,33.1,15.7,55.4,66.8
FX-0596,Emberoak,Hollowdeep,Waning,26.5,32.3,23.4,57.3
FX-0597,Palepear,Mistfen Reach,Waning,12.7,10.5,27.5,45.1
FX-0598,Glasszelkova,Cragside,Radiant,35.3,10.4,78.2,50.8
FX-0599,Thornlace,Sunspire Heights,Waning,21.9,12.6,24.3,53.1
FX-0600,Ironcrown Oak,Sunspire Heights,Thriving,27.5,30.7,68.9,73.0
FX-0601,Whispering Linden,Mistfen Reach,Radiant,27.3,14.8,70.2,45.2
FX-0602,Whispering Linden,Sunspire Heights,Thriving,30.4,17.8,49.1,53.5
FX-0603,Bloomspire,Mistfen Reach,Thriving,26.6,34.0,63.4,66.7
FX-0604,Emberoak,Cragside,Radiant,31.2,35.0,81.3,69.8
FX-0605,Bloomspire,Mistfen Reach,Husk,20.3,33.8,9.2,62.1
FX-0606,Whispering Linden,Sunspire Heights,Radiant,29.3,20.7,78.5,59.4
FX-0607,Whispering Linden,Sunspire Heights,Thriving,30.3,19.1,50.6,61.3
FX-0608,Emberoak,Mistfen Reach,Waning,30.0,26.1,32.3,65.9
FX-0609,Ghostplane,Mistfen Reach,Waning,17.4,28.6,38.0,40.0
FX-0610,Ghostplane,Sunspire Heights,Radiant,24.8,29.6,80.0,52.9
FX-0611,Glasszelkova,Sunspire Heights,Thriving,30.9,15.4,64.6,54.1
FX-0612,Goldfan Ginko,Cragside,Thriving,33.1,14.2,46.6,64.4
FX-0613,Verdant Ash,Hollowdeep,Thriving,17.5,16.1,54.9,39.3
FX-0614,Goldfan Ginko,Mistfen Reach,Waning,34.7,14.4,31.7,62.5
FX-0615,Ghostplane,Sunspire Heights,Radiant,24.5,32.2,70.5,61.4
FX-0616,Ghostplane,Sunspire Heights,Waning,33.4,27.1,23.2,52.8
FX-0617,Ghostplane,Mistfen Reach,Thriving,19.9,35.8,41.8,42.8
FX-0618,Goldfan Ginko,Cragside,Thriving,34.9,14.0,47.4,67.2
FX-0619,Thornlace,Mistfen Reach,Thriving,12.1,8.1,56.3,48.8
FX-0620,Coralmaple,Sunspire Heights,Radiant,33.8,22.5,76.1,79.5
FX-0621,Whispering Linden,Sunspire Heights,Radiant,35.4,13.1,80.6,59.7
FX-0622,Ironcrown Oak,Hollowdeep,Thriving,17.5,21.8,57.3,63.7
FX-0623,Verdant Ash,Hollowdeep,Radiant,15.2,19.8,79.3,44.6
FX-0624,Verdant Ash,Sunspire Heights,Radiant,24.2,19.1,88.9,54.9
FX-0625,Ironcrown Oak,Mistfen Reach,Thriving,23.1,30.7,62.4,67.6
FX-0626,Glasszelkova,Sunspire Heights,Radiant,33.0,19.7,67.0,55.3
FX-0627,Goldfan Ginko,Cragside,Thriving,35.7,20.5,52.7,67.3
FX-0628,Thornlace,Hollowdeep,Radiant,13.3,13.0,75.3,46.1
FX-0629,Palepear,Mistfen Reach,Radiant,14.1,5.3,82.2,49.8
FX-0630,Ironcrown Oak,Mistfen Reach,Waning,25.5,26.8,34.7,57.3
FX-0631,Thornlace,Mistfen Reach,Thriving,13.6,8.9,60.4,51.7
FX-0632,Glasszelkova,Sunspire Heights,Husk,31.8,9.4,2.7,49.6
FX-0633,Ironcrown Oak,Mistfen Reach,Thriving,22.8,33.1,49.3,65.6
FX-0634,Ghostplane,Hollowdeep,Radiant,17.4,28.4,72.0,45.4
FX-0635,Verdant Ash,Sunspire Heights,Thriving,25.5,18.7,51.6,55.6
FX-0636,Coralmaple,Mistfen Reach,Radiant,30.9,17.6,79.5,72.0
FX-0637,Ironcrown Oak,Mistfen Reach,Thriving,26.1,32.0,53.3,66.5
FX-0638,Duskmaple,Cragside,Thriving,19.0,24.9,58.1,69.9
FX-0639,Goldfan Ginko,Hollowdeep,Thriving,31.0,17.8,54.7,62.1
FX-0640,Duskmaple,Mistfen Reach,Husk,16.5,21.4,0.6,65.0
FX-0641,Ironcrown Oak,Cragside,Thriving,24.1,28.8,58.3,68.2
FX-0642,Coralmaple,Mistfen Reach,Thriving,26.6,22.7,43.9,67.4
FX-0643,Palepear,Sunspire Heights,Thriving,22.6,9.9,56.8,54.3
FX-0644,Glasszelkova,Sunspire Heights,Radiant,28.4,12.2,87.1,52.4
FX-0645,Palepear,Sunspire Heights,Waning,18.5,11.8,28.6,55.0
FX-0646,Thornlace,Hollowdeep,Thriving,9.5,11.6,46.8,47.9
FX-0647,Coralmaple,Sunspire Heights,Husk,31.1,16.4,4.1,68.7
FX-0648,Verdant Ash,Mistfen Reach,Thriving,19.9,20.0,49.6,43.2
FX-0649,Emberoak,Hollowdeep,Waning,25.5,20.8,26.1,62.2
FX-0650,Whispering Linden,Sunspire Heights,Thriving,28.7,24.1,57.6,60.5
FX-0651,Ironcrown Oak,Mistfen Reach,Thriving,22.5,33.2,58.5,66.0
FX-0652,Bloomspire,Sunspire Heights,Thriving,23.2,35.3,45.9,70.5
FX-0653,Whispering Linden,Sunspire Heights,Thriving,26.1,21.0,57.0,57.1
FX-0654,Goldfan Ginko,Cragside,Waning,34.9,16.9,26.6,66.7
FX-0655,Verdant Ash,Mistfen Reach,Thriving,18.8,16.8,59.7,43.8
FX-0656,Ironcrown Oak,Cragside,Radiant,23.4,25.4,80.8,69.2
FX-0657,Bloomspire,Cragside,Thriving,20.4,37.1,51.1,68.5
FX-0658,Ghostplane,Sunspire Heights,Thriving,23.1,28.2,60.8,51.1
FX-0659,Duskmaple,Mistfen Reach,Thriving,15.7,25.8,64.1,70.1
FX-0660,Whispering Linden,Mistfen Reach,Waning,25.9,21.4,26.0,48.6
FX-0661,Ironcrown Oak,Mistfen Reach,Thriving,21.7,32.0,56.8,59.0
FX-0662,Emberoak,Mistfen Reach,Thriving,24.4,24.7,44.7,69.3
FX-0663,Verdant Ash,Cragside,Thriving,16.7,16.2,44.5,47.5
FX-0664,Coralmaple,Mistfen Reach,Radiant,24.7,19.9,97.1,63.8
FX-0665,Ironcrown Oak,Mistfen Reach,Thriving,24.3,28.3,51.3,67.2
FX-0666,Verdant Ash,Mistfen Reach,Thriving,20.2,23.7,49.8,45.0
FX-0667,Coralmaple,Mistfen Reach,Thriving,25.9,22.0,56.2,68.2
FX-0668,Verdant Ash,Sunspire Heights,Thriving,23.4,22.1,55.5,52.8
FX-0669,Palepear,Mistfen Reach,Thriving,10.8,6.6,45.1,43.3
FX-0670,Glasszelkova,Hollowdeep,Thriving,28.2,9.6,60.8,37.8
FX-0671,Palepear,Sunspire Heights,Waning,19.4,12.0,30.3,48.8
FX-0672,Thornlace,Sunspire Heights,Waning,15.1,14.2,27.2,54.7
FX-0673,Glasszelkova,Mistfen Reach,Thriving,27.4,10.3,52.9,42.4
FX-0674,Ghostplane,Mistfen Reach,Husk,20.2,32.2,7.8,47.6
FX-0675,Coralmaple,Sunspire Heights,Radiant,34.1,21.5,75.0,78.9
FX-0676,Whispering Linden,Sunspire Heights,Thriving,32.9,16.9,51.8,56.1
FX-0677,Ironcrown Oak,Hollowdeep,Thriving,18.2,30.4,54.9,62.5
FX-0678,Bloomspire,Mistfen Reach,Thriving,18.5,37.2,57.5,64.9
FX-0679,Ghostplane,Sunspire Heights,Radiant,30.2,26.9,83.2,54.1
FX-0680,Glasszelkova,Mistfen Reach,Radiant,27.4,12.8,78.5,45.9
FX-0681,Glasszelkova,Sunspire Heights,Thriving,31.2,4.9,61.2,52.9
FX-0682,Verdant Ash,Sunspire Heights,Thriving,19.5,22.9,56.6,57.5
FX-0683,Ironcrown Oak,Sunspire Heights,Thriving,33.9,33.9,47.8,77.8
FX-0684,Goldfan Ginko,Mistfen Reach,Radiant,36.5,14.6,75.3,68.7
FX-0685,Ghostplane,Mistfen Reach,Radiant,19.8,38.1,78.4,45.9
FX-0686,Ghostplane,Hollowdeep,Thriving,17.3,31.3,59.8,38.1
FX-0687,Coralmaple,Cragside,Radiant,30.4,20.2,80.6,71.0
FX-0688,Coralmaple,Hollowdeep,Radiant,22.6,17.5,72.0,65.6
FX-0689,Bloomspire,Sunspire Heights,Thriving,24.3,42.4,61.3,73.6
FX-0690,Whispering Linden,Mistfen Reach,Waning,26.0,16.7,29.9,45.1
FX-0691,Thornlace,Hollowdeep,Waning,11.3,14.7,29.8,44.5
FX-0692,Palepear,Sunspire Heights,Radiant,15.5,10.0,80.1,50.3
FX-0693,Glasszelkova,Sunspire Heights,Thriving,34.4,9.2,49.7,52.4
FX-0694,Goldfan Ginko,Sunspire Heights,Thriving,34.5,18.0,48.3,69.4
FX-0695,Ghostplane,Mistfen Reach,Thriving,22.6,31.3,54.2,50.6
FX-0696,Glasszelkova,Mistfen Reach,Husk,26.5,12.7,9.1,44.3
FX-0697,Palepear,Sunspire Heights,Thriving,17.9,9.5,49.3,54.1
FX-0698,Whispering Linden,Sunspire Heights,Radiant,28.4,15.0,94.2,54.2
FX-0699,Ghostplane,Sunspire Heights,Thriving,25.4,33.0,58.1,53.4
FX-0700,Ghostplane,Sunspire Heights,Thriving,27.5,32.0,55.9,58.3
FX-0701,Verdant Ash,Sunspire Heights,Radiant,18.3,20.8,80.2,57.7
FX-0702,Ghostplane,Mistfen Reach,Thriving,19.8,38.9,60.1,44.7
FX-0703,Bloomspire,Cragside,Waning,26.4,35.8,30.7,61.7
FX-0704,Palepear,Mistfen Reach,Radiant,19.4,7.8,86.1,50.2
FX-0705,Whispering Linden,Sunspire Heights,Thriving,28.1,19.7,61.9,53.4
FX-0706,Duskmaple,Sunspire Heights,Thriving,24.1,25.7,40.5,75.4
FX-0707,Thornlace,Mistfen Reach,Thriving,15.4,13.1,69.4,47.0
FX-0708,Ghostplane,Hollowdeep,Thriving,16.0,35.6,61.9,40.9
FX-0709,Ironcrown Oak,Mistfen Reach,Thriving,20.3,31.7,49.9,65.8
FX-0710,Emberoak,Cragside,Thriving,25.8,32.0,48.1,67.5
FX-0711,Palepear,Sunspire Heights,Thriving,16.2,5.5,62.8,49.8
FX-0712,Thornlace,Mistfen Reach,Waning,15.1,8.6,34.1,42.8
FX-0713,Verdant Ash,Sunspire Heights,Thriving,22.7,19.4,51.4,52.7
FX-0714,Whispering Linden,Sunspire Heights,Thriving,25.2,15.7,56.2,50.2
FX-0715,Thornlace,Mistfen Reach,Thriving,12.1,14.0,54.1,42.2
FX-0716,Palepear,Sunspire Heights,Radiant,20.3,8.5,76.1,60.0
FX-0717,Whispering Linden,Sunspire Heights,Radiant,31.7,22.5,78.9,52.6
FX-0718,Verdant Ash,Sunspire Heights,Thriving,19.9,19.8,56.7,58.0
FX-0719,Whispering Linden,Hollowdeep,Thriving,19.1,18.1,56.8,42.2
FX-0720,Bloomspire,Cragside,Waning,22.8,38.9,27.3,65.7
FX-0721,Emberoak,Cragside,Thriving,26.9,28.5,58.5,60.7
FX-0722,Emberoak,Hollowdeep,Waning,23.9,30.4,32.0,61.0
FX-0723,Whispering Linden,Mistfen Reach,Thriving,22.9,13.9,46.8,45.8
FX-0724,Verdant Ash,Hollowdeep,Thriving,18.4,20.7,61.5,43.2
FX-0725,Coralmaple,Hollowdeep,Radiant,31.9,26.1,86.4,64.5
FX-0726,Glasszelkova,Cragside,Radiant,26.9,12.7,88.1,48.5
FX-0727,Glasszelkova,Sunspire Heights,Thriving,36.5,10.3,63.3,53.3
FX-0728,Thornlace,Sunspire Heights,Thriving,25.1,13.8,58.8,54.7
FX-0729,Goldfan Ginko,Hollowdeep,Waning,30.2,16.3,27.7,60.8
FX-0730,Glasszelkova,Hollowdeep,Waning,23.0,11.2,30.9,40.6
FX-0731,Verdant Ash,Sunspire Heights,Thriving,18.9,19.6,57.0,55.6
FX-0732,Verdant Ash,Mistfen Reach,Thriving,16.3,18.9,47.7,47.2
FX-0733,Palepear,Sunspire Heights,Thriving,18.7,8.7,50.7,53.7
FX-0734,Bloomspire,Mistfen Reach,Radiant,21.7,38.3,85.8,68.0
FX-0735,Emberoak,Cragside,Waning,24.1,29.7,30.1,68.6
FX-0736,Whispering Linden,Hollowdeep,Thriving,21.7,10.3,50.9,46.0
FX-0737,Duskmaple,Cragside,Radiant,18.2,23.6,87.8,74.0
FX-0738,Palepear,Hollowdeep,Radiant,12.0,11.2,87.5,49.9
FX-0739,Palepear,Mistfen Reach,Radiant,10.7,14.0,79.3,44.1
FX-0740,Emberoak,Mistfen Reach,Radiant,24.3,25.1,79.9,69.3
FX-0741,Duskmaple,Sunspire Heights,Waning,27.9,19.0,25.1,74.3
FX-0742,Glasszelkova,Sunspire Heights,Thriving,34.3,11.5,51.8,52.2
FX-0743,Ghostplane,Sunspire Heights,Radiant,26.2,28.7,84.0,58.8
FX-0744,Thornlace,Sunspire Heights,Thriving,17.1,13.7,69.9,47.1
FX-0745,Thornlace,Sunspire Heights,Waning,18.0,16.4,33.8,53.8
FX-0746,Glasszelkova,Sunspire Heights,Waning,32.2,13.0,26.3,61.3
FX-0747,Coralmaple,Cragside,Thriving,30.6,19.3,51.9,69.6
FX-0748,Ironcrown Oak,Sunspire Heights,Radiant,27.6,31.2,77.1,72.2
FX-0749,Emberoak,Cragside,Radiant,26.7,25.6,83.3,69.7
FX-0750,Verdant Ash,Sunspire Heights,Waning,23.4,19.1,40.3,55.2
FX-0751,Emberoak,Cragside,Thriving,26.0,21.6,57.7,69.7
FX-0752,Whispering Linden,Sunspire Heights,Thriving,28.1,14.8,58.3,52.6
FX-0753,Emberoak,Cragside,Radiant,33.4,27.2,80.1,69.9
FX-0754,Coralmaple,Hollowdeep,Husk,26.3,14.0,7.3,56.5
FX-0755,Emberoak,Mistfen Reach,Thriving,23.6,28.4,55.5,65.8
FX-0756,Goldfan Ginko,Mistfen Reach,Thriving,34.3,12.6,70.3,63.7
FX-0757,Coralmaple,Hollowdeep,Radiant,22.3,23.6,79.0,63.8
FX-0758,Ghostplane,Sunspire Heights,Thriving,22.7,27.7,67.9,57.2
FX-0759,Glasszelkova,Sunspire Heights,Thriving,33.3,11.2,62.3,48.7
FX-0760,Duskmaple,Hollowdeep,Waning,13.6,22.1,27.3,55.1
FX-0761,Bloomspire,Mistfen Reach,Thriving,17.3,35.8,64.5,64.9
FX-0762,Ironcrown Oak,Mistfen Reach,Waning,21.5,29.5,35.9,60.9
FX-0763,Whispering Linden,Sunspire Heights,Thriving,32.3,18.9,62.2,53.6
FX-0764,Glasszelkova,Sunspire Heights,Thriving,35.8,7.3,52.3,60.3
FX-0765,Whispering Linden,Mistfen Reach,Thriving,26.2,19.3,59.3,48.9
FX-0766,Emberoak,Mistfen Reach,Thriving,26.6,26.6,55.1,63.9
FX-0767,Goldfan Ginko,Hollowdeep,Thriving,28.7,10.0,49.7,59.1
FX-0768,Bloomspire,Hollowdeep,Thriving,20.9,31.6,63.1,58.3
FX-0769,Emberoak,Hollowdeep,Waning,25.5,28.3,32.7,60.2
FX-0770,Ghostplane,Sunspire Heights,Waning,26.9,38.2,17.3,53.8
FX-0771,Goldfan Ginko,Cragside,Radiant,33.4,11.0,73.8,70.1
FX-0772,Whispering Linden,Sunspire Heights,Thriving,30.4,19.3,52.7,53.2
FX-0773,Duskmaple,Mistfen Reach,Thriving,17.9,24.8,56.3,68.3
FX-0774,Whispering Linden,Mistfen Reach,Thriving,22.4,22.3,55.2,47.5
FX-0775,Coralmaple,Hollowdeep,Husk,29.8,24.6,0.0,62.4
FX-0776,Ironcrown Oak,Cragside,Radiant,24.2,26.9,76.5,69.2
FX-0777,Whispering Linden,Hollowdeep,Radiant,18.3,17.9,72.2,35.8
FX-0778,Glasszelkova,Mistfen Reach,Waning,25.8,5.4,32.3,42.6
FX-0779,Goldfan Ginko,Cragside,Thriving,31.7,12.7,57.7,67.1
FX-0780,Glasszelkova,Sunspire Heights,Radiant,34.3,11.6,76.3,57.3
FX-0781,Whispering Linden,Sunspire Heights,Thriving,33.1,14.5,48.0,52.7
FX-0782,Coralmaple,Mistfen Reach,Thriving,32.4,15.0,48.9,67.4
FX-0783,Thornlace,Sunspire Heights,Waning,17.4,11.9,37.4,53.5
FX-0784,Glasszelkova,Mistfen Reach,Radiant,27.9,13.5,86.2,46.6
FX-0785,Emberoak,Hollowdeep,Radiant,16.7,26.2,84.0,62.0
FX-0786,Thornlace,Sunspire Heights,Thriving,14.9,11.9,53.2,47.6
FX-0787,Bloomspire,Mistfen Reach,Radiant,18.1,41.1,82.7,67.5
FX-0788,Glasszelkova,Mistfen Reach,Waning,32.3,12.4,36.9,40.9
FX-0789,Palepear,Sunspire Heights,Waning,16.9,14.0,33.1,53.5
FX-0790,Glasszelkova,Mistfen Reach,Thriving,27.2,18.8,58.2,47.2
FX-0791,Thornlace,Sunspire Heights,Thriving,21.3,15.7,46.8,56.4
FX-0792,Whispering Linden,Mistfen Reach,Husk,24.1,16.5,7.2,40.2
FX-0793,Glasszelkova,Sunspire Heights,Thriving,32.0,9.2,61.0,55.7
FX-0794,Bloomspire,Mistfen Reach,Thriving,16.9,31.2,48.5,67.6
FX-0795,Thornlace,Hollowdeep,Thriving,13.5,14.6,49.7,39.5
FX-0796,Emberoak,Hollowdeep,Thriving,23.2,24.5,45.7,60.1
FX-0797,Thornlace,Sunspire Heights,Waning,22.9,14.8,23.4,53.4
FX-0798,Glasszelkova,Sunspire Heights,Thriving,29.9,10.1,54.8,53.3
FX-0799,Palepear,Sunspire Heights,Thriving,16.7,8.7,59.2,51.6
FX-0800,Verdant Ash,Hollowdeep,Waning,15.2,17.6,34.4,39.8
FX-0801,Ironcrown Oak,Hollowdeep,Thriving,19.4,31.8,59.3,62.6
FX-0802,Coralmaple,Mistfen Reach,Thriving,28.9,25.9,64.2,65.2
FX-0803,Thornlace,Mistfen Reach,Thriving,13.9,6.9,56.7,47.7
FX-0804,Goldfan Ginko,Hollowdeep,Radiant,29.2,16.4,75.8,66.7
FX-0805,Whispering Linden,Mistfen Reach,Radiant,28.1,13.6,88.6,53.0
FX-0806,Coralmaple,Cragside,Thriving,33.3,19.2,49.3,71.5
FX-0807,Coralmaple,Cragside,Thriving,27.3,19.7,58.5,70.0
FX-0808,Whispering Linden,Hollowdeep,Thriving,18.0,14.9,44.4,45.6
FX-0809,Goldfan Ginko,Cragside,Radiant,38.3,17.3,85.3,68.2
FX-0810,Ironcrown Oak,Cragside,Husk,25.2,31.4,1.7,67.3
FX-0811,Verdant Ash,Hollowdeep,Radiant,12.6,20.8,74.8,42.1
FX-0812,Verdant Ash,Sunspire Heights,Thriving,20.6,21.0,59.4,50.7
FX-0813,Duskmaple,Cragside,Waning,25.8,20.9,23.1,63.4
FX-0814,Ghostplane,Mistfen Reach,Thriving,25.0,36.6,48.2,42.4
FX-0815,Verdant Ash,Mistfen Reach,Thriving,17.0,22.1,45.9,53.0
FX-0816,Goldfan Ginko,Hollowdeep,Radiant,33.4,17.5,75.6,66.8
FX-0817,Duskmaple,Hollowdeep,Thriving,16.1,22.6,62.7,63.9
FX-0818,Thornlace,Mistfen Reach,Thriving,15.6,15.8,49.6,42.8
FX-0819,Whispering Linden,Mistfen Reach,Thriving,30.3,18.8,58.1,47.9
FX-0820,Emberoak,Hollowdeep,Radiant,26.4,27.9,76.6,62.6
FX-0821,Ghostplane,Mistfen Reach,Thriving,15.0,28.1,51.6,42.4
FX-0822,Glasszelkova,Cragside,Thriving,30.2,8.5,53.3,47.9
FX-0823,Bloomspire,Mistfen Reach,Radiant,19.7,35.8,84.4,70.4
FX-0824,Whispering Linden,Mistfen Reach,Waning,24.4,14.7,25.0,41.7
FX-0825,Duskmaple,Hollowdeep,Thriving,12.8,24.8,52.4,63.8
FX-0826,Glasszelkova,Mistfen Reach,Thriving,23.4,15.7,47.2,47.1
FX-0827,Whispering Linden,Sunspire Heights,Radiant,31.4,16.7,84.3,58.2
FX-0828,Whispering Linden,Mistfen Reach,Thriving,27.2,14.6,50.8,49.2
FX-0829,Duskmaple,Mistfen Reach,Thriving,17.2,24.5,66.5,66.7
FX-0830,Duskmaple,Mistfen Reach,Thriving,19.6,18.8,54.2,68.0
FX-0831,Goldfan Ginko,Cragside,Husk,34.6,8.3,0.0,68.2
FX-0832,Verdant Ash,Sunspire Heights,Radiant,25.3,16.5,73.2,53.2
FX-0833,Ghostplane,Sunspire Heights,Thriving,28.0,33.7,62.3,53.5
FX-0834,Coralmaple,Hollowdeep,Thriving,26.7,21.9,60.5,67.3
FX-0835,Palepear,Sunspire Heights,Radiant,20.6,5.7,83.8,58.7
FX-0836,Emberoak,Mistfen Reach,Thriving,26.8,19.4,61.3,62.4
FX-0837,Duskmaple,Mistfen Reach,Waning,22.3,25.1,21.9,61.7
FX-0838,Ironcrown Oak,Sunspire Heights,Thriving,29.8,27.6,52.6,73.9
FX-0839,Ghostplane,Mistfen Reach,Waning,20.7,34.2,23.4,43.1
FX-0840,Ghostplane,Sunspire Heights,Waning,19.4,31.4,29.3,49.6
FX-0841,Bloomspire,Hollowdeep,Waning,19.8,34.8,31.7,63.6
FX-0842,Ghostplane,Sunspire Heights,Husk,23.7,35.1,0.0,51.8
FX-0843,Whispering Linden,Sunspire Heights,Thriving,30.0,16.3,53.8,60.1
FX-0844,Glasszelkova,Sunspire Heights,Thriving,32.4,8.9,55.2,54.6
FX-0845,Verdant Ash,Sunspire Heights,Waning,18.2,17.1,32.3,58.0
FX-0846,Thornlace,Hollowdeep,Thriving,13.6,14.8,48.5,41.2
FX-0847,Ironcrown Oak,Sunspire Heights,Thriving,27.5,35.6,57.5,70.9
FX-0848,Verdant Ash,Sunspire Heights,Thriving,21.2,21.1,65.9,55.1
FX-0849,Glasszelkova,Mistfen Reach,Thriving,30.8,11.5,52.1,45.5
FX-0850,Ghostplane,Mistfen Reach,Thriving,18.6,35.7,57.7,41.9
FX-0851,Bloomspire,Mistfen Reach,Thriving,18.9,40.4,62.9,60.8
FX-0852,Whispering Linden,Sunspire Heights,Thriving,31.7,20.9,51.9,55.5
FX-0853,Thornlace,Sunspire Heights,Waning,20.3,14.7,42.6,48.8
FX-0854,Verdant Ash,Sunspire Heights,Thriving,18.5,16.2,44.1,52.3
FX-0855,Palepear,Sunspire Heights,Radiant,19.1,6.8,83.9,58.7
FX-0856,Goldfan Ginko,Hollowdeep,Thriving,25.9,16.6,62.3,64.8
FX-0857,Goldfan Ginko,Cragside,Thriving,38.3,13.6,62.7,68.3
FX-0858,Palepear,Hollowdeep,Thriving,6.4,7.9,62.2,40.3
FX-0859,Verdant Ash,Mistfen Reach,Waning,16.1,15.6,22.1,47.5
FX-0860,Ghostplane,Sunspire Heights,Radiant,20.8,38.0,85.6,53.3
FX-0861,Verdant Ash,Sunspire Heights,Thriving,22.1,16.4,52.9,57.0
FX-0862,Verdant Ash,Sunspire Heights,Thriving,19.7,18.4,56.4,58.1
FX-0863,Bloomspire,Cragside,Thriving,19.0,35.2,50.2,66.5
FX-0864,Palepear,Mistfen Reach,Waning,14.6,9.3,23.9,45.6
FX-0865,Thornlace,Hollowdeep,Thriving,12.9,13.2,52.1,41.4
FX-0866,Goldfan Ginko,Cragside,Thriving,34.5,10.2,48.4,69.7
FX-0867,Whispering Linden,Hollowdeep,Thriving,22.7,20.9,53.9,47.1
FX-0868,Ghostplane,Mistfen Reach,Radiant,18.1,41.1,85.4,41.7
FX-0869,Ghostplane,Sunspire Heights,Radiant,23.5,32.9,74.7,50.4
FX-0870,Bloomspire,Cragside,Thriving,23.1,37.0,53.6,67.7
FX-0871,Bloomspire,Mistfen Reach,Thriving,21.8,42.1,55.7,67.8
FX-0872,Whispering Linden,Sunspire Heights,Radiant,31.6,25.2,86.2,58.1
FX-0873,Ghostplane,Sunspire Heights,Thriving,21.5,33.6,42.7,51.2
FX-0874,Verdant Ash,Mistfen Reach,Thriving,15.9,23.9,57.7,46.4
FX-0875,Emberoak,Cragside,Thriving,30.7,26.2,53.3,73.5
FX-0876,Glasszelkova,Mistfen Reach,Thriving,28.9,10.7,49.5,49.7
FX-0877,Verdant Ash,Sunspire Heights,Thriving,20.9,21.5,61.6,51.3
FX-0878,Coralmaple,Cragside,Thriving,29.9,19.2,48.3,66.6
FX-0879,Palepear,Hollowdeep,Thriving,17.3,5.2,52.8,40.2
FX-0880,Ironcrown Oak,Mistfen Reach,Thriving,25.3,29.5,55.7,67.6
FX-0881,Palepear,Mistfen Reach,Waning,13.4,12.2,32.4,47.4
FX-0882,Ironcrown Oak,Mistfen Reach,Thriving,18.0,23.4,38.9,62.5
FX-0883,Thornlace,Sunspire Heights,Thriving,20.9,9.6,51.2,51.6
FX-0884,Glasszelkova,Sunspire Heights,Waning,33.7,9.7,31.3,46.7
FX-0885,Verdant Ash,Sunspire Heights,Thriving,27.0,18.0,53.9,52.6
FX-0886,Goldfan Ginko,Hollowdeep,Radiant,31.7,15.7,89.9,67.3
FX-0887,Whispering Linden,Hollowdeep,Husk,19.6,14.8,8.5,39.7
FX-0888,Ironcrown Oak,Mistfen Reach,Thriving,20.5,31.5,60.4,60.8
FX-0889,Goldfan Ginko,Mistfen Reach,Thriving,41.3,15.2,58.4,66.3
FX-0890,Glasszelkova,Sunspire Heights,Thriving,31.3,14.6,58.9,50.8
FX-0891,Goldfan Ginko,Cragside,Thriving,34.6,9.9,49.1,62.5
FX-0892,Whispering Linden,Mistfen Reach,Thriving,23.7,15.2,59.3,47.7
FX-0893,Coralmaple,Cragside,Waning,31.2,26.6,39.6,67.5
FX-0894,Glasszelkova,Sunspire Heights,Husk,32.9,8.8,8.1,56.2
FX-0895,Verdant Ash,Sunspire Heights,Waning,25.7,18.8,30.0,54.7
FX-0896,Ironcrown Oak,Hollowdeep,Thriving,16.6,30.0,58.6,62.6
FX-0897,Verdant Ash,Mistfen Reach,Radiant,15.9,20.4,82.7,46.9
FX-0898,Goldfan Ginko,Mistfen Reach,Thriving,36.9,20.1,66.7,67.0
FX-0899,Thornlace,Sunspire Heights,Thriving,18.9,15.7,63.9,51.7
FX-0900,Ghostplane,Mistfen Reach,Thriving,19.4,32.2,60.1,44.0
FX-0901,Glasszelkova,Sunspire Heights,Thriving,30.9,10.7,61.8,50.1
FX-0902,Palepear,Mistfen Reach,Radiant,9.4,10.0,74.7,44.6
FX-0903,Bloomspire,Cragside,Waning,20.4,37.2,28.9,62.7
FX-0904,Glasszelkova,Sunspire Heights,Thriving,28.3,10.2,51.5,56.6
FX-0905,Ironcrown Oak,Mistfen Reach,Waning,23.7,21.9,26.5,61.1
FX-0906,Palepear,Mistfen Reach,Thriving,13.9,8.5,55.4,45.1
FX-0907,Ironcrown Oak,Mistfen Reach,Thriving,23.8,24.3,58.4,69.4
FX-0908,Ghostplane,Sunspire Heights,Thriving,24.8,35.3,49.9,54.5
FX-0909,Glasszelkova,Sunspire Heights,Thriving,37.4,12.4,63.0,54.6
FX-0910,Goldfan Ginko,Mistfen Reach,Radiant,36.2,16.5,78.2,59.7
FX-0911,Duskmaple,Mistfen Reach,Radiant,17.8,26.1,81.7,69.3
FX-0912,Bloomspire,Cragside,Waning,23.1,35.5,34.7,72.7
FX-0913,Coralmaple,Mistfen Reach,Radiant,31.0,24.1,78.9,71.6
FX-0914,Glasszelkova,Mistfen Reach,Thriving,29.6,13.5,59.8,43.1
FX-0915,Glasszelkova,Sunspire Heights,Thriving,33.3,10.1,47.5,54.7
FX-0916,Glasszelkova,Hollowdeep,Thriving,26.6,13.1,62.1,42.6
FX-0917,Goldfan Ginko,Cragside,Thriving,38.7,17.3,58.3,63.8
FX-0918,Glasszelkova,Mistfen Reach,Waning,26.7,8.6,37.5,46.1
FX-0919,Coralmaple,Cragside,Thriving,28.3,21.2,74.7,58.9
FX-0920,Glasszelkova,Sunspire Heights,Thriving,28.1,9.7,62.1,52.7
FX-0921,Glasszelkova,Sunspire Heights,Waning,32.0,11.7,28.4,55.0
FX-0922,Verdant Ash,Mistfen Reach,Waning,21.9,16.4,20.3,40.8
FX-0923,Glasszelkova,Mistfen Reach,Thriving,23.2,8.9,60.8,45.7
FX-0924,Thornlace,Mistfen Reach,Thriving,18.3,18.6,46.2,39.1
FX-0925,Ghostplane,Sunspire Heights,Thriving,27.3,34.9,61.3,55.1
FX-0926,Emberoak,Cragside,Radiant,26.4,27.3,81.1,69.2
FX-0927,Goldfan Ginko,Mistfen Reach,Radiant,35.5,16.1,87.4,65.2
FX-0928,Glasszelkova,Hollowdeep,Radiant,24.4,15.4,84.8,46.3
FX-0929,Emberoak,Hollowdeep,Thriving,25.0,27.5,61.6,60.9
FX-0930,Glasszelkova,Sunspire Heights,Radiant,33.2,8.5,77.2,57.5
FX-0931,Ironcrown Oak,Cragside,Radiant,27.1,29.5,75.9,69.5
FX-0932,Ironcrown Oak,Mistfen Reach,Radiant,22.6,30.4,72.9,68.5
FX-0933,Palepear,Mistfen Reach,Thriving,14.0,13.4,48.9,44.1
FX-0934,Coralmaple,Cragside,Waning,32.4,25.3,31.7,63.9
FX-0935,Whispering Linden,Mistfen Reach,Radiant,26.1,16.7,74.3,43.9
FX-0936,Ghostplane,Mistfen Reach,Waning,20.7,34.9,34.2,42.9
FX-0937,Bloomspire,Mistfen Reach,Waning,19.9,34.7,25.3,63.6
FX-0938,Coralmaple,Cragside,Thriving,30.1,11.4,54.4,64.1
FX-0939,Ironcrown Oak,Mistfen Reach,Thriving,23.1,29.5,53.9,72.3
FX-0940,Bloomspire,Cragside,Radiant,28.2,37.9,80.0,71.1
FX-0941,Duskmaple,Hollowdeep,Thriving,16.1,25.6,47.9,65.5
FX-0942,Ironcrown Oak,Hollowdeep,Radiant,18.9,29.4,72.9,67.8
FX-0943,Palepear,Hollowdeep,Thriving,14.1,6.9,50.2,36.9
FX-0944,Thornlace,Sunspire Heights,Waning,21.1,11.4,32.8,49.0
FX-0945,Duskmaple,Hollowdeep,Radiant,11.7,19.5,90.5,63.2
FX-0946,Goldfan Ginko,Cragside,Thriving,39.6,14.1,43.0,69.4
FX-0947,Ghostplane,Sunspire Heights,Radiant,24.4,33.2,84.6,53.9
FX-0948,Verdant Ash,Sunspire Heights,Thriving,21.3,19.5,58.3,50.8
FX-0949,Thornlace,Sunspire Heights,Waning,19.4,14.5,23.6,46.7
FX-0950,Whispering Linden,Sunspire Heights,Waning,28.5,17.2,27.2,50.9
FX-0951,Ironcrown Oak,Mistfen Reach,Thriving,24.3,28.8,59.8,69.1
FX-0952,Bloomspire,Hollowdeep,Thriving,20.3,33.9,56.6,60.7
FX-0953,Palepear,Sunspire Heights,Waning,17.6,12.8,27.5,53.0
FX-0954,Palepear,Mistfen Reach,Husk,15.3,9.0,5.9,38.7
FX-0955,Verdant Ash,Sunspire Heights,Radiant,21.6,26.2,76.9,57.0
FX-0956,Palepear,Sunspire Heights,Waning,21.4,5.9,27.0,52.7
FX-0957,Thornlace,Mistfen Reach,Radiant,9.3,6.9,68.6,45.3
FX-0958,Coralmaple,Hollowdeep,Radiant,28.6,14.5,80.7,60.8
FX-0959,Duskmaple,Cragside,Radiant,18.7,25.2,72.4,74.5
FX-0960,Thornlace,Sunspire Heights,Radiant,24.0,13.8,85.9,52.9
FX-0961,Verdant Ash,Mistfen Reach,Thriving,13.3,18.9,52.7,41.7
FX-0962,Whispering Linden,Sunspire Heights,Thriving,32.1,16.2,53.2,55.2
FX-0963,Goldfan Ginko,Mistfen Reach,Waning,32.0,14.3,31.3,66.5
FX-0964,Glasszelkova,Sunspire Heights,Waning,33.2,12.2,26.0,52.5
FX-0965,Ironcrown Oak,Cragside,Waning,24.7,31.9,25.8,63.1
FX-0966,Bloomspire,Cragside,Radiant,19.6,26.7,74.1,74.9
FX-0967,Thornlace,Sunspire Heights,Waning,19.2,10.6,31.5,52.2
FX-0968,Glasszelkova,Sunspire Heights,Waning,33.2,8.2,35.1,54.8
FX-0969,Whispering Linden,Sunspire Heights,Thriving,25.0,17.8,51.2,54.9
FX-0970,Duskmaple,Cragside,Waning,20.9,23.0,31.0,69.7
FX-0971,Verdant Ash,Hollowdeep,Thriving,14.1,21.0,48.8,45.2
FX-0972,Whispering Linden,Cragside,Thriving,25.2,20.4,46.6,46.6
FX-0973,Emberoak,Cragside,Radiant,26.6,30.7,68.6,66.8
FX-0974,Palepear,Sunspire Heights,Waning,19.5,6.9,32.5,53.4
FX-0975,Glasszelkova,Hollowdeep,Radiant,22.2,11.7,91.8,48.8
FX-0976,Whispering Linden,Sunspire Heights,Thriving,31.9,19.5,60.0,57.1
FX-0977,Coralmaple,Cragside,Thriving,28.8,19.1,47.3,66.0
FX-0978,Ironcrown Oak,Mistfen Reach,Radiant,25.1,24.5,83.7,66.2
FX-0979,Verdant Ash,Cragside,Radiant,16.2,14.1,70.6,51.5
FX-0980,Ghostplane,Mistfen Reach,Thriving,16.0,31.1,60.6,46.1
FX-0981,Verdant Ash,Sunspire Heights,Radiant,23.7,20.4,83.8,58.4
FX-0982,Glasszelkova,Sunspire Heights,Radiant,28.4,12.6,74.7,51.9
FX-0983,Ironcrown Oak,Cragside,Thriving,25.4,30.3,58.6,62.1
FX-0984,Duskmaple,Cragside,Thriving,18.9,24.5,54.8,71.0
FX-0985,Ghostplane,Hollowdeep,Radiant,17.7,28.0,84.7,45.1
FX-0986,Palepear,Mistfen Reach,Thriving,12.0,15.0,58.5,42.2
FX-0987,Goldfan Ginko,Mistfen Reach,Thriving,32.7,17.5,43.3,72.4
FX-0988,Bloomspire,Hollowdeep,Thriving,18.6,33.4,43.4,61.6
FX-0989,Thornlace,Sunspire Heights,Radiant,21.3,17.4,81.7,54.3
FX-0990,Bloomspire,Hollowdeep,Thriving,19.2,39.7,51.1,59.4
FX-0991,Bloomspire,Cragside,Radiant,20.9,35.3,85.6,71.6
FX-0992,Ironcrown Oak,Cragside,Thriving,21.7,27.4,50.7,70.6
FX-0993,Ghostplane,Mistfen Reach,Thriving,22.5,36.5,60.4,41.0
FX-0994,Ghostplane,Mistfen Reach,Thriving,22.0,31.6,46.2,51.0
FX-0995,Ghostplane,Sunspire Heights,Waning,28.7,29.7,39.0,51.5
FX-0996,Whispering Linden,Sunspire Heights,Thriving,29.8,14.4,46.0,54.3
FX-0997,Ironcrown Oak,Sunspire Heights,Radiant,27.9,32.0,73.1,77.9
FX-0998,Verdant Ash,Sunspire Heights,Radiant,24.3,23.5,74.0,52.6
FX-0999,Ironcrown Oak,Hollowdeep,Thriving,19.9,29.5,56.0,57.3
FX-1000,Bloomspire,Mistfen Reach,Thriving,19.5,38.7,62.3,67.2
FX-1001,Ghostplane,Sunspire Heights,Radiant,26.3,33.4,89.9,54.5
FX-1002,Bloomspire,Hollowdeep,Thriving,16.8,37.4,53.7,65.9
FX-1003,Emberoak,Mistfen Reach,Waning,22.0,25.9,35.5,67.8
FX-1004,Coralmaple,Mistfen Reach,Radiant,26.9,20.3,72.2,67.3
FX-1005,Thornlace,Mistfen Reach,Radiant,15.7,17.0,92.9,49.1
FX-1006,Glasszelkova,Mistfen Reach,Thriving,26.6,10.8,47.2,46.2
FX-1007,Thornlace,Sunspire Heights,Thriving,15.4,9.8,44.3,54.1
FX-1008,Whispering Linden,Sunspire Heights,Thriving,30.6,15.2,64.3,52.3
FX-1009,Palepear,Hollowdeep,Thriving,10.6,7.1,56.5,42.1
FX-1010,Ironcrown Oak,Hollowdeep,Radiant,22.0,33.0,76.7,63.2
FX-1011,Ghostplane,Mistfen Reach,Radiant,13.1,26.8,71.7,42.2
FX-1012,Palepear,Sunspire Heights,Thriving,18.2,11.1,55.1,59.5
FX-1013,Whispering Linden,Sunspire Heights,Thriving,32.8,14.4,48.5,49.1
FX-1014,Ironcrown Oak,Mistfen Reach,Thriving,20.6,31.2,62.7,67.2
FX-1015,Goldfan Ginko,Cragside,Radiant,36.1,12.9,80.5,72.3
FX-1016,Whispering Linden,Sunspire Heights,Radiant,24.4,15.7,81.0,53.3
FX-1017,Ghostplane,Sunspire Heights,Thriving,25.3,31.4,61.7,57.9
FX-1018,Bloomspire,Mistfen Reach,Radiant,19.6,35.7,84.9,71.9
FX-1019,Thornlace,Hollowdeep,Thriving,13.7,11.4,65.8,37.9
FX-1020,Goldfan Ginko,Mistfen Reach,Thriving,32.8,13.3,44.7,60.0
FX-1021,Ironcrown Oak,Cragside,Thriving,20.9,30.8,53.6,73.7
FX-1022,Palepear,Mistfen Reach,Thriving,11.7,11.8,51.2,45.2
FX-1023,Ironcrown Oak,Sunspire Heights,Thriving,26.9,30.4,71.3,74.1
FX-1024,Ironcrown Oak,Cragside,Thriving,21.6,30.0,57.5,66.0
FX-1025,Whispering Linden,Sunspire Heights,Waning,28.3,9.1,40.1,54.2
FX-1026,Verdant Ash,Sunspire Heights,Thriving,23.5,15.4,56.5,52.6
FX-1027,Bloomspire,Cragside,Radiant,21.4,38.3,86.2,70.3
FX-1028,Emberoak,Mistfen Reach,Thriving,30.1,27.5,53.0,63.7
FX-1029,Ghostplane,Mistfen Reach,Thriving,16.8,29.8,54.7,42.4
FX-1030,Goldfan Ginko,Cragside,Radiant,34.6,12.8,72.8,77.0
FX-1031,Whispering Linden,Hollowdeep,Thriving,22.4,21.6,51.6,48.9
FX-1032,Palepear,Hollowdeep,Thriving,16.8,8.2,52.1,43.4
FX-1033,Palepear,Sunspire Heights,Thriving,22.7,8.1,60.8,51.5
FX-1034,Glasszelkova,Hollowdeep,Radiant,26.8,10.4,74.6,37.6
FX-1035,Goldfan Ginko,Cragside,Waning,32.1,13.6,19.0,66.0
FX-1036,Coralmaple,Mistfen Reach,Radiant,28.7,24.5,74.3,70.8
FX-1037,Bloomspire,Mistfen Reach,Thriving,22.5,33.8,51.0,68.4
FX-1038,Glasszelkova,Sunspire Heights,Thriving,33.6,9.8,57.6,56.2
FX-1039,Whispering Linden,Sunspire Heights,Thriving,29.8,18.5,56.1,51.3
FX-1040,Bloomspire,Cragside,Thriving,16.2,35.8,55.4,63.7
FX-1041,Ghostplane,Mistfen Reach,Thriving,17.4,32.4,49.3,49.0
FX-1042,Ironcrown Oak,Hollowdeep,Thriving,21.7,35.6,56.8,65.3
FX-1043,Thornlace,Mistfen Reach,Thriving,11.1,19.2,59.5,43.1
FX-1044,Verdant Ash,Hollowdeep,Waning,15.9,19.4,36.6,42.9
FX-1045,Ironcrown Oak,Mistfen Reach,Thriving,23.9,29.7,53.1,62.8
FX-1046,Ghostplane,Mistfen Reach,Radiant,18.8,30.8,78.8,52.2
FX-1047,Ghostplane,Sunspire Heights,Thriving,24.5,40.7,49.7,56.9
FX-1048,Ghostplane,Sunspire Heights,Radiant,26.1,33.3,77.8,62.0
FX-1049,Palepear,Hollowdeep,Thriving,7.5,8.5,59.8,42.3
FX-1050,Duskmaple,Sunspire Heights,Thriving,26.6,24.8,45.3,74.9
FX-1051,Duskmaple,Cragside,Thriving,21.4,17.8,59.8,72.7
FX-1052,Ironcrown Oak,Mistfen Reach,Radiant,24.4,30.0,79.9,67.6
FX-1053,Glasszelkova,Sunspire Heights,Waning,31.5,9.1,33.8,51.8
FX-1054,Ghostplane,Mistfen Reach,Thriving,20.5,33.2,56.9,43.5
FX-1055,Verdant Ash,Sunspire Heights,Waning,24.4,23.2,23.8,55.7
FX-1056,Palepear,Hollowdeep,Thriving,13.1,7.0,42.7,42.3
FX-1057,Verdant Ash,Sunspire Heights,Radiant,22.6,15.1,79.0,57.8
FX-1058,Glasszelkova,Cragside,Thriving,28.8,9.7,60.0,46.3
FX-1059,Verdant Ash,Cragside,Thriving,13.9,19.2,58.2,53.2
FX-1060,Glasszelkova,Sunspire Heights,Radiant,33.8,13.7,74.9,56.6
FX-1061,Duskmaple,Mistfen Reach,Waning,17.1,21.1,34.9,64.2
FX-1062,Glasszelkova,Sunspire Heights,Radiant,32.5,8.4,80.0,54.4
FX-1063,Goldfan Ginko,Mistfen Reach,Thriving,31.6,19.6,60.1,60.6
FX-1064,Emberoak,Cragside,Waning,25.6,23.4,23.3,63.1
FX-1065,Whispering Linden,Mistfen Reach,Thriving,23.5,20.7,60.2,44.4
FX-1066,Glasszelkova,Mistfen Reach,Radiant,29.0,13.7,90.7,48.3
FX-1067,Whispering Linden,Mistfen Reach,Thriving,23.7,19.1,45.3,46.1
FX-1068,Ghostplane,Hollowdeep,Thriving,16.9,31.0,69.9,38.0
FX-1069,Thornlace,Sunspire Heights,Thriving,17.3,11.0,58.7,51.1
FX-1070,Thornlace,Mistfen Reach,Radiant,12.7,10.5,69.7,46.8
FX-1071,Bloomspire,Mistfen Reach,Thriving,25.7,34.4,56.1,65.0
FX-1072,Glasszelkova,Sunspire Heights,Thriving,32.7,12.2,47.4,54.8
FX-1073,Ghostplane,Sunspire Heights,Thriving,21.7,32.4,54.6,54.2
FX-1074,Emberoak,Mistfen Reach,Radiant,30.7,24.6,88.6,70.1
FX-1075,Coralmaple,Cragside,Thriving,34.6,24.1,48.5,65.0
FX-1076,Verdant Ash,Mistfen Reach,Thriving,12.4,23.5,60.9,50.7
FX-1077,Glasszelkova,Sunspire Heights,Waning,34.8,9.7,23.7,57.8
FX-1078,Whispering Linden,Sunspire Heights,Waning,38.0,18.3,32.7,52.6
FX-1079,Ironcrown Oak,Cragside,Thriving,24.5,33.2,50.8,67.2
FX-1080,Thornlace,Cragside,Radiant,15.4,12.9,78.5,46.9
FX-1081,Glasszelkova,Sunspire Heights,Radiant,35.1,11.1,70.3,58.5
FX-1082,Thornlace,Sunspire Heights,Radiant,22.9,8.7,79.0,52.3
FX-1083,Emberoak,Mistfen Reach,Thriving,33.4,24.8,53.6,68.6
FX-1084,Glasszelkova,Sunspire Heights,Thriving,35.4,12.8,62.3,55.5
FX-1085,Bloomspire,Hollowdeep,Thriving,23.1,37.8,45.0,57.0
FX-1086,Thornlace,Sunspire Heights,Thriving,19.9,15.2,55.0,49.2
FX-1087,Thornlace,Mistfen Reach,Thriving,15.5,12.3,47.6,47.8
FX-1088,Verdant Ash,Sunspire Heights,Thriving,22.2,18.5,42.9,52.1
FX-1089,Ironcrown Oak,Sunspire Heights,Thriving,29.1,29.9,66.8,69.4
FX-1090,Duskmaple,Mistfen Reach,Thriving,18.3,25.3,55.5,67.5
FX-1091,Goldfan Ginko,Mistfen Reach,Thriving,31.2,17.4,45.3,63.9
FX-1092,Glasszelkova,Sunspire Heights,Radiant,28.9,11.1,76.9,63.1
FX-1093,Emberoak,Sunspire Heights,Thriving,33.7,28.0,64.1,71.9
FX-1094,Thornlace,Sunspire Heights,Thriving,19.8,12.8,53.1,52.9
FX-1095,Goldfan Ginko,Mistfen Reach,Thriving,37.0,18.7,44.4,65.8
FX-1096,Duskmaple,Mistfen Reach,Thriving,20.7,24.6,62.0,66.5
FX-1097,Whispering Linden,Mistfen Reach,Husk,22.9,12.5,5.0,39.3
FX-1098,Whispering Linden,Sunspire Heights,Radiant,28.4,15.5,92.3,55.5
FX-1099,Coralmaple,Sunspire Heights,Thriving,34.6,20.8,55.9,77.4
FX-1100,Palepear,Mistfen Reach,Thriving,13.5,13.0,57.8,49.0
FX-1101,Coralmaple,Cragside,Waning,31.5,25.4,28.3,66.3
FX-1102,Bloomspire,Mistfen Reach,Waning,23.2,36.4,28.8,62.3
FX-1103,Palepear,Sunspire Heights,Thriving,16.0,10.9,49.9,53.2
FX-1104,Ironcrown Oak,Mistfen Reach,Thriving,27.5,28.3,51.2,65.8
FX-1105,Emberoak,Cragside,Waning,25.9,26.0,25.2,66.4
FX-1106,Coralmaple,Mistfen Reach,Thriving,25.8,16.7,53.9,69.8
FX-1107,Palepear,Mistfen Reach,Radiant,13.8,4.8,87.1,43.4
FX-1108,Emberoak,Hollowdeep,Radiant,27.6,24.8,73.7,61.4
FX-1109,Emberoak,Mistfen Reach,Thriving,28.3,29.7,50.5,62.9
FX-1110,Whispering Linden,Sunspire Heights,Thriving,29.8,21.5,56.4,54.1
FX-1111,Emberoak,Sunspire Heights,Radiant,34.6,28.2,71.4,79.0
FX-1112,Verdant Ash,Hollowdeep,Radiant,10.4,20.6,70.3,43.0
FX-1113,Verdant Ash,Sunspire Heights,Radiant,19.8,18.7,70.1,62.3
FX-1114,Emberoak,Mistfen Reach,Radiant,28.2,26.6,86.0,65.1
FX-1115,Ironcrown Oak,Mistfen Reach,Thriving,23.4,30.1,51.2,69.8
FX-1116,Glasszelkova,Mistfen Reach,Radiant,26.0,12.7,79.8,39.8
FX-1117,Thornlace,Sunspire Heights,Radiant,21.2,14.0,65.4,53.8
FX-1118,Palepear,Sunspire Heights,Waning,16.1,9.3,21.1,51.1
FX-1119,Ghostplane,Sunspire Heights,Thriving,28.4,36.2,61.7,53.8
FX-1120,Glasszelkova,Sunspire Heights,Thriving,31.8,15.9,51.9,55.2
FX-1121,Emberoak,Cragside,Waning,27.1,33.0,21.3,73.2
FX-1122,Emberoak,Hollowdeep,Waning,22.6,26.2,24.7,62.0
FX-1123,Ghostplane,Mistfen Reach,Radiant,19.5,36.0,82.3,46.0
FX-1124,Palepear,Mistfen Reach,Radiant,11.5,10.5,88.4,44.2
FX-1125,Duskmaple,Hollowdeep,Thriving,13.8,23.8,53.5,61.9
FX-1126,Palepear,Mistfen Reach,Thriving,13.0,10.7,50.6,45.7
FX-1127,Ghostplane,Sunspire Heights,Radiant,24.8,31.8,78.8,60.3
FX-1128,Thornlace,Mistfen Reach,Radiant,15.1,9.8,79.4,44.8
FX-1129,Bloomspire,Hollowdeep,Waning,17.2,31.7,22.8,58.1
FX-1130,Bloomspire,Hollowdeep,Thriving,18.7,32.8,46.3,59.7
FX-1131,Duskmaple,Mistfen Reach,Radiant,16.6,29.0,94.4,71.1
FX-1132,Whispering Linden,Sunspire Heights,Thriving,30.4,15.5,60.0,54.3
FX-1133,Whispering Linden,Sunspire Heights,Waning,30.9,16.2,25.3,54.5
FX-1134,Coralmaple,Cragside,Radiant,27.6,21.0,69.1,70.2
FX-1135,Thornlace,Sunspire Heights,Radiant,23.3,13.8,77.7,55.9
FX-1136,Bloomspire,Cragside,Thriving,27.4,37.8,52.6,68.0
FX-1137,Bloomspire,Mistfen Reach,Thriving,16.3,34.7,59.3,63.3
FX-1138,Thornlace,Sunspire Heights,Thriving,21.9,14.1,54.6,52.3
FX-1139,Palepear,Sunspire Heights,Thriving,17.0,15.2,50.1,53.5
FX-1140,Thornlace,Sunspire Heights,Husk,22.2,15.0,2.4,56.6
FX-1141,Palepear,Hollowdeep,Radiant,14.0,10.9,90.8,42.5
FX-1142,Ghostplane,Sunspire Heights,Thriving,23.2,29.7,52.6,55.4
FX-1143,Coralmaple,Cragside,Radiant,29.7,21.1,81.5,71.5
FX-1144,Thornlace,Sunspire Heights,Waning,23.7,17.0,32.7,53.5
FX-1145,Ironcrown Oak,Cragside,Thriving,24.6,28.9,51.2,64.5
FX-1146,Coralmaple,Cragside,Thriving,30.9,21.7,48.2,64.6
FX-1147,Whispering Linden,Sunspire Heights,Radiant,24.5,14.5,79.1,58.4
FX-1148,Palepear,Sunspire Heights,Radiant,22.8,10.0,72.0,57.7
FX-1149,Duskmaple,Cragside,Thriving,16.3,24.8,62.6,69.5
FX-1150,Glasszelkova,Mistfen Reach,Thriving,27.2,11.2,45.4,45.5
FX-1151,Thornlace,Sunspire Heights,Thriving,16.0,17.0,37.6,56.6
FX-1152,Goldfan Ginko,Mistfen Reach,Waning,35.8,17.7,30.2,63.2
FX-1153,Coralmaple,Sunspire Heights,Thriving,31.1,25.3,62.9,69.6
FX-1154,Whispering Linden,Hollowdeep,Thriving,26.4,10.8,53.8,45.4
FX-1155,Glasszelkova,Sunspire Heights,Thriving,34.1,14.0,50.3,54.0
FX-1156,Goldfan Ginko,Cragside,Thriving,34.3,18.6,58.5,63.3
FX-1157,Palepear,Sunspire Heights,Thriving,15.5,12.1,47.7,53.5
FX-1158,Ironcrown Oak,Cragside,Thriving,25.7,35.2,68.1,68.6
FX-1159,Goldfan Ginko,Mistfen Reach,Thriving,27.7,11.8,52.3,63.6
FX-1160,Bloomspire,Cragside,Thriving,22.6,33.4,55.1,66.1
FX-1161,Ghostplane,Sunspire Heights,Radiant,23.6,33.9,86.7,54.7
FX-1162,Bloomspire,Cragside,Thriving,20.2,33.4,51.4,66.6
FX-1163,Duskmaple,Mistfen Reach,Radiant,19.8,24.5,76.7,67.9
FX-1164,Coralmaple,Cragside,Waning,29.5,22.1,31.3,69.9
FX-1165,Ghostplane,Sunspire Heights,Radiant,20.1,38.4,78.8,52.4
FX-1166,Emberoak,Mistfen Reach,Thriving,33.1,23.2,55.1,60.9
FX-1167,Ghostplane,Sunspire Heights,Thriving,27.0,30.8,57.0,50.0
FX-1168,Glasszelkova,Mistfen Reach,Radiant,29.0,14.3,73.3,49.0
FX-1169,Palepear,Sunspire Heights,Thriving,18.6,10.1,49.8,53.8
FX-1170,Palepear,Sunspire Heights,Radiant,13.3,7.5,75.2,60.4
FX-1171,Thornlace,Hollowdeep,Thriving,13.1,17.0,61.5,46.1
FX-1172,Palepear,Sunspire Heights,Thriving,17.4,13.4,55.7,58.9
FX-1173,Ironcrown Oak,Mistfen Reach,Thriving,28.1,27.7,49.7,67.4
FX-1174,Goldfan Ginko,Hollowdeep,Waning,32.6,17.9,34.6,66.5
FX-1175,Coralmaple,Mistfen Reach,Thriving,28.6,17.2,53.1,60.0
FX-1176,Emberoak,Mistfen Reach,Thriving,25.7,30.4,62.1,68.2
FX-1177,Duskmaple,Cragside,Thriving,20.6,28.9,50.4,70.0
FX-1178,Verdant Ash,Hollowdeep,Waning,17.6,20.8,39.5,42.8
FX-1179,Verdant Ash,Sunspire Heights,Thriving,18.8,18.3,46.9,52.5
FX-1180,Duskmaple,Mistfen Reach,Thriving,16.6,20.1,48.9,64.7
FX-1181,Verdant Ash,Sunspire Heights,Thriving,19.6,19.6,52.8,49.8
FX-1182,Thornlace,Sunspire Heights,Radiant,22.8,10.3,80.6,58.8
FX-1183,Palepear,Mistfen Reach,Thriving,15.0,8.9,58.0,43.0
FX-1184,Coralmaple,Mistfen Reach,Waning,35.3,18.1,34.3,63.1
FX-1185,Goldfan Ginko,Mistfen Reach,Thriving,32.9,9.5,56.8,60.6
FX-1186,Bloomspire,Mistfen Reach,Thriving,24.1,37.4,50.8,62.7
FX-1187,Glasszelkova,Mistfen Reach,Waning,29.0,17.8,22.0,38.3
FX-1188,Thornlace,Sunspire Heights,Thriving,19.6,12.6,53.5,52.4
FX-1189,Glasszelkova,Mistfen Reach,Thriving,26.9,7.6,37.3,45.3
FX-1190,Duskmaple,Sunspire Heights,Thriving,18.2,22.3,48.2,75.3
FX-1191,Thornlace,Hollowdeep,Thriving,14.4,5.3,72.0,38.5
FX-1192,Duskmaple,Cragside,Thriving,20.7,17.6,59.1,65.3
FX-1193,Palepear,Sunspire Heights,Radiant,19.2,13.6,80.7,57.5
FX-1194,Thornlace,Cragside,Radiant,16.7,13.7,82.6,48.3
FX-1195,Whispering Linden,Mistfen Reach,Radiant,24.1,20.1,89.2,47.2
FX-1196,Duskmaple,Mistfen Reach,Thriving,21.0,22.3,54.5,71.1
FX-1197,Verdant Ash,Hollowdeep,Thriving,16.8,16.6,47.1,43.1
FX-1198,Ghostplane,Sunspire Heights,Thriving,23.6,37.5,52.6,51.9
FX-1199,Coralmaple,Mistfen Reach,Thriving,24.7,24.0,67.8,64.5
FX-1200,Verdant Ash,Hollowdeep,Waning,10.0,16.2,42.2,45.0
FX-1201,Ironcrown Oak,Mistfen Reach,Thriving,21.8,26.8,49.5,70.0
FX-1202,Verdant Ash,Mistfen Reach,Husk,18.3,15.9,1.3,38.4
FX-1203,Goldfan Ginko,Cragside,Thriving,37.3,9.4,57.2,70.3
FX-1204,Ironcrown Oak,Sunspire Heights,Thriving,27.2,30.4,62.1,71.8
FX-1205,Coralmaple,Mistfen Reach,Thriving,33.9,25.9,59.0,60.5
FX-1206,Thornlace,Mistfen Reach,Thriving,16.1,11.8,51.2,42.3
FX-1207,Palepear,Sunspire Heights,Radiant,23.7,7.7,67.2,60.4
FX-1208,Duskmaple,Sunspire Heights,Radiant,31.0,20.8,81.5,79.8
FX-1209,Duskmaple,Mistfen Reach,Waning,18.0,27.1,29.4,62.9
FX-1210,Palepear,Sunspire Heights,Radiant,19.7,4.3,82.3,59.2
FX-1211,Whispering Linden,Mistfen Reach,Thriving,22.3,20.3,47.4,42.2
FX-1212,Duskmaple,Cragside,Thriving,24.4,24.0,54.9,69.2
FX-1213,Palepear,Sunspire Heights,Thriving,17.6,8.6,54.6,56.1
FX-1214,Duskmaple,Hollowdeep,Radiant,15.9,20.0,77.2,69.6
FX-1215,Ironcrown Oak,Cragside,Radiant,24.6,29.9,88.2,72.6
FX-1216,Whispering Linden,Sunspire Heights,Thriving,29.7,17.1,55.4,53.6
FX-1217,Glasszelkova,Mistfen Reach,Thriving,26.0,13.9,64.7,43.0
FX-1218,Ghostplane,Sunspire Heights,Waning,18.8,30.1,37.8,49.7
FX-1219,Glasszelkova,Sunspire Heights,Radiant,34.9,6.5,73.4,65.6
FX-1220,Whispering Linden,Mistfen Reach,Thriving,25.7,18.4,49.5,47.0
FX-1221,Verdant Ash,Sunspire Heights,Thriving,24.4,19.2,43.5,53.7
FX-1222,Palepear,Mistfen Reach,Thriving,8.5,10.4,55.0,41.3
FX-1223,Duskmaple,Cragside,Radiant,16.2,21.3,75.5,69.2
FX-1224,Emberoak,Cragside,Waning,27.1,26.8,33.0,66.0
FX-1225,Verdant Ash,Sunspire Heights,Waning,22.0,17.6,40.3,50.8
FX-1226,Emberoak,Mistfen Reach,Thriving,26.0,28.3,55.7,68.5
FX-1227,Thornlace,Mistfen Reach,Thriving,16.6,16.4,61.9,47.8
FX-1228,Thornlace,Mistfen Reach,Thriving,13.0,15.7,63.3,43.8
FX-1229,Goldfan Ginko,Cragside,Thriving,32.1,16.6,57.8,76.2
FX-1230,Goldfan Ginko,Mistfen Reach,Radiant,31.2,18.1,76.9,64.1
FX-1231,Goldfan Ginko,Cragside,Husk,33.0,10.2,1.3,61.8
FX-1232,Palepear,Mistfen Reach,Waning,14.1,3.8,35.6,43.2
FX-1233,Verdant Ash,Sunspire Heights,Thriving,24.2,20.7,44.8,52.1
FX-1234,Coralmaple,Mistfen Reach,Thriving,29.8,12.7,53.4,60.3
FX-1235,Duskmaple,Mistfen Reach,Thriving,13.5,25.8,61.4,65.4
FX-1236,Coralmaple,Hollowdeep,Waning,24.4,21.3,18.3,65.9
FX-1237,Duskmaple,Mistfen Reach,Thriving,18.5,21.6,61.6,64.7
FX-1238,Ghostplane,Sunspire Heights,Thriving,23.0,29.8,51.9,58.5
FX-1239,Emberoak,Mistfen Reach,Radiant,24.6,26.8,69.3,67.5
FX-1240,Ghostplane,Mistfen Reach,Thriving,17.3,32.7,52.8,49.9
FX-1241,Whispering Linden,Mistfen Reach,Waning,26.5,15.2,26.6,45.1
FX-1242,Ironcrown Oak,Mistfen Reach,Waning,23.9,23.7,28.9,65.6
FX-1243,Emberoak,Hollowdeep,Waning,23.5,22.8,23.9,61.6
FX-1244,Palepear,Sunspire Heights,Radiant,18.7,12.7,77.5,54.2
FX-1245,Whispering Linden,Mistfen Reach,Thriving,25.5,14.5,48.1,46.9
FX-1246,Whispering Linden,Sunspire Heights,Radiant,35.4,17.0,73.2,57.5
FX-1247,Emberoak,Cragside,Thriving,24.6,27.4,59.1,69.6
FX-1248,Whispering Linden,Mistfen Reach,Thriving,24.4,23.0,51.6,41.1
FX-1249,Ghostplane,Hollowdeep,Thriving,17.8,33.0,51.2,41.1
FX-1250,Palepear,Sunspire Heights,Waning,18.3,8.9,26.2,59.4
FX-1251,Goldfan Ginko,Cragside,Waning,30.8,14.3,19.0,68.2
FX-1252,Ghostplane,Sunspire Heights,Radiant,28.7,36.6,83.1,54.8
FX-1253,Bloomspire,Cragside,Radiant,21.1,34.5,75.0,64.0
FX-1254,Whispering Linden,Mistfen Reach,Thriving,24.9,16.1,56.6,40.3
FX-1255,Palepear,Sunspire Heights,Thriving,16.6,10.8,51.4,50.5
FX-1256,Ghostplane,Sunspire Heights,Radiant,24.6,35.7,74.6,55.0
FX-1257,Glasszelkova,Sunspire Heights,Radiant,29.7,9.0,85.3,59.3
FX-1258,Duskmaple,Mistfen Reach,Radiant,14.5,30.3,80.5,67.6
FX-1259,Whispering Linden,Sunspire Heights,Radiant,26.8,15.6,81.0,57.6
FX-1260,Thornlace,Sunspire Heights,Husk,18.6,9.7,0.8,53.3
FX-1261,Ironcrown Oak,Cragside,Thriving,20.7,22.4,44.8,63.5
FX-1262,Thornlace,Sunspire Heights,Thriving,23.0,11.2,58.1,54.6
FX-1263,Thornlace,Sunspire Heights,Radiant,25.5,11.0,74.4,53.2
FX-1264,Coralmaple,Hollowdeep,Waning,28.6,22.5,18.8,59.4
FX-1265,Coralmaple,Hollowdeep,Thriving,28.8,24.8,47.5,57.2
FX-1266,Goldfan Ginko,Mistfen Reach,Radiant,33.0,13.1,84.4,68.1
FX-1267,Verdant Ash,Sunspire Heights,Thriving,19.2,14.9,49.3,55.3
FX-1268,Duskmaple,Mistfen Reach,Thriving,19.1,25.5,52.6,62.8
FX-1269,Goldfan Ginko,Cragside,Thriving,32.4,14.8,52.2,68.5
FX-1270,Palepear,Hollowdeep,Radiant,10.6,7.7,83.1,41.5
FX-1271,Duskmaple,Mistfen Reach,Thriving,19.5,29.1,56.6,63.7
FX-1272,Whispering Linden,Sunspire Heights,Radiant,28.1,12.3,79.6,58.5
FX-1273,Duskmaple,Cragside,Thriving,20.7,21.5,54.7,68.6
FX-1274,Emberoak,Mistfen Reach,Waning,27.3,29.0,25.6,63.9
FX-1275,Verdant Ash,Mistfen Reach,Thriving,15.9,19.3,53.7,41.3
FX-1276,Duskmaple,Sunspire Heights,Waning,24.1,26.4,29.0,76.2
FX-1277,Thornlace,Sunspire Heights,Thriving,20.2,15.8,61.9,53.9
FX-1278,Glasszelkova,Sunspire Heights,Radiant,35.8,10.7,86.1,54.2
FX-1279,Coralmaple,Hollowdeep,Radiant,27.6,15.7,85.1,67.6
FX-1280,Ironcrown Oak,Mistfen Reach,Thriving,23.3,32.4,52.9,70.8
FX-1281,Whispering Linden,Sunspire Heights,Thriving,32.5,14.4,59.6,56.1
FX-1282,Bloomspire,Mistfen Reach,Thriving,21.2,40.0,44.9,65.2
FX-1283,Ironcrown Oak,Cragside,Thriving,27.3,26.0,60.2,75.0
FX-1284,Glasszelkova,Mistfen Reach,Waning,28.5,10.2,28.1,43.0
FX-1285,Palepear,Hollowdeep,Radiant,12.4,5.7,79.7,41.8
FX-1286,Ironcrown Oak,Hollowdeep,Husk,18.4,30.4,15.7,59.6
FX-1287,Thornlace,Mistfen Reach,Thriving,12.9,13.3,46.0,42.2
FX-1288,Ironcrown Oak,Mistfen Reach,Husk,27.8,32.7,8.6,61.3
FX-1289,Bloomspire,Cragside,Radiant,22.4,37.3,70.7,74.0
FX-1290,Coralmaple,Cragside,Thriving,34.5,20.7,59.7,63.5
FX-1291,Bloomspire,Cragside,Thriving,20.6,39.1,57.3,69.7
FX-1292,Duskmaple,Cragside,Radiant,22.3,25.5,87.4,69.9
FX-1293,Thornlace,Mistfen Reach,Waning,11.1,12.9,36.3,44.3
FX-1294,Bloomspire,Cragside,Radiant,21.6,38.1,85.9,69.2
FX-1295,Emberoak,Mistfen Reach,Radiant,27.5,28.6,70.4,63.7
FX-1296,Coralmaple,Mistfen Reach,Thriving,30.2,17.3,62.2,65.5
FX-1297,Verdant Ash,Mistfen Reach,Thriving,17.5,19.4,49.4,44.6
FX-1298,Glasszelkova,Mistfen Reach,Radiant,27.8,13.2,80.9,48.8
FX-1299,Thornlace,Sunspire Heights,Thriving,17.3,18.0,51.0,54.8
FX-1300,Thornlace,Sunspire Heights,Thriving,18.6,16.2,59.0,53.8
FX-1301,Ghostplane,Mistfen Reach,Waning,14.4,31.9,35.1,43.6
FX-1302,Goldfan Ginko,Sunspire Heights,Thriving,35.9,10.0,57.8,76.9
FX-1303,Thornlace,Hollowdeep,Thriving,13.5,16.6,67.2,44.9
FX-1304,Emberoak,Hollowdeep,Thriving,21.9,28.2,42.3,64.5
FX-1305,Bloomspire,Cragside,Thriving,25.3,38.6,60.5,73.5
FX-1306,Bloomspire,Mistfen Reach,Radiant,21.3,33.5,85.6,65.8
FX-1307,Verdant Ash,Hollowdeep,Radiant,14.6,25.5,91.7,40.1
FX-1308,Thornlace,Mistfen Reach,Thriving,14.6,10.8,51.5,47.7
FX-1309,Thornlace,Mistfen Reach,Radiant,15.5,15.3,81.5,50.1
FX-1310,Goldfan Ginko,Cragside,Thriving,39.1,17.5,50.2,65.6
FX-1311,Emberoak,Mistfen Reach,Thriving,28.9,31.2,50.8,61.4
FX-1312,Bloomspire,Cragside,Thriving,24.5,33.3,58.9,64.5
FX-1313,Ironcrown Oak,Mistfen Reach,Radiant,25.1,29.2,75.2,71.3
FX-1314,Palepear,Sunspire Heights,Radiant,14.1,11.1,88.4,59.5
FX-1315,Duskmaple,Hollowdeep,Thriving,17.4,24.7,53.6,52.7
FX-1316,Verdant Ash,Hollowdeep,Thriving,18.0,23.1,45.8,43.3
FX-1317,Emberoak,Hollowdeep,Thriving,25.5,25.1,53.7,62.8
FX-1318,Thornlace,Sunspire Heights,Thriving,22.3,12.1,41.6,55.5
FX-1319,Duskmaple,Sunspire Heights,Radiant,21.3,25.9,86.2,74.1
FX-1320,Thornlace,Mistfen Reach,Radiant,16.3,13.8,80.0,48.0
FX-1321,Goldfan Ginko,Sunspire Heights,Waning,41.6,10.8,29.7,71.0
FX-1322,Emberoak,Mistfen Reach,Thriving,26.1,23.8,49.9,66.4
FX-1323,Emberoak,Cragside,Husk,27.4,25.2,2.9,68.8
FX-1324,Verdant Ash,Sunspire Heights,Thriving,25.6,17.9,52.7,57.7
FX-1325,Thornlace,Mistfen Reach,Radiant,17.9,12.7,73.5,52.7
FX-1326,Emberoak,Mistfen Reach,Thriving,30.2,17.0,56.5,63.1
FX-1327,Verdant Ash,Mistfen Reach,Thriving,20.9,16.8,53.8,40.5
FX-1328,Coralmaple,Cragside,Thriving,30.3,21.4,59.4,67.7
FX-1329,Palepear,Mistfen Reach,Thriving,12.1,6.8,47.7,43.7
FX-1330,Ironcrown Oak,Cragside,Radiant,26.9,33.8,76.1,68.6
FX-1331,Thornlace,Mistfen Reach,Radiant,17.1,19.1,77.2,43.6
FX-1332,Palepear,Mistfen Reach,Waning,8.1,6.3,33.6,42.4
FX-1333,Ghostplane,Mistfen Reach,Waning,20.8,33.7,29.9,47.6
FX-1334,Whispering Linden,Sunspire Heights,Thriving,30.7,18.6,42.5,53.2
FX-1335,Bloomspire,Cragside,Thriving,20.0,36.8,55.8,68.1
FX-1336,Bloomspire,Hollowdeep,Waning,21.8,31.2,22.4,57.3
FX-1337,Whispering Linden,Sunspire Heights,Thriving,27.9,14.3,50.6,52.9
FX-1338,Ghostplane,Mistfen Reach,Waning,18.6,29.2,26.4,44.6
FX-1339,Thornlace,Hollowdeep,Thriving,12.3,16.0,60.8,40.7
FX-1340,Verdant Ash,Mistfen Reach,Thriving,16.9,16.8,56.5,45.6
FX-1341,Glasszelkova,Sunspire Heights,Thriving,31.6,11.1,55.6,52.7
FX-1342,Ghostplane,Hollowdeep,Radiant,12.9,34.1,81.6,40.3
FX-1343,Thornlace,Sunspire Heights,Waning,21.0,13.7,22.1,53.9
FX-1344,Thornlace,Mistfen Reach,Thriving,17.4,18.2,56.4,40.3
FX-1345,Whispering Linden,Sunspire Heights,Thriving,29.8,15.4,60.0,55.1
FX-1346,Goldfan Ginko,Mistfen Reach,Thriving,34.1,19.1,53.9,65.0
FX-1347,Ironcrown Oak,Mistfen Reach,Thriving,26.6,29.8,60.2,64.6
FX-1348,Ironcrown Oak,Mistfen Reach,Thriving,22.1,31.6,47.4,64.3
FX-1349,Ghostplane,Sunspire Heights,Waning,24.0,32.8,25.7,54.8
FX-1350,Whispering Linden,Sunspire Heights,Radiant,30.5,17.9,82.0,58.1
FX-1351,Coralmaple,Cragside,Radiant,33.5,21.0,81.8,74.1
FX-1352,Goldfan Ginko,Cragside,Radiant,32.6,12.2,88.0,74.4
FX-1353,Glasszelkova,Mistfen Reach,Thriving,26.4,8.4,59.1,44.6
FX-1354,Thornlace,Sunspire Heights,Thriving,23.3,9.3,57.6,49.6
FX-1355,Verdant Ash,Sunspire Heights,Thriving,22.8,18.0,53.9,53.8
FX-1356,Thornlace,Hollowdeep,Thriving,14.0,14.2,55.5,42.9
FX-1357,Glasszelkova,Sunspire Heights,Thriving,31.5,9.4,49.7,55.7
FX-1358,Palepear,Hollowdeep,Radiant,12.8,11.6,95.5,45.3
FX-1359,Bloomspire,Mistfen Reach,Radiant,21.6,38.2,83.5,62.1
FX-1360,Bloomspire,Hollowdeep,Thriving,16.5,35.7,53.9,60.9
FX-1361,Ironcrown Oak,Cragside,Radiant,25.0,32.6,79.8,69.4
FX-1362,Whispering Linden,Mistfen Reach,Husk,25.3,19.7,5.3,42.6
FX-1363,Emberoak,Mistfen Reach,Thriving,28.7,28.7,46.4,69.7
FX-1364,Glasszelkova,Sunspire Heights,Thriving,33.4,10.4,54.8,56.2
FX-1365,Goldfan Ginko,Mistfen Reach,Thriving,34.4,14.9,51.5,66.0
FX-1366,Thornlace,Mistfen Reach,Thriving,15.2,14.4,55.5,48.7
FX-1367,Thornlace,Hollowdeep,Husk,13.4,11.8,8.9,39.7
FX-1368,Whispering Linden,Mistfen Reach,Radiant,27.3,13.5,79.2,50.5
FX-1369,Thornlace,Sunspire Heights,Waning,21.3,15.2,34.9,52.8
FX-1370,Ironcrown Oak,Cragside,Thriving,25.5,29.3,57.1,69.7
FX-1371,Emberoak,Cragside,Radiant,28.9,27.1,85.2,70.2
FX-1372,Verdant Ash,Mistfen Reach,Thriving,14.7,16.5,54.4,46.8
FX-1373,Verdant Ash,Sunspire Heights,Waning,24.7,19.4,35.2,56.2
FX-1374,Ghostplane,Mistfen Reach,Thriving,15.2,39.0,52.6,42.5
FX-1375,Glasszelkova,Sunspire Heights,Thriving,33.5,12.8,48.3,54.4
FX-1376,Ghostplane,Sunspire Heights,Radiant,20.7,30.7,77.3,48.5
FX-1377,Palepear,Sunspire Heights,Radiant,19.7,14.0,77.0,49.4
FX-1378,Palepear,Sunspire Heights,Waning,17.0,6.0,27.0,52.8
FX-1379,Verdant Ash,Mistfen Reach,Thriving,17.7,15.9,61.9,46.8
FX-1380,Whispering Linden,Sunspire Heights,Thriving,30.7,20.0,46.0,51.3
FX-1381,Ironcrown Oak,Cragside,Radiant,27.8,29.2,80.1,68.3
FX-1382,Glasszelkova,Sunspire Heights,Thriving,31.8,15.6,50.2,59.1
FX-1383,Palepear,Sunspire Heights,Thriving,20.1,10.5,63.6,57.9
FX-1384,Coralmaple,Cragside,Thriving,29.3,23.9,52.0,66.2
FX-1385,Bloomspire,Mistfen Reach,Radiant,14.6,35.8,88.6,69.5
FX-1386,Emberoak,Cragside,Thriving,28.1,22.0,57.3,68.9
FX-1387,Goldfan Ginko,Cragside,Thriving,35.7,6.0,53.9,69.9
FX-1388,Coralmaple,Cragside,Thriving,30.8,15.5,55.5,64.9
FX-1389,Palepear,Sunspire Heights,Waning,19.5,9.7,26.6,55.7
FX-1390,Thornlace,Sunspire Heights,Thriving,22.7,9.7,54.3,56.6
FX-1391,Goldfan Ginko,Mistfen Reach,Thriving,34.2,8.6,53.1,59.4
FX-1392,Emberoak,Mistfen Reach,Waning,30.1,22.7,26.3,64.5
FX-1393,Emberoak,Cragside,Thriving,25.1,25.8,54.5,68.6
FX-1394,Palepear,Sunspire Heights,Thriving,18.6,13.0,57.7,50.4
FX-1395,Bloomspire,Mistfen Reach,Thriving,20.8,39.8,54.2,67.7
FX-1396,Emberoak,Mistfen Reach,Radiant,28.3,30.9,66.2,69.9
FX-1397,Thornlace,Sunspire Heights,Thriving,16.3,11.9,60.6,51.4
FX-1398,Coralmaple,Sunspire Heights,Thriving,34.8,20.6,54.7,74.5
FX-1399,Goldfan Ginko,Mistfen Reach,Waning,35.3,17.8,34.1,67.8
FX-1400,Thornlace,Mistfen Reach,Thriving,13.7,12.7,57.9,43.2
FX-1401,Whispering Linden,Sunspire Heights,Radiant,33.6,24.1,80.1,57.1
FX-1402,Ironcrown Oak,Cragside,Thriving,25.8,30.7,55.1,69.8
FX-1403,Emberoak,Hollowdeep,Thriving,23.7,24.1,60.2,60.3
FX-1404,Palepear,Sunspire Heights,Waning,19.6,5.9,31.6,50.9
FX-1405,Ghostplane,Sunspire Heights,Thriving,25.1,31.5,55.6,53.8
FX-1406,Duskmaple,Mistfen Reach,Waning,19.7,22.3,31.8,55.5
FX-1407,Glasszelkova,Sunspire Heights,Thriving,35.7,9.5,55.9,53.2
FX-1408,Goldfan Ginko,Hollowdeep,Thriving,27.3,11.2,68.6,65.0
FX-1409,Thornlace,Sunspire Heights,Thriving,23.2,13.0,48.0,56.3
FX-1410,Ironcrown Oak,Cragside,Thriving,21.3,30.3,40.7,72.9
FX-1411,Ghostplane,Sunspire Heights,Thriving,25.5,27.4,54.4,53.5
FX-1412,Palepear,Mistfen Reach,Thriving,10.6,13.0,59.9,41.9
FX-1413,Ironcrown Oak,Hollowdeep,Thriving,20.4,30.6,66.7,55.6
FX-1414,Thornlace,Sunspire Heights,Radiant,18.2,14.6,82.1,50.1
FX-1415,Glasszelkova,Cragside,Thriving,29.5,12.6,45.2,50.2
FX-1416,Thornlace,Sunspire Heights,Thriving,18.0,14.1,54.6,49.5
FX-1417,Glasszelkova,Mistfen Reach,Thriving,25.8,17.8,56.0,45.3
FX-1418,Emberoak,Mistfen Reach,Thriving,25.6,29.5,46.0,67.2
FX-1419,Palepear,Cragside,Thriving,15.4,6.5,65.8,49.6
FX-1420,Palepear,Mistfen Reach,Waning,14.9,13.9,35.6,47.9
FX-1421,Palepear,Hollowdeep,Waning,11.2,11.5,28.0,41.2
FX-1422,Whispering Linden,Sunspire Heights,Thriving,29.4,22.2,54.8,50.1
FX-1423,Bloomspire,Cragside,Waning,23.0,35.0,29.8,73.1
FX-1424,Goldfan Ginko,Hollowdeep,Radiant,34.2,15.5,80.1,60.1
FX-1425,Emberoak,Hollowdeep,Radiant,24.6,29.1,84.9,69.7
FX-1426,Goldfan Ginko,Cragside,Thriving,30.0,14.7,62.9,68.9
FX-1427,Ironcrown Oak,Cragside,Thriving,27.6,24.8,57.9,64.4
FX-1428,Whispering Linden,Sunspire Heights,Radiant,28.9,20.8,79.6,57.1
FX-1429,Goldfan Ginko,Mistfen Reach,Waning,34.0,14.6,32.7,64.1
FX-1430,Ironcrown Oak,Sunspire Heights,Thriving,32.2,27.4,46.7,72.7
FX-1431,Palepear,Sunspire Heights,Thriving,22.6,10.3,59.9,62.0
FX-1432,Ironcrown Oak,Cragside,Thriving,25.8,26.7,42.1,67.1
FX-1433,Verdant Ash,Mistfen Reach,Radiant,18.8,21.2,80.0,52.8
FX-1434,Duskmaple,Cragside,Thriving,19.7,24.1,58.8,65.9
FX-1435,Coralmaple,Mistfen Reach,Radiant,29.3,21.0,76.6,66.3
FX-1436,Whispering Linden,Sunspire Heights,Thriving,30.4,12.7,58.4,48.6
FX-1437,Whispering Linden,Sunspire Heights,Thriving,28.0,15.7,54.8,56.1
FX-1438,Coralmaple,Mistfen Reach,Radiant,28.3,16.2,80.3,63.5
FX-1439,Glasszelkova,Mistfen Reach,Waning,26.1,11.9,23.0,42.8
FX-1440,Verdant Ash,Mistfen Reach,Husk,17.5,12.9,1.9,45.4
FX-1441,Bloomspire,Mistfen Reach,Radiant,24.3,34.9,66.0,69.1
FX-1442,Verdant Ash,Sunspire Heights,Thriving,21.6,14.9,56.5,48.0
FX-1443,Ghostplane,Mistfen Reach,Radiant,23.0,30.8,82.4,46.5
FX-1444,Palepear,Sunspire Heights,Radiant,22.5,9.2,79.9,55.8
FX-1445,Verdant Ash,Sunspire Heights,Thriving,26.1,21.7,51.5,56.6
FX-1446,Ghostplane,Mistfen Reach,Thriving,19.8,29.1,51.4,46.9
FX-1447,Ghostplane,Sunspire Heights,Thriving,25.5,29.2,59.3,51.4
FX-1448,Coralmaple,Mistfen Reach,Waning,27.7,23.0,33.5,57.2
FX-1449,Palepear,Hollowdeep,Waning,9.7,9.5,35.7,37.9
FX-1450,Glasszelkova,Sunspire Heights,Radiant,33.9,12.2,80.0,49.4
FX-1451,Palepear,Sunspire Heights,Thriving,16.8,10.4,49.4,55.9
FX-1452,Coralmaple,Cragside,Thriving,32.1,22.6,53.7,72.2
FX-1453,Thornlace,Sunspire Heights,Thriving,19.5,11.3,53.6,56.2
FX-1454,Whispering Linden,Hollowdeep,Radiant,20.4,21.4,78.2,46.4
FX-1455,Verdant Ash,Sunspire Heights,Radiant,26.0,17.2,82.9,56.7
FX-1456,Ironcrown Oak,Sunspire Heights,Thriving,30.4,30.9,53.9,71.4
FX-1457,Ghostplane,Sunspire Heights,Thriving,21.7,31.2,58.6,55.1
FX-1458,Goldfan Ginko,Hollowdeep,Radiant,33.0,17.5,81.1,63.8
FX-1459,Coralmaple,Mistfen Reach,Thriving,30.1,19.9,60.8,65.3
FX-1460,Goldfan Ginko,Hollowdeep,Thriving,32.2,15.4,55.9,58.5
FX-1461,Thornlace,Sunspire Heights,Thriving,21.1,9.1,58.3,50.8
FX-1462,Goldfan Ginko,Mistfen Reach,Husk,32.2,20.1,0.0,63.1
FX-1463,Ghostplane,Mistfen Reach,Thriving,21.7,35.0,52.9,43.8
FX-1464,Glasszelkova,Mistfen Reach,Thriving,32.5,10.1,49.1,47.6
FX-1465,Duskmaple,Mistfen Reach,Radiant,22.0,24.7,76.1,69.1
FX-1466,Duskmaple,Cragside,Radiant,17.6,26.7,85.2,67.8
FX-1467,Whispering Linden,Sunspire Heights,Waning,27.1,18.7,33.6,56.3
FX-1468,Duskmaple,Cragside,Thriving,16.3,22.5,51.4,66.4
FX-1469,Verdant Ash,Sunspire Heights,Thriving,19.0,18.8,59.2,56.6
FX-1470,Verdant Ash,Sunspire Heights,Radiant,21.3,24.0,69.3,57.0
FX-1471,Glasszelkova,Mistfen Reach,Radiant,29.0,12.1,84.7,47.6
FX-1472,Duskmaple,Mistfen Reach,Waning,15.5,28.4,24.9,68.4
FX-1473,Ghostplane,Mistfen Reach,Thriving,14.9,36.1,48.8,42.8
FX-1474,Palepear,Hollowdeep,Thriving,8.1,8.5,57.3,36.1
FX-1475,Emberoak,Hollowdeep,Waning,24.3,28.3,34.4,61.2
FX-1476,Thornlace,Sunspire Heights,Waning,19.5,8.9,41.4,53.0
FX-1477,Whispering Linden,Sunspire Heights,Waning,33.1,23.6,28.3,51.4
FX-1478,Ironcrown Oak,Hollowdeep,Radiant,20.4,22.7,79.7,59.8
FX-1479,Goldfan Ginko,Hollowdeep,Waning,29.8,17.3,32.8,56.1
FX-1480,Emberoak,Mistfen Reach,Radiant,28.3,26.5,85.0,65.3
FX-1481,Thornlace,Sunspire Heights,Thriving,18.5,15.4,59.7,56.0
FX-1482,Duskmaple,Mistfen Reach,Thriving,12.7,27.6,53.6,61.7
FX-1483,Glasszelkova,Cragside,Thriving,33.7,12.4,48.8,48.4
FX-1484,Glasszelkova,Sunspire Heights,Thriving,33.9,9.9,43.6,53.0
FX-1485,Bloomspire,Hollowdeep,Waning,20.7,33.6,34.3,56.0
FX-1486,Palepear,Hollowdeep,Radiant,16.3,5.3,70.6,45.2
FX-1487,Emberoak,Hollowdeep,Thriving,27.2,25.1,62.8,60.6
FX-1488,Ironcrown Oak,Hollowdeep,Thriving,21.1,30.9,57.2,59.4
FX-1489,Thornlace,Hollowdeep,Thriving,16.3,15.3,55.9,43.1
FX-1490,Palepear,Mistfen Reach,Radiant,15.8,7.8,77.1,46.0
FX-1491,Ironcrown Oak,Hollowdeep,Thriving,18.8,30.6,50.0,67.3
FX-1492,Goldfan Ginko,Mistfen Reach,Radiant,35.8,20.5,85.4,59.1
FX-1493,Whispering Linden,Sunspire Heights,Thriving,30.1,16.5,68.0,53.6
FX-1494,Bloomspire,Cragside,Radiant,23.1,40.6,71.4,68.9
FX-1495,Glasszelkova,Mistfen Reach,Thriving,30.6,13.8,57.1,49.1
FX-1496,Emberoak,Sunspire Heights,Radiant,30.6,22.1,80.1,76.3
FX-1497,Palepear,Sunspire Heights,Thriving,17.5,10.8,52.0,60.2
FX-1498,Whispering Linden,Mistfen Reach,Thriving,26.7,14.7,63.1,47.0
FX-1499,Bloomspire,Cragside,Thriving,22.7,37.6,56.2,63.6
FX-1500,Thornlace,Sunspire Heights,Thriving,18.9,18.0,48.7,51.3
FX-1501,Ironcrown Oak,Cragside,Radiant,25.8,24.1,76.4,70.6
FX-1502,Palepear,Mistfen Reach,Thriving,10.1,7.5,53.5,41.0
FX-1503,Palepear,Mistfen Reach,Radiant,17.0,6.8,81.6,47.3
FX-1504,Ghostplane,Mistfen Reach,Thriving,18.0,36.2,57.5,41.2
FX-1505,Duskmaple,Cragside,Thriving,16.8,19.5,53.3,66.8
FX-1506,Ghostplane,Hollowdeep,Waning,13.9,29.6,31.8,40.1
FX-1507,Duskmaple,Mistfen Reach,Thriving,20.0,25.4,57.1,58.9
FX-1508,Glasszelkova,Mistfen Reach,Thriving,27.3,8.4,60.4,46.7
FX-1509,Goldfan Ginko,Cragside,Thriving,30.9,15.6,60.7,67.6
FX-1510,Thornlace,Sunspire Heights,Radiant,15.1,16.5,91.9,54.5
FX-1511,Goldfan Ginko,Mistfen Reach,Thriving,37.7,13.8,43.9,63.7
FX-1512,Whispering Linden,Hollowdeep,Waning,23.3,16.9,43.0,41.6
FX-1513,Thornlace,Sunspire Heights,Thriving,21.3,12.2,51.8,52.1
FX-1514,Ironcrown Oak,Cragside,Husk,24.7,30.3,0.0,67.7
FX-1515,Emberoak,Cragside,Thriving,23.6,24.2,51.6,70.9
FX-1516,Coralmaple,Mistfen Reach,Thriving,30.7,25.9,58.1,63.6
FX-1517,Goldfan Ginko,Hollowdeep,Thriving,34.8,13.3,46.2,59.3
FX-1518,Palepear,Mistfen Reach,Thriving,10.2,12.6,57.8,41.4
FX-1519,Emberoak,Mistfen Reach,Thriving,23.5,32.1,52.4,65.7
FX-1520,Whispering Linden,Sunspire Heights,Thriving,27.8,15.2,65.1,56.2
FX-1521,Thornlace,Sunspire Heights,Thriving,14.7,9.4,57.1,50.0
FX-1522,Duskmaple,Cragside,Thriving,16.9,17.3,62.4,69.2
FX-1523,Goldfan Ginko,Mistfen Reach,Thriving,34.8,15.0,51.2,67.4
FX-1524,Palepear,Hollowdeep,Radiant,8.9,14.1,78.3,37.8
FX-1525,Bloomspire,Cragside,Waning,19.4,38.8,30.3,67.4
FX-1526,Whispering Linden,Sunspire Heights,Radiant,35.1,19.2,86.4,50.6
FX-1527,Bloomspire,Cragside,Radiant,20.0,34.4,80.1,66.8
FX-1528,Bloomspire,Mistfen Reach,Radiant,22.8,39.7,75.3,62.8
FX-1529,Palepear,Sunspire Heights,Waning,19.2,8.4,31.3,56.3
FX-1530,Bloomspire,Mistfen Reach,Thriving,20.4,34.6,53.4,67.5
FX-1531,Bloomspire,Cragside,Waning,23.1,32.3,27.1,66.5
FX-1532,Goldfan Ginko,Hollowdeep,Thriving,29.2,18.5,60.2,63.2
FX-1533,Emberoak,Cragside,Thriving,28.8,26.1,55.3,62.3
FX-1534,Coralmaple,Mistfen Reach,Waning,31.2,18.7,24.2,58.9
FX-1535,Duskmaple,Mistfen Reach,Thriving,14.4,20.2,56.9,68.6
FX-1536,Ghostplane,Sunspire Heights,Radiant,23.1,33.3,75.8,57.1
FX-1537,Palepear,Sunspire Heights,Thriving,14.0,8.5,49.1,52.6
FX-1538,Whispering Linden,Sunspire Heights,Thriving,31.2,14.8,57.5,54.5
FX-1539,Bloomspire,Mistfen Reach,Thriving,17.7,38.0,61.2,59.4
FX-1540,Duskmaple,Mistfen Reach,Radiant,17.7,22.6,78.9,70.7
FX-1541,Duskmaple,Mistfen Reach,Radiant,15.1,17.1,85.0,67.4
FX-1542,Ghostplane,Mistfen Reach,Waning,20.7,31.9,34.3,46.0
FX-1543,Goldfan Ginko,Mistfen Reach,Thriving,32.7,12.9,63.8,58.4
FX-1544,Whispering Linden,Sunspire Heights,Waning,34.0,12.5,35.2,51.3
FX-1545,Bloomspire,Cragside,Thriving,20.4,35.5,56.4,65.5
FX-1546,Thornlace,Mistfen Reach,Radiant,12.8,13.6,78.2,44.3
FX-1547,Glasszelkova,Sunspire Heights,Thriving,34.7,10.8,56.1,59.6
FX-1548,Duskmaple,Cragside,Thriving,23.1,25.9,52.9,63.8
FX-1549,Coralmaple,Cragside,Thriving,32.7,21.8,63.6,58.5
FX-1550,Ghostplane,Sunspire Heights,Thriving,23.7,31.4,58.1,56.0
FX-1551,Verdant Ash,Sunspire Heights,Thriving,19.8,14.7,54.1,56.1
FX-1552,Palepear,Hollowdeep,Thriving,13.7,10.1,59.2,40.6
FX-1553,Verdant Ash,Sunspire Heights,Radiant,22.9,16.2,76.4,55.1
FX-1554,Goldfan Ginko,Mistfen Reach,Thriving,36.7,16.1,50.6,65.5
FX-1555,Glasszelkova,Mistfen Reach,Thriving,32.2,13.9,53.6,46.7
FX-1556,Coralmaple,Hollowdeep,Thriving,28.8,24.3,53.8,61.6
FX-1557,Duskmaple,Sunspire Heights,Thriving,24.3,22.2,52.4,74.4
FX-1558,Ghostplane,Mistfen Reach,Radiant,18.0,38.1,73.7,52.7
FX-1559,Emberoak,Sunspire Heights,Radiant,34.1,21.5,72.6,81.6
FX-1560,Ghostplane,Mistfen Reach,Waning,19.1,35.4,21.5,43.2
FX-1561,Ghostplane,Hollowdeep,Waning,17.0,35.9,29.1,40.3
FX-1562,Thornlace,Sunspire Heights,Radiant,17.9,12.1,70.6,62.8
FX-1563,Emberoak,Cragside,Radiant,32.8,26.6,79.6,68.9
FX-1564,Duskmaple,Hollowdeep,Thriving,16.1,25.0,48.2,66.2
FX-1565,Duskmaple,Mistfen Reach,Thriving,18.3,26.9,54.6,67.0
FX-1566,Ghostplane,Mistfen Reach,Thriving,22.1,34.1,52.6,48.0
FX-1567,Glasszelkova,Sunspire Heights,Thriving,34.8,13.5,70.4,49.3
FX-1568,Duskmaple,Cragside,Thriving,19.9,27.2,64.1,69.3
FX-1569,Duskmaple,Hollowdeep,Thriving,12.3,21.6,54.4,58.4
FX-1570,Emberoak,Hollowdeep,Waning,27.4,21.7,34.3,55.9
FX-1571,Emberoak,Mistfen Reach,Thriving,26.3,29.6,52.0,68.4
FX-1572,Ironcrown Oak,Cragside,Thriving,22.1,24.6,59.4,66.2
FX-1573,Verdant Ash,Hollowdeep,Waning,12.1,14.3,36.3,45.2
FX-1574,Coralmaple,Sunspire Heights,Thriving,35.4,19.3,49.1,69.0
FX-1575,Verdant Ash,Mistfen Reach,Radiant,23.1,18.9,82.0,47.2
FX-1576,Bloomspire,Cragside,Thriving,19.8,35.5,56.9,67.8
FX-1577,Ironcrown Oak,Cragside,Thriving,29.9,32.3,50.5,69.7
FX-1578,Ghostplane,Hollowdeep,Thriving,19.5,28.4,55.8,47.3
FX-1579,Whispering Linden,Hollowdeep,Thriving,22.1,14.3,56.4,39.6
FX-1580,Ironcrown Oak,Mistfen Reach,Radiant,30.0,31.8,79.6,67.8
FX-1581,Glasszelkova,Sunspire Heights,Radiant,36.1,13.0,69.0,54.0
FX-1582,Thornlace,Mistfen Reach,Radiant,16.4,13.6,83.6,52.0
FX-1583,Goldfan Ginko,Cragside,Thriving,31.9,14.1,42.4,70.3
FX-1584,Whispering Linden,Sunspire Heights,Thriving,29.7,12.0,51.6,55.6
FX-1585,Thornlace,Hollowdeep,Husk,12.7,6.9,15.8,36.6
FX-1586,Bloomspire,Hollowdeep,Thriving,17.1,36.0,58.5,62.9
FX-1587,Bloomspire,Hollowdeep,Radiant,23.2,37.6,90.7,62.8
FX-1588,Whispering Linden,Mistfen Reach,Thriving,26.2,19.7,62.1,45.1
FX-1589,Coralmaple,Hollowdeep,Thriving,24.2,22.6,55.5,62.6
FX-1590,Glasszelkova,Hollowdeep,Thriving,23.8,10.0,55.6,42.4
FX-1591,Thornlace,Hollowdeep,Waning,9.5,16.4,29.8,37.8
FX-1592,Ghostplane,Hollowdeep,Thriving,15.1,36.2,50.6,45.1
FX-1593,Ironcrown Oak,Cragside,Husk,27.5,29.0,6.0,66.2
FX-1594,Thornlace,Sunspire Heights,Thriving,16.3,13.7,61.2,51.7
FX-1595,Duskmaple,Sunspire Heights,Thriving,23.8,25.2,59.8,71.4
FX-1596,Thornlace,Hollowdeep,Thriving,17.1,12.9,52.3,41.2
FX-1597,Ironcrown Oak,Hollowdeep,Waning,19.3,35.1,21.8,59.8
FX-1598,Ironcrown Oak,Cragside,Radiant,25.9,29.2,84.6,72.5
FX-1599,Glasszelkova,Sunspire Heights,Thriving,36.4,7.9,57.5,54.0
FX-1600,Bloomspire,Cragside,Thriving,23.7,35.7,52.3,69.7
FX-1601,Glasszelkova,Sunspire Heights,Thriving,35.2,4.8,59.6,56.1
FX-1602,Whispering Linden,Sunspire Heights,Thriving,26.9,22.4,49.5,50.2
FX-1603,Thornlace,Mistfen Reach,Radiant,16.5,9.9,80.8,46.6
FX-1604,Emberoak,Mistfen Reach,Thriving,21.6,33.0,51.2,63.4
FX-1605,Ghostplane,Sunspire Heights,Radiant,24.1,36.7,77.9,54.9
FX-1606,Thornlace,Sunspire Heights,Thriving,19.0,13.0,54.3,57.9
FX-1607,Goldfan Ginko,Mistfen Reach,Thriving,33.9,8.4,52.9,69.2
FX-1608,Duskmaple,Mistfen Reach,Thriving,16.6,27.7,56.6,67.2
FX-1609,Ghostplane,Mistfen Reach,Thriving,18.4,29.1,61.4,44.5
FX-1610,Thornlace,Hollowdeep,Thriving,9.0,8.1,45.1,41.8
FX-1611,Duskmaple,Hollowdeep,Waning,18.4,20.9,34.3,57.7
FX-1612,Verdant Ash,Mistfen Reach,Radiant,16.5,20.6,84.9,47.8
FX-1613,Palepear,Mistfen Reach,Thriving,14.0,12.1,53.6,44.2
FX-1614,Palepear,Mistfen Reach,Husk,13.7,7.7,0.0,39.8
FX-1615,Thornlace,Hollowdeep,Thriving,10.9,15.3,57.6,42.6
FX-1616,Bloomspire,Cragside,Thriving,22.6,38.7,63.3,65.8
FX-1617,Palepear,Mistfen Reach,Radiant,10.8,9.8,69.2,46.8
FX-1618,Verdant Ash,Sunspire Heights,Thriving,23.8,22.2,55.7,56.0
FX-1619,Goldfan Ginko,Hollowdeep,Waning,30.9,11.4,25.5,60.6
FX-1620,Coralmaple,Mistfen Reach,Thriving,28.1,19.3,54.6,61.9
FX-1621,Verdant Ash,Hollowdeep,Thriving,16.0,22.1,69.5,44.9
FX-1622,Palepear,Sunspire Heights,Radiant,17.7,8.7,70.4,59.0
FX-1623,Palepear,Mistfen Reach,Radiant,13.8,13.5,72.0,49.3
FX-1624,Bloomspire,Mistfen Reach,Thriving,23.5,35.2,58.9,68.0
FX-1625,Palepear,Sunspire Heights,Thriving,21.2,8.0,55.1,52.3
FX-1626,Goldfan Ginko,Mistfen Reach,Waning,32.8,17.8,26.7,63.9
FX-1627,Thornlace,Sunspire Heights,Thriving,21.6,13.5,59.0,56.4
FX-1628,Glasszelkova,Hollowdeep,Thriving,22.6,10.4,53.6,38.5
FX-1629,Ghostplane,Sunspire Heights,Thriving,22.1,31.5,50.6,49.9
FX-1630,Palepear,Sunspire Heights,Radiant,18.0,11.1,90.3,57.4
FX-1631,Palepear,Sunspire Heights,Thriving,17.5,10.0,56.7,55.2
FX-1632,Duskmaple,Hollowdeep,Radiant,13.8,29.7,79.2,63.8
FX-1633,Whispering Linden,Mistfen Reach,Husk,25.5,19.1,4.6,42.3
FX-1634,Verdant Ash,Hollowdeep,Radiant,8.9,20.6,84.4,47.1
FX-1635,Goldfan Ginko,Mistfen Reach,Waning,33.9,10.2,20.9,62.8
FX-1636,Emberoak,Mistfen Reach,Radiant,27.7,30.2,83.1,68.7
FX-1637,Whispering Linden,Hollowdeep,Thriving,24.2,14.9,55.8,43.7
FX-1638,Ghostplane,Mistfen Reach,Waning,20.4,30.3,29.2,38.5
FX-1639,Coralmaple,Sunspire Heights,Waning,31.2,21.3,34.9,71.7
FX-1640,Verdant Ash,Sunspire Heights,Thriving,17.6,18.5,58.1,51.2
FX-1641,Whispering Linden,Sunspire Heights,Thriving,32.1,15.0,59.4,54.7
FX-1642,Duskmaple,Hollowdeep,Radiant,17.4,20.5,84.6,64.6
FX-1643,Emberoak,Mistfen Reach,Thriving,25.5,24.9,56.4,64.7
FX-1644,Coralmaple,Hollowdeep,Thriving,27.2,15.7,60.4,62.9
FX-1645,Bloomspire,Mistfen Reach,Thriving,20.5,32.3,56.1,64.0
FX-1646,Bloomspire,Sunspire Heights,Thriving,30.5,39.3,48.2,71.7
FX-1647,Coralmaple,Cragside,Thriving,28.2,15.8,56.3,65.9
FX-1648,Palepear,Sunspire Heights,Husk,17.6,5.5,8.9,57.1
FX-1649,Duskmaple,Cragside,Thriving,18.0,22.1,47.7,66.5
FX-1650,Duskmaple,Cragside,Radiant,22.7,20.7,76.2,70.2
FX-1651,Glasszelkova,Sunspire Heights,Thriving,32.5,8.9,53.0,50.0
FX-1652,Glasszelkova,Mistfen Reach,Thriving,27.5,11.6,67.4,41.6
FX-1653,Whispering Linden,Sunspire Heights,Waning,32.8,17.1,17.6,53.3
FX-1654,Goldfan Ginko,Cragside,Thriving,37.6,12.1,55.1,64.0
FX-1655,Whispering Linden,Mistfen Reach,Radiant,23.4,14.6,90.2,50.5
FX-1656,Ironcrown Oak,Hollowdeep,Thriving,21.6,25.4,50.3,62.7
FX-1657,Thornlace,Sunspire Heights,Thriving,19.2,11.2,57.4,56.3
FX-1658,Thornlace,Mistfen Reach,Waning,17.6,16.1,22.6,47.8
FX-1659,Emberoak,Cragside,Waning,27.8,25.4,29.2,65.7
FX-1660,Whispering Linden,Sunspire Heights,Radiant,25.5,17.1,86.4,54.3
FX-1661,Thornlace,Mistfen Reach,Radiant,15.4,18.4,58.3,49.4
FX-1662,Thornlace,Sunspire Heights,Thriving,20.2,14.4,56.1,54.6
FX-1663,Goldfan Ginko,Cragside,Radiant,34.4,17.0,76.2,73.1
FX-1664,Ironcrown Oak,Mistfen Reach,Thriving,27.3,30.7,55.2,66.5
FX-1665,Duskmaple,Sunspire Heights,Thriving,24.7,24.2,44.7,75.1
FX-1666,Whispering Linden,Hollowdeep,Thriving,23.7,19.8,52.5,41.8
FX-1667,Coralmaple,Hollowdeep,Thriving,28.3,18.3,51.4,62.9
FX-1668,Verdant Ash,Mistfen Reach,Thriving,15.7,22.5,52.6,45.3
FX-1669,Emberoak,Mistfen Reach,Thriving,24.7,28.1,48.1,66.3
FX-1670,Whispering Linden,Mistfen Reach,Thriving,25.1,17.2,53.4,45.1
FX-1671,Palepear,Sunspire Heights,Waning,12.7,6.6,29.6,54.9
FX-1672,Goldfan Ginko,Mistfen Reach,Radiant,33.2,15.9,70.2,62.5
FX-1673,Coralmaple,Mistfen Reach,Thriving,31.5,22.4,53.9,69.1
FX-1674,Glasszelkova,Sunspire Heights,Thriving,31.0,10.2,53.8,49.6
FX-1675,Goldfan Ginko,Mistfen Reach,Radiant,31.6,17.5,78.1,64.7
FX-1676,Thornlace,Mistfen Reach,Thriving,16.4,11.2,60.5,47.7
FX-1677,Duskmaple,Hollowdeep,Thriving,15.4,21.1,56.9,65.8
FX-1678,Whispering Linden,Sunspire Heights,Radiant,26.6,18.9,88.6,56.5
FX-1679,Duskmaple,Cragside,Thriving,19.5,26.1,58.2,66.4
FX-1680,Verdant Ash,Sunspire Heights,Waning,22.5,23.3,17.9,52.0
FX-1681,Thornlace,Mistfen Reach,Thriving,12.6,14.6,55.9,44.2
FX-1682,Coralmaple,Sunspire Heights,Radiant,35.5,22.0,85.1,76.5
FX-1683,Thornlace,Sunspire Heights,Thriving,22.5,13.8,52.8,57.0
FX-1684,Ironcrown Oak,Cragside,Waning,24.5,32.4,26.6,70.0
FX-1685,Glasszelkova,Sunspire Heights,Radiant,37.8,7.9,91.8,57.5
FX-1686,Ironcrown Oak,Mistfen Reach,Thriving,21.3,30.2,72.3,65.1
FX-1687,Bloomspire,Hollowdeep,Thriving,16.7,37.5,48.1,63.4
FX-1688,Goldfan Ginko,Hollowdeep,Thriving,32.5,8.0,45.7,62.4
FX-1689,Coralmaple,Mistfen Reach,Radiant,32.6,17.9,79.1,66.5
FX-1690,Bloomspire,Mistfen Reach,Thriving,18.4,37.8,50.8,64.0
FX-1691,Whispering Linden,Mistfen Reach,Radiant,31.8,19.8,73.9,46.7
FX-1692,Ironcrown Oak,Hollowdeep,Thriving,22.5,28.5,53.6,66.5
FX-1693,Duskmaple,Hollowdeep,Waning,18.5,26.4,38.7,61.7
FX-1694,Glasszelkova,Mistfen Reach,Thriving,31.1,11.2,52.8,41.0
FX-1695,Ironcrown Oak,Mistfen Reach,Husk,22.3,27.9,0.0,61.5
FX-1696,Emberoak,Hollowdeep,Thriving,21.5,25.2,64.1,63.0
FX-1697,Duskmaple,Mistfen Reach,Thriving,17.3,22.6,56.5,63.1
FX-1698,Duskmaple,Cragside,Thriving,22.5,28.8,67.7,64.8
FX-1699,Ghostplane,Hollowdeep,Thriving,19.5,33.6,54.0,46.8
FX-1700,Whispering Linden,Sunspire Heights,Radiant,31.4,18.7,61.9,54.8
FX-1701,Whispering Linden,Hollowdeep,Waning,24.8,17.9,24.3,42.0
FX-1702,Bloomspire,Sunspire Heights,Waning,20.6,34.7,30.6,81.5
FX-1703,Duskmaple,Cragside,Thriving,22.4,22.8,57.9,64.9
FX-1704,Verdant Ash,Sunspire Heights,Waning,22.4,20.2,28.2,50.1
FX-1705,Whispering Linden,Sunspire Heights,Thriving,36.2,16.7,59.9,49.1
FX-1706,Verdant Ash,Sunspire Heights,Waning,19.6,20.4,38.7,50.8
FX-1707,Whispering Linden,Mistfen Reach,Waning,24.5,18.3,26.7,48.7
FX-1708,Emberoak,Hollowdeep,Thriving,25.8,27.9,57.6,65.9
FX-1709,Emberoak,Mistfen Reach,Thriving,24.3,25.3,53.4,67.6
FX-1710,Verdant Ash,Mistfen Reach,Thriving,15.2,23.8,67.0,44.9
FX-1711,Verdant Ash,Mistfen Reach,Waning,20.3,13.0,34.9,47.8
FX-1712,Bloomspire,Mistfen Reach,Thriving,21.5,40.6,60.0,66.3
FX-1713,Emberoak,Hollowdeep,Husk,24.2,24.9,6.3,56.1
FX-1714,Whispering Linden,Cragside,Radiant,22.4,17.0,69.8,47.9
FX-1715,Palepear,Sunspire Heights,Radiant,16.3,15.3,74.5,57.9
FX-1716,Verdant Ash,Cragside,Thriving,21.8,22.0,60.5,49.2
FX-1717,Verdant Ash,Mistfen Reach,Thriving,17.6,25.6,59.3,44.2
FX-1718,Emberoak,Hollowdeep,Thriving,22.9,26.8,44.3,61.8
FX-1719,Duskmaple,Mistfen Reach,Radiant,19.8,19.3,80.8,64.3
FX-1720,Coralmaple,Hollowdeep,Thriving,26.4,21.0,54.7,61.8
FX-1721,Coralmaple,Cragside,Radiant,33.3,20.3,77.2,76.0
FX-1722,Emberoak,Mistfen Reach,Radiant,30.1,24.8,90.2,67.8
FX-1723,Whispering Linden,Hollowdeep,Radiant,23.1,11.5,80.8,49.8
FX-1724,Thornlace,Sunspire Heights,Waning,14.8,16.3,27.9,54.3
FX-1725,Ghostplane,Mistfen Reach,Thriving,16.0,31.3,61.3,48.2
FX-1726,Ghostplane,Hollowdeep,Waning,18.3,34.8,22.8,43.7
FX-1727,Goldfan Ginko,Cragside,Thriving,37.5,16.0,57.5,65.9
FX-1728,Verdant Ash,Sunspire Heights,Radiant,24.0,22.7,90.2,50.7
FX-1729,Duskmaple,Cragside,Waning,16.5,22.5,33.9,69.6
FX-1730,Duskmaple,Hollowdeep,Radiant,15.8,26.5,75.4,65.3
FX-1731,Ironcrown Oak,Hollowdeep,Thriving,21.1,36.2,55.2,64.0
FX-1732,Palepear,Mistfen Reach,Waning,9.3,14.1,26.5,38.6
FX-1733,Glasszelkova,Sunspire Heights,Thriving,35.1,12.3,49.2,52.5
FX-1734,Emberoak,Sunspire Heights,Waning,34.1,25.5,31.5,72.8
FX-1735,Duskmaple,Mistfen Reach,Thriving,18.4,25.0,59.9,63.4
FX-1736,Verdant Ash,Sunspire Heights,Husk,24.8,19.6,8.8,51.4
FX-1737,Ghostplane,Hollowdeep,Husk,16.4,38.5,12.8,38.7
FX-1738,Whispering Linden,Hollowdeep,Radiant,25.2,13.0,75.9,44.9
FX-1739,Coralmaple,Hollowdeep,Thriving,27.8,25.9,65.4,62.6
FX-1740,Palepear,Sunspire Heights,Radiant,15.1,9.5,72.6,57.9
FX-1741,Verdant Ash,Hollowdeep,Thriving,15.4,23.2,50.0,43.5
FX-1742,Duskmaple,Sunspire Heights,Thriving,21.4,21.9,62.8,72.7
FX-1743,Coralmaple,Mistfen Reach,Radiant,24.9,25.8,69.7,66.3
FX-1744,Palepear,Mistfen Reach,Thriving,13.2,8.3,52.3,44.2
FX-1745,Whispering Linden,Sunspire Heights,Waning,29.6,16.8,32.3,49.6
FX-1746,Ironcrown Oak,Cragside,Waning,29.1,33.5,29.1,62.8
FX-1747,Verdant Ash,Sunspire Heights,Radiant,24.4,24.5,78.8,53.2
FX-1748,Goldfan Ginko,Mistfen Reach,Waning,31.2,10.7,40.7,65.0
FX-1749,Glasszelkova,Cragside,Thriving,32.2,9.4,50.7,52.6
FX-1750,Thornlace,Sunspire Heights,Thriving,21.9,12.5,49.9,50.0
FX-1751,Verdant Ash,Sunspire Heights,Thriving,20.2,18.3,55.5,55.4
FX-1752,Whispering Linden,Hollowdeep,Radiant,27.9,12.6,90.5,38.2
FX-1753,Verdant Ash,Sunspire Heights,Thriving,21.7,21.5,51.9,51.9
FX-1754,Duskmaple,Mistfen Reach,Thriving,17.3,27.1,67.2,69.4
FX-1755,Thornlace,Sunspire Heights,Thriving,22.1,13.3,50.8,50.5
FX-1756,Bloomspire,Cragside,Thriving,23.1,34.8,58.1,64.5
FX-1757,Whispering Linden,Sunspire Heights,Radiant,30.9,18.8,90.3,51.4
FX-1758,Duskmaple,Mistfen Reach,Radiant,16.9,24.7,70.3,67.4
FX-1759,Whispering Linden,Mistfen Reach,Radiant,21.0,14.6,66.9,48.9
FX-1760,Glasszelkova,Sunspire Heights,Radiant,32.9,13.0,79.6,54.6
FX-1761,Bloomspire,Sunspire Heights,Thriving,25.2,34.6,61.9,76.8
FX-1762,Duskmaple,Cragside,Radiant,22.7,25.3,82.4,71.6
FX-1763,Thornlace,Sunspire Heights,Radiant,20.2,16.0,81.7,56.3
FX-1764,Glasszelkova,Sunspire Heights,Waning,32.2,3.7,36.6,53.7
FX-1765,Whispering Linden,Mistfen Reach,Waning,27.8,20.8,31.9,42.4
FX-1766,Thornlace,Mistfen Reach,Waning,14.3,15.1,34.6,41.2
FX-1767,Duskmaple,Cragside,Radiant,22.0,28.0,84.0,73.5
FX-1768,Goldfan Ginko,Cragside,Husk,32.7,13.4,0.0,64.7
FX-1769,Emberoak,Hollowdeep,Waning,26.8,29.6,29.6,62.5
FX-1770,Ghostplane,Mistfen Reach,Thriving,15.1,35.9,46.8,42.9
FX-1771,Verdant Ash,Mistfen Reach,Thriving,14.9,19.4,48.8,42.2
FX-1772,Thornlace,Sunspire Heights,Husk,21.3,13.8,6.3,41.7
FX-1773,Palepear,Hollowdeep,Radiant,11.2,9.7,72.7,48.0
FX-1774,Ghostplane,Mistfen Reach,Thriving,20.0,35.7,49.6,45.7
FX-1775,Glasszelkova,Cragside,Thriving,33.2,14.2,57.2,46.4
FX-1776,Whispering Linden,Hollowdeep,Waning,22.6,19.6,32.3,41.0
FX-1777,Coralmaple,Mistfen Reach,Thriving,25.5,22.1,50.6,61.0
FX-1778,Whispering Linden,Mistfen Reach,Thriving,21.9,17.7,46.4,44.4
FX-1779,Glasszelkova,Mistfen Reach,Thriving,28.5,8.8,62.8,48.5
FX-1780,Whispering Linden,Sunspire Heights,Waning,31.7,19.3,23.2,57.0
FX-1781,Palepear,Hollowdeep,Thriving,11.8,7.5,49.5,43.9
FX-1782,Goldfan Ginko,Cragside,Waning,34.3,17.0,32.1,65.8
FX-1783,Thornlace,Sunspire Heights,Radiant,22.6,12.9,81.3,55.5
FX-1784,Verdant Ash,Mistfen Reach,Thriving,18.8,16.0,57.6,41.1
FX-1785,Duskmaple,Cragside,Waning,19.0,22.7,19.5,66.9
FX-1786,Verdant Ash,Sunspire Heights,Thriving,20.3,16.6,51.9,57.2
FX-1787,Verdant Ash,Mistfen Reach,Thriving,15.1,14.9,62.5,41.2
FX-1788,Bloomspire,Cragside,Waning,18.6,33.9,36.2,62.5
FX-1789,Glasszelkova,Cragside,Radiant,30.7,10.6,87.5,55.5
FX-1790,Duskmaple,Mistfen Reach,Thriving,14.5,21.3,65.5,69.6
FX-1791,Goldfan Ginko,Mistfen Reach,Thriving,32.4,17.7,61.2,65.1
FX-1792,Ghostplane,Hollowdeep,Waning,12.8,32.0,25.8,44.4
FX-1793,Bloomspire,Cragside,Radiant,23.1,33.6,75.7,69.8
FX-1794,Whispering Linden,Mistfen Reach,Radiant,20.8,17.0,79.0,46.4
FX-1795,Palepear,Mistfen Reach,Thriving,13.8,2.9,60.7,49.1
FX-1796,Thornlace,Mistfen Reach,Radiant,15.3,11.0,73.3,45.5
FX-1797,Whispering Linden,Mistfen Reach,Waning,26.2,19.3,27.7,37.3
FX-1798,Coralmaple,Mistfen Reach,Radiant,31.1,24.4,82.2,68.4
FX-1799,Coralmaple,Mistfen Reach,Waning,27.4,17.8,29.2,63.7
FX-1800,Bloomspire,Mistfen Reach,Thriving,20.6,34.0,51.0,69.3
FX-1801,Bloomspire,Hollowdeep,Thriving,17.6,35.5,44.2,63.4
FX-1802,Whispering Linden,Mistfen Reach,Thriving,22.7,15.9,55.7,46.8
FX-1803,Thornlace,Sunspire Heights,Thriving,22.4,14.3,55.9,55.5
FX-1804,Bloomspire,Cragside,Thriving,19.5,35.9,56.9,68.0
FX-1805,Ghostplane,Mistfen Reach,Thriving,17.5,30.8,51.2,44.5
FX-1806,Palepear,Mistfen Reach,Waning,12.2,7.2,32.2,41.6
FX-1807,Palepear,Sunspire Heights,Waning,16.3,7.4,36.9,54.3
FX-1808,Ghostplane,Mistfen Reach,Waning,19.8,30.8,30.6,41.0
FX-1809,Verdant Ash,Mistfen Reach,Radiant,18.6,13.0,77.7,50.0
FX-1810,Glasszelkova,Sunspire Heights,Thriving,35.2,15.1,55.0,48.0
FX-1811,Verdant Ash,Sunspire Heights,Radiant,25.2,17.7,89.3,60.3
FX-1812,Emberoak,Cragside,Radiant,28.9,23.3,79.4,68.1
FX-1813,Goldfan Ginko,Cragside,Radiant,34.3,12.7,85.0,69.1
FX-1814,Glasszelkova,Mistfen Reach,Thriving,31.3,8.1,64.2,45.1
FX-1815,Coralmaple,Cragside,Thriving,31.2,22.9,45.3,62.6
FX-1816,Goldfan Ginko,Mistfen Reach,Radiant,33.8,10.5,77.9,69.5
FX-1817,Glasszelkova,Sunspire Heights,Thriving,32.0,19.4,47.6,49.6
FX-1818,Bloomspire,Cragside,Waning,26.1,34.1,32.7,65.2
FX-1819,Ironcrown Oak,Mistfen Reach,Thriving,24.8,29.8,55.5,67.5
FX-1820,Ironcrown Oak,Mistfen Reach,Waning,21.4,26.8,35.9,65.0
FX-1821,Coralmaple,Mistfen Reach,Husk,24.0,20.3,8.7,60.2
FX-1822,Thornlace,Sunspire Heights,Thriving,21.7,14.5,58.0,51.6
FX-1823,Palepear,Sunspire Heights,Radiant,17.5,9.4,78.8,58.6
FX-1824,Ghostplane,Sunspire Heights,Thriving,28.0,31.4,45.1,52.7
FX-1825,Emberoak,Mistfen Reach,Thriving,30.3,33.4,67.3,64.5
FX-1826,Palepear,Sunspire Heights,Waning,14.3,10.4,36.3,52.4
FX-1827,Ghostplane,Sunspire Heights,Thriving,21.9,28.6,49.8,53.1
FX-1828,Palepear,Sunspire Heights,Waning,19.6,11.6,28.2,48.1
FX-1829,Ghostplane,Sunspire Heights,Radiant,27.0,30.7,72.1,54.0
FX-1830,Emberoak,Mistfen Reach,Thriving,29.5,23.7,66.8,58.7
FX-1831,Thornlace,Mistfen Reach,Thriving,11.6,13.3,55.4,47.7
FX-1832,Ghostplane,Hollowdeep,Thriving,21.4,37.7,56.9,42.3
FX-1833,Glasszelkova,Sunspire Heights,Thriving,29.1,9.3,61.2,52.5
FX-1834,Coralmaple,Hollowdeep,Thriving,24.8,20.9,46.1,64.9
FX-1835,Thornlace,Hollowdeep,Thriving,14.6,11.0,60.3,41.2
FX-1836,Emberoak,Cragside,Thriving,29.8,29.4,53.1,72.3
FX-1837,Palepear,Hollowdeep,Thriving,8.0,5.4,60.8,44.4
FX-1838,Palepear,Sunspire Heights,Husk,19.3,5.0,2.2,51.5
FX-1839,Ghostplane,Sunspire Heights,Thriving,22.3,32.5,52.5,57.2
FX-1840,Glasszelkova,Sunspire Heights,Thriving,35.0,10.5,54.8,52.4
FX-1841,Whispering Linden,Hollowdeep,Thriving,23.0,16.8,55.5,41.6
FX-1842,Duskmaple,Cragside,Radiant,17.3,23.7,78.4,71.2
FX-1843,Palepear,Hollowdeep,Waning,13.9,8.6,29.6,35.7
FX-1844,Ghostplane,Mistfen Reach,Thriving,21.6,31.2,55.3,48.1
FX-1845,Duskmaple,Sunspire Heights,Thriving,23.9,29.5,54.7,69.8
FX-1846,Ghostplane,Mistfen Reach,Radiant,16.5,35.6,80.8,42.7
FX-1847,Glasszelkova,Hollowdeep,Thriving,26.9,8.0,48.5,43.3
FX-1848,Verdant Ash,Mistfen Reach,Thriving,20.0,18.2,52.3,39.9
FX-1849,Palepear,Cragside,Waning,13.9,8.3,32.0,46.2
FX-1850,Whispering Linden,Sunspire Heights,Radiant,33.2,16.8,90.0,55.7
FX-1851,Thornlace,Sunspire Heights,Radiant,19.1,14.6,82.2,53.2
FX-1852,Glasszelkova,Mistfen Reach,Thriving,28.6,9.9,59.4,50.1
FX-1853,Duskmaple,Mistfen Reach,Thriving,15.4,23.8,51.6,62.6
FX-1854,Coralmaple,Mistfen Reach,Thriving,35.2,19.5,56.2,67.8
FX-1855,Coralmaple,Mistfen Reach,Radiant,29.9,19.8,77.3,68.9
FX-1856,Verdant Ash,Hollowdeep,Thriving,14.6,17.4,64.8,46.1
FX-1857,Ironcrown Oak,Cragside,Radiant,26.1,32.7,78.1,68.2
FX-1858,Thornlace,Mistfen Reach,Radiant,16.7,9.3,77.0,42.6
FX-1859,Goldfan Ginko,Mistfen Reach,Waning,35.5,11.5,44.3,55.5
FX-1860,Glasszelkova,Sunspire Heights,Waning,33.4,19.0,23.3,52.3
FX-1861,Ironcrown Oak,Hollowdeep,Radiant,20.7,33.1,93.5,66.2
FX-1862,Palepear,Hollowdeep,Radiant,11.0,10.6,84.5,39.2
FX-1863,Verdant Ash,Sunspire Heights,Radiant,19.1,21.6,77.8,56.9
FX-1864,Palepear,Sunspire Heights,Thriving,15.3,9.1,56.9,53.0
FX-1865,Bloomspire,Mistfen Reach,Thriving,21.3,36.4,41.1,68.2
FX-1866,Verdant Ash,Sunspire Heights,Thriving,26.7,23.5,55.1,57.3
FX-1867,Ghostplane,Mistfen Reach,Thriving,17.4,34.8,52.4,43.4
FX-1868,Palepear,Sunspire Heights,Thriving,16.6,11.7,61.4,52.3
FX-1869,Verdant Ash,Hollowdeep,Waning,17.6,19.3,34.1,38.6
FX-1870,Verdant Ash,Sunspire Heights,Thriving,23.2,17.1,47.7,56.2
FX-1871,Ghostplane,Sunspire Heights,Thriving,24.2,36.9,45.4,50.6
FX-1872,Whispering Linden,Sunspire Heights,Radiant,26.8,19.0,71.6,56.7
FX-1873,Thornlace,Hollowdeep,Waning,12.4,10.7,24.8,39.3
FX-1874,Bloomspire,Mistfen Reach,Radiant,25.2,41.3,94.9,67.4
FX-1875,Duskmaple,Mistfen Reach,Thriving,16.3,19.8,50.0,67.8
FX-1876,Ironcrown Oak,Cragside,Thriving,25.0,30.9,53.0,73.2
FX-1877,Ghostplane,Mistfen Reach,Thriving,19.1,36.1,54.8,52.4
FX-1878,Ironcrown Oak,Mistfen Reach,Thriving,26.3,29.7,57.3,66.5
FX-1879,Ironcrown Oak,Cragside,Thriving,24.7,36.9,48.0,66.5
FX-1880,Glasszelkova,Mistfen Reach,Thriving,22.9,10.1,42.7,43.5
FX-1881,Ghostplane,Sunspire Heights,Radiant,25.3,32.9,80.3,56.0
FX-1882,Palepear,Mistfen Reach,Radiant,11.2,7.5,77.4,45.2
FX-1883,Whispering Linden,Sunspire Heights,Thriving,30.0,14.6,54.6,51.6
FX-1884,Goldfan Ginko,Cragside,Thriving,32.5,17.0,53.0,62.9
FX-1885,Ironcrown Oak,Hollowdeep,Radiant,18.1,26.1,84.7,66.5
FX-1886,Verdant Ash,Sunspire Heights,Thriving,17.4,17.1,53.1,52.0
FX-1887,Duskmaple,Hollowdeep,Thriving,16.0,28.0,55.0,59.9
FX-1888,Duskmaple,Mistfen Reach,Waning,17.0,24.0,29.2,60.1
FX-1889,Bloomspire,Mistfen Reach,Radiant,24.3,31.1,77.7,64.6
FX-1890,Coralmaple,Mistfen Reach,Radiant,26.9,26.5,77.7,68.3
FX-1891,Bloomspire,Hollowdeep,Thriving,19.5,34.5,54.7,61.3
FX-1892,Duskmaple,Mistfen Reach,Husk,18.5,24.2,4.6,60.9
FX-1893,Ironcrown Oak,Cragside,Radiant,26.0,26.7,74.0,68.8
FX-1894,Coralmaple,Hollowdeep,Radiant,20.3,20.8,95.5,58.5
FX-1895,Verdant Ash,Mistfen Reach,Radiant,16.5,21.8,77.4,44.2
FX-1896,Bloomspire,Mistfen Reach,Radiant,19.0,33.9,80.8,69.2
FX-1897,Goldfan Ginko,Mistfen Reach,Thriving,35.9,19.9,51.0,67.4
FX-1898,Bloomspire,Hollowdeep,Waning,19.3,34.3,23.3,60.5
FX-1899,Emberoak,Hollowdeep,Thriving,20.4,26.4,57.3,64.5
FX-1900,Emberoak,Mistfen Reach,Thriving,27.8,29.2,61.2,62.3
FX-1901,Emberoak,Sunspire Heights,Thriving,33.9,26.8,57.1,70.7
FX-1902,Goldfan Ginko,Cragside,Thriving,33.0,16.3,58.8,70.5
FX-1903,Palepear,Sunspire Heights,Waning,19.0,10.8,21.9,54.2
FX-1904,Ghostplane,Mistfen Reach,Radiant,23.3,34.3,76.7,40.1
FX-1905,Bloomspire,Mistfen Reach,Thriving,19.0,32.9,52.9,59.8
FX-1906,Ghostplane,Sunspire Heights,Radiant,24.1,28.7,84.9,55.6
FX-1907,Ironcrown Oak,Mistfen Reach,Radiant,20.8,24.7,75.5,63.2
FX-1908,Thornlace,Mistfen Reach,Radiant,20.8,7.2,83.5,48.8
FX-1909,Goldfan Ginko,Mistfen Reach,Radiant,31.7,16.7,77.5,68.1
FX-1910,Duskmaple,Mistfen Reach,Thriving,13.8,28.0,60.1,63.4
FX-1911,Coralmaple,Cragside,Husk,32.3,22.2,8.4,69.6
FX-1912,Palepear,Sunspire Heights,Radiant,20.5,8.4,81.6,52.0
FX-1913,Emberoak,Hollowdeep,Thriving,22.1,26.7,54.1,60.1
FX-1914,Duskmaple,Mistfen Reach,Thriving,18.6,22.6,46.3,64.4
FX-1915,Whispering Linden,Sunspire Heights,Waning,31.6,14.4,23.1,49.1
FX-1916,Glasszelkova,Hollowdeep,Radiant,22.6,12.3,85.1,41.9
FX-1917,Whispering Linden,Hollowdeep,Radiant,25.8,17.3,81.9,45.4
FX-1918,Thornlace,Sunspire Heights,Thriving,24.4,12.3,68.2,54.0
FX-1919,Palepear,Sunspire Heights,Thriving,19.5,7.8,56.0,59.2
FX-1920,Ghostplane,Mistfen Reach,Radiant,19.1,33.4,79.0,49.6
FX-1921,Glasszelkova,Mistfen Reach,Thriving,26.8,8.2,54.3,44.7
FX-1922,Ironcrown Oak,Hollowdeep,Thriving,20.7,28.6,57.8,62.3
FX-1923,Thornlace,Sunspire Heights,Thriving,20.1,13.5,44.9,53.3
FX-1924,Coralmaple,Hollowdeep,Waning,25.3,20.6,35.3,62.2
FX-1925,Verdant Ash,Mistfen Reach,Thriving,16.1,16.0,56.0,45.4
FX-1926,Whispering Linden,Sunspire Heights,Thriving,27.8,9.2,51.1,56.4
FX-1927,Duskmaple,Cragside,Thriving,15.9,26.0,52.6,71.2
FX-1928,Coralmaple,Hollowdeep,Radiant,23.2,26.8,77.0,62.9
FX-1929,Palepear,Sunspire Heights,Thriving,19.4,14.6,64.1,55.2
FX-1930,Palepear,Hollowdeep,Waning,11.2,11.9,32.0,42.1
FX-1931,Verdant Ash,Sunspire Heights,Thriving,27.5,16.8,58.1,52.4
FX-1932,Duskmaple,Mistfen Reach,Thriving,20.8,24.5,64.9,63.4
FX-1933,Whispering Linden,Sunspire Heights,Radiant,31.0,13.8,69.7,52.9
FX-1934,Whispering Linden,Hollowdeep,Waning,21.1,14.2,32.3,39.5
FX-1935,Ghostplane,Sunspire Heights,Thriving,21.7,28.6,49.7,59.3
FX-1936,Emberoak,Cragside,Radiant,24.3,28.6,82.9,69.9
FX-1937,Ghostplane,Sunspire Heights,Husk,26.6,35.5,8.3,53.4
FX-1938,Whispering Linden,Sunspire Heights,Thriving,28.3,11.2,60.1,57.4
FX-1939,Emberoak,Sunspire Heights,Thriving,28.3,24.6,56.5,72.3
FX-1940,Ghostplane,Sunspire Heights,Thriving,19.5,32.2,53.5,57.0
FX-1941,Whispering Linden,Mistfen Reach,Radiant,24.5,13.9,84.0,47.2
FX-1942,Verdant Ash,Sunspire Heights,Thriving,22.9,16.4,63.0,57.8
FX-1943,Duskmaple,Cragside,Thriving,18.2,23.5,56.0,70.6
FX-1944,Whispering Linden,Sunspire Heights,Thriving,32.1,13.8,56.8,56.3
FX-1945,Whispering Linden,Sunspire Heights,Thriving,32.3,18.4,52.8,52.1
FX-1946,Goldfan Ginko,Hollowdeep,Radiant,32.4,10.5,81.1,64.2
FX-1947,Emberoak,Hollowdeep,Thriving,23.6,26.3,67.9,58.4
FX-1948,Emberoak,Mistfen Reach,Thriving,28.6,29.3,53.3,64.8
FX-1949,Glasszelkova,Sunspire Heights,Radiant,31.6,12.3,79.4,54.4
FX-1950,Emberoak,Cragside,Thriving,31.2,23.5,51.0,70.1
FX-1951,Glasszelkova,Mistfen Reach,Husk,25.5,12.6,6.3,44.9
FX-1952,Ironcrown Oak,Cragside,Thriving,23.9,31.1,50.9,66.8
FX-1953,Verdant Ash,Mistfen Reach,Thriving,18.7,20.4,53.4,44.6
FX-1954,Verdant Ash,Sunspire Heights,Waning,23.8,25.5,30.6,47.9
FX-1955,Duskmaple,Cragside,Thriving,15.4,28.5,55.6,66.5
FX-1956,Emberoak,Mistfen Reach,Thriving,22.9,23.1,51.5,65.0
FX-1957,Ghostplane,Mistfen Reach,Thriving,22.0,30.7,50.2,44.9
FX-1958,Emberoak,Hollowdeep,Thriving,24.5,27.9,64.0,63.9
FX-1959,Thornlace,Sunspire Heights,Thriving,21.0,5.9,59.7,54.7
FX-1960,Whispering Linden,Cragside,Thriving,28.7,20.4,56.6,45.2
FX-1961,Thornlace,Mistfen Reach,Thriving,10.8,11.0,49.8,46.1
FX-1962,Ironcrown Oak,Hollowdeep,Thriving,21.2,27.2,53.2,61.4
FX-1963,Whispering Linden,Sunspire Heights,Thriving,31.3,14.6,60.5,57.0
FX-1964,Coralmaple,Mistfen Reach,Radiant,30.6,19.7,79.2,65.7
FX-1965,Duskmaple,Cragside,Waning,19.9,22.9,31.8,64.8
FX-1966,Palepear,Sunspire Heights,Thriving,12.9,1.0,54.2,57.7
FX-1967,Palepear,Hollowdeep,Radiant,8.9,7.8,77.3,42.9
FX-1968,Coralmaple,Cragside,Thriving,27.8,21.5,54.4,69.7
FX-1969,Whispering Linden,Sunspire Heights,Thriving,29.8,15.3,55.1,53.5
FX-1970,Palepear,Sunspire Heights,Radiant,21.7,9.7,76.8,55.6
FX-1971,Whispering Linden,Mistfen Reach,Thriving,27.8,18.8,53.9,44.9
FX-1972,Bloomspire,Sunspire Heights,Radiant,27.2,34.8,84.6,77.5
FX-1973,Thornlace,Sunspire Heights,Thriving,17.8,15.4,54.3,56.2
FX-1974,Ironcrown Oak,Mistfen Reach,Thriving,22.1,25.9,52.9,66.4
FX-1975,Coralmaple,Cragside,Waning,30.7,20.7,35.7,68.3
FX-1976,Goldfan Ginko,Cragside,Thriving,34.3,18.7,56.0,68.7
FX-1977,Coralmaple,Mistfen Reach,Thriving,30.6,16.1,53.4,66.8
FX-1978,Palepear,Mistfen Reach,Radiant,11.1,6.7,76.4,43.2
FX-1979,Ghostplane,Sunspire Heights,Radiant,22.4,36.2,89.3,58.4
FX-1980,Glasszelkova,Cragside,Thriving,31.1,9.0,52.6,50.1
FX-1981,Coralmaple,Mistfen Reach,Thriving,27.9,21.7,57.4,65.1
FX-1982,Ghostplane,Sunspire Heights,Radiant,25.1,29.8,87.9,61.1
FX-1983,Glasszelkova,Sunspire Heights,Waning,30.7,11.3,24.5,54.9
FX-1984,Ghostplane,Sunspire Heights,Radiant,19.9,34.3,81.5,55.7
FX-1985,Emberoak,Mistfen Reach,Thriving,27.0,29.4,67.0,59.6
FX-1986,Ghostplane,Sunspire Heights,Thriving,22.7,36.8,54.9,53.0
FX-1987,Palepear,Sunspire Heights,Waning,18.5,4.9,29.5,51.8
FX-1988,Duskmaple,Mistfen Reach,Thriving,16.5,23.8,58.4,64.0
FX-1989,Whispering Linden,Mistfen Reach,Thriving,28.7,18.2,68.3,49.7
FX-1990,Duskmaple,Hollowdeep,Thriving,9.0,26.4,56.8,61.9
FX-1991,Ghostplane,Mistfen Reach,Husk,16.4,35.8,12.6,46.4
FX-1992,Ironcrown Oak,Mistfen Reach,Thriving,24.7,31.3,53.7,59.3
FX-1993,Thornlace,Sunspire Heights,Waning,22.2,10.1,24.6,59.1
FX-1994,Ghostplane,Mistfen Reach,Thriving,20.7,33.1,62.6,47.7
FX-1995,Coralmaple,Hollowdeep,Thriving,26.8,25.5,48.0,64.5
FX-1996,Ghostplane,Mistfen Reach,Radiant,20.4,28.5,82.7,46.8
FX-1997,Ironcrown Oak,Mistfen Reach,Thriving,20.9,33.1,58.8,67.4
FX-1998,Palepear,Sunspire Heights,Thriving,19.1,5.0,51.1,53.6
FX-1999,Verdant Ash,Mistfen Reach,Radiant,18.3,18.8,93.6,46.9
FX-2000,Whispering Linden,Sunspire Heights,Radiant,30.4,15.9,66.8,52.2
FX-2001,Emberoak,Hollowdeep,Radiant,28.9,25.4,84.4,61.0
FX-2002,Ironcrown Oak,Cragside,Thriving,27.5,24.0,50.2,66.1
FX-2003,Coralmaple,Cragside,Thriving,28.8,18.2,48.3,71.1
FX-2004,Glasszelkova,Sunspire Heights,Waning,31.5,16.4,24.5,54.5
FX-2005,Goldfan Ginko,Cragside,Husk,33.2,6.6,2.6,67.6
FX-2006,Glasszelkova,Mistfen Reach,Waning,32.0,9.2,34.5,44.7
FX-2007,Ironcrown Oak,Mistfen Reach,Thriving,22.2,29.8,52.8,60.3
FX-2008,Emberoak,Mistfen Reach,Thriving,21.6,29.0,55.2,68.5
FX-2009,Verdant Ash,Sunspire Heights,Radiant,20.6,17.8,78.8,52.6
FX-2010,Glasszelkova,Sunspire Heights,Thriving,31.6,9.6,51.7,51.9
FX-2011,Glasszelkova,Mistfen Reach,Thriving,27.3,6.2,61.9,43.2
FX-2012,Ghostplane,Sunspire Heights,Thriving,18.2,34.8,58.2,57.0
FX-2013,Emberoak,Mistfen Reach,Husk,24.0,26.8,2.3,66.3
FX-2014,Emberoak,Hollowdeep,Radiant,25.5,30.1,75.9,59.0
FX-2015,Ironcrown Oak,Cragside,Thriving,24.5,24.5,49.1,63.9
FX-2016,Ironcrown Oak,Hollowdeep,Thriving,20.3,32.2,51.6,61.2
FX-2017,Ghostplane,Sunspire Heights,Radiant,22.0,37.9,75.1,54.3
FX-2018,Coralmaple,Mistfen Reach,Thriving,29.0,22.6,54.1,60.3
FX-2019,Whispering Linden,Sunspire Heights,Radiant,27.5,15.0,80.5,51.0
FX-2020,Goldfan Ginko,Mistfen Reach,Thriving,31.2,12.4,53.1,55.6
FX-2021,Coralmaple,Cragside,Thriving,32.7,25.4,61.8,67.8
FX-2022,Emberoak,Cragside,Thriving,25.4,27.3,48.1,68.3
FX-2023,Palepear,Mistfen Reach,Thriving,9.5,8.4,57.6,44.7
FX-2024,Verdant Ash,Sunspire Heights,Thriving,26.0,17.8,49.6,52.1
FX-2025,Coralmaple,Cragside,Husk,31.4,20.9,2.4,67.0
FX-2026,Palepear,Mistfen Reach,Waning,17.0,15.2,21.1,43.4
FX-2027,Ghostplane,Hollowdeep,Thriving,16.9,36.2,58.3,41.2
FX-2028,Glasszelkova,Sunspire Heights,Waning,35.2,13.5,20.2,55.0
FX-2029,Coralmaple,Hollowdeep,Thriving,27.0,21.9,51.8,60.9
FX-2030,Emberoak,Sunspire Heights,Thriving,34.3,29.2,58.4,73.8
FX-2031,Thornlace,Sunspire Heights,Thriving,17.9,13.5,61.5,53.4
FX-2032,Goldfan Ginko,Mistfen Reach,Waning,31.2,17.7,32.6,67.4
FX-2033,Duskmaple,Mistfen Reach,Thriving,18.2,23.2,53.1,63.4
FX-2034,Goldfan Ginko,Mistfen Reach,Husk,31.9,17.4,1.9,63.1
FX-2035,Palepear,Sunspire Heights,Thriving,16.2,10.6,54.7,55.9
FX-2036,Glasszelkova,Mistfen Reach,Thriving,27.8,10.0,50.3,43.3
FX-2037,Glasszelkova,Hollowdeep,Thriving,28.0,12.6,52.8,42.5
FX-2038,Bloomspire,Cragside,Thriving,23.2,36.2,62.5,69.0
FX-2039,Goldfan Ginko,Cragside,Thriving,35.4,13.3,53.3,67.3
FX-2040,Ironcrown Oak,Hollowdeep,Thriving,24.7,32.4,58.2,63.1
FX-2041,Ghostplane,Sunspire Heights,Thriving,24.4,34.8,62.0,52.3
FX-2042,Glasszelkova,Sunspire Heights,Thriving,35.6,5.4,53.5,48.7
FX-2043,Goldfan Ginko,Hollowdeep,Thriving,27.9,13.1,62.4,62.1
FX-2044,Duskmaple,Cragside,Radiant,23.9,23.1,87.9,75.5
FX-2045,Bloomspire,Mistfen Reach,Thriving,18.3,37.8,66.8,61.5
FX-2046,Coralmaple,Cragside,Thriving,33.8,20.3,61.3,70.7
FX-2047,Verdant Ash,Mistfen Reach,Radiant,16.5,20.4,79.4,52.3
FX-2048,Thornlace,Sunspire Heights,Radiant,18.2,17.0,76.5,57.4
FX-2049,Palepear,Cragside,Thriving,12.6,11.8,61.0,47.1
FX-2050,Glasszelkova,Mistfen Reach,Radiant,26.9,3.8,77.4,47.7
FX-2051,Duskmaple,Hollowdeep,Radiant,14.1,29.9,79.3,62.2
FX-2052,Thornlace,Sunspire Heights,Thriving,18.5,10.7,53.4,53.8
FX-2053,Thornlace,Sunspire Heights,Thriving,21.3,12.8,49.8,53.0
FX-2054,Ghostplane,Sunspire Heights,Radiant,22.3,32.3,80.0,52.4
FX-2055,Palepear,Mistfen Reach,Waning,13.9,3.5,30.8,44.8
FX-2056,Ironcrown Oak,Hollowdeep,Thriving,21.2,29.6,46.7,59.2
FX-2057,Goldfan Ginko,Mistfen Reach,Thriving,32.6,17.0,51.4,68.2
FX-2058,Glasszelkova,Sunspire Heights,Thriving,37.3,13.8,59.3,49.9
FX-2059,Thornlace,Sunspire Heights,Waning,22.2,14.3,20.8,53.3
FX-2060,Glasszelkova,Mistfen Reach,Radiant,28.8,15.8,84.1,48.2
FX-2061,Thornlace,Sunspire Heights,Waning,17.6,11.5,34.7,51.4
FX-2062,Verdant Ash,Sunspire Heights,Thriving,24.4,22.5,61.5,60.7
FX-2063,Emberoak,Mistfen Reach,Waning,29.4,28.8,28.6,67.0
FX-2064,Duskmaple,Cragside,Thriving,21.0,26.9,57.5,70.5
FX-2065,Glasszelkova,Mistfen Reach,Radiant,26.7,11.4,86.5,46.6
FX-2066,Thornlace,Sunspire Heights,Thriving,19.5,10.9,52.0,53.5
FX-2067,Ironcrown Oak,Cragside,Radiant,26.9,31.7,79.6,69.1
FX-2068,Verdant Ash,Hollowdeep,Thriving,16.5,16.2,68.1,47.6
FX-2069,Verdant Ash,Sunspire Heights,Thriving,22.6,15.4,48.3,50.7
FX-2070,Goldfan Ginko,Hollowdeep,Thriving,27.1,20.0,53.7,60.9
FX-2071,Duskmaple,Mistfen Reach,Thriving,15.1,23.4,56.2,69.3
FX-2072,Emberoak,Hollowdeep,Radiant,19.0,25.4,87.9,62.4
FX-2073,Whispering Linden,Sunspire Heights,Thriving,29.4,13.7,56.9,53.1
FX-2074,Emberoak,Mistfen Reach,Radiant,29.8,24.8,86.8,60.9
FX-2075,Whispering Linden,Mistfen Reach,Thriving,26.4,17.7,53.9,46.2
FX-2076,Coralmaple,Hollowdeep,Thriving,20.4,16.1,70.2,60.9
FX-2077,Duskmaple,Cragside,Thriving,24.3,21.7,60.8,70.1
FX-2078,Duskmaple,Cragside,Radiant,19.5,24.5,77.1,73.7
FX-2079,Duskmaple,Cragside,Waning,21.0,22.5,26.5,68.9
FX-2080,Emberoak,Sunspire Heights,Thriving,29.4,28.7,55.5,78.2
FX-2081,Ghostplane,Mistfen Reach,Radiant,17.7,34.4,71.2,45.6
FX-2082,Bloomspire,Sunspire Heights,Thriving,31.8,41.6,63.0,73.1
FX-2083,Glasszelkova,Mistfen Reach,Waning,25.8,11.8,32.5,42.1
FX-2084,Bloomspire,Hollowdeep,Thriving,15.7,43.5,57.2,66.8
FX-2085,Thornlace,Mistfen Reach,Thriving,13.4,14.3,42.2,42.9
FX-2086,Thornlace,Sunspire Heights,Thriving,23.9,9.9,62.0,49.7
FX-2087,Duskmaple,Cragside,Thriving,25.2,19.3,57.2,66.6
FX-2088,Duskmaple,Mistfen Reach,Thriving,15.4,24.0,57.2,64.0
FX-2089,Ghostplane,Sunspire Heights,Radiant,27.8,33.3,85.8,55.9
FX-2090,Ghostplane,Sunspire Heights,Thriving,26.2,29.5,51.5,55.8
FX-2091,Ghostplane,Mistfen Reach,Thriving,22.5,33.1,58.5,42.5
FX-2092,Bloomspire,Mistfen Reach,Waning,16.4,33.8,27.6,64.8
FX-2093,Glasszelkova,Cragside,Thriving,31.9,7.8,55.0,46.6
FX-2094,Emberoak,Mistfen Reach,Thriving,27.5,25.4,49.3,62.6
FX-2095,Coralmaple,Sunspire Heights,Waning,30.6,19.9,28.9,73.5
FX-2096,Goldfan Ginko,Cragside,Radiant,38.1,11.0,78.6,77.4
FX-2097,Thornlace,Cragside,Waning,18.2,6.1,23.2,53.9
FX-2098,Thornlace,Mistfen Reach,Thriving,9.0,11.0,48.3,44.3
FX-2099,Ironcrown Oak,Cragside,Radiant,25.4,33.6,88.6,66.6
FX-2100,Whispering Linden,Mistfen Reach,Waning,26.0,21.2,30.7,47.7
FX-2101,Coralmaple,Cragside,Radiant,29.4,28.1,75.4,67.1
FX-2102,Ghostplane,Mistfen Reach,Thriving,19.0,28.3,57.7,41.9
FX-2103,Ironcrown Oak,Hollowdeep,Thriving,23.1,34.2,57.4,65.8
FX-2104,Whispering Linden,Sunspire Heights,Thriving,28.7,13.3,50.4,56.0
FX-2105,Duskmaple,Cragside,Radiant,19.7,23.1,73.9,66.1
FX-2106,Whispering Linden,Sunspire Heights,Thriving,34.5,16.8,56.1,54.6
FX-2107,Goldfan Ginko,Mistfen Reach,Thriving,35.8,16.0,55.4,67.9
FX-2108,Duskmaple,Mistfen Reach,Thriving,18.5,23.3,49.5,68.4
FX-2109,Duskmaple,Hollowdeep,Radiant,14.2,26.3,85.0,65.6
FX-2110,Duskmaple,Mistfen Reach,Thriving,18.3,23.9,48.6,65.5
FX-2111,Palepear,Sunspire Heights,Thriving,17.1,9.1,54.5,47.5
FX-2112,Duskmaple,Mistfen Reach,Radiant,16.8,21.4,78.1,65.0
FX-2113,Goldfan Ginko,Mistfen Reach,Husk,34.6,9.6,5.0,63.5
FX-2114,Glasszelkova,Hollowdeep,Thriving,23.2,10.4,48.8,36.8
FX-2115,Duskmaple,Cragside,Waning,24.0,22.1,30.0,68.4
FX-2116,Whispering Linden,Sunspire Heights,Thriving,34.6,17.8,51.6,51.8
FX-2117,Duskmaple,Cragside,Thriving,15.3,17.5,56.2,67.8
FX-2118,Emberoak,Mistfen Reach,Thriving,28.8,25.1,61.3,60.8
FX-2119,Coralmaple,Mistfen Reach,Husk,26.3,21.8,0.0,54.5
FX-2120,Goldfan Ginko,Cragside,Waning,36.3,9.5,31.8,68.8
FX-2121,Bloomspire,Sunspire Heights,Thriving,22.0,38.8,55.2,73.8
FX-2122,Verdant Ash,Hollowdeep,Thriving,14.7,12.7,53.0,46.4
FX-2123,Ghostplane,Mistfen Reach,Thriving,19.1,35.9,48.4,41.7
FX-2124,Duskmaple,Cragside,Radiant,17.4,24.4,82.3,65.9
FX-2125,Whispering Linden,Mistfen Reach,Thriving,27.9,20.5,56.4,39.7
FX-2126,Thornlace,Sunspire Heights,Thriving,14.9,20.2,48.8,50.7
FX-2127,Duskmaple,Mistfen Reach,Thriving,16.3,26.7,54.5,64.8
FX-2128,Goldfan Ginko,Cragside,Waning,31.5,11.2,38.6,70.8
FX-2129,Ironcrown Oak,Cragside,Husk,24.1,31.0,0.0,63.3
FX-2130,Coralmaple,Mistfen Reach,Thriving,30.5,17.4,62.8,68.0
FX-2131,Whispering Linden,Sunspire Heights,Radiant,26.1,19.0,80.9,53.2
FX-2132,Emberoak,Mistfen Reach,Husk,22.4,25.5,2.9,62.8
FX-2133,Thornlace,Mistfen Reach,Waning,16.8,16.5,27.3,44.1
FX-2134,Duskmaple,Mistfen Reach,Radiant,12.7,21.0,87.9,71.8
FX-2135,Palepear,Sunspire Heights,Thriving,18.0,10.9,57.1,51.3
FX-2136,Palepear,Hollowdeep,Thriving,8.9,5.1,60.0,39.7
FX-2137,Thornlace,Mistfen Reach,Thriving,14.0,12.5,60.2,45.5
FX-2138,Thornlace,Sunspire Heights,Thriving,23.7,16.0,49.7,47.6
FX-2139,Thornlace,Hollowdeep,Thriving,10.4,15.9,50.9,43.3
FX-2140,Thornlace,Sunspire Heights,Radiant,21.5,9.6,92.9,62.0
FX-2141,Verdant Ash,Sunspire Heights,Thriving,21.9,20.5,54.0,57.8
FX-2142,Ghostplane,Mistfen Reach,Thriving,14.1,30.5,51.5,45.2
FX-2143,Whispering Linden,Sunspire Heights,Thriving,31.5,16.8,54.8,56.6
FX-2144,Emberoak,Mistfen Reach,Husk,28.3,24.5,0.0,65.7
FX-2145,Glasszelkova,Hollowdeep,Thriving,22.7,13.2,57.0,47.0
FX-2146,Palepear,Mistfen Reach,Thriving,9.9,9.0,53.2,46.2
FX-2147,Goldfan Ginko,Hollowdeep,Waning,27.2,13.7,37.3,61.3
FX-2148,Goldfan Ginko,Cragside,Radiant,32.3,14.7,81.3,71.5
FX-2149,Palepear,Sunspire Heights,Radiant,17.0,9.6,77.6,57.7
FX-2150,Duskmaple,Cragside,Waning,24.1,24.2,31.7,65.2
FX-2151,Thornlace,Sunspire Heights,Waning,17.6,10.1,36.1,50.9
FX-2152,Emberoak,Cragside,Thriving,25.3,24.3,59.7,73.6
FX-2153,Verdant Ash,Sunspire Heights,Waning,20.2,22.5,28.7,50.5
FX-2154,Bloomspire,Hollowdeep,Waning,19.1,35.6,28.9,61.3
FX-2155,Goldfan Ginko,Cragside,Thriving,36.5,15.0,43.5,68.6
FX-2156,Verdant Ash,Sunspire Heights,Thriving,22.7,21.8,59.3,61.0
FX-2157,Emberoak,Cragside,Thriving,33.2,29.6,54.7,66.6
FX-2158,Duskmaple,Cragside,Waning,21.9,25.3,27.9,64.5
FX-2159,Goldfan Ginko,Cragside,Husk,34.4,13.3,8.8,68.9
FX-2160,Bloomspire,Mistfen Reach,Thriving,21.1,33.6,59.2,59.8
FX-2161,Palepear,Mistfen Reach,Waning,10.5,4.4,35.4,45.7
FX-2162,Verdant Ash,Mistfen Reach,Thriving,15.8,19.2,58.7,44.9
FX-2163,Thornlace,Hollowdeep,Waning,12.8,10.5,34.9,41.2
FX-2164,Thornlace,Mistfen Reach,Thriving,17.5,13.8,57.0,49.3
FX-2165,Ghostplane,Mistfen Reach,Thriving,15.0,35.1,58.9,45.3
FX-2166,Ironcrown Oak,Mistfen Reach,Radiant,21.3,32.5,87.4,63.2
FX-2167,Verdant Ash,Sunspire Heights,Radiant,21.7,24.7,80.9,55.4
FX-2168,Bloomspire,Cragside,Thriving,21.2,38.9,47.3,65.6
FX-2169,Thornlace,Hollowdeep,Thriving,15.3,17.8,58.9,40.1
FX-2170,Coralmaple,Hollowdeep,Thriving,27.1,22.1,61.3,64.0
FX-2171,Ghostplane,Sunspire Heights,Waning,22.0,33.9,28.9,50.6
FX-2172,Ghostplane,Hollowdeep,Thriving,18.6,34.0,59.2,37.0
FX-2173,Thornlace,Sunspire Heights,Thriving,18.1,12.6,56.4,55.3
FX-2174,Whispering Linden,Sunspire Heights,Waning,27.9,15.2,22.5,58.2
FX-2175,Bloomspire,Cragside,Waning,22.5,39.8,33.9,68.8
FX-2176,Ghostplane,Sunspire Heights,Radiant,25.7,36.7,76.9,56.4
FX-2177,Emberoak,Sunspire Heights,Waning,38.2,30.7,37.4,72.2
FX-2178,Ironcrown Oak,Cragside,Thriving,24.0,26.6,48.3,70.2
FX-2179,Emberoak,Mistfen Reach,Thriving,25.2,27.2,47.3,64.6
FX-2180,Palepear,Mistfen Reach,Thriving,14.1,13.0,48.3,46.1
FX-2181,Glasszelkova,Sunspire Heights,Thriving,28.3,6.7,53.3,56.3
FX-2182,Glasszelkova,Sunspire Heights,Waning,32.5,10.9,38.1,51.0
FX-2183,Duskmaple,Cragside,Radiant,19.0,22.6,77.5,69.6
FX-2184,Emberoak,Mistfen Reach,Radiant,22.4,31.3,81.1,68.7
FX-2185,Ironcrown Oak,Sunspire Heights,Radiant,26.5,30.2,88.5,73.3
FX-2186,Palepear,Mistfen Reach,Thriving,10.3,6.6,51.3,45.5
FX-2187,Thornlace,Sunspire Heights,Radiant,20.5,15.7,78.7,57.7
FX-2188,Ghostplane,Mistfen Reach,Thriving,22.5,34.0,66.2,44.9
FX-2189,Coralmaple,Mistfen Reach,Thriving,30.7,16.1,58.1,70.0
FX-2190,Goldfan Ginko,Mistfen Reach,Radiant,38.5,14.2,83.4,70.8
FX-2191,Verdant Ash,Mistfen Reach,Thriving,22.1,16.9,59.1,42.5
FX-2192,Verdant Ash,Hollowdeep,Waning,17.1,15.4,23.6,38.0
FX-2193,Verdant Ash,Mistfen Reach,Waning,16.7,14.1,31.4,46.0
FX-2194,Ghostplane,Sunspire Heights,Thriving,26.7,29.5,60.5,49.7
FX-2195,Ironcrown Oak,Mistfen Reach,Radiant,24.7,31.9,78.1,67.9
FX-2196,Thornlace,Mistfen Reach,Waning,12.0,7.6,24.2,35.6
FX-2197,Coralmaple,Sunspire Heights,Thriving,35.9,26.7,46.5,72.1
FX-2198,Ghostplane,Hollowdeep,Thriving,17.3,31.2,61.2,42.5
FX-2199,Emberoak,Hollowdeep,Thriving,21.9,32.0,56.4,67.7
FX-2200,Ghostplane,Sunspire Heights,Radiant,27.6,34.9,85.5,56.0
FX-2201,Thornlace,Sunspire Heights,Thriving,13.6,11.5,57.4,55.7
FX-2202,Palepear,Sunspire Heights,Radiant,12.8,7.1,86.9,55.9
FX-2203,Verdant Ash,Sunspire Heights,Thriving,18.2,22.1,44.5,55.9
FX-2204,Verdant Ash,Mistfen Reach,Waning,17.3,21.5,37.4,40.8
FX-2205,Duskmaple,Cragside,Thriving,19.7,24.5,58.1,69.2
FX-2206,Thornlace,Sunspire Heights,Thriving,18.2,10.4,47.4,55.9
FX-2207,Verdant Ash,Mistfen Reach,Thriving,14.5,22.7,47.0,50.4
FX-2208,Whispering Linden,Mistfen Reach,Thriving,21.3,16.6,48.6,43.2
FX-2209,Ghostplane,Mistfen Reach,Thriving,26.8,32.3,43.2,44.8
FX-2210,Glasszelkova,Mistfen Reach,Radiant,28.3,17.5,88.9,45.3
FX-2211,Coralmaple,Mistfen Reach,Waning,28.7,16.6,33.3,59.1
FX-2212,Ghostplane,Hollowdeep,Thriving,19.2,34.9,50.1,47.6
FX-2213,Bloomspire,Mistfen Reach,Thriving,15.4,34.5,55.9,67.8
FX-2214,Whispering Linden,Sunspire Heights,Thriving,31.5,19.9,52.9,48.8
FX-2215,Duskmaple,Sunspire Heights,Waning,21.3,22.3,21.3,72.3
FX-2216,Whispering Linden,Sunspire Heights,Thriving,31.4,16.1,53.3,54.2
FX-2217,Ironcrown Oak,Hollowdeep,Waning,24.0,29.9,35.4,61.5
FX-2218,Glasszelkova,Sunspire Heights,Thriving,32.5,10.9,52.2,53.1
FX-2219,Coralmaple,Hollowdeep,Thriving,28.3,18.4,50.5,64.3
FX-2220,Whispering Linden,Mistfen Reach,Radiant,22.7,20.9,62.0,53.2
FX-2221,Duskmaple,Mistfen Reach,Thriving,15.7,24.4,69.7,67.0
FX-2222,Glasszelkova,Sunspire Heights,Radiant,31.4,3.0,74.9,58.1
FX-2223,Bloomspire,Cragside,Radiant,22.6,36.1,81.7,69.6
FX-2224,Duskmaple,Mistfen Reach,Radiant,16.7,19.8,84.4,66.2
FX-2225,Ghostplane,Mistfen Reach,Radiant,18.9,31.6,76.3,45.6
FX-2226,Ghostplane,Mistfen Reach,Radiant,18.1,30.0,76.1,47.7
FX-2227,Verdant Ash,Mistfen Reach,Radiant,19.3,17.0,91.2,45.0
FX-2228,Emberoak,Cragside,Thriving,31.3,31.2,60.5,68.5
FX-2229,Emberoak,Mistfen Reach,Thriving,23.8,25.9,54.1,61.0
FX-2230,Thornlace,Sunspire Heights,Thriving,20.3,13.1,49.0,49.4
FX-2231,Thornlace,Hollowdeep,Radiant,13.4,8.8,84.1,41.9
FX-2232,Duskmaple,Sunspire Heights,Radiant,23.4,19.5,81.7,78.5
FX-2233,Duskmaple,Cragside,Thriving,20.4,24.3,46.8,70.0
FX-2234,Verdant Ash,Mistfen Reach,Thriving,14.7,18.8,39.0,38.2
FX-2235,Bloomspire,Mistfen Reach,Husk,23.8,33.4,4.7,63.8
FX-2236,Thornlace,Hollowdeep,Radiant,15.8,12.4,75.2,50.5
FX-2237,Duskmaple,Cragside,Radiant,16.2,21.7,82.7,65.8
FX-2238,Whispering Linden,Mistfen Reach,Thriving,29.5,19.9,55.0,42.7
FX-2239,Verdant Ash,Sunspire Heights,Thriving,24.9,20.2,62.1,58.0
FX-2240,Thornlace,Mistfen Reach,Thriving,14.1,10.5,63.5,45.8
FX-2241,Glasszelkova,Sunspire Heights,Thriving,36.1,10.9,55.8,54.0
FX-2242,Ironcrown Oak,Mistfen Reach,Waning,24.1,29.1,21.3,64.4
FX-2243,Ghostplane,Mistfen Reach,Waning,25.0,31.9,35.3,46.8
FX-2244,Palepear,Sunspire Heights,Thriving,18.2,7.9,67.3,53.6
FX-2245,Thornlace,Mistfen Reach,Thriving,18.8,10.9,54.8,45.8
FX-2246,Duskmaple,Hollowdeep,Thriving,19.5,25.1,48.6,63.0
FX-2247,Ironcrown Oak,Mistfen Reach,Thriving,22.8,30.8,64.7,64.1
FX-2248,Coralmaple,Mistfen Reach,Thriving,28.6,22.6,50.5,64.2
FX-2249,Coralmaple,Mistfen Reach,Thriving,28.1,22.7,53.1,63.4
FX-2250,Ghostplane,Hollowdeep,Waning,18.5,30.9,40.9,41.2
FX-2251,Bloomspire,Sunspire Heights,Thriving,22.9,33.9,55.0,72.2
FX-2252,Goldfan Ginko,Cragside,Waning,34.2,14.8,28.8,68.4
FX-2253,Bloomspire,Mistfen Reach,Thriving,21.9,32.9,51.6,61.9
FX-2254,Glasszelkova,Sunspire Heights,Thriving,34.9,11.1,62.9,56.6
FX-2255,Coralmaple,Sunspire Heights,Radiant,37.6,20.5,76.5,74.5
FX-2256,Ghostplane,Sunspire Heights,Husk,22.0,28.6,0.0,50.2
FX-2257,Palepear,Sunspire Heights,Radiant,19.7,8.2,86.2,55.8
FX-2258,Verdant Ash,Cragside,Radiant,18.1,14.8,83.0,48.4
FX-2259,Ironcrown Oak,Cragside,Waning,25.3,35.5,32.4,69.6
FX-2260,Ironcrown Oak,Mistfen Reach,Waning,22.5,27.1,29.3,66.3
FX-2261,Coralmaple,Mistfen Reach,Radiant,28.4,22.0,86.8,64.7
FX-2262,Coralmaple,Hollowdeep,Thriving,26.6,22.7,56.8,59.7
FX-2263,Ironcrown Oak,Hollowdeep,Thriving,18.2,29.5,62.3,59.4
FX-2264,Coralmaple,Mistfen Reach,Thriving,28.2,21.5,51.6,68.6
FX-2265,Thornlace,Hollowdeep,Thriving,16.5,11.0,42.0,47.2
FX-2266,Ghostplane,Sunspire Heights,Thriving,23.8,35.1,52.4,53.5
FX-2267,Glasszelkova,Cragside,Waning,29.5,9.2,34.1,52.4
FX-2268,Ghostplane,Sunspire Heights,Radiant,23.1,35.2,89.0,53.6
FX-2269,Glasszelkova,Sunspire Heights,Thriving,31.5,18.3,41.9,61.2
FX-2270,Ironcrown Oak,Cragside,Thriving,26.4,29.9,57.5,68.6
FX-2271,Bloomspire,Mistfen Reach,Waning,22.9,34.4,17.7,62.0
FX-2272,Glasszelkova,Hollowdeep,Thriving,28.9,8.0,53.6,42.5
FX-2273,Verdant Ash,Mistfen Reach,Thriving,20.7,15.8,58.1,43.7
FX-2274,Ironcrown Oak,Hollowdeep,Waning,23.0,36.3,29.6,63.6
FX-2275,Ironcrown Oak,Mistfen Reach,Thriving,24.8,33.5,58.5,68.0
FX-2276,Bloomspire,Cragside,Thriving,25.8,36.0,68.0,66.2
FX-2277,Duskmaple,Mistfen Reach,Thriving,19.2,26.0,59.1,61.6
FX-2278,Glasszelkova,Mistfen Reach,Thriving,29.6,6.5,62.4,42.7
FX-2279,Verdant Ash,Sunspire Heights,Thriving,21.7,17.6,54.3,47.0
FX-2280,Whispering Linden,Mistfen Reach,Thriving,23.2,13.2,55.1,45.4
FX-2281,Verdant Ash,Sunspire Heights,Radiant,20.2,17.7,77.0,55.9
FX-2282,Glasszelkova,Sunspire Heights,Thriving,30.4,14.9,69.8,55.4
FX-2283,Whispering Linden,Mistfen Reach,Thriving,25.4,23.3,53.1,44.4
FX-2284,Thornlace,Mistfen Reach,Thriving,20.3,18.6,52.1,43.4
FX-2285,Ghostplane,Hollowdeep,Thriving,17.8,28.8,53.3,44.5
FX-2286,Thornlace,Mistfen Reach,Radiant,10.3,11.7,74.7,48.7
FX-2287,Bloomspire,Mistfen Reach,Thriving,20.1,38.0,50.3,64.8
FX-2288,Glasszelkova,Sunspire Heights,Waning,35.1,5.7,26.9,57.3
FX-2289,Duskmaple,Mistfen Reach,Thriving,18.1,27.2,49.3,66.0
FX-2290,Bloomspire,Cragside,Thriving,18.3,30.9,56.0,72.9
FX-2291,Coralmaple,Cragside,Thriving,30.0,19.0,52.4,74.7
FX-2292,Whispering Linden,Sunspire Heights,Thriving,31.1,10.6,50.4,59.6
FX-2293,Palepear,Hollowdeep,Waning,7.1,8.8,30.9,38.5
FX-2294,Palepear,Mistfen Reach,Radiant,11.9,8.9,78.1,43.6
FX-2295,Glasszelkova,Sunspire Heights,Radiant,34.8,13.0,79.7,54.7
FX-2296,Duskmaple,Hollowdeep,Husk,17.1,24.2,6.2,62.1
FX-2297,Glasszelkova,Sunspire Heights,Thriving,34.2,14.5,58.0,52.4
FX-2298,Ironcrown Oak,Sunspire Heights,Waning,30.4,27.4,24.4,70.8
FX-2299,Palepear,Hollowdeep,Thriving,13.6,6.4,49.1,43.7
FX-2300,Emberoak,Cragside,Thriving,22.7,24.4,61.8,68.0
FX-2301,Verdant Ash,Mistfen Reach,Thriving,16.1,18.8,44.8,44.9
FX-2302,Whispering Linden,Sunspire Heights,Thriving,32.0,17.3,70.2,49.4
FX-2303,Glasszelkova,Hollowdeep,Thriving,25.7,10.5,54.0,45.6
FX-2304,Ironcrown Oak,Mistfen Reach,Thriving,23.6,26.6,59.7,64.6
FX-2305,Glasszelkova,Mistfen Reach,Radiant,23.5,11.9,77.7,42.6
FX-2306,Ironcrown Oak,Mistfen Reach,Thriving,24.5,27.5,53.3,64.1
FX-2307,Thornlace,Mistfen Reach,Waning,16.2,9.1,34.6,48.4
FX-2308,Ghostplane,Sunspire Heights,Thriving,24.9,30.0,48.6,52.1
FX-2309,Glasszelkova,Mistfen Reach,Radiant,29.0,9.4,77.9,47.1
FX-2310,Thornlace,Mistfen Reach,Waning,11.3,12.7,46.3,44.1
FX-2311,Emberoak,Mistfen Reach,Waning,25.1,28.1,27.3,64.5
FX-2312,Duskmaple,Mistfen Reach,Thriving,18.2,23.5,55.2,68.3
FX-2313,Glasszelkova,Sunspire Heights,Waning,28.7,11.8,32.3,55.5
FX-2314,Palepear,Mistfen Reach,Radiant,12.9,12.1,78.0,43.2
FX-2315,Emberoak,Sunspire Heights,Thriving,28.5,27.1,55.6,74.8
FX-2316,Palepear,Sunspire Heights,Thriving,16.9,9.7,52.5,48.5
FX-2317,Thornlace,Mistfen Reach,Husk,14.9,8.3,4.9,42.8
FX-2318,Verdant Ash,Mistfen Reach,Thriving,13.5,13.2,52.8,42.4
FX-2319,Verdant Ash,Sunspire Heights,Waning,19.7,15.0,21.8,52.2
FX-2320,Goldfan Ginko,Mistfen Reach,Waning,38.6,10.4,32.4,62.6
FX-2321,Whispering Linden,Sunspire Heights,Radiant,31.4,18.6,77.8,55.3
FX-2322,Goldfan Ginko,Mistfen Reach,Radiant,36.1,15.9,84.2,61.9
FX-2323,Palepear,Hollowdeep,Waning,11.1,5.6,41.0,38.0
FX-2324,Palepear,Sunspire Heights,Radiant,19.4,11.4,82.5,56.2
FX-2325,Ghostplane,Hollowdeep,Radiant,13.8,34.5,63.8,49.6
FX-2326,Ironcrown Oak,Hollowdeep,Thriving,23.8,30.0,64.9,61.2
FX-2327,Goldfan Ginko,Mistfen Reach,Thriving,28.1,18.1,48.8,61.7
FX-2328,Coralmaple,Mistfen Reach,Thriving,30.8,19.8,53.3,64.3
FX-2329,Coralmaple,Mistfen Reach,Thriving,27.7,22.6,50.5,68.8
FX-2330,Palepear,Hollowdeep,Thriving,9.7,14.8,51.8,42.0
FX-2331,Emberoak,Cragside,Thriving,27.5,27.3,49.7,67.1
FX-2332,Ghostplane,Mistfen Reach,Radiant,16.0,31.3,75.1,50.3
FX-2333,Duskmaple,Mistfen Reach,Thriving,16.7,19.7,57.1,64.5
FX-2334,Verdant Ash,Mistfen Reach,Thriving,17.9,13.5,62.9,44.2
FX-2335,Goldfan Ginko,Hollowdeep,Radiant,29.5,15.5,69.0,61.0
FX-2336,Duskmaple,Cragside,Thriving,21.7,27.6,65.0,68.8
FX-2337,Duskmaple,Cragside,Waning,18.5,19.9,23.6,61.8
FX-2338,Verdant Ash,Mistfen Reach,Thriving,18.5,19.7,47.7,40.3
FX-2339,Whispering Linden,Sunspire Heights,Thriving,31.0,16.9,58.9,50.8
FX-2340,Coralmaple,Mistfen Reach,Radiant,31.2,16.3,89.0,68.0
FX-2341,Duskmaple,Cragside,Thriving,20.7,26.8,57.5,63.1
FX-2342,Whispering Linden,Sunspire Heights,Thriving,30.1,17.4,60.7,53.0
FX-2343,Emberoak,Hollowdeep,Radiant,24.6,29.6,82.8,63.6
FX-2344,Goldfan Ginko,Hollowdeep,Radiant,32.2,16.2,80.3,58.4
FX-2345,Whispering Linden,Sunspire Heights,Thriving,32.4,23.7,60.6,46.8
FX-2346,Thornlace,Hollowdeep,Radiant,12.0,13.1,72.7,40.4
FX-2347,Whispering Linden,Hollowdeep,Waning,20.7,13.7,38.6,42.5
FX-2348,Thornlace,Sunspire Heights,Radiant,13.3,10.7,72.2,57.0
FX-2349,Goldfan Ginko,Mistfen Reach,Thriving,33.1,22.0,55.8,62.5
FX-2350,Glasszelkova,Sunspire Heights,Thriving,35.3,9.3,52.1,57.1
FX-2351,Palepear,Sunspire Heights,Radiant,22.1,9.8,74.5,56.2
FX-2352,Ironcrown Oak,Mistfen Reach,Thriving,27.6,29.0,59.1,69.8
FX-2353,Ironcrown Oak,Sunspire Heights,Waning,30.1,32.0,27.2,74.6
FX-2354,Ghostplane,Sunspire Heights,Thriving,27.2,34.3,49.0,51.9
FX-2355,Verdant Ash,Sunspire Heights,Thriving,22.4,24.7,48.9,52.4
FX-2356,Glasszelkova,Sunspire Heights,Thriving,31.2,6.2,55.1,58.7
FX-2357,Whispering Linden,Hollowdeep,Thriving,24.1,21.2,52.2,44.8
FX-2358,Palepear,Sunspire Heights,Waning,18.5,8.3,47.1,54.2
FX-2359,Verdant Ash,Mistfen Reach,Waning,14.2,17.6,37.5,45.6
FX-2360,Whispering Linden,Sunspire Heights,Waning,33.0,17.8,35.2,50.1
FX-2361,Glasszelkova,Sunspire Heights,Thriving,35.7,6.2,48.8,53.3
FX-2362,Duskmaple,Hollowdeep,Thriving,14.9,27.6,58.5,63.7
FX-2363,Bloomspire,Mistfen Reach,Thriving,18.5,32.7,54.5,63.8
FX-2364,Emberoak,Mistfen Reach,Radiant,26.1,24.8,66.3,65.5
FX-2365,Ironcrown Oak,Mistfen Reach,Thriving,24.9,29.1,58.8,57.5
FX-2366,Emberoak,Cragside,Thriving,30.6,32.2,50.3,69.8
FX-2367,Ironcrown Oak,Mistfen Reach,Thriving,26.3,27.3,55.2,58.1
FX-2368,Duskmaple,Cragside,Waning,20.0,22.7,40.6,68.2
FX-2369,Whispering Linden,Sunspire Heights,Radiant,30.1,14.8,83.5,53.9
FX-2370,Ghostplane,Mistfen Reach,Radiant,19.1,30.4,77.7,47.0
FX-2371,Glasszelkova,Hollowdeep,Waning,23.5,10.3,30.0,35.9
FX-2372,Glasszelkova,Sunspire Heights,Waning,29.8,5.7,32.8,50.7
FX-2373,Whispering Linden,Sunspire Heights,Radiant,25.8,17.5,72.4,56.8
FX-2374,Glasszelkova,Sunspire Heights,Thriving,31.4,13.5,58.7,54.7
FX-2375,Duskmaple,Hollowdeep,Thriving,18.2,23.3,54.2,68.3
FX-2376,Bloomspire,Mistfen Reach,Radiant,21.3,31.2,63.4,63.2
FX-2377,Verdant Ash,Hollowdeep,Thriving,16.3,18.2,54.3,38.5
FX-2378,Whispering Linden,Mistfen Reach,Thriving,29.5,13.8,48.7,40.5
FX-2379,Whispering Linden,Sunspire Heights,Waning,30.2,15.2,17.9,53.1
FX-2380,Ghostplane,Mistfen Reach,Thriving,19.0,35.3,53.4,47.4
FX-2381,Ghostplane,Hollowdeep,Thriving,15.3,32.2,48.1,44.4
FX-2382,Coralmaple,Cragside,Thriving,34.6,24.1,45.9,67.0
FX-2383,Goldfan Ginko,Mistfen Reach,Radiant,32.6,19.4,83.8,70.2
FX-2384,Thornlace,Mistfen Reach,Thriving,13.7,10.9,56.0,39.7
FX-2385,Duskmaple,Cragside,Waning,21.0,21.7,25.2,71.2
FX-2386,Coralmaple,Mistfen Reach,Waning,30.4,20.5,19.8,60.9
FX-2387,Palepear,Sunspire Heights,Radiant,21.0,13.2,72.2,57.2
FX-2388,Thornlace,Sunspire Heights,Thriving,19.5,13.0,52.4,57.1
FX-2389,Bloomspire,Mistfen Reach,Thriving,22.7,38.4,51.1,71.3
FX-2390,Duskmaple,Mistfen Reach,Radiant,20.4,21.3,92.2,67.2
FX-2391,Glasszelkova,Hollowdeep,Thriving,28.9,8.2,54.3,36.2
FX-2392,Glasszelkova,Mistfen Reach,Radiant,27.7,6.6,73.8,47.1
FX-2393,Palepear,Hollowdeep,Thriving,7.1,10.4,54.2,41.8
FX-2394,Ironcrown Oak,Cragside,Waning,26.3,28.3,29.7,69.0
FX-2395,Whispering Linden,Sunspire Heights,Waning,31.5,20.8,31.6,54.4
FX-2396,Glasszelkova,Cragside,Thriving,27.9,11.0,50.6,47.3
FX-2397,Glasszelkova,Sunspire Heights,Thriving,29.0,18.7,53.5,52.4
FX-2398,Ghostplane,Sunspire Heights,Thriving,25.6,26.3,53.8,54.2
FX-2399,Emberoak,Mistfen Reach,Thriving,25.7,27.3,59.7,64.5
FX-2400,Thornlace,Mistfen Reach,Thriving,18.1,11.7,55.7,46.0
FX-2401,Ghostplane,Sunspire Heights,Radiant,24.4,31.6,84.6,55.6
FX-2402,Goldfan Ginko,Mistfen Reach,Thriving,35.4,20.1,59.4,62.9
FX-2403,Thornlace,Sunspire Heights,Waning,17.4,10.9,22.0,53.4
FX-2404,Thornlace,Sunspire Heights,Waning,20.8,11.7,30.8,55.9
FX-2405,Palepear,Sunspire Heights,Waning,21.0,8.7,34.4,48.5
FX-2406,Bloomspire,Cragside,Waning,20.7,33.4,25.5,68.0
FX-2407,Bloomspire,Cragside,Radiant,22.7,33.5,74.3,67.6
FX-2408,Verdant Ash,Sunspire Heights,Radiant,23.5,17.8,77.9,51.6
FX-2409,Verdant Ash,Mistfen Reach,Thriving,17.4,15.0,61.9,45.1
FX-2410,Goldfan Ginko,Hollowdeep,Thriving,30.6,16.9,64.2,59.5
FX-2411,Verdant Ash,Sunspire Heights,Thriving,22.4,21.7,55.4,56.8
FX-2412,Duskmaple,Mistfen Reach,Thriving,17.5,19.1,45.2,65.9
FX-2413,Ironcrown Oak,Hollowdeep,Radiant,19.4,32.5,85.9,62.5
FX-2414,Duskmaple,Mistfen Reach,Thriving,17.1,25.9,57.1,67.2
FX-2415,Palepear,Mistfen Reach,Thriving,16.4,11.1,55.1,47.2
FX-2416,Whispering Linden,Sunspire Heights,Waning,28.1,19.3,24.7,55.5
FX-2417,Bloomspire,Cragside,Radiant,28.2,40.8,76.9,68.4
FX-2418,Bloomspire,Mistfen Reach,Waning,21.1,34.1,24.2,68.8
FX-2419,Coralmaple,Hollowdeep,Radiant,27.3,19.2,77.1,65.2
FX-2420,Thornlace,Mistfen Reach,Thriving,10.6,16.4,52.5,45.0
FX-2421,Ghostplane,Sunspire Heights,Waning,21.7,27.9,36.5,51.2
FX-2422,Glasszelkova,Mistfen Reach,Thriving,28.7,8.3,49.4,40.3
FX-2423,Coralmaple,Cragside,Radiant,33.9,21.5,77.9,69.1
FX-2424,Duskmaple,Mistfen Reach,Thriving,14.2,29.3,61.9,64.5
FX-2425,Coralmaple,Mistfen Reach,Radiant,25.5,24.4,78.9,69.4
FX-2426,Palepear,Sunspire Heights,Thriving,21.1,5.2,50.9,61.8
FX-2427,Ironcrown Oak,Mistfen Reach,Thriving,21.3,31.7,61.0,66.5
FX-2428,Palepear,Mistfen Reach,Radiant,10.1,4.6,83.6,43.2
FX-2429,Palepear,Sunspire Heights,Thriving,17.6,14.1,63.6,56.2
FX-2430,Thornlace,Sunspire Heights,Thriving,17.4,8.5,53.0,46.9
FX-2431,Verdant Ash,Mistfen Reach,Thriving,15.5,20.3,65.0,45.0
FX-2432,Emberoak,Sunspire Heights,Thriving,28.3,28.8,56.2,68.9
FX-2433,Ironcrown Oak,Hollowdeep,Radiant,17.3,36.5,74.9,64.0
FX-2434,Whispering Linden,Mistfen Reach,Radiant,26.8,17.8,69.0,45.3
FX-2435,Ghostplane,Cragside,Thriving,21.2,33.8,54.6,49.2
FX-2436,Coralmaple,Sunspire Heights,Thriving,33.6,22.3,56.8,72.9
FX-2437,Coralmaple,Mistfen Reach,Waning,30.9,21.6,34.4,64.7
FX-2438,Thornlace,Mistfen Reach,Thriving,22.2,14.1,49.0,45.1
FX-2439,Thornlace,Sunspire Heights,Thriving,23.6,13.1,57.5,48.5
FX-2440,Coralmaple,Sunspire Heights,Radiant,33.9,18.2,79.0,77.5
FX-2441,Ironcrown Oak,Hollowdeep,Thriving,23.3,32.3,54.9,67.8
FX-2442,Thornlace,Mistfen Reach,Husk,17.6,14.8,9.8,37.4
FX-2443,Whispering Linden,Mistfen Reach,Thriving,28.3,17.5,52.7,48.4
FX-2444,Goldfan Ginko,Cragside,Waning,35.9,20.3,21.9,68.2
FX-2445,Bloomspire,Cragside,Thriving,24.2,37.5,45.9,64.8
FX-2446,Emberoak,Cragside,Thriving,24.5,23.3,63.7,72.2
FX-2447,Ironcrown Oak,Mistfen Reach,Thriving,22.6,25.5,46.6,67.0
FX-2448,Whispering Linden,Sunspire Heights,Waning,27.9,14.8,31.6,56.8
FX-2449,Ghostplane,Mistfen Reach,Waning,22.4,29.4,21.2,48.8
FX-2450,Goldfan Ginko,Mistfen Reach,Thriving,31.9,17.5,50.4,64.4
FX-2451,Ghostplane,Mistfen Reach,Thriving,17.3,36.5,65.0,50.1
FX-2452,Thornlace,Sunspire Heights,Waning,19.1,15.3,28.5,52.0
FX-2453,Duskmaple,Mistfen Reach,Radiant,19.8,25.7,81.2,67.6
FX-2454,Verdant Ash,Sunspire Heights,Husk,24.5,24.5,7.5,51.1
FX-2455,Ghostplane,Mistfen Reach,Radiant,16.4,34.4,79.6,49.4
FX-2456,Ironcrown Oak,Cragside,Thriving,28.1,34.7,53.8,69.2
FX-2457,Thornlace,Sunspire Heights,Thriving,23.7,14.0,58.5,53.8
FX-2458,Whispering Linden,Sunspire Heights,Radiant,32.0,16.6,84.5,56.8
FX-2459,Thornlace,Mistfen Reach,Thriving,15.4,10.6,49.8,48.6
FX-2460,Emberoak,Cragside,Thriving,25.8,29.3,60.3,70.7
FX-2461,Thornlace,Sunspire Heights,Waning,20.4,12.3,31.5,55.6
FX-2462,Ironcrown Oak,Mistfen Reach,Thriving,25.5,32.0,50.3,65.5
FX-2463,Glasszelkova,Mistfen Reach,Thriving,26.1,11.1,55.2,47.1
FX-2464,Glasszelkova,Mistfen Reach,Thriving,29.5,9.7,60.8,47.1
FX-2465,Bloomspire,Mistfen Reach,Thriving,22.1,38.1,48.0,64.2
FX-2466,Ironcrown Oak,Cragside,Thriving,24.3,29.5,45.4,77.0
FX-2467,Thornlace,Mistfen Reach,Radiant,18.1,6.9,83.4,48.2
FX-2468,Palepear,Sunspire Heights,Thriving,16.3,5.8,52.1,54.8
FX-2469,Goldfan Ginko,Cragside,Radiant,34.0,21.9,74.7,68.0
FX-2470,Duskmaple,Mistfen Reach,Radiant,16.9,25.9,81.3,66.3
FX-2471,Ironcrown Oak,Mistfen Reach,Radiant,23.3,28.6,78.8,69.4
FX-2472,Coralmaple,Cragside,Radiant,29.4,20.3,71.2,70.5
FX-2473,Bloomspire,Mistfen Reach,Thriving,24.8,34.5,63.2,69.4
FX-2474,Verdant Ash,Sunspire Heights,Thriving,19.7,20.1,64.3,57.2
FX-2475,Coralmaple,Cragside,Thriving,30.6,25.9,58.3,70.0
FX-2476,Ironcrown Oak,Mistfen Reach,Waning,22.7,29.9,39.3,58.8
FX-2477,Coralmaple,Cragside,Thriving,29.6,23.1,47.2,66.1
FX-2478,Thornlace,Mistfen Reach,Thriving,17.9,17.8,48.5,48.3
FX-2479,Ghostplane,Mistfen Reach,Thriving,20.0,33.0,55.7,46.4
FX-2480,Glasszelkova,Sunspire Heights,Waning,30.1,12.8,36.8,55.7
FX-2481,Thornlace,Sunspire Heights,Thriving,22.6,10.4,55.6,47.9
FX-2482,Goldfan Ginko,Mistfen Reach,Thriving,34.1,16.0,55.8,66.9
FX-2483,Goldfan Ginko,Mistfen Reach,Husk,26.9,16.9,14.3,61.8
FX-2484,Palepear,Mistfen Reach,Thriving,14.0,11.6,57.4,47.4
FX-2485,Verdant Ash,Sunspire Heights,Radiant,22.6,22.2,81.0,54.0
FX-2486,Duskmaple,Mistfen Reach,Waning,14.2,27.8,28.2,64.3
FX-2487,Whispering Linden,Hollowdeep,Thriving,25.5,14.6,60.9,41.9
FX-2488,Thornlace,Hollowdeep,Thriving,12.3,16.2,61.6,45.2
FX-2489,Palepear,Hollowdeep,Waning,8.4,10.0,34.9,37.6
FX-2490,Goldfan Ginko,Hollowdeep,Thriving,31.3,16.3,51.8,67.5
FX-2491,Goldfan Ginko,Mistfen Reach,Thriving,35.6,16.0,56.2,64.2
FX-2492,Verdant Ash,Mistfen Reach,Radiant,16.7,12.9,82.3,41.4
FX-2493,Duskmaple,Cragside,Thriving,19.3,21.8,52.9,67.4
FX-2494,Whispering Linden,Sunspire Heights,Thriving,30.3,16.4,61.5,53.6
FX-2495,Palepear,Hollowdeep,Radiant,14.8,10.3,79.0,44.8
FX-2496,Palepear,Sunspire Heights,Radiant,14.4,9.3,83.5,57.7
FX-2497,Thornlace,Mistfen Reach,Thriving,16.5,15.8,52.3,47.9
FX-2498,Ironcrown Oak,Mistfen Reach,Thriving,23.8,26.7,51.5,66.4
FX-2499,Emberoak,Mistfen Reach,Thriving,23.2,26.2,52.4,66.9
FX-2500,Bloomspire,Mistfen Reach,Radiant,21.4,38.0,86.9,64.1
FX-2501,Whispering Linden,Sunspire Heights,Radiant,34.7,17.9,89.8,57.6
FX-2502,Duskmaple,Hollowdeep,Waning,16.2,23.9,20.5,60.4
FX-2503,Bloomspire,Mistfen Reach,Thriving,15.7,35.4,53.9,64.0
FX-2504,Bloomspire,Cragside,Radiant,20.8,30.9,83.1,69.2
FX-2505,Coralmaple,Mistfen Reach,Radiant,30.0,22.1,80.5,67.8
FX-2506,Ghostplane,Mistfen Reach,Thriving,17.7,30.6,62.8,41.6
FX-2507,Ghostplane,Sunspire Heights,Radiant,25.9,31.8,74.8,58.9
FX-2508,Glasszelkova,Sunspire Heights,Thriving,31.4,12.8,56.2,52.4
FX-2509,Thornlace,Mistfen Reach,Thriving,17.2,13.0,49.9,48.1
FX-2510,Palepear,Hollowdeep,Waning,11.2,10.8,19.1,41.3
FX-2511,Glasszelkova,Sunspire Heights,Thriving,31.2,9.3,49.2,51.1
FX-2512,Glasszelkova,Hollowdeep,Thriving,25.9,8.2,59.8,42.2
FX-2513,Whispering Linden,Mistfen Reach,Radiant,23.7,15.9,78.3,48.2
FX-2514,Bloomspire,Cragside,Waning,21.7,33.8,20.1,66.6
FX-2515,Glasszelkova,Sunspire Heights,Thriving,30.4,8.5,57.0,57.3
FX-2516,Coralmaple,Sunspire Heights,Husk,30.3,21.4,15.3,70.0
FX-2517,Duskmaple,Mistfen Reach,Radiant,20.5,22.4,86.1,63.0
FX-2518,Ghostplane,Mistfen Reach,Waning,18.4,34.0,27.2,47.1
FX-2519,Palepear,Sunspire Heights,Thriving,15.5,10.2,66.1,54.9
FX-2520,Coralmaple,Mistfen Reach,Waning,25.3,21.2,32.8,62.0
FX-2521,Thornlace,Mistfen Reach,Thriving,15.5,20.3,54.0,49.1
FX-2522,Ironcrown Oak,Cragside,Thriving,31.3,33.4,50.8,68.8
FX-2523,Glasszelkova,Mistfen Reach,Thriving,26.6,8.8,52.9,46.2
FX-2524,Verdant Ash,Hollowdeep,Waning,11.9,16.7,33.7,39.2
FX-2525,Goldfan Ginko,Cragside,Thriving,36.9,11.5,54.3,69.2
FX-2526,Bloomspire,Cragside,Thriving,21.4,35.2,50.9,68.5
FX-2527,Bloomspire,Mistfen Reach,Radiant,21.0,37.9,82.0,65.3
FX-2528,Palepear,Sunspire Heights,Thriving,20.5,12.1,60.7,51.7
FX-2529,Bloomspire,Cragside,Thriving,25.3,33.6,50.3,67.1
FX-2530,Goldfan Ginko,Mistfen Reach,Radiant,33.5,11.9,76.4,64.4
FX-2531,Duskmaple,Cragside,Thriving,18.8,26.7,56.5,65.5
FX-2532,Thornlace,Mistfen Reach,Thriving,17.6,14.2,57.3,47.0
FX-2533,Goldfan Ginko,Cragside,Thriving,38.9,17.5,55.9,67.6
FX-2534,Thornlace,Mistfen Reach,Thriving,16.6,12.6,51.2,45.2
FX-2535,Thornlace,Sunspire Heights,Waning,23.0,14.3,30.4,53.0
FX-2536,Coralmaple,Cragside,Thriving,32.6,24.6,56.9,60.4
FX-2537,Ironcrown Oak,Cragside,Waning,21.4,26.8,31.5,71.8
FX-2538,Coralmaple,Cragside,Thriving,34.0,21.4,62.7,69.0
FX-2539,Coralmaple,Mistfen Reach,Waning,33.2,26.2,22.8,62.9
FX-2540,Goldfan Ginko,Hollowdeep,Waning,29.3,21.3,30.2,65.3
FX-2541,Ironcrown Oak,Mistfen Reach,Radiant,25.4,28.7,72.6,67.7
FX-2542,Emberoak,Mistfen Reach,Thriving,26.3,23.6,48.2,70.2
FX-2543,Ironcrown Oak,Cragside,Thriving,29.5,28.8,56.6,70.1
FX-2544,Thornlace,Mistfen Reach,Thriving,16.1,16.7,55.8,41.7
FX-2545,Whispering Linden,Sunspire Heights,Thriving,27.9,12.5,63.2,54.3
FX-2546,Ghostplane,Sunspire Heights,Thriving,28.2,37.2,56.2,51.6
FX-2547,Verdant Ash,Hollowdeep,Thriving,12.6,15.0,57.2,39.9
FX-2548,Glasszelkova,Mistfen Reach,Thriving,29.8,12.9,54.5,45.7
FX-2549,Ghostplane,Sunspire Heights,Thriving,25.3,29.4,60.8,51.3
FX-2550,Goldfan Ginko,Cragside,Thriving,38.8,12.8,54.1,71.3
FX-2551,Goldfan Ginko,Hollowdeep,Thriving,28.1,17.7,57.5,62.5
FX-2552,Goldfan Ginko,Mistfen Reach,Thriving,31.2,17.8,41.7,59.1
FX-2553,Coralmaple,Sunspire Heights,Thriving,31.3,17.8,47.2,78.3
FX-2554,Palepear,Sunspire Heights,Thriving,13.9,3.1,55.2,56.6
FX-2555,Thornlace,Mistfen Reach,Thriving,17.9,16.8,54.2,50.0
FX-2556,Palepear,Hollowdeep,Waning,6.3,7.2,23.4,41.2
FX-2557,Goldfan Ginko,Hollowdeep,Thriving,33.2,17.0,57.9,64.0
FX-2558,Glasszelkova,Sunspire Heights,Radiant,31.3,11.3,75.7,51.0
FX-2559,Thornlace,Mistfen Reach,Thriving,13.5,12.6,54.3,43.1
FX-2560,Ironcrown Oak,Cragside,Thriving,26.1,31.3,55.3,70.1
FX-2561,Duskmaple,Mistfen Reach,Thriving,14.2,23.6,51.1,64.3
FX-2562,Goldfan Ginko,Mistfen Reach,Thriving,30.5,12.9,51.7,66.7
FX-2563,Duskmaple,Mistfen Reach,Radiant,16.0,21.2,70.4,65.5
FX-2564,Palepear,Mistfen Reach,Thriving,14.0,9.8,56.3,46.0
FX-2565,Whispering Linden,Mistfen Reach,Radiant,25.8,15.5,78.8,48.0
FX-2566,Bloomspire,Sunspire Heights,Waning,24.6,34.2,41.0,73.2
FX-2567,Coralmaple,Mistfen Reach,Radiant,29.7,22.7,79.2,67.0
FX-2568,Ghostplane,Sunspire Heights,Waning,21.7,28.4,22.9,51.2
FX-2569,Palepear,Sunspire Heights,Thriving,17.0,14.1,58.2,55.8
FX-2570,Bloomspire,Mistfen Reach,Waning,22.8,27.1,33.8,65.1
FX-2571,Glasszelkova,Sunspire Heights,Waning,34.7,7.5,28.0,54.7
FX-2572,Ghostplane,Sunspire Heights,Thriving,24.7,37.1,55.6,49.8
FX-2573,Emberoak,Cragside,Thriving,30.1,29.5,60.6,69.0
FX-2574,Ghostplane,Hollowdeep,Thriving,18.0,29.0,52.3,40.2
FX-2575,Goldfan Ginko,Mistfen Reach,Thriving,35.5,14.5,55.4,70.8
FX-2576,Ironcrown Oak,Cragside,Thriving,25.0,31.1,58.1,71.8
FX-2577,Ironcrown Oak,Cragside,Thriving,24.7,32.2,45.3,71.4
FX-2578,Emberoak,Cragside,Husk,27.8,26.4,4.4,66.3
FX-2579,Glasszelkova,Sunspire Heights,Waning,34.3,13.7,35.0,51.3
FX-2580,Glasszelkova,Sunspire Heights,Thriving,32.9,11.6,57.8,52.1
FX-2581,Emberoak,Cragside,Thriving,25.5,28.0,49.7,64.7
FX-2582,Ironcrown Oak,Sunspire Heights,Radiant,29.0,32.8,79.6,77.4
FX-2583,Verdant Ash,Sunspire Heights,Waning,24.6,20.2,23.5,51.4
FX-2584,Whispering Linden,Hollowdeep,Radiant,20.2,15.1,89.2,42.7
FX-2585,Goldfan Ginko,Mistfen Reach,Radiant,27.2,15.9,82.7,71.5
FX-2586,Whispering Linden,Mistfen Reach,Radiant,26.8,22.1,72.2,47.9
FX-2587,Ghostplane,Mistfen Reach,Thriving,22.1,32.8,46.5,42.2
FX-2588,Bloomspire,Mistfen Reach,Thriving,18.0,38.3,56.8,65.4
FX-2589,Goldfan Ginko,Cragside,Thriving,33.9,11.4,54.5,62.1
FX-2590,Palepear,Sunspire Heights,Thriving,17.1,5.5,60.6,53.1
FX-2591,Coralmaple,Cragside,Thriving,33.6,23.2,52.6,65.9
FX-2592,Emberoak,Sunspire Heights,Thriving,33.8,28.8,41.6,71.3
FX-2593,Goldfan Ginko,Cragside,Radiant,31.3,17.0,83.8,63.0
FX-2594,Bloomspire,Sunspire Heights,Waning,26.4,33.5,31.6,75.7
FX-2595,Palepear,Mistfen Reach,Thriving,16.0,11.0,58.3,40.3
FX-2596,Goldfan Ginko,Cragside,Thriving,29.6,14.7,56.1,65.4
FX-2597,Thornlace,Mistfen Reach,Husk,15.3,6.8,2.6,47.1
FX-2598,Bloomspire,Mistfen Reach,Thriving,20.1,35.6,54.0,67.1
FX-2599,Bloomspire,Mistfen Reach,Waning,26.1,39.6,28.9,63.6
FX-2600,Ironcrown Oak,Cragside,Radiant,25.7,34.2,84.2,71.3
FX-2601,Ghostplane,Mistfen Reach,Radiant,15.6,30.6,80.2,51.7
FX-2602,Verdant Ash,Mistfen Reach,Thriving,18.5,16.6,57.6,41.6
FX-2603,Ironcrown Oak,Cragside,Waning,26.6,31.0,27.5,68.7
FX-2604,Bloomspire,Hollowdeep,Thriving,19.2,42.6,45.7,56.3
FX-2605,Ghostplane,Sunspire Heights,Thriving,27.9,33.2,59.6,56.4
FX-2606,Glasszelkova,Sunspire Heights,Thriving,35.6,16.5,53.2,53.8
FX-2607,Emberoak,Cragside,Thriving,30.4,27.5,56.0,72.4
FX-2608,Palepear,Sunspire Heights,Radiant,17.5,4.9,73.4,59.7
FX-2609,Thornlace,Sunspire Heights,Radiant,20.3,9.7,80.8,53.8
FX-2610,Ironcrown Oak,Cragside,Waning,21.4,28.6,31.6,61.6
FX-2611,Coralmaple,Cragside,Radiant,32.0,22.7,81.1,71.9
FX-2612,Emberoak,Cragside,Thriving,25.7,32.3,55.5,64.1
FX-2613,Glasszelkova,Sunspire Heights,Thriving,34.4,8.7,55.3,53.5
FX-2614,Palepear,Sunspire Heights,Waning,18.9,5.7,33.2,55.5
FX-2615,Duskmaple,Hollowdeep,Thriving,16.0,28.2,47.1,57.1
FX-2616,Bloomspire,Mistfen Reach,Thriving,18.4,33.0,52.5,71.2
FX-2617,Ghostplane,Sunspire Heights,Thriving,24.6,34.0,59.5,59.0
FX-2618,Goldfan Ginko,Cragside,Waning,36.9,15.8,26.7,71.6
FX-2619,Thornlace,Mistfen Reach,Thriving,13.4,14.5,54.7,42.0
FX-2620,Emberoak,Hollowdeep,Waning,28.4,28.1,29.1,61.3
FX-2621,Bloomspire,Cragside,Waning,25.2,37.0,28.3,70.7
FX-2622,Palepear,Mistfen Reach,Thriving,13.2,7.2,46.0,44.8
FX-2623,Ironcrown Oak,Mistfen Reach,Waning,25.1,26.9,36.9,70.8
FX-2624,Thornlace,Sunspire Heights,Thriving,24.7,12.0,59.1,59.2
FX-2625,Coralmaple,Cragside,Waning,26.7,20.6,31.7,73.3
FX-2626,Verdant Ash,Sunspire Heights,Waning,25.9,18.2,22.8,52.0
FX-2627,Verdant Ash,Sunspire Heights,Thriving,21.0,18.4,54.7,58.6
FX-2628,Emberoak,Hollowdeep,Thriving,24.0,26.0,73.3,58.6
FX-2629,Palepear,Sunspire Heights,Thriving,17.3,9.0,61.3,57.6
FX-2630,Coralmaple,Hollowdeep,Radiant,25.3,21.0,80.8,63.3
FX-2631,Ironcrown Oak,Mistfen Reach,Thriving,26.9,29.8,58.1,71.7
FX-2632,Whispering Linden,Sunspire Heights,Thriving,29.7,13.9,56.0,51.8
FX-2633,Glasszelkova,Sunspire Heights,Waning,30.4,10.1,16.1,49.4
FX-2634,Verdant Ash,Hollowdeep,Waning,20.1,19.3,36.0,39.1
FX-2635,Emberoak,Hollowdeep,Thriving,25.9,22.3,64.7,62.2
FX-2636,Goldfan Ginko,Mistfen Reach,Radiant,32.7,19.2,71.5,70.3
FX-2637,Goldfan Ginko,Cragside,Radiant,34.8,15.6,83.2,72.6
FX-2638,Ghostplane,Hollowdeep,Radiant,13.9,33.4,77.8,44.0
FX-2639,Verdant Ash,Sunspire Heights,Thriving,25.8,24.5,48.8,56.4
FX-2640,Bloomspire,Cragside,Thriving,22.3,34.8,56.4,71.4
FX-2641,Goldfan Ginko,Hollowdeep,Thriving,25.4,14.9,41.5,63.0
FX-2642,Bloomspire,Mistfen Reach,Thriving,20.5,36.9,48.0,65.8
FX-2643,Thornlace,Hollowdeep,Thriving,16.5,9.1,70.0,42.0
FX-2644,Bloomspire,Cragside,Thriving,23.6,36.5,45.1,60.9
FX-2645,Goldfan Ginko,Mistfen Reach,Radiant,37.2,11.0,82.8,66.4
FX-2646,Ironcrown Oak,Mistfen Reach,Radiant,19.3,29.2,68.7,68.8
FX-2647,Ghostplane,Hollowdeep,Radiant,16.3,24.3,73.6,42.2
FX-2648,Duskmaple,Cragside,Thriving,20.0,21.3,63.9,66.3
FX-2649,Glasszelkova,Sunspire Heights,Waning,35.7,17.5,26.0,49.7
FX-2650,Verdant Ash,Sunspire Heights,Thriving,23.5,17.1,58.3,52.7
FX-2651,Glasszelkova,Mistfen Reach,Thriving,29.0,12.4,49.2,49.1
FX-2652,Goldfan Ginko,Hollowdeep,Thriving,28.9,8.7,48.7,57.2
FX-2653,Coralmaple,Mistfen Reach,Radiant,31.8,17.9,78.8,64.6
FX-2654,Thornlace,Sunspire Heights,Radiant,21.0,5.5,74.0,51.7
FX-2655,Coralmaple,Cragside,Husk,28.6,20.3,8.2,63.4
FX-2656,Ghostplane,Hollowdeep,Thriving,13.5,27.9,49.2,48.3
FX-2657,Whispering Linden,Mistfen Reach,Radiant,25.3,16.5,77.5,48.2
FX-2658,Palepear,Sunspire Heights,Thriving,18.0,8.0,67.8,54.8
FX-2659,Goldfan Ginko,Cragside,Thriving,38.7,21.6,48.1,71.5
FX-2660,Thornlace,Mistfen Reach,Radiant,17.5,5.6,78.5,47.6
FX-2661,Duskmaple,Cragside,Radiant,19.0,25.1,80.4,68.0
FX-2662,Ghostplane,Hollowdeep,Radiant,18.5,32.2,79.4,49.8
FX-2663,Goldfan Ginko,Mistfen Reach,Thriving,35.9,13.5,53.8,68.6
FX-2664,Glasszelkova,Hollowdeep,Radiant,28.0,9.8,76.7,42.9
FX-2665,Bloomspire,Sunspire Heights,Thriving,25.5,36.8,58.0,75.1
FX-2666,Coralmaple,Cragside,Thriving,34.3,20.2,46.8,66.7
FX-2667,Ironcrown Oak,Mistfen Reach,Thriving,26.6,31.6,67.8,64.1
FX-2668,Verdant Ash,Hollowdeep,Thriving,14.3,19.4,47.8,36.1
FX-2669,Goldfan Ginko,Mistfen Reach,Radiant,30.9,20.9,80.3,62.1
FX-2670,Thornlace,Sunspire Heights,Radiant,20.3,8.8,85.4,56.0
FX-2671,Glasszelkova,Mistfen Reach,Radiant,28.0,12.3,74.8,48.0
FX-2672,Ghostplane,Hollowdeep,Thriving,16.6,27.6,47.6,39.2
FX-2673,Verdant Ash,Mistfen Reach,Waning,16.0,17.5,27.4,45.1
FX-2674,Emberoak,Cragside,Waning,25.2,26.1,33.0,63.0
FX-2675,Duskmaple,Mistfen Reach,Waning,17.9,27.3,22.7,62.6
FX-2676,Whispering Linden,Sunspire Heights,Thriving,32.1,15.7,51.4,52.8
FX-2677,Duskmaple,Hollowdeep,Radiant,16.6,25.8,72.0,62.7
FX-2678,Whispering Linden,Hollowdeep,Waning,22.2,16.9,29.2,42.4
FX-2679,Goldfan Ginko,Mistfen Reach,Radiant,30.0,16.7,82.4,67.1
FX-2680,Goldfan Ginko,Cragside,Thriving,32.9,17.9,66.7,70.0
FX-2681,Palepear,Sunspire Heights,Husk,17.4,7.1,0.0,51.6
FX-2682,Palepear,Sunspire Heights,Husk,18.6,1.0,17.3,51.7
FX-2683,Palepear,Sunspire Heights,Thriving,15.8,9.9,49.0,51.5
FX-2684,Verdant Ash,Sunspire Heights,Thriving,23.7,18.6,52.9,54.4
FX-2685,Ironcrown Oak,Hollowdeep,Radiant,21.6,27.4,89.8,62.5
FX-2686,Ghostplane,Mistfen Reach,Radiant,20.8,30.7,74.8,43.1
FX-2687,Coralmaple,Hollowdeep,Radiant,32.1,19.3,85.4,62.8
FX-2688,Bloomspire,Mistfen Reach,Thriving,16.3,40.7,52.5,61.3
FX-2689,Glasszelkova,Sunspire Heights,Thriving,32.0,11.3,60.4,55.7
FX-2690,Ghostplane,Sunspire Heights,Thriving,22.7,33.8,51.6,50.9
FX-2691,Goldfan Ginko,Mistfen Reach,Thriving,33.6,16.4,57.5,63.8
FX-2692,Thornlace,Hollowdeep,Thriving,14.3,11.5,59.4,40.9
FX-2693,Palepear,Mistfen Reach,Husk,14.4,4.9,0.4,42.1
FX-2694,Bloomspire,Hollowdeep,Thriving,22.8,39.5,57.3,60.4
FX-2695,Duskmaple,Sunspire Heights,Thriving,24.6,22.4,59.4,74.2
FX-2696,Duskmaple,Cragside,Waning,18.5,22.9,28.0,66.1
FX-2697,Verdant Ash,Hollowdeep,Thriving,19.0,17.5,60.6,43.4
FX-2698,Ironcrown Oak,Mistfen Reach,Radiant,22.5,33.6,82.1,62.0
FX-2699,Bloomspire,Cragside,Thriving,21.1,41.8,61.4,67.6
FX-2700,Glasszelkova,Sunspire Heights,Radiant,32.8,11.9,76.4,51.5
FX-2701,Thornlace,Mistfen Reach,Thriving,15.5,17.4,58.2,41.6
FX-2702,Ghostplane,Sunspire Heights,Thriving,23.7,34.4,53.4,52.1
FX-2703,Palepear,Mistfen Reach,Thriving,15.4,8.5,54.2,45.2
FX-2704,Whispering Linden,Sunspire Heights,Thriving,30.1,20.5,57.2,58.2
FX-2705,Whispering Linden,Mistfen Reach,Waning,23.9,15.2,33.2,47.1
FX-2706,Palepear,Hollowdeep,Radiant,9.1,15.7,81.0,45.4
FX-2707,Coralmaple,Cragside,Thriving,28.5,24.6,53.9,71.8
FX-2708,Verdant Ash,Hollowdeep,Radiant,16.2,16.7,80.2,46.3
FX-2709,Emberoak,Sunspire Heights,Thriving,39.0,22.1,52.5,75.8
FX-2710,Palepear,Sunspire Heights,Thriving,22.3,7.3,46.2,56.2
FX-2711,Coralmaple,Mistfen Reach,Waning,28.1,17.5,35.3,59.9
FX-2712,Ironcrown Oak,Mistfen Reach,Thriving,23.3,29.0,55.1,64.6
FX-2713,Emberoak,Mistfen Reach,Radiant,27.2,25.2,81.9,63.0
FX-2714,Glasszelkova,Mistfen Reach,Radiant,27.3,7.3,93.5,47.1
FX-2715,Whispering Linden,Mistfen Reach,Waning,26.6,20.7,31.7,45.6
FX-2716,Verdant Ash,Hollowdeep,Thriving,15.4,19.1,52.4,41.7
FX-2717,Whispering Linden,Sunspire Heights,Thriving,30.6,14.0,58.0,55.8
FX-2718,Whispering Linden,Hollowdeep,Thriving,20.4,16.9,53.9,46.9
FX-2719,Bloomspire,Mistfen Reach,Thriving,18.7,36.5,47.5,68.4
FX-2720,Goldfan Ginko,Cragside,Thriving,33.5,14.9,57.2,66.0
FX-2721,Emberoak,Cragside,Thriving,25.5,23.0,50.6,66.8
FX-2722,Whispering Linden,Sunspire Heights,Thriving,33.2,21.1,61.7,51.8
FX-2723,Goldfan Ginko,Hollowdeep,Thriving,29.7,13.3,51.7,64.3
FX-2724,Verdant Ash,Mistfen Reach,Radiant,19.3,22.5,69.1,46.9
FX-2725,Ghostplane,Sunspire Heights,Thriving,25.8,27.1,59.7,49.7
FX-2726,Ghostplane,Sunspire Heights,Thriving,25.2,33.7,56.1,52.6
FX-2727,Emberoak,Cragside,Radiant,27.2,24.7,72.5,68.0
FX-2728,Whispering Linden,Hollowdeep,Thriving,19.1,11.9,60.5,41.3
FX-2729,Duskmaple,Hollowdeep,Thriving,12.5,25.8,53.6,56.8
FX-2730,Thornlace,Sunspire Heights,Thriving,17.6,11.1,50.6,50.6
FX-2731,Whispering Linden,Sunspire Heights,Thriving,30.5,15.0,59.5,54.1
FX-2732,Coralmaple,Mistfen Reach,Waning,27.6,18.0,32.1,64.6
FX-2733,Bloomspire,Mistfen Reach,Radiant,19.5,31.9,69.7,67.2
FX-2734,Emberoak,Mistfen Reach,Thriving,29.5,24.6,54.8,67.5
FX-2735,Bloomspire,Mistfen Reach,Radiant,20.9,43.3,74.4,61.7
FX-2736,Palepear,Sunspire Heights,Husk,13.0,8.2,5.9,55.0
FX-2737,Glasszelkova,Sunspire Heights,Radiant,38.1,8.1,80.5,55.0
FX-2738,Bloomspire,Mistfen Reach,Thriving,18.5,37.5,59.4,65.7
FX-2739,Thornlace,Sunspire Heights,Waning,20.8,15.3,28.2,54.0
FX-2740,Palepear,Sunspire Heights,Thriving,20.8,1.0,54.9,50.6
FX-2741,Emberoak,Hollowdeep,Thriving,21.5,23.5,59.4,59.9
FX-2742,Ironcrown Oak,Hollowdeep,Radiant,19.3,30.5,76.8,57.2
FX-2743,Verdant Ash,Sunspire Heights,Thriving,21.5,22.6,51.6,51.7
FX-2744,Bloomspire,Cragside,Waning,22.2,37.1,27.0,66.8
FX-2745,Ghostplane,Sunspire Heights,Radiant,21.8,32.6,88.7,53.5
FX-2746,Palepear,Sunspire Heights,Waning,20.4,6.4,29.6,57.6
FX-2747,Ironcrown Oak,Mistfen Reach,Thriving,19.3,27.0,57.0,62.6
FX-2748,Ironcrown Oak,Mistfen Reach,Thriving,21.7,27.7,66.1,66.6
FX-2749,Thornlace,Sunspire Heights,Thriving,12.0,16.6,49.1,50.5
FX-2750,Goldfan Ginko,Cragside,Thriving,37.9,15.2,47.4,67.6
FX-2751,Coralmaple,Mistfen Reach,Thriving,30.2,24.3,52.4,64.2
FX-2752,Ghostplane,Hollowdeep,Thriving,19.1,36.9,52.5,46.0
FX-2753,Verdant Ash,Mistfen Reach,Thriving,19.1,17.0,47.2,38.7
FX-2754,Glasszelkova,Sunspire Heights,Waning,33.8,10.9,37.0,52.9
FX-2755,Whispering Linden,Sunspire Heights,Thriving,30.8,11.3,43.2,57.3
FX-2756,Verdant Ash,Cragside,Thriving,15.2,24.0,66.1,51.3
FX-2757,Ghostplane,Sunspire Heights,Thriving,23.1,32.6,52.2,55.5
FX-2758,Palepear,Hollowdeep,Thriving,12.0,1.7,59.9,43.4
FX-2759,Ghostplane,Mistfen Reach,Waning,22.4,28.6,20.5,41.2
FX-2760,Ghostplane,Mistfen Reach,Waning,14.7,28.3,31.9,39.2
FX-2761,Ghostplane,Sunspire Heights,Waning,24.9,26.9,19.5,51.7
FX-2762,Glasszelkova,Sunspire Heights,Thriving,31.4,9.8,53.4,54.0
FX-2763,Palepear,Hollowdeep,Thriving,12.9,8.5,55.9,38.8
FX-2764,Coralmaple,Cragside,Radiant,26.6,15.9,73.3,69.1
FX-2765,Verdant Ash,Sunspire Heights,Thriving,21.8,20.3,52.1,53.0
FX-2766,Bloomspire,Mistfen Reach,Waning,22.0,37.2,36.0,59.2
FX-2767,Verdant Ash,Sunspire Heights,Waning,18.2,17.4,32.7,51.6
FX-2768,Goldfan Ginko,Mistfen Reach,Thriving,34.9,11.8,57.0,68.7
FX-2769,Glasszelkova,Mistfen Reach,Waning,33.8,12.3,30.7,45.7
FX-2770,Coralmaple,Sunspire Heights,Thriving,32.8,20.1,52.5,76.1
FX-2771,Ghostplane,Sunspire Heights,Radiant,22.7,39.3,77.2,55.2
FX-2772,Coralmaple,Mistfen Reach,Waning,26.1,22.2,33.1,65.1
FX-2773,Thornlace,Sunspire Heights,Thriving,20.5,15.2,44.4,59.0
FX-2774,Ironcrown Oak,Mistfen Reach,Thriving,18.6,29.3,64.8,57.3
FX-2775,Glasszelkova,Sunspire Heights,Waning,35.8,12.5,23.3,54.2
FX-2776,Whispering Linden,Sunspire Heights,Radiant,30.9,24.2,90.5,60.7
FX-2777,Bloomspire,Cragside,Thriving,21.8,33.6,58.9,69.3
FX-2778,Bloomspire,Hollowdeep,Thriving,17.6,35.9,54.2,61.9
FX-2779,Ghostplane,Mistfen Reach,Radiant,17.9,33.7,86.7,42.2
FX-2780,Thornlace,Mistfen Reach,Radiant,16.0,11.9,77.0,49.3
FX-2781,Bloomspire,Cragside,Waning,22.2,34.3,28.2,65.0
FX-2782,Palepear,Mistfen Reach,Thriving,15.2,14.5,49.7,44.8
FX-2783,Palepear,Sunspire Heights,Waning,18.2,5.4,28.9,51.9
FX-2784,Thornlace,Mistfen Reach,Thriving,15.7,15.4,59.8,48.0
FX-2785,Verdant Ash,Mistfen Reach,Thriving,18.7,17.3,53.2,48.3
FX-2786,Ironcrown Oak,Cragside,Thriving,26.3,27.5,58.6,66.9
FX-2787,Ghostplane,Sunspire Heights,Waning,23.3,37.7,29.0,51.9
FX-2788,Ghostplane,Mistfen Reach,Thriving,20.9,30.3,53.5,49.5
FX-2789,Coralmaple,Mistfen Reach,Waning,29.0,22.1,32.5,62.5
FX-2790,Emberoak,Mistfen Reach,Thriving,28.0,27.7,53.0,62.4
FX-2791,Emberoak,Mistfen Reach,Radiant,24.2,30.4,81.9,71.1
FX-2792,Coralmaple,Mistfen Reach,Radiant,28.9,22.1,79.4,66.2
FX-2793,Glasszelkova,Hollowdeep,Radiant,29.5,10.9,92.4,43.6
FX-2794,Whispering Linden,Sunspire Heights,Waning,27.3,18.1,38.0,54.9
FX-2795,Ghostplane,Mistfen Reach,Waning,17.4,28.8,23.4,40.3
FX-2796,Ironcrown Oak,Cragside,Thriving,26.4,35.9,56.0,67.4
FX-2797,Whispering Linden,Cragside,Thriving,29.3,19.0,50.4,51.0
FX-2798,Ironcrown Oak,Mistfen Reach,Radiant,22.9,30.9,84.3,60.6
FX-2799,Glasszelkova,Mistfen Reach,Thriving,29.4,12.5,56.6,40.8
FX-2800,Glasszelkova,Hollowdeep,Waning,24.6,7.5,29.9,42.3
FX-2801,Coralmaple,Cragside,Thriving,33.4,25.3,56.9,65.7
FX-2802,Coralmaple,Mistfen Reach,Thriving,29.0,15.4,62.9,69.4
FX-2803,Coralmaple,Hollowdeep,Thriving,27.3,22.1,63.2,61.4
FX-2804,Bloomspire,Mistfen Reach,Radiant,18.8,38.0,88.9,65.0
FX-2805,Ghostplane,Sunspire Heights,Radiant,22.6,36.7,73.0,54.1
FX-2806,Palepear,Sunspire Heights,Thriving,16.1,9.7,59.0,53.1
FX-2807,Emberoak,Hollowdeep,Thriving,26.6,25.6,56.5,63.5
FX-2808,Thornlace,Sunspire Heights,Thriving,19.4,12.6,52.4,54.3
FX-2809,Ghostplane,Sunspire Heights,Radiant,23.4,33.1,76.1,55.6
FX-2810,Glasszelkova,Hollowdeep,Thriving,26.3,11.2,46.5,40.2
FX-2811,Verdant Ash,Hollowdeep,Radiant,16.5,17.8,77.0,39.8
FX-2812,Bloomspire,Hollowdeep,Radiant,16.8,29.0,84.7,64.0
FX-2813,Ironcrown Oak,Hollowdeep,Thriving,22.9,27.1,65.3,60.2
FX-2814,Verdant Ash,Mistfen Reach,Radiant,19.9,14.2,85.2,45.1
FX-2815,Ironcrown Oak,Mistfen Reach,Thriving,17.9,29.0,56.3,65.4
FX-2816,Goldfan Ginko,Cragside,Radiant,35.4,14.6,81.1,69.0
FX-2817,Glasszelkova,Sunspire Heights,Thriving,32.4,7.3,55.4,49.7
FX-2818,Bloomspire,Cragside,Thriving,20.0,32.9,51.9,67.6
FX-2819,Bloomspire,Cragside,Radiant,25.3,40.8,80.8,72.1
FX-2820,Duskmaple,Mistfen Reach,Radiant,19.0,22.6,82.6,70.2
FX-2821,Glasszelkova,Mistfen Reach,Radiant,33.3,10.6,73.7,44.6
FX-2822,Bloomspire,Mistfen Reach,Waning,20.6,37.9,25.6,61.6
FX-2823,Goldfan Ginko,Cragside,Thriving,36.4,19.0,57.1,70.8
FX-2824,Ironcrown Oak,Mistfen Reach,Thriving,29.7,32.6,56.3,67.1
FX-2825,Emberoak,Cragside,Thriving,24.0,31.4,66.2,65.9
FX-2826,Glasszelkova,Sunspire Heights,Waning,33.8,9.4,37.6,53.5
FX-2827,Palepear,Sunspire Heights,Thriving,17.2,8.2,61.7,56.5
FX-2828,Verdant Ash,Mistfen Reach,Thriving,17.1,19.4,52.7,47.0
FX-2829,Coralmaple,Hollowdeep,Thriving,30.5,17.9,44.7,61.9
FX-2830,Emberoak,Hollowdeep,Thriving,19.5,24.2,51.4,64.3
FX-2831,Thornlace,Sunspire Heights,Thriving,19.2,18.5,59.3,55.0
FX-2832,Duskmaple,Hollowdeep,Thriving,19.8,22.4,63.7,66.3
FX-2833,Thornlace,Sunspire Heights,Waning,19.0,10.9,14.5,53.4
FX-2834,Whispering Linden,Hollowdeep,Waning,22.8,18.3,40.6,38.4
FX-2835,Thornlace,Sunspire Heights,Radiant,22.8,11.0,80.4,60.2
FX-2836,Bloomspire,Hollowdeep,Thriving,16.6,34.4,63.0,65.9
FX-2837,Duskmaple,Mistfen Reach,Husk,17.6,22.5,4.4,65.5
FX-2838,Emberoak,Hollowdeep,Waning,28.2,33.9,28.7,66.3
FX-2839,Coralmaple,Cragside,Thriving,32.5,22.1,50.5,66.8
FX-2840,Goldfan Ginko,Mistfen Reach,Thriving,32.8,12.3,57.1,67.2
FX-2841,Goldfan Ginko,Mistfen Reach,Thriving,34.1,17.5,56.7,64.7
FX-2842,Glasszelkova,Mistfen Reach,Thriving,25.1,11.6,45.9,44.9
FX-2843,Ghostplane,Sunspire Heights,Thriving,19.5,36.8,56.1,55.2
FX-2844,Coralmaple,Mistfen Reach,Thriving,30.1,20.5,49.8,60.1
FX-2845,Goldfan Ginko,Mistfen Reach,Husk,32.0,16.2,9.8,62.1
FX-2846,Whispering Linden,Mistfen Reach,Thriving,22.9,20.7,47.5,46.5
FX-2847,Palepear,Mistfen Reach,Thriving,14.1,3.0,42.1,40.8
FX-2848,Ironcrown Oak,Hollowdeep,Radiant,22.0,25.2,71.0,64.5
FX-2849,Ironcrown Oak,Cragside,Waning,24.2,27.2,22.3,68.2
FX-2850,Palepear,Sunspire Heights,Thriving,23.7,7.7,56.9,51.6
FX-2851,Emberoak,Cragside,Thriving,28.6,33.5,46.9,71.7
FX-2852,Duskmaple,Cragside,Radiant,20.5,26.6,80.1,71.8
FX-2853,Whispering Linden,Sunspire Heights,Radiant,28.0,11.0,82.1,61.8
FX-2854,Whispering Linden,Sunspire Heights,Radiant,27.8,13.9,80.6,55.5
FX-2855,Coralmaple,Hollowdeep,Radiant,32.4,25.4,77.3,67.3
FX-2856,Goldfan Ginko,Cragside,Radiant,35.5,17.9,71.2,73.2
FX-2857,Palepear,Hollowdeep,Thriving,10.7,6.5,51.5,43.0
FX-2858,Coralmaple,Cragside,Thriving,34.3,25.2,54.2,66.8
FX-2859,Ghostplane,Mistfen Reach,Radiant,21.0,27.5,90.7,49.4
FX-2860,Coralmaple,Hollowdeep,Thriving,21.9,18.2,61.8,65.0
FX-2861,Coralmaple,Hollowdeep,Thriving,23.9,24.3,54.1,60.7
FX-2862,Thornlace,Sunspire Heights,Radiant,22.0,16.0,71.5,58.6
FX-2863,Ironcrown Oak,Cragside,Thriving,24.1,33.0,62.9,65.0
FX-2864,Bloomspire,Cragside,Thriving,17.5,37.8,55.2,67.9
FX-2865,Ironcrown Oak,Cragside,Thriving,25.3,37.8,56.3,67.6
FX-2866,Verdant Ash,Mistfen Reach,Thriving,13.4,20.8,50.4,45.3
FX-2867,Verdant Ash,Sunspire Heights,Thriving,23.7,24.6,55.8,53.6
FX-2868,Goldfan Ginko,Mistfen Reach,Thriving,31.8,13.5,55.6,66.0
FX-2869,Coralmaple,Hollowdeep,Waning,27.5,23.2,28.9,57.1
FX-2870,Glasszelkova,Mistfen Reach,Radiant,26.3,19.8,74.2,48.4
FX-2871,Palepear,Hollowdeep,Thriving,11.8,11.4,55.8,41.9
FX-2872,Coralmaple,Cragside,Thriving,29.6,22.3,51.8,64.6
FX-2873,Duskmaple,Hollowdeep,Thriving,13.7,20.4,51.7,64.2
FX-2874,Whispering Linden,Sunspire Heights,Radiant,29.0,16.8,78.2,59.8
FX-2875,Whispering Linden,Sunspire Heights,Thriving,26.9,15.4,43.9,58.1
FX-2876,Verdant Ash,Hollowdeep,Thriving,16.6,18.2,57.7,36.6
FX-2877,Ghostplane,Sunspire Heights,Thriving,26.7,36.8,57.9,52.3
FX-2878,Palepear,Sunspire Heights,Radiant,15.5,10.9,77.0,53.3
FX-2879,Bloomspire,Mistfen Reach,Thriving,24.7,38.7,36.8,63.1
FX-2880,Bloomspire,Cragside,Radiant,24.2,33.4,79.5,64.8
FX-2881,Bloomspire,Hollowdeep,Waning,20.0,36.7,25.1,56.4
FX-2882,Thornlace,Hollowdeep,Thriving,15.1,13.1,54.9,42.0
FX-2883,Goldfan Ginko,Mistfen Reach,Thriving,28.6,16.6,61.6,64.8
FX-2884,Ghostplane,Hollowdeep,Thriving,16.6,30.5,55.3,45.7
FX-2885,Thornlace,Mistfen Reach,Radiant,16.1,11.0,95.2,50.8
FX-2886,Thornlace,Sunspire Heights,Husk,23.5,18.3,0.0,54.3
FX-2887,Whispering Linden,Mistfen Reach,Radiant,22.0,21.0,82.7,52.5
FX-2888,Coralmaple,Cragside,Thriving,31.7,19.6,43.9,68.2
FX-2889,Ironcrown Oak,Hollowdeep,Thriving,21.1,29.3,53.5,64.9
FX-2890,Palepear,Mistfen Reach,Waning,13.5,10.0,26.1,45.9
FX-2891,Coralmaple,Cragside,Radiant,29.5,21.8,67.4,66.5
FX-2892,Thornlace,Hollowdeep,Waning,13.9,11.7,31.1,37.7
FX-2893,Palepear,Sunspire Heights,Waning,16.5,5.7,39.7,52.8
FX-2894,Thornlace,Hollowdeep,Thriving,10.6,16.9,58.4,38.4
FX-2895,Glasszelkova,Mistfen Reach,Thriving,25.5,16.0,60.0,43.9
FX-2896,Thornlace,Mistfen Reach,Radiant,15.2,10.2,77.5,51.3
FX-2897,Palepear,Hollowdeep,Radiant,11.5,6.4,80.0,41.9
FX-2898,Ironcrown Oak,Mistfen Reach,Husk,18.0,30.3,0.0,60.2
FX-2899,Glasszelkova,Mistfen Reach,Thriving,29.7,7.3,55.5,45.0
FX-2900,Bloomspire,Cragside,Husk,22.0,39.7,22.2,71.6
FX-2901,Verdant Ash,Hollowdeep,Thriving,16.0,18.3,45.0,41.7
FX-2902,Emberoak,Mistfen Reach,Radiant,27.9,27.3,77.4,70.6
FX-2903,Thornlace,Sunspire Heights,Thriving,21.8,16.8,64.6,54.9
FX-2904,Ironcrown Oak,Hollowdeep,Thriving,21.6,28.6,46.8,59.6
FX-2905,Goldfan Ginko,Sunspire Heights,Waning,39.9,19.4,34.9,72.2
FX-2906,Goldfan Ginko,Hollowdeep,Thriving,28.6,13.9,47.1,64.6
FX-2907,Bloomspire,Mistfen Reach,Waning,19.8,36.5,30.9,66.4
FX-2908,Emberoak,Cragside,Thriving,32.1,28.5,56.0,64.3
FX-2909,Emberoak,Mistfen Reach,Radiant,26.6,24.1,81.0,64.9
FX-2910,Duskmaple,Hollowdeep,Thriving,15.3,23.3,59.1,62.2
FX-2911,Duskmaple,Mistfen Reach,Waning,17.3,23.2,22.4,65.8
FX-2912,Duskmaple,Mistfen Reach,Thriving,18.8,23.2,33.8,67.6
FX-2913,Duskmaple,Cragside,Radiant,18.8,25.8,71.3,68.5
FX-2914,Emberoak,Hollowdeep,Waning,21.6,33.6,35.1,60.7
FX-2915,Verdant Ash,Hollowdeep,Waning,9.7,21.1,25.9,38.6
FX-2916,Verdant Ash,Hollowdeep,Waning,14.9,17.4,33.7,45.1
FX-2917,Glasszelkova,Mistfen Reach,Thriving,27.6,13.7,50.4,50.0
FX-2918,Ironcrown Oak,Sunspire Heights,Thriving,31.5,35.1,53.2,72.4
FX-2919,Emberoak,Sunspire Heights,Thriving,29.3,27.3,50.8,73.0
FX-2920,Glasszelkova,Mistfen Reach,Thriving,28.6,12.3,49.6,46.3
FX-2921,Bloomspire,Mistfen Reach,Radiant,19.8,37.2,79.1,65.1
FX-2922,Thornlace,Mistfen Reach,Husk,21.2,13.3,5.0,46.4
FX-2923,Glasszelkova,Sunspire Heights,Thriving,33.1,12.3,56.2,54.2
FX-2924,Glasszelkova,Sunspire Heights,Thriving,33.8,11.3,53.4,53.3
FX-2925,Whispering Linden,Sunspire Heights,Radiant,28.3,11.6,89.0,57.1
FX-2926,Glasszelkova,Mistfen Reach,Waning,25.7,11.9,31.6,41.5
FX-2927,Glasszelkova,Mistfen Reach,Radiant,23.8,14.7,85.9,44.6
FX-2928,Ghostplane,Hollowdeep,Thriving,13.7,35.3,52.8,45.0
FX-2929,Goldfan Ginko,Mistfen Reach,Thriving,32.8,14.1,45.3,59.6
FX-2930,Ironcrown Oak,Hollowdeep,Thriving,19.6,33.8,54.2,65.3
FX-2931,Coralmaple,Hollowdeep,Thriving,27.9,21.5,62.5,59.4
FX-2932,Whispering Linden,Sunspire Heights,Thriving,31.2,19.0,59.7,56.8
FX-2933,Glasszelkova,Cragside,Thriving,29.2,11.5,55.6,46.9
FX-2934,Verdant Ash,Mistfen Reach,Thriving,20.3,11.6,52.2,39.4
FX-2935,Glasszelkova,Sunspire Heights,Thriving,37.7,9.9,55.4,54.2
FX-2936,Ironcrown Oak,Hollowdeep,Waning,21.6,28.8,32.0,60.5
FX-2937,Thornlace,Sunspire Heights,Thriving,19.2,18.1,62.1,53.0
FX-2938,Coralmaple,Hollowdeep,Thriving,25.4,21.2,41.2,61.8
FX-2939,Duskmaple,Cragside,Radiant,16.1,24.4,80.5,67.7
FX-2940,Bloomspire,Hollowdeep,Radiant,18.7,35.6,87.6,67.9
FX-2941,Coralmaple,Hollowdeep,Thriving,29.4,22.8,46.4,61.5
FX-2942,Ghostplane,Sunspire Heights,Radiant,22.2,30.8,82.9,53.4
FX-2943,Emberoak,Cragside,Radiant,25.2,25.7,83.4,69.4
FX-2944,Coralmaple,Hollowdeep,Husk,23.1,13.6,9.2,63.2
FX-2945,Verdant Ash,Hollowdeep,Thriving,16.0,13.6,59.0,43.7
FX-2946,Coralmaple,Cragside,Thriving,34.4,18.9,67.0,72.5
FX-2947,Glasszelkova,Mistfen Reach,Thriving,26.1,14.7,44.4,42.2
FX-2948,Whispering Linden,Hollowdeep,Thriving,20.8,10.2,44.5,40.3
FX-2949,Verdant Ash,Mistfen Reach,Thriving,17.9,13.3,43.9,44.4
FX-2950,Verdant Ash,Sunspire Heights,Radiant,24.1,18.4,85.5,55.6
FX-2951,Ghostplane,Mistfen Reach,Radiant,15.5,38.8,79.3,45.9
FX-2952,Coralmaple,Mistfen Reach,Waning,25.0,18.1,23.0,62.6
FX-2953,Verdant Ash,Sunspire Heights,Thriving,20.1,21.8,58.9,50.1
FX-2954,Glasszelkova,Mistfen Reach,Thriving,29.2,7.9,58.7,42.0
FX-2955,Goldfan Ginko,Cragside,Waning,34.0,13.9,40.8,67.6
FX-2956,Emberoak,Sunspire Heights,Husk,34.0,27.3,8.8,73.2
FX-2957,Palepear,Sunspire Heights,Waning,16.5,11.9,29.1,54.7
FX-2958,Palepear,Sunspire Heights,Thriving,18.8,11.6,58.7,53.4
FX-2959,Ghostplane,Mistfen Reach,Radiant,14.8,33.0,82.0,48.3
FX-2960,Emberoak,Cragside,Thriving,28.8,26.1,52.2,63.7
FX-2961,Goldfan Ginko,Cragside,Thriving,37.3,18.9,65.3,66.1
FX-2962,Goldfan Ginko,Sunspire Heights,Waning,33.8,13.0,34.5,72.2
FX-2963,Goldfan Ginko,Mistfen Reach,Waning,35.0,17.3,31.3,61.8
FX-2964,Glasszelkova,Sunspire Heights,Thriving,35.5,19.6,52.8,51.2
FX-2965,Emberoak,Mistfen Reach,Radiant,31.4,24.7,75.3,65.4
FX-2966,Ghostplane,Sunspire Heights,Thriving,23.3,30.6,47.3,52.0
FX-2967,Bloomspire,Mistfen Reach,Thriving,24.0,38.3,61.1,65.0
FX-2968,Thornlace,Sunspire Heights,Thriving,19.0,12.8,67.9,57.1
FX-2969,Ironcrown Oak,Mistfen Reach,Radiant,19.7,34.5,75.6,64.2
FX-2970,Coralmaple,Cragside,Waning,37.7,16.4,33.4,64.8
FX-2971,Thornlace,Sunspire Heights,Thriving,20.7,14.4,50.7,51.3
FX-2972,Goldfan Ginko,Cragside,Thriving,32.0,9.8,48.0,73.0
FX-2973,Palepear,Hollowdeep,Thriving,13.9,9.8,53.2,40.0
FX-2974,Emberoak,Mistfen Reach,Thriving,25.5,26.5,63.7,61.7
FX-2975,Palepear,Mistfen Reach,Radiant,15.4,6.7,81.8,51.8
FX-2976,Verdant Ash,Mistfen Reach,Waning,15.2,19.4,30.9,44.0
FX-2977,Thornlace,Mistfen Reach,Radiant,13.0,11.6,73.5,47.9
FX-2978,Duskmaple,Hollowdeep,Thriving,15.4,18.6,52.1,59.3
FX-2979,Glasszelkova,Mistfen Reach,Thriving,29.6,7.4,51.6,47.3
FX-2980,Thornlace,Mistfen Reach,Thriving,13.9,12.0,61.2,44.5
FX-2981,Glasszelkova,Sunspire Heights,Thriving,33.3,9.1,49.4,55.0
FX-2982,Coralmaple,Cragside,Thriving,27.6,19.3,59.8,65.5
FX-2983,Emberoak,Hollowdeep,Thriving,24.4,21.5,44.7,65.1
FX-2984,Emberoak,Mistfen Reach,Radiant,20.2,32.0,81.3,70.2
FX-2985,Thornlace,Sunspire Heights,Thriving,21.7,13.0,59.2,56.7
FX-2986,Verdant Ash,Mistfen Reach,Thriving,15.5,16.5,55.2,46.2
FX-2987,Ironcrown Oak,Mistfen Reach,Thriving,27.9,30.4,49.7,68.7
FX-2988,Coralmaple,Mistfen Reach,Thriving,29.9,25.4,64.4,64.9
FX-2989,Duskmaple,Sunspire Heights,Thriving,23.7,19.6,55.6,70.9
FX-2990,Ironcrown Oak,Cragside,Waning,20.8,28.9,18.8,60.8
FX-2991,Duskmaple,Mistfen Reach,Waning,19.7,27.1,25.3,65.7
FX-2992,Glasszelkova,Mistfen Reach,Waning,28.0,10.8,35.5,46.6
FX-2993,Emberoak,Mistfen Reach,Radiant,22.7,27.3,76.3,62.6
FX-2994,Goldfan Ginko,Mistfen Reach,Thriving,33.4,16.3,51.6,62.7
FX-2995,Ironcrown Oak,Cragside,Thriving,27.5,32.0,57.2,65.4
FX-2996,Glasszelkova,Mistfen Reach,Thriving,26.6,16.7,49.3,47.4
FX-2997,Ghostplane,Hollowdeep,Radiant,13.5,35.0,87.1,45.3
FX-2998,Goldfan Ginko,Cragside,Thriving,35.1,15.4,58.8,65.6
FX-2999,Ironcrown Oak,Cragside,Radiant,23.4,27.5,83.4,71.4
FX-3000,Thornlace,Sunspire Heights,Radiant,17.8,16.3,89.1,52.5
FX-3001,Ghostplane,Hollowdeep,Thriving,15.7,37.3,49.4,40.6
FX-3002,Verdant Ash,Mistfen Reach,Thriving,16.5,20.1,43.4,45.9
FX-3003,Coralmaple,Cragside,Thriving,32.7,21.2,59.5,72.0
FX-3004,Ironcrown Oak,Cragside,Radiant,26.2,30.1,73.9,68.7
FX-3005,Ghostplane,Mistfen Reach,Radiant,21.2,32.8,82.3,48.0
FX-3006,Whispering Linden,Sunspire Heights,Radiant,28.5,12.4,75.1,57.5
FX-3007,Duskmaple,Cragside,Radiant,19.8,26.2,85.6,74.5
FX-3008,Goldfan Ginko,Mistfen Reach,Thriving,29.2,16.8,65.9,67.4
FX-3009,Emberoak,Mistfen Reach,Thriving,23.7,29.8,52.0,62.5
FX-3010,Duskmaple,Mistfen Reach,Thriving,14.7,25.3,59.9,65.9
FX-3011,Bloomspire,Cragside,Waning,24.6,38.1,30.1,71.9
FX-3012,Emberoak,Mistfen Reach,Waning,26.4,25.0,21.0,61.7
FX-3013,Whispering Linden,Mistfen Reach,Radiant,27.6,10.8,75.6,45.9
FX-3014,Ghostplane,Mistfen Reach,Radiant,16.3,35.1,75.8,45.2
FX-3015,Goldfan Ginko,Mistfen Reach,Thriving,34.9,13.8,45.9,66.7
FX-3016,Glasszelkova,Sunspire Heights,Thriving,35.1,11.7,49.8,50.9
FX-3017,Palepear,Sunspire Heights,Husk,21.6,9.5,9.5,51.1
FX-3018,Ironcrown Oak,Cragside,Thriving,26.1,30.3,52.8,71.0
FX-3019,Glasszelkova,Sunspire Heights,Thriving,31.2,8.9,59.3,50.0
FX-3020,Palepear,Sunspire Heights,Thriving,18.4,7.0,61.5,50.9
FX-3021,Ironcrown Oak,Cragside,Thriving,22.9,29.2,51.2,71.1
FX-3022,Ghostplane,Cragside,Waning,21.8,40.1,25.4,43.1
FX-3023,Verdant Ash,Mistfen Reach,Thriving,17.6,19.1,51.8,46.5
FX-3024,Glasszelkova,Mistfen Reach,Thriving,30.5,11.6,64.7,44.8
FX-3025,Thornlace,Mistfen Reach,Waning,12.2,18.0,26.7,46.2
FX-3026,Whispering Linden,Mistfen Reach,Thriving,22.1,12.2,57.4,43.6
FX-3027,Verdant Ash,Sunspire Heights,Waning,17.2,21.5,39.4,56.2
FX-3028,Ghostplane,Mistfen Reach,Radiant,21.7,33.6,78.0,39.3
FX-3029,Ghostplane,Sunspire Heights,Thriving,26.5,36.3,52.2,51.7
FX-3030,Coralmaple,Mistfen Reach,Thriving,28.6,19.8,62.5,67.9
FX-3031,Glasszelkova,Sunspire Heights,Thriving,31.1,13.7,58.7,50.7
FX-3032,Bloomspire,Hollowdeep,Waning,18.0,37.1,21.4,57.8
FX-3033,Glasszelkova,Sunspire Heights,Radiant,31.1,11.9,79.5,54.6
FX-3034,Verdant Ash,Mistfen Reach,Radiant,17.3,18.4,84.6,49.6
FX-3035,Whispering Linden,Mistfen Reach,Thriving,19.9,19.8,57.6,43.2
FX-3036,Goldfan Ginko,Mistfen Reach,Thriving,35.7,17.2,65.1,66.7
FX-3037,Ghostplane,Sunspire Heights,Thriving,25.1,32.0,49.2,55.2
FX-3038,Ghostplane,Cragside,Thriving,19.8,32.0,51.1,57.4
FX-3039,Bloomspire,Cragside,Thriving,22.6,28.6,56.0,65.6
FX-3040,Coralmaple,Cragside,Radiant,34.0,19.2,77.1,69.7
FX-3041,Duskmaple,Mistfen Reach,Thriving,16.2,21.4,59.1,64.6
FX-3042,Thornlace,Hollowdeep,Thriving,13.0,11.9,55.7,45.0
FX-3043,Palepear,Mistfen Reach,Thriving,19.1,12.8,51.0,47.7
FX-3044,Coralmaple,Cragside,Radiant,25.5,18.0,84.9,69.5
FX-3045,Whispering Linden,Sunspire Heights,Thriving,29.8,19.0,51.0,52.5
FX-3046,Ironcrown Oak,Cragside,Waning,28.2,28.4,26.1,71.3
FX-3047,Whispering Linden,Mistfen Reach,Thriving,26.3,12.6,57.3,42.1
FX-3048,Duskmaple,Hollowdeep,Husk,18.0,30.4,6.1,63.3
FX-3049,Verdant Ash,Sunspire Heights,Radiant,24.1,16.4,87.0,55.1
FX-3050,Duskmaple,Hollowdeep,Thriving,16.0,29.6,53.8,58.5
FX-3051,Goldfan Ginko,Mistfen Reach,Radiant,32.6,18.7,79.3,65.2
FX-3052,Duskmaple,Sunspire Heights,Thriving,22.9,24.3,45.4,73.1
FX-3053,Verdant Ash,Sunspire Heights,Waning,20.1,12.2,20.2,56.7
FX-3054,Bloomspire,Cragside,Thriving,27.2,33.9,46.5,71.4
FX-3055,Ironcrown Oak,Mistfen Reach,Thriving,22.0,29.7,62.1,68.5
FX-3056,Emberoak,Hollowdeep,Thriving,21.0,29.8,52.5,68.8
FX-3057,Glasszelkova,Mistfen Reach,Radiant,24.7,10.9,81.0,50.4
FX-3058,Thornlace,Mistfen Reach,Radiant,14.0,11.4,83.2,40.3
FX-3059,Thornlace,Sunspire Heights,Waning,16.8,13.5,41.7,53.1
FX-3060,Verdant Ash,Mistfen Reach,Thriving,13.4,18.9,53.0,42.8
FX-3061,Whispering Linden,Hollowdeep,Thriving,22.9,20.8,49.1,43.1
FX-3062,Glasszelkova,Sunspire Heights,Waning,33.0,18.2,33.8,52.8
FX-3063,Ghostplane,Sunspire Heights,Thriving,21.5,33.6,56.4,52.8
FX-3064,Coralmaple,Mistfen Reach,Thriving,26.6,19.9,55.4,62.5
FX-3065,Glasszelkova,Sunspire Heights,Thriving,35.2,13.8,48.7,56.9
FX-3066,Whispering Linden,Mistfen Reach,Thriving,20.9,16.5,61.9,46.7
FX-3067,Bloomspire,Sunspire Heights,Radiant,22.0,37.4,83.1,74.6
FX-3068,Ghostplane,Sunspire Heights,Radiant,28.3,36.4,75.1,54.8
FX-3069,Emberoak,Mistfen Reach,Waning,26.7,24.4,32.9,65.2
FX-3070,Ghostplane,Sunspire Heights,Radiant,25.2,32.1,89.3,53.9
FX-3071,Ghostplane,Sunspire Heights,Waning,23.5,29.4,39.4,52.7
FX-3072,Verdant Ash,Hollowdeep,Thriving,17.9,22.4,60.6,40.1
FX-3073,Coralmaple,Mistfen Reach,Thriving,24.3,22.1,58.9,69.4
FX-3074,Coralmaple,Hollowdeep,Thriving,27.0,16.9,54.4,64.6
FX-3075,Coralmaple,Mistfen Reach,Thriving,30.8,18.7,47.6,64.6
FX-3076,Coralmaple,Cragside,Thriving,26.8,19.2,53.9,64.1
FX-3077,Bloomspire,Mistfen Reach,Thriving,21.4,34.2,50.5,64.4
FX-3078,Emberoak,Mistfen Reach,Thriving,24.2,28.0,49.9,62.3
FX-3079,Glasszelkova,Mistfen Reach,Radiant,25.0,8.0,84.2,47.2
FX-3080,Whispering Linden,Hollowdeep,Thriving,23.3,17.4,58.7,43.4
FX-3081,Palepear,Mistfen Reach,Radiant,14.8,7.5,83.0,47.6
FX-3082,Bloomspire,Cragside,Thriving,24.6,34.8,50.7,66.7
FX-3083,Verdant Ash,Mistfen Reach,Radiant,20.6,15.2,76.9,42.4
FX-3084,Whispering Linden,Sunspire Heights,Thriving,33.6,17.8,54.8,50.7
FX-3085,Bloomspire,Hollowdeep,Waning,18.1,41.4,30.4,65.2
FX-3086,Duskmaple,Mistfen Reach,Thriving,15.6,22.3,50.1,69.7
FX-3087,Verdant Ash,Cragside,Radiant,19.6,21.1,59.9,46.2
FX-3088,Duskmaple,Hollowdeep,Waning,18.7,25.2,33.2,60.9
FX-3089,Whispering Linden,Mistfen Reach,Radiant,26.7,18.4,78.6,50.8
FX-3090,Whispering Linden,Mistfen Reach,Radiant,24.6,18.5,84.9,45.9
FX-3091,Coralmaple,Hollowdeep,Radiant,24.1,16.9,70.5,63.9
FX-3092,Goldfan Ginko,Hollowdeep,Radiant,30.8,12.4,82.1,61.0
FX-3093,Verdant Ash,Mistfen Reach,Thriving,15.5,19.4,47.9,42.8
FX-3094,Goldfan Ginko,Cragside,Waning,35.5,16.0,20.4,68.4
FX-3095,Coralmaple,Mistfen Reach,Thriving,32.0,24.9,53.3,62.6
FX-3096,Thornlace,Sunspire Heights,Radiant,23.4,9.0,77.4,57.3
FX-3097,Thornlace,Mistfen Reach,Thriving,12.1,11.7,58.6,51.2
FX-3098,Thornlace,Sunspire Heights,Radiant,18.9,12.5,85.3,55.1
FX-3099,Thornlace,Sunspire Heights,Radiant,25.3,11.0,78.3,50.6
FX-3100,Emberoak,Mistfen Reach,Radiant,23.7,24.5,71.5,66.6
FX-3101,Ghostplane,Sunspire Heights,Waning,21.7,29.8,23.3,56.6
FX-3102,Goldfan Ginko,Cragside,Waning,34.1,11.9,26.9,67.7
FX-3103,Thornlace,Sunspire Heights,Radiant,21.6,11.4,77.9,57.4
FX-3104,Ghostplane,Sunspire Heights,Thriving,26.4,31.0,50.9,50.2
FX-3105,Goldfan Ginko,Mistfen Reach,Thriving,28.1,14.0,54.9,63.2
FX-3106,Verdant Ash,Mistfen Reach,Radiant,16.9,20.5,84.8,43.1
FX-3107,Glasszelkova,Sunspire Heights,Thriving,35.6,14.8,56.1,55.2
FX-3108,Whispering Linden,Sunspire Heights,Thriving,27.2,12.6,46.5,49.8
FX-3109,Bloomspire,Hollowdeep,Radiant,24.0,29.4,84.0,61.1
FX-3110,Ghostplane,Sunspire Heights,Thriving,24.2,33.4,53.1,56.9
FX-3111,Goldfan Ginko,Cragside,Thriving,39.6,8.4,47.6,67.3
FX-3112,Duskmaple,Hollowdeep,Thriving,19.7,24.4,62.9,63.3
FX-3113,Glasszelkova,Sunspire Heights,Thriving,30.5,9.1,69.0,56.0
FX-3114,Goldfan Ginko,Hollowdeep,Thriving,33.4,14.0,53.3,64.9
FX-3115,Palepear,Sunspire Heights,Radiant,19.7,13.8,82.8,56.2
FX-3116,Goldfan Ginko,Cragside,Thriving,36.8,17.9,58.3,65.1
FX-3117,Emberoak,Sunspire Heights,Thriving,31.2,24.3,60.7,74.9
FX-3118,Palepear,Mistfen Reach,Thriving,13.8,7.8,51.6,41.7
FX-3119,Ironcrown Oak,Cragside,Thriving,25.2,30.3,64.9,71.4
FX-3120,Thornlace,Mistfen Reach,Thriving,16.3,12.8,58.8,47.2
FX-3121,Glasszelkova,Sunspire Heights,Thriving,33.4,11.6,59.8,53.1
FX-3122,Thornlace,Mistfen Reach,Thriving,12.9,11.9,51.7,46.1
FX-3123,Goldfan Ginko,Mistfen Reach,Waning,30.5,10.1,32.4,64.6
FX-3124,Palepear,Sunspire Heights,Radiant,22.9,6.6,86.4,56.4
FX-3125,Ghostplane,Hollowdeep,Radiant,17.2,37.1,87.4,41.7
FX-3126,Bloomspire,Mistfen Reach,Thriving,18.0,34.3,56.0,66.4
FX-3127,Thornlace,Sunspire Heights,Husk,21.8,13.1,7.4,47.5
FX-3128,Emberoak,Mistfen Reach,Thriving,23.5,28.2,55.9,66.9
FX-3129,Glasszelkova,Sunspire Heights,Thriving,31.1,15.1,51.8,53.4
FX-3130,Ghostplane,Mistfen Reach,Thriving,21.9,33.0,55.1,47.7
FX-3131,Verdant Ash,Hollowdeep,Thriving,17.8,17.7,57.2,42.6
FX-3132,Ghostplane,Mistfen Reach,Thriving,22.9,33.6,45.3,43.7
FX-3133,Whispering Linden,Hollowdeep,Thriving,18.9,16.4,57.8,44.2
FX-3134,Palepear,Mistfen Reach,Radiant,8.2,7.3,82.3,49.8
FX-3135,Duskmaple,Mistfen Reach,Radiant,16.8,23.4,75.9,67.5
FX-3136,Bloomspire,Cragside,Thriving,29.9,40.2,49.1,67.0
FX-3137,Palepear,Sunspire Heights,Thriving,14.3,10.0,65.1,57.0
FX-3138,Whispering Linden,Sunspire Heights,Thriving,33.5,20.9,53.8,53.0
FX-3139,Ironcrown Oak,Cragside,Thriving,25.4,30.9,59.7,65.9
FX-3140,Emberoak,Cragside,Thriving,29.2,28.2,44.9,68.4
FX-3141,Verdant Ash,Cragside,Thriving,18.8,18.3,58.8,46.1
FX-3142,Ironcrown Oak,Mistfen Reach,Waning,24.1,27.1,35.5,70.3
FX-3143,Thornlace,Hollowdeep,Radiant,13.1,17.3,84.4,43.8
FX-3144,Bloomspire,Cragside,Thriving,22.6,35.6,41.4,72.8
FX-3145,Glasszelkova,Hollowdeep,Thriving,26.7,7.2,53.8,37.7
FX-3146,Thornlace,Sunspire Heights,Waning,22.8,13.3,28.7,50.8
FX-3147,Glasszelkova,Mistfen Reach,Thriving,25.7,9.9,55.2,48.3
FX-3148,Coralmaple,Mistfen Reach,Thriving,32.9,22.3,49.5,67.7
FX-3149,Bloomspire,Cragside,Radiant,20.0,35.0,84.1,67.7
FX-3150,Palepear,Mistfen Reach,Thriving,8.0,3.6,48.5,46.6
FX-3151,Whispering Linden,Sunspire Heights,Radiant,31.4,13.1,90.1,54.6
FX-3152,Thornlace,Sunspire Heights,Radiant,21.2,9.2,75.3,56.8
FX-3153,Glasszelkova,Mistfen Reach,Radiant,30.2,10.1,84.7,47.6
FX-3154,Verdant Ash,Sunspire Heights,Thriving,17.7,24.1,57.5,53.5
FX-3155,Glasszelkova,Sunspire Heights,Thriving,30.5,9.7,49.7,47.3
FX-3156,Ironcrown Oak,Sunspire Heights,Thriving,26.2,30.4,51.2,76.1
FX-3157,Bloomspire,Mistfen Reach,Waning,22.7,37.7,40.2,65.9
FX-3158,Ghostplane,Mistfen Reach,Radiant,19.0,32.6,90.9,43.4
FX-3159,Ironcrown Oak,Mistfen Reach,Waning,20.9,33.8,40.2,67.4
FX-3160,Whispering Linden,Hollowdeep,Waning,20.1,15.7,36.1,41.8
FX-3161,Thornlace,Hollowdeep,Thriving,11.5,13.2,50.7,43.0
FX-3162,Thornlace,Sunspire Heights,Radiant,16.7,10.5,80.6,53.5
FX-3163,Duskmaple,Hollowdeep,Thriving,18.1,24.6,47.8,60.1
FX-3164,Glasszelkova,Sunspire Heights,Thriving,33.9,13.8,58.0,57.6
FX-3165,Goldfan Ginko,Sunspire Heights,Waning,36.0,14.4,32.9,74.1
FX-3166,Ghostplane,Sunspire Heights,Waning,21.4,37.3,36.9,50.0
FX-3167,Bloomspire,Mistfen Reach,Waning,18.7,34.6,31.5,63.6
FX-3168,Thornlace,Mistfen Reach,Thriving,12.6,15.5,50.3,50.2
FX-3169,Whispering Linden,Mistfen Reach,Thriving,21.1,21.9,56.9,47.1
FX-3170,Coralmaple,Mistfen Reach,Thriving,30.5,21.2,54.3,66.4
FX-3171,Duskmaple,Mistfen Reach,Thriving,20.6,20.4,51.5,63.7
FX-3172,Ghostplane,Sunspire Heights,Radiant,18.0,31.4,82.6,58.3
FX-3173,Goldfan Ginko,Mistfen Reach,Radiant,34.1,12.2,79.8,63.8
FX-3174,Ironcrown Oak,Cragside,Radiant,25.8,27.1,78.0,70.5
FX-3175,Bloomspire,Cragside,Thriving,20.5,38.3,60.1,72.3
FX-3176,Goldfan Ginko,Cragside,Radiant,35.3,18.7,80.3,70.4
FX-3177,Verdant Ash,Sunspire Heights,Thriving,26.9,22.4,54.2,58.3
FX-3178,Glasszelkova,Mistfen Reach,Thriving,29.6,9.0,62.5,45.3
FX-3179,Palepear,Hollowdeep,Radiant,9.7,12.0,74.0,47.7
FX-3180,Glasszelkova,Sunspire Heights,Waning,32.6,12.5,18.7,51.4
FX-3181,Whispering Linden,Mistfen Reach,Thriving,22.0,19.4,49.8,44.6
FX-3182,Verdant Ash,Sunspire Heights,Thriving,20.2,19.6,54.7,51.7
FX-3183,Thornlace,Mistfen Reach,Radiant,13.9,11.4,80.8,52.7
FX-3184,Glasszelkova,Hollowdeep,Waning,24.9,15.3,25.2,42.3
FX-3185,Ironcrown Oak,Sunspire Heights,Thriving,24.1,41.3,52.7,74.9
FX-3186,Palepear,Hollowdeep,Radiant,12.5,7.0,91.6,45.9
FX-3187,Glasszelkova,Sunspire Heights,Waning,33.3,10.5,33.7,51.3
FX-3188,Coralmaple,Mistfen Reach,Radiant,29.6,26.2,73.8,70.5
FX-3189,Coralmaple,Hollowdeep,Thriving,25.8,22.5,51.2,64.7
FX-3190,Duskmaple,Hollowdeep,Waning,18.6,28.8,29.1,58.9
FX-3191,Thornlace,Hollowdeep,Waning,13.4,14.4,40.3,45.4
FX-3192,Palepear,Mistfen Reach,Thriving,17.2,12.4,69.2,40.8
FX-3193,Ironcrown Oak,Mistfen Reach,Thriving,24.3,35.5,47.8,69.7
FX-3194,Whispering Linden,Mistfen Reach,Radiant,24.4,21.0,85.3,44.4
FX-3195,Ghostplane,Sunspire Heights,Thriving,28.1,33.1,57.3,53.2
FX-3196,Bloomspire,Mistfen Reach,Thriving,25.6,37.3,56.5,65.3
FX-3197,Ghostplane,Mistfen Reach,Thriving,15.0,35.5,52.7,44.1
FX-3198,Whispering Linden,Mistfen Reach,Thriving,26.0,16.1,55.1,50.1
FX-3199,Ironcrown Oak,Mistfen Reach,Thriving,23.3,33.7,62.8,65.4
FX-3200,Duskmaple,Cragside,Thriving,23.3,23.9,55.2,68.1
FX-3201,Thornlace,Sunspire Heights,Thriving,14.7,9.7,55.7,53.7
FX-3202,Palepear,Sunspire Heights,Thriving,17.0,8.4,46.6,56.0
FX-3203,Coralmaple,Mistfen Reach,Thriving,28.7,23.4,49.1,65.4
FX-3204,Goldfan Ginko,Cragside,Waning,37.6,19.2,40.1,68.5
FX-3205,Ghostplane,Mistfen Reach,Radiant,20.4,35.2,79.1,48.4
FX-3206,Goldfan Ginko,Cragside,Thriving,37.6,16.4,48.2,63.5
FX-3207,Duskmaple,Hollowdeep,Radiant,11.5,26.7,72.9,62.7
FX-3208,Thornlace,Mistfen Reach,Waning,14.1,14.1,32.9,48.9
FX-3209,Verdant Ash,Sunspire Heights,Waning,23.6,19.8,31.4,51.7
FX-3210,Verdant Ash,Hollowdeep,Thriving,18.5,22.6,51.7,44.3
FX-3211,Bloomspire,Cragside,Waning,25.2,35.0,27.6,62.2
FX-3212,Ironcrown Oak,Sunspire Heights,Thriving,24.2,30.4,60.5,72.5
FX-3213,Goldfan Ginko,Sunspire Heights,Waning,37.9,13.9,26.1,75.9
FX-3214,Whispering Linden,Sunspire Heights,Waning,26.4,20.5,26.2,55.0
FX-3215,Coralmaple,Cragside,Thriving,31.0,19.3,63.6,69.5
FX-3216,Ironcrown Oak,Mistfen Reach,Thriving,24.8,29.0,61.6,68.6
FX-3217,Duskmaple,Cragside,Thriving,17.0,23.8,58.7,70.1
FX-3218,Glasszelkova,Mistfen Reach,Thriving,28.0,4.5,58.4,47.9
FX-3219,Whispering Linden,Sunspire Heights,Thriving,26.7,13.2,44.0,51.2
FX-3220,Glasszelkova,Mistfen Reach,Radiant,25.0,12.6,85.5,44.1
FX-3221,Bloomspire,Mistfen Reach,Radiant,20.4,30.8,80.3,67.0
FX-3222,Bloomspire,Cragside,Thriving,26.4,37.0,49.9,66.6
FX-3223,Emberoak,Cragside,Radiant,31.1,25.0,83.8,72.5
FX-3224,Thornlace,Sunspire Heights,Thriving,21.3,17.7,60.2,55.9
FX-3225,Duskmaple,Mistfen Reach,Waning,16.4,22.2,22.0,60.7
FX-3226,Palepear,Hollowdeep,Radiant,11.5,9.5,69.7,39.7
FX-3227,Verdant Ash,Mistfen Reach,Radiant,12.0,12.8,84.0,47.6
FX-3228,Duskmaple,Mistfen Reach,Thriving,16.3,22.6,67.3,64.6
FX-3229,Emberoak,Mistfen Reach,Waning,25.5,27.8,26.4,63.9
FX-3230,Palepear,Mistfen Reach,Thriving,13.5,11.3,53.5,43.5
FX-3231,Ironcrown Oak,Cragside,Thriving,28.1,22.7,49.0,70.4
FX-3232,Ghostplane,Sunspire Heights,Thriving,24.0,34.2,56.4,60.3
FX-3233,Palepear,Mistfen Reach,Radiant,11.5,8.0,83.3,46.5
FX-3234,Glasszelkova,Sunspire Heights,Radiant,32.6,14.7,67.8,57.3
FX-3235,Coralmaple,Mistfen Reach,Thriving,30.7,21.8,59.4,72.8
FX-3236,Bloomspire,Hollowdeep,Thriving,16.5,36.7,54.4,60.0
FX-3237,Verdant Ash,Sunspire Heights,Thriving,23.0,20.2,51.7,50.6
FX-3238,Glasszelkova,Sunspire Heights,Waning,35.5,10.0,38.3,56.8
FX-3239,Thornlace,Mistfen Reach,Thriving,12.3,9.3,60.0,42.9
FX-3240,Whispering Linden,Sunspire Heights,Waning,33.2,18.3,44.5,52.7
FX-3241,Thornlace,Mistfen Reach,Thriving,17.8,10.2,47.1,46.1
FX-3242,Whispering Linden,Mistfen Reach,Radiant,28.0,18.5,79.3,45.6
FX-3243,Ghostplane,Sunspire Heights,Radiant,22.7,35.7,73.3,51.9
FX-3244,Verdant Ash,Sunspire Heights,Radiant,26.3,16.9,78.1,55.8
FX-3245,Thornlace,Sunspire Heights,Radiant,20.8,8.7,85.0,54.0
FX-3246,Bloomspire,Mistfen Reach,Thriving,23.5,38.1,56.5,60.0
FX-3247,Duskmaple,Mistfen Reach,Thriving,17.5,26.9,51.6,59.5
FX-3248,Palepear,Sunspire Heights,Thriving,22.7,8.0,55.7,50.2
FX-3249,Ghostplane,Sunspire Heights,Radiant,23.1,28.6,80.4,59.0
FX-3250,Verdant Ash,Mistfen Reach,Husk,19.4,15.0,8.5,44.1
FX-3251,Coralmaple,Sunspire Heights,Thriving,34.2,17.8,47.6,69.2
FX-3252,Thornlace,Mistfen Reach,Thriving,14.4,8.0,49.1,41.5
FX-3253,Emberoak,Mistfen Reach,Radiant,24.6,25.0,84.3,68.3
FX-3254,Bloomspire,Sunspire Heights,Radiant,23.0,34.5,78.3,76.1
FX-3255,Palepear,Sunspire Heights,Radiant,18.2,7.8,88.0,50.4
FX-3256,Verdant Ash,Mistfen Reach,Thriving,17.2,13.4,54.8,41.6
FX-3257,Ghostplane,Sunspire Heights,Thriving,24.5,28.6,57.0,56.0
FX-3258,Ironcrown Oak,Cragside,Radiant,26.3,30.0,76.9,69.8
FX-3259,Glasszelkova,Sunspire Heights,Thriving,33.8,10.2,66.2,56.1
FX-3260,Glasszelkova,Hollowdeep,Thriving,30.4,12.9,56.2,38.8
FX-3261,Bloomspire,Mistfen Reach,Thriving,21.2,36.8,57.4,65.3
FX-3262,Ironcrown Oak,Mistfen Reach,Thriving,26.6,28.8,60.9,65.3
FX-3263,Whispering Linden,Sunspire Heights,Waning,35.7,13.0,33.8,55.1
FX-3264,Emberoak,Mistfen Reach,Thriving,23.8,24.9,63.7,63.4
FX-3265,Ironcrown Oak,Cragside,Radiant,28.3,25.8,71.0,74.0
FX-3266,Whispering Linden,Sunspire Heights,Radiant,27.8,14.9,83.3,55.0
FX-3267,Verdant Ash,Mistfen Reach,Thriving,18.9,21.5,44.2,47.7
FX-3268,Emberoak,Mistfen Reach,Radiant,26.7,26.4,80.3,65.3
FX-3269,Thornlace,Sunspire Heights,Waning,15.8,16.4,22.4,54.3
FX-3270,Ghostplane,Hollowdeep,Radiant,16.8,38.1,84.7,38.2
FX-3271,Emberoak,Cragside,Radiant,24.4,25.2,83.8,71.8
FX-3272,Verdant Ash,Mistfen Reach,Thriving,10.8,19.5,52.7,47.9
FX-3273,Whispering Linden,Mistfen Reach,Thriving,27.9,19.8,57.0,47.2
FX-3274,Palepear,Sunspire Heights,Thriving,18.9,14.0,59.4,52.5
FX-3275,Ironcrown Oak,Cragside,Thriving,23.5,31.3,60.0,69.9
FX-3276,Ghostplane,Sunspire Heights,Radiant,26.2,32.7,70.0,53.0
FX-3277,Palepear,Mistfen Reach,Husk,13.6,8.6,8.8,43.1
FX-3278,Ghostplane,Sunspire Heights,Radiant,28.1,37.1,80.6,55.1
FX-3279,Ironcrown Oak,Mistfen Reach,Radiant,24.1,31.0,78.2,68.2
FX-3280,Verdant Ash,Hollowdeep,Radiant,11.4,21.3,82.5,47.4
FX-3281,Ghostplane,Sunspire Heights,Radiant,23.9,37.9,80.0,53.5
FX-3282,Duskmaple,Hollowdeep,Thriving,13.4,23.8,60.6,63.6
FX-3283,Ironcrown Oak,Hollowdeep,Thriving,19.3,33.0,51.7,66.2
FX-3284,Ghostplane,Sunspire Heights,Radiant,27.2,31.2,84.8,56.4
FX-3285,Verdant Ash,Sunspire Heights,Thriving,23.5,20.9,67.7,52.3
FX-3286,Ironcrown Oak,Cragside,Radiant,26.2,32.7,73.7,62.7
FX-3287,Ironcrown Oak,Mistfen Reach,Radiant,24.2,28.7,79.0,69.1
FX-3288,Bloomspire,Hollowdeep,Radiant,18.7,36.4,84.1,59.5
FX-3289,Thornlace,Mistfen Reach,Waning,19.5,13.7,27.3,40.7
FX-3290,Emberoak,Mistfen Reach,Thriving,26.4,29.1,52.2,71.3
FX-3291,Palepear,Hollowdeep,Radiant,4.7,11.0,78.1,43.1
FX-3292,Whispering Linden,Mistfen Reach,Thriving,24.6,20.2,62.7,39.2
FX-3293,Whispering Linden,Sunspire Heights,Thriving,32.6,18.8,51.6,53.1
FX-3294,Thornlace,Mistfen Reach,Waning,12.6,9.5,21.5,42.3
FX-3295,Duskmaple,Hollowdeep,Waning,16.4,21.6,31.0,59.9
FX-3296,Ghostplane,Mistfen Reach,Radiant,16.6,30.1,87.2,49.4
FX-3297,Coralmaple,Cragside,Thriving,31.6,21.4,61.3,68.5
FX-3298,Palepear,Sunspire Heights,Thriving,15.7,16.2,57.7,50.9
FX-3299,Duskmaple,Hollowdeep,Thriving,12.5,26.9,49.7,55.5
FX-3300,Thornlace,Mistfen Reach,Waning,12.9,13.8,30.4,48.4
FX-3301,Bloomspire,Cragside,Thriving,22.6,37.5,67.7,69.4
FX-3302,Duskmaple,Mistfen Reach,Thriving,18.0,26.8,53.5,66.0
FX-3303,Coralmaple,Mistfen Reach,Thriving,28.0,19.8,54.4,62.9
FX-3304,Ghostplane,Sunspire Heights,Thriving,23.6,35.8,51.5,55.0
FX-3305,Whispering Linden,Hollowdeep,Waning,18.9,18.8,25.9,38.7
FX-3306,Ghostplane,Sunspire Heights,Thriving,25.9,28.6,57.5,51.0
FX-3307,Duskmaple,Mistfen Reach,Waning,19.7,24.0,28.7,61.8
FX-3308,Coralmaple,Cragside,Waning,30.9,24.4,23.0,68.7
FX-3309,Whispering Linden,Sunspire Heights,Thriving,28.9,16.6,72.4,56.2
FX-3310,Ghostplane,Mistfen Reach,Thriving,15.7,33.9,57.2,45.4
FX-3311,Thornlace,Sunspire Heights,Thriving,19.5,12.0,59.1,54.4
FX-3312,Thornlace,Mistfen Reach,Thriving,13.0,13.7,52.5,51.9
FX-3313,Ironcrown Oak,Mistfen Reach,Radiant,17.3,24.8,75.3,66.1
FX-3314,Thornlace,Hollowdeep,Thriving,15.5,13.4,55.9,39.6
FX-3315,Coralmaple,Cragside,Thriving,26.9,18.0,53.8,66.2
FX-3316,Palepear,Mistfen Reach,Waning,13.9,10.2,34.3,42.8
FX-3317,Thornlace,Mistfen Reach,Radiant,11.9,12.6,71.2,45.1
FX-3318,Ghostplane,Hollowdeep,Thriving,18.1,30.4,63.7,37.6
FX-3319,Palepear,Sunspire Heights,Thriving,22.1,5.8,56.2,54.7
FX-3320,Verdant Ash,Hollowdeep,Thriving,15.8,19.4,55.5,46.9
FX-3321,Ironcrown Oak,Hollowdeep,Thriving,15.3,29.4,50.3,62.0
FX-3322,Bloomspire,Cragside,Waning,22.3,37.1,17.8,67.9
FX-3323,Verdant Ash,Mistfen Reach,Thriving,15.4,17.4,65.7,44.0
FX-3324,Thornlace,Sunspire Heights,Thriving,19.2,8.7,51.4,55.5
FX-3325,Coralmaple,Mistfen Reach,Thriving,30.9,17.4,58.0,70.3
FX-3326,Verdant Ash,Cragside,Radiant,22.3,15.8,79.6,53.6
FX-3327,Coralmaple,Hollowdeep,Waning,25.4,19.2,31.2,58.2
FX-3328,Whispering Linden,Mistfen Reach,Thriving,20.5,18.7,60.9,50.0
FX-3329,Coralmaple,Mistfen Reach,Waning,30.1,16.9,41.5,60.9
FX-3330,Palepear,Sunspire Heights,Thriving,19.3,10.5,57.4,54.4
FX-3331,Duskmaple,Cragside,Thriving,21.4,32.8,57.5,66.2
FX-3332,Coralmaple,Mistfen Reach,Thriving,26.9,22.9,59.0,66.7
FX-3333,Duskmaple,Hollowdeep,Thriving,13.9,22.5,54.6,67.3
FX-3334,Palepear,Cragside,Waning,18.3,12.5,27.9,47.0
FX-3335,Glasszelkova,Cragside,Thriving,31.8,7.7,54.4,50.0
FX-3336,Glasszelkova,Hollowdeep,Radiant,26.3,5.4,80.8,41.9
FX-3337,Bloomspire,Mistfen Reach,Radiant,17.8,34.0,77.3,65.5
FX-3338,Ghostplane,Mistfen Reach,Husk,20.1,34.3,16.2,42.3
FX-3339,Ghostplane,Sunspire Heights,Thriving,23.6,33.2,48.3,56.5
FX-3340,Verdant Ash,Mistfen Reach,Radiant,16.1,19.1,79.4,46.5
FX-3341,Bloomspire,Cragside,Radiant,22.0,36.9,79.4,70.1
FX-3342,Ironcrown Oak,Cragside,Thriving,23.4,29.5,54.0,72.7
FX-3343,Palepear,Mistfen Reach,Thriving,9.0,14.6,48.1,40.7
FX-3344,Duskmaple,Cragside,Radiant,18.4,20.5,78.2,70.0
FX-3345,Glasszelkova,Mistfen Reach,Thriving,27.7,11.0,55.5,46.9
FX-3346,Whispering Linden,Mistfen Reach,Thriving,23.5,13.4,37.0,41.5
FX-3347,Verdant Ash,Sunspire Heights,Thriving,23.6,18.2,56.5,55.3
FX-3348,Verdant Ash,Mistfen Reach,Thriving,24.6,19.2,45.9,47.2
FX-3349,Goldfan Ginko,Hollowdeep,Waning,32.6,14.2,33.1,62.7
FX-3350,Palepear,Hollowdeep,Thriving,10.9,8.0,56.1,42.7
FX-3351,Ironcrown Oak,Sunspire Heights,Radiant,28.4,27.7,83.4,81.9
FX-3352,Verdant Ash,Sunspire Heights,Thriving,25.3,20.0,52.7,54.9
FX-3353,Bloomspire,Mistfen Reach,Radiant,19.6,35.5,87.5,66.7
FX-3354,Ghostplane,Sunspire Heights,Thriving,22.9,28.3,57.3,52.9
FX-3355,Coralmaple,Cragside,Radiant,31.5,24.6,82.4,69.4
FX-3356,Duskmaple,Cragside,Radiant,25.5,21.9,70.8,66.0
FX-3357,Emberoak,Sunspire Heights,Waning,33.7,27.1,27.7,75.9
FX-3358,Ghostplane,Mistfen Reach,Thriving,21.5,24.8,60.3,47.7
FX-3359,Ironcrown Oak,Cragside,Radiant,23.3,33.1,84.6,69.3
FX-3360,Palepear,Sunspire Heights,Thriving,18.5,7.9,53.1,51.1
FX-3361,Ironcrown Oak,Mistfen Reach,Radiant,23.7,26.6,87.4,61.2
FX-3362,Glasszelkova,Mistfen Reach,Thriving,29.9,9.5,49.1,44.5
FX-3363,Ironcrown Oak,Cragside,Thriving,27.8,28.8,56.0,70.3
FX-3364,Ghostplane,Sunspire Heights,Thriving,17.3,29.0,53.2,55.8
FX-3365,Whispering Linden,Sunspire Heights,Radiant,31.5,18.4,83.8,48.9
FX-3366,Coralmaple,Mistfen Reach,Waning,31.2,23.3,31.2,63.5
FX-3367,Palepear,Hollowdeep,Thriving,11.3,7.8,48.8,41.3
FX-3368,Thornlace,Mistfen Reach,Thriving,15.3,12.7,52.5,43.6
FX-3369,Palepear,Hollowdeep,Radiant,11.3,9.5,89.4,47.9
FX-3370,Ghostplane,Sunspire Heights,Waning,22.6,32.2,37.8,53.0
FX-3371,Ghostplane,Mistfen Reach,Thriving,22.9,34.8,55.4,47.0
FX-3372,Glasszelkova,Mistfen Reach,Waning,28.8,10.1,21.5,49.2
FX-3373,Bloomspire,Cragside,Thriving,20.1,37.9,51.9,68.6
FX-3374,Palepear,Sunspire Heights,Thriving,19.9,12.9,58.1,53.9
FX-3375,Bloomspire,Sunspire Heights,Thriving,25.8,32.7,51.9,76.5
FX-3376,Ghostplane,Mistfen Reach,Thriving,21.5,31.7,56.2,45.5
FX-3377,Ironcrown Oak,Hollowdeep,Husk,17.7,28.5,0.0,55.8
FX-3378,Ghostplane,Hollowdeep,Waning,17.6,27.2,32.6,35.3
FX-3379,Coralmaple,Mistfen Reach,Thriving,26.7,20.2,54.9,63.2
FX-3380,Whispering Linden,Sunspire Heights,Radiant,31.6,15.3,74.4,58.0
FX-3381,Whispering Linden,Sunspire Heights,Thriving,31.7,18.9,65.4,49.8
FX-3382,Duskmaple,Cragside,Radiant,20.5,28.3,85.2,67.5
FX-3383,Coralmaple,Hollowdeep,Thriving,24.6,24.0,52.9,67.2
FX-3384,Coralmaple,Hollowdeep,Thriving,27.6,19.9,59.1,65.2
FX-3385,Palepear,Sunspire Heights,Waning,16.2,13.3,27.1,52.1
FX-3386,Glasszelkova,Cragside,Waning,28.9,6.9,21.9,49.4
FX-3387,Glasszelkova,Mistfen Reach,Waning,32.8,8.8,43.8,43.5
FX-3388,Coralmaple,Mistfen Reach,Waning,25.1,21.6,32.2,65.7
FX-3389,Ghostplane,Sunspire Heights,Radiant,25.4,31.2,73.1,54.3
FX-3390,Palepear,Sunspire Heights,Thriving,19.4,9.4,52.3,50.9
FX-3391,Bloomspire,Hollowdeep,Radiant,14.2,37.6,76.5,58.1
FX-3392,Palepear,Mistfen Reach,Radiant,10.9,6.7,84.4,51.2
FX-3393,Emberoak,Mistfen Reach,Waning,28.3,31.1,40.4,63.2
FX-3394,Ghostplane,Sunspire Heights,Thriving,22.9,33.9,62.2,56.5
FX-3395,Thornlace,Mistfen Reach,Thriving,11.2,16.8,61.0,50.0
FX-3396,Ghostplane,Sunspire Heights,Thriving,29.2,34.5,49.7,54.6
FX-3397,Coralmaple,Hollowdeep,Waning,31.2,28.1,21.5,59.1
FX-3398,Bloomspire,Mistfen Reach,Radiant,23.6,37.4,84.0,71.7
FX-3399,Palepear,Sunspire Heights,Radiant,16.5,10.5,83.7,54.1
FX-3400,Palepear,Mistfen Reach,Thriving,8.6,8.5,57.2,46.5
FX-3401,Whispering Linden,Sunspire Heights,Thriving,30.2,13.5,53.9,56.5
FX-3402,Emberoak,Mistfen Reach,Thriving,28.2,26.7,59.2,69.3
FX-3403,Ghostplane,Mistfen Reach,Thriving,19.4,36.3,55.3,42.5
FX-3404,Ghostplane,Sunspire Heights,Thriving,23.5,30.7,55.4,52.8
FX-3405,Verdant Ash,Hollowdeep,Waning,13.0,18.5,35.4,37.1
FX-3406,Whispering Linden,Sunspire Heights,Thriving,30.0,18.0,53.5,58.7
FX-3407,Thornlace,Mistfen Reach,Thriving,20.1,15.2,56.1,49.0
FX-3408,Whispering Linden,Mistfen Reach,Radiant,23.4,14.4,77.2,47.4
FX-3409,Palepear,Sunspire Heights,Thriving,21.0,5.9,66.1,41.7
FX-3410,Ironcrown Oak,Hollowdeep,Thriving,21.5,33.5,54.9,61.0
FX-3411,Bloomspire,Mistfen Reach,Husk,20.7,33.3,0.9,58.7
FX-3412,Goldfan Ginko,Cragside,Thriving,35.7,8.0,40.3,66.3
FX-3413,Duskmaple,Cragside,Radiant,18.9,26.3,82.9,70.3
FX-3414,Verdant Ash,Sunspire Heights,Thriving,23.7,18.6,56.8,56.7
FX-3415,Whispering Linden,Sunspire Heights,Waning,34.4,13.6,25.6,49.9
FX-3416,Palepear,Sunspire Heights,Thriving,20.7,4.3,59.7,46.9
FX-3417,Palepear,Hollowdeep,Thriving,9.7,8.5,65.0,50.1
FX-3418,Ghostplane,Mistfen Reach,Waning,21.3,30.1,20.7,44.8
FX-3419,Whispering Linden,Sunspire Heights,Thriving,31.8,15.2,53.6,53.3
FX-3420,Whispering Linden,Hollowdeep,Waning,26.4,17.9,22.8,39.8
FX-3421,Glasszelkova,Sunspire Heights,Waning,33.9,11.6,26.0,54.2
FX-3422,Emberoak,Cragside,Radiant,28.2,29.2,81.3,74.0
FX-3423,Palepear,Hollowdeep,Thriving,8.1,5.9,52.1,44.4
FX-3424,Coralmaple,Mistfen Reach,Thriving,30.4,23.4,60.4,65.1
FX-3425,Palepear,Sunspire Heights,Thriving,16.5,1.3,49.7,50.3
FX-3426,Goldfan Ginko,Sunspire Heights,Thriving,40.7,15.9,63.4,72.2
FX-3427,Glasszelkova,Sunspire Heights,Thriving,32.1,13.1,59.4,53.0
FX-3428,Duskmaple,Hollowdeep,Radiant,18.5,24.6,72.6,66.3
FX-3429,Duskmaple,Hollowdeep,Thriving,13.1,20.7,54.7,62.4
FX-3430,Ironcrown Oak,Cragside,Thriving,20.2,29.2,52.9,69.4
FX-3431,Palepear,Sunspire Heights,Thriving,18.1,5.0,61.4,49.1
FX-3432,Ghostplane,Mistfen Reach,Thriving,17.6,30.3,58.6,45.7
FX-3433,Ghostplane,Mistfen Reach,Waning,16.3,34.9,24.9,41.5
FX-3434,Ghostplane,Mistfen Reach,Thriving,19.8,32.8,56.9,43.2
FX-3435,Bloomspire,Cragside,Thriving,27.1,33.6,54.7,66.4
FX-3436,Ironcrown Oak,Mistfen Reach,Thriving,20.6,31.6,49.2,62.9
FX-3437,Thornlace,Mistfen Reach,Radiant,20.7,7.8,82.0,44.9
FX-3438,Goldfan Ginko,Sunspire Heights,Thriving,38.9,13.5,48.6,80.2
FX-3439,Bloomspire,Mistfen Reach,Radiant,21.0,34.6,80.8,67.3
FX-3440,Ironcrown Oak,Cragside,Radiant,28.1,24.6,77.2,69.0
FX-3441,Goldfan Ginko,Mistfen Reach,Husk,35.0,15.7,7.2,59.4
FX-3442,Duskmaple,Mistfen Reach,Thriving,14.6,20.5,53.3,66.3
FX-3443,Duskmaple,Cragside,Thriving,24.3,24.8,57.7,64.6
FX-3444,Thornlace,Sunspire Heights,Thriving,16.6,16.9,56.4,55.1
FX-3445,Glasszelkova,Hollowdeep,Thriving,28.1,11.1,67.0,42.8
FX-3446,Bloomspire,Hollowdeep,Thriving,17.5,30.4,58.7,67.3
FX-3447,Palepear,Sunspire Heights,Thriving,18.3,6.7,56.8,53.2
FX-3448,Palepear,Mistfen Reach,Thriving,13.9,10.0,51.6,49.6
FX-3449,Glasszelkova,Sunspire Heights,Thriving,30.0,7.5,47.5,56.8
FX-3450,Ghostplane,Sunspire Heights,Thriving,23.6,30.7,49.7,52.7
FX-3451,Thornlace,Mistfen Reach,Thriving,12.7,10.7,49.5,43.6
FX-3452,Goldfan Ginko,Mistfen Reach,Waning,38.9,15.7,25.6,63.6
FX-3453,Emberoak,Mistfen Reach,Waning,26.0,23.1,22.7,63.2
FX-3454,Glasszelkova,Hollowdeep,Radiant,29.9,9.6,73.4,43.0
FX-3455,Ghostplane,Mistfen Reach,Thriving,18.3,32.6,50.3,46.4
FX-3456,Glasszelkova,Mistfen Reach,Thriving,22.8,11.1,61.5,40.3
FX-3457,Duskmaple,Cragside,Thriving,23.3,26.1,46.1,62.8
FX-3458,Thornlace,Sunspire Heights,Thriving,22.0,15.8,51.2,50.7
FX-3459,Ghostplane,Hollowdeep,Radiant,16.6,34.0,91.5,46.1
FX-3460,Ghostplane,Sunspire Heights,Thriving,26.4,35.0,54.3,55.3
FX-3461,Emberoak,Mistfen Reach,Husk,27.4,32.3,0.7,60.0
FX-3462,Emberoak,Mistfen Reach,Waning,24.8,29.6,18.2,65.0
FX-3463,Duskmaple,Hollowdeep,Thriving,17.5,25.2,55.7,62.0
FX-3464,Coralmaple,Cragside,Radiant,30.3,22.3,79.7,67.3
FX-3465,Goldfan Ginko,Mistfen Reach,Radiant,37.4,18.3,74.3,63.4
FX-3466,Bloomspire,Hollowdeep,Thriving,22.0,38.4,57.4,67.5
FX-3467,Goldfan Ginko,Mistfen Reach,Thriving,33.0,16.9,56.8,69.0
FX-3468,Duskmaple,Mistfen Reach,Thriving,17.7,22.2,57.2,68.0
FX-3469,Thornlace,Hollowdeep,Waning,15.5,16.4,32.8,44.9
FX-3470,Palepear,Hollowdeep,Waning,10.5,12.1,31.7,38.1
FX-3471,Verdant Ash,Mistfen Reach,Thriving,19.4,18.0,55.5,45.9
FX-3472,Palepear,Mistfen Reach,Radiant,14.6,11.6,86.5,45.0
FX-3473,Ghostplane,Sunspire Heights,Radiant,24.0,32.4,69.1,53.2
FX-3474,Emberoak,Cragside,Waning,29.3,30.1,35.8,64.9
FX-3475,Whispering Linden,Sunspire Heights,Thriving,28.9,14.8,56.6,52.4
FX-3476,Ghostplane,Sunspire Heights,Radiant,28.4,33.3,82.2,61.7
FX-3477,Verdant Ash,Mistfen Reach,Radiant,15.3,18.5,78.1,47.5
FX-3478,Goldfan Ginko,Cragside,Waning,37.8,18.0,33.4,72.8
FX-3479,Glasszelkova,Sunspire Heights,Waning,35.3,10.6,19.2,49.1
FX-3480,Ghostplane,Mistfen Reach,Thriving,19.4,29.4,63.6,45.0
FX-3481,Glasszelkova,Sunspire Heights,Thriving,29.9,6.2,57.0,52.9
FX-3482,Whispering Linden,Sunspire Heights,Radiant,29.1,15.8,73.9,59.9
FX-3483,Ironcrown Oak,Cragside,Thriving,24.0,30.9,60.7,69.1
FX-3484,Thornlace,Sunspire Heights,Thriving,20.5,15.1,57.3,51.4
FX-3485,Bloomspire,Hollowdeep,Waning,19.7,31.6,31.1,56.9
FX-3486,Verdant Ash,Mistfen Reach,Thriving,20.3,17.5,56.6,46.5
FX-3487,Thornlace,Sunspire Heights,Radiant,21.4,12.9,79.0,56.1
FX-3488,Thornlace,Sunspire Heights,Thriving,18.7,9.3,53.6,55.8
FX-3489,Thornlace,Sunspire Heights,Waning,21.1,18.0,28.8,56.2
FX-3490,Bloomspire,Hollowdeep,Thriving,22.6,41.3,53.0,57.8
FX-3491,Goldfan Ginko,Cragside,Thriving,32.9,19.5,58.6,67.0
FX-3492,Ironcrown Oak,Cragside,Radiant,19.9,30.0,77.6,63.9
FX-3493,Ghostplane,Mistfen Reach,Radiant,14.5,32.0,78.9,49.0
FX-3494,Ironcrown Oak,Mistfen Reach,Radiant,24.9,31.3,73.1,70.7
FX-3495,Palepear,Mistfen Reach,Waning,9.4,12.7,28.2,42.1
FX-3496,Ghostplane,Mistfen Reach,Thriving,17.9,32.0,46.8,43.0
FX-3497,Verdant Ash,Hollowdeep,Thriving,12.5,19.6,47.3,40.6
FX-3498,Whispering Linden,Sunspire Heights,Thriving,33.8,13.9,55.5,53.3
FX-3499,Glasszelkova,Mistfen Reach,Waning,27.9,8.5,23.9,40.1
FX-3500,Glasszelkova,Mistfen Reach,Radiant,29.6,13.9,73.2,41.4
FX-3501,Ironcrown Oak,Mistfen Reach,Thriving,22.3,33.2,58.8,68.0
FX-3502,Palepear,Mistfen Reach,Thriving,12.1,9.3,68.3,44.0
FX-3503,Palepear,Sunspire Heights,Radiant,17.2,8.0,79.8,56.2
FX-3504,Glasszelkova,Sunspire Heights,Thriving,32.4,13.3,61.2,49.9
FX-3505,Duskmaple,Cragside,Thriving,20.0,20.4,49.6,58.2
FX-3506,Palepear,Mistfen Reach,Thriving,11.4,9.4,70.6,47.0
FX-3507,Ghostplane,Mistfen Reach,Thriving,16.8,34.3,60.1,43.5
FX-3508,Goldfan Ginko,Mistfen Reach,Radiant,33.2,16.8,76.8,71.7
FX-3509,Whispering Linden,Hollowdeep,Thriving,23.1,15.8,49.5,41.0
FX-3510,Palepear,Sunspire Heights,Thriving,19.9,10.0,49.3,56.8
FX-3511,Emberoak,Cragside,Radiant,32.5,31.0,84.6,68.7
FX-3512,Whispering Linden,Mistfen Reach,Radiant,27.3,18.7,77.1,48.7
FX-3513,Emberoak,Mistfen Reach,Thriving,26.2,35.1,56.6,59.5
FX-3514,Glasszelkova,Sunspire Heights,Thriving,31.9,16.3,55.2,51.3
FX-3515,Bloomspire,Cragside,Thriving,21.6,37.1,52.3,65.9
FX-3516,Bloomspire,Mistfen Reach,Radiant,23.1,38.1,71.8,62.0
FX-3517,Coralmaple,Mistfen Reach,Thriving,30.0,20.3,55.8,61.9
FX-3518,Bloomspire,Mistfen Reach,Thriving,21.1,39.9,51.6,62.4
FX-3519,Palepear,Mistfen Reach,Waning,16.0,8.5,27.8,51.8
FX-3520,Thornlace,Mistfen Reach,Thriving,18.1,11.1,54.0,42.0
FX-3521,Whispering Linden,Sunspire Heights,Thriving,28.1,21.5,51.3,55.5
FX-3522,Glasszelkova,Hollowdeep,Radiant,23.2,11.6,74.8,46.8
FX-3523,Thornlace,Sunspire Heights,Thriving,20.2,12.3,57.5,51.1
FX-3524,Goldfan Ginko,Sunspire Heights,Waning,37.7,10.3,37.0,69.6
FX-3525,Glasszelkova,Mistfen Reach,Waning,28.5,11.1,31.7,42.3
FX-3526,Bloomspire,Mistfen Reach,Thriving,20.2,35.0,61.1,60.3
FX-3527,Thornlace,Mistfen Reach,Thriving,11.5,10.8,47.4,49.8
FX-3528,Duskmaple,Hollowdeep,Thriving,22.1,26.8,49.4,59.4
FX-3529,Coralmaple,Hollowdeep,Thriving,24.9,20.5,50.5,65.2
FX-3530,Bloomspire,Cragside,Thriving,25.9,34.2,61.5,66.5
FX-3531,Thornlace,Sunspire Heights,Thriving,14.6,17.7,51.5,51.7
FX-3532,Coralmaple,Cragside,Radiant,35.7,22.2,82.3,69.2
FX-3533,Coralmaple,Cragside,Thriving,35.2,14.5,60.6,68.7
FX-3534,Coralmaple,Mistfen Reach,Thriving,27.1,25.6,66.2,68.6
FX-3535,Ironcrown Oak,Cragside,Thriving,26.9,30.8,56.5,68.3
FX-3536,Thornlace,Sunspire Heights,Thriving,17.6,13.8,52.3,51.6
FX-3537,Emberoak,Cragside,Thriving,31.7,22.8,53.3,70.0
FX-3538,Whispering Linden,Sunspire Heights,Radiant,29.1,15.7,78.7,59.4
FX-3539,Coralmaple,Cragside,Thriving,31.4,23.5,57.6,67.9
FX-3540,Palepear,Hollowdeep,Thriving,8.6,3.0,57.6,37.7
FX-3541,Emberoak,Mistfen Reach,Waning,28.1,25.2,27.4,67.5
FX-3542,Ghostplane,Cragside,Thriving,19.6,34.3,59.8,50.6
FX-3543,Ghostplane,Mistfen Reach,Radiant,14.8,30.2,80.1,53.1
FX-3544,Palepear,Sunspire Heights,Thriving,19.9,8.6,60.9,50.8
FX-3545,Whispering Linden,Sunspire Heights,Thriving,29.5,11.1,55.8,50.5
FX-3546,Whispering Linden,Sunspire Heights,Thriving,27.8,13.1,47.7,53.2
FX-3547,Ironcrown Oak,Mistfen Reach,Thriving,26.1,31.0,52.6,66.8
FX-3548,Goldfan Ginko,Hollowdeep,Radiant,30.9,19.1,74.4,63.9
FX-3549,Emberoak,Mistfen Reach,Waning,26.4,31.3,29.1,62.8
FX-3550,Palepear,Mistfen Reach,Thriving,13.1,8.9,65.3,44.2
FX-3551,Goldfan Ginko,Hollowdeep,Thriving,33.9,12.5,53.8,58.0
FX-3552,Bloomspire,Mistfen Reach,Thriving,21.6,37.6,54.1,61.7
FX-3553,Thornlace,Hollowdeep,Waning,14.8,17.6,26.0,39.3
FX-3554,Glasszelkova,Sunspire Heights,Thriving,28.9,13.5,61.1,55.0
FX-3555,Ghostplane,Hollowdeep,Radiant,21.3,33.4,77.4,50.0
FX-3556,Ironcrown Oak,Cragside,Thriving,26.7,28.9,53.6,67.8
FX-3557,Glasszelkova,Sunspire Heights,Radiant,31.1,9.6,75.0,56.9
FX-3558,Thornlace,Sunspire Heights,Thriving,22.2,15.8,49.5,61.7
FX-3559,Goldfan Ginko,Mistfen Reach,Thriving,28.8,17.6,51.7,66.3
FX-3560,Verdant Ash,Sunspire Heights,Waning,20.0,13.6,31.6,56.9
FX-3561,Ghostplane,Sunspire Heights,Radiant,25.5,35.6,87.7,55.0
FX-3562,Emberoak,Cragside,Thriving,27.4,31.7,65.3,68.4
FX-3563,Duskmaple,Cragside,Waning,21.8,15.6,24.7,65.9
FX-3564,Bloomspire,Mistfen Reach,Thriving,20.9,37.2,44.9,70.0
FX-3565,Bloomspire,Mistfen Reach,Waning,20.8,32.4,31.5,59.9
FX-3566,Emberoak,Mistfen Reach,Thriving,26.1,30.2,55.6,68.5
FX-3567,Ironcrown Oak,Cragside,Waning,22.7,38.4,30.7,65.8
FX-3568,Duskmaple,Cragside,Radiant,22.1,27.1,68.5,71.5
FX-3569,Bloomspire,Cragside,Thriving,25.9,37.0,48.9,67.4
FX-3570,Bloomspire,Hollowdeep,Thriving,19.8,35.6,50.2,63.2
FX-3571,Thornlace,Sunspire Heights,Waning,19.8,12.6,22.7,51.3
FX-3572,Duskmaple,Cragside,Thriving,20.5,27.5,54.6,70.9
FX-3573,Duskmaple,Mistfen Reach,Thriving,18.7,20.3,56.8,59.2
FX-3574,Verdant Ash,Hollowdeep,Thriving,18.3,19.3,44.1,43.0
FX-3575,Bloomspire,Mistfen Reach,Thriving,25.7,34.7,59.7,66.1
FX-3576,Coralmaple,Cragside,Radiant,29.4,22.7,76.0,75.4
FX-3577,Ironcrown Oak,Mistfen Reach,Thriving,22.9,32.0,49.5,64.5
FX-3578,Verdant Ash,Sunspire Heights,Radiant,22.7,15.4,68.2,57.6
FX-3579,Duskmaple,Hollowdeep,Thriving,16.5,29.5,58.6,57.4
FX-3580,Glasszelkova,Mistfen Reach,Waning,27.5,13.4,31.7,42.4
FX-3581,Emberoak,Hollowdeep,Waning,23.4,28.6,24.8,69.9
FX-3582,Ironcrown Oak,Sunspire Heights,Radiant,28.9,33.0,77.4,74.0
FX-3583,Coralmaple,Cragside,Thriving,34.1,24.3,55.8,66.2
FX-3584,Verdant Ash,Mistfen Reach,Thriving,16.8,14.9,45.7,46.2
FX-3585,Bloomspire,Cragside,Thriving,19.8,37.8,49.7,72.0
FX-3586,Emberoak,Mistfen Reach,Radiant,31.4,23.4,83.0,65.3
FX-3587,Goldfan Ginko,Mistfen Reach,Thriving,31.7,12.9,55.5,69.9
FX-3588,Emberoak,Hollowdeep,Waning,26.2,34.2,37.6,57.8
FX-3589,Goldfan Ginko,Hollowdeep,Radiant,25.5,7.0,82.3,61.5
FX-3590,Coralmaple,Cragside,Radiant,30.2,17.2,82.2,70.3
FX-3591,Bloomspire,Cragside,Thriving,21.0,37.5,49.8,62.0
FX-3592,Palepear,Sunspire Heights,Thriving,17.8,7.8,54.8,53.4
FX-3593,Verdant Ash,Cragside,Thriving,20.4,25.2,46.4,51.3
FX-3594,Goldfan Ginko,Mistfen Reach,Waning,28.8,16.8,37.5,64.4
FX-3595,Whispering Linden,Hollowdeep,Thriving,24.8,17.5,63.0,41.8
FX-3596,Emberoak,Cragside,Thriving,27.7,20.9,50.7,72.9
FX-3597,Bloomspire,Cragside,Radiant,19.6,33.3,89.8,66.0
FX-3598,Thornlace,Mistfen Reach,Thriving,15.8,13.9,46.2,49.2
FX-3599,Glasszelkova,Hollowdeep,Radiant,29.6,12.2,82.1,46.0
FX-3600,Thornlace,Sunspire Heights,Radiant,15.7,14.0,78.5,54.6
FX-3601,Verdant Ash,Mistfen Reach,Thriving,17.0,19.8,54.8,46.2
FX-3602,Whispering Linden,Sunspire Heights,Waning,28.0,16.3,20.6,54.8
FX-3603,Ghostplane,Sunspire Heights,Radiant,24.6,34.7,79.6,53.7
FX-3604,Duskmaple,Cragside,Radiant,19.8,22.9,87.3,69.7
FX-3605,Emberoak,Mistfen Reach,Radiant,20.6,25.0,72.4,69.1
FX-3606,Thornlace,Sunspire Heights,Radiant,23.0,17.3,91.6,51.4
FX-3607,Palepear,Sunspire Heights,Radiant,16.0,9.3,78.6,52.7
FX-3608,Palepear,Hollowdeep,Radiant,9.3,3.9,83.3,44.3
FX-3609,Goldfan Ginko,Hollowdeep,Radiant,33.7,15.8,74.2,71.0
FX-3610,Whispering Linden,Sunspire Heights,Thriving,32.9,21.4,53.9,51.8
FX-3611,Whispering Linden,Sunspire Heights,Thriving,35.0,19.7,55.9,54.5
FX-3612,Whispering Linden,Mistfen Reach,Thriving,22.5,15.4,48.2,42.4
FX-3613,Verdant Ash,Mistfen Reach,Radiant,14.6,18.7,77.6,46.0
FX-3614,Coralmaple,Hollowdeep,Waning,30.0,22.7,21.8,63.0
FX-3615,Emberoak,Cragside,Thriving,28.8,30.8,49.4,68.0
FX-3616,Ghostplane,Sunspire Heights,Thriving,28.7,34.4,55.2,49.5
FX-3617,Verdant Ash,Sunspire Heights,Thriving,21.9,18.0,62.1,55.2
FX-3618,Duskmaple,Cragside,Thriving,18.0,26.5,56.6,68.0
FX-3619,Emberoak,Sunspire Heights,Radiant,34.9,23.7,74.6,73.7
FX-3620,Thornlace,Mistfen Reach,Thriving,14.5,17.3,40.4,45.8
FX-3621,Bloomspire,Mistfen Reach,Waning,18.5,39.3,44.4,65.6
FX-3622,Ghostplane,Sunspire Heights,Waning,21.3,29.3,31.0,50.2
FX-3623,Ironcrown Oak,Cragside,Thriving,21.6,31.2,56.5,67.6
FX-3624,Thornlace,Mistfen Reach,Husk,18.8,17.5,0.0,40.8
FX-3625,Ghostplane,Mistfen Reach,Radiant,19.9,33.6,74.9,48.4
FX-3626,Ghostplane,Sunspire Heights,Husk,21.6,33.7,13.7,50.8
FX-3627,Verdant Ash,Mistfen Reach,Radiant,15.6,23.2,82.1,51.7
FX-3628,Goldfan Ginko,Hollowdeep,Thriving,26.7,14.0,53.3,62.1
FX-3629,Thornlace,Sunspire Heights,Waning,21.0,12.9,37.8,52.4
FX-3630,Glasszelkova,Mistfen Reach,Waning,28.4,7.3,26.9,40.3
FX-3631,Ghostplane,Sunspire Heights,Waning,20.9,30.1,21.8,52.9
FX-3632,Glasszelkova,Sunspire Heights,Thriving,30.4,14.5,59.7,51.2
FX-3633,Verdant Ash,Hollowdeep,Radiant,12.7,18.3,79.4,43.8
FX-3634,Whispering Linden,Sunspire Heights,Thriving,32.2,17.6,52.6,51.4
FX-3635,Verdant Ash,Sunspire Heights,Thriving,21.2,21.7,61.6,51.5
FX-3636,Goldfan Ginko,Mistfen Reach,Waning,33.6,17.4,27.7,65.9
FX-3637,Ironcrown Oak,Cragside,Radiant,27.4,28.8,81.0,69.9
FX-3638,Whispering Linden,Sunspire Heights,Thriving,28.2,17.1,61.1,53.2
FX-3639,Duskmaple,Mistfen Reach,Husk,16.8,21.3,2.6,64.6
FX-3640,Whispering Linden,Sunspire Heights,Thriving,28.9,17.0,46.2,58.2
FX-3641,Goldfan Ginko,Mistfen Reach,Thriving,32.1,13.0,53.3,62.0
FX-3642,Ghostplane,Hollowdeep,Radiant,17.0,34.5,81.1,44.5
FX-3643,Duskmaple,Cragside,Husk,22.6,25.4,14.1,69.3
FX-3644,Emberoak,Mistfen Reach,Thriving,26.9,27.1,58.4,66.1
FX-3645,Thornlace,Sunspire Heights,Thriving,20.1,12.5,58.0,52.7
FX-3646,Ghostplane,Sunspire Heights,Thriving,19.9,29.5,62.8,55.8
FX-3647,Coralmaple,Hollowdeep,Waning,28.9,20.3,24.9,63.2
FX-3648,Ghostplane,Mistfen Reach,Waning,17.3,25.1,33.1,42.2
FX-3649,Thornlace,Sunspire Heights,Thriving,19.1,12.5,42.4,54.1
FX-3650,Goldfan Ginko,Cragside,Thriving,33.0,12.6,54.2,64.4
FX-3651,Verdant Ash,Sunspire Heights,Waning,24.8,10.7,33.8,55.4
FX-3652,Coralmaple,Mistfen Reach,Thriving,28.6,21.5,52.0,71.9
FX-3653,Glasszelkova,Hollowdeep,Thriving,26.0,11.2,59.2,42.2
FX-3654,Emberoak,Hollowdeep,Waning,21.4,28.0,34.1,59.6
FX-3655,Goldfan Ginko,Cragside,Waning,34.6,12.4,28.3,67.3
FX-3656,Bloomspire,Cragside,Radiant,24.5,37.8,84.2,72.5
FX-3657,Glasszelkova,Mistfen Reach,Thriving,23.2,8.9,69.6,50.9
FX-3658,Palepear,Mistfen Reach,Thriving,15.3,10.0,58.1,44.5
FX-3659,Palepear,Sunspire Heights,Thriving,14.1,3.6,57.1,50.9
FX-3660,Bloomspire,Mistfen Reach,Thriving,21.6,33.8,52.1,64.1
FX-3661,Ghostplane,Sunspire Heights,Thriving,20.9,38.3,50.4,49.3
FX-3662,Thornlace,Mistfen Reach,Thriving,19.1,14.5,57.3,52.8
FX-3663,Ghostplane,Mistfen Reach,Waning,14.4,33.4,43.6,46.6
FX-3664,Palepear,Hollowdeep,Thriving,11.0,9.1,46.2,35.0
FX-3665,Palepear,Mistfen Reach,Thriving,11.5,12.2,65.5,42.2
FX-3666,Ghostplane,Mistfen Reach,Waning,19.5,27.5,37.7,47.8
FX-3667,Verdant Ash,Mistfen Reach,Radiant,17.1,15.0,77.5,52.4
FX-3668,Glasszelkova,Sunspire Heights,Thriving,30.3,15.9,54.6,60.2
FX-3669,Palepear,Mistfen Reach,Radiant,7.8,10.2,77.3,55.3
FX-3670,Verdant Ash,Hollowdeep,Thriving,15.4,19.0,47.1,41.8
FX-3671,Goldfan Ginko,Cragside,Waning,33.9,16.1,27.9,64.8
FX-3672,Whispering Linden,Sunspire Heights,Radiant,29.3,19.6,81.2,56.9
FX-3673,Emberoak,Mistfen Reach,Radiant,27.8,27.1,83.5,64.9
FX-3674,Coralmaple,Cragside,Waning,29.3,16.4,31.4,67.5
FX-3675,Ironcrown Oak,Cragside,Radiant,23.4,29.0,72.3,72.2
FX-3676,Whispering Linden,Hollowdeep,Radiant,21.0,16.9,78.8,46.2
FX-3677,Thornlace,Mistfen Reach,Thriving,16.1,15.8,55.4,47.6
FX-3678,Ironcrown Oak,Hollowdeep,Thriving,18.5,32.0,54.4,63.5
FX-3679,Goldfan Ginko,Hollowdeep,Thriving,30.8,11.2,63.9,61.3
FX-3680,Glasszelkova,Sunspire Heights,Radiant,30.6,9.1,88.2,51.7
FX-3681,Goldfan Ginko,Cragside,Waning,36.8,17.9,19.0,67.8
FX-3682,Palepear,Sunspire Heights,Thriving,18.1,6.8,54.1,53.5
FX-3683,Goldfan Ginko,Mistfen Reach,Radiant,34.6,17.7,84.5,66.0
FX-3684,Palepear,Sunspire Heights,Thriving,22.9,9.8,59.5,57.7
FX-3685,Thornlace,Hollowdeep,Radiant,15.3,13.4,81.9,44.3
FX-3686,Bloomspire,Cragside,Thriving,21.5,36.1,63.7,64.9
FX-3687,Coralmaple,Hollowdeep,Waning,27.1,18.1,27.7,61.5
FX-3688,Thornlace,Hollowdeep,Radiant,13.7,13.1,90.4,44.8
FX-3689,Bloomspire,Hollowdeep,Thriving,14.8,32.2,43.0,66.9
FX-3690,Emberoak,Cragside,Radiant,26.6,28.6,79.9,70.8
FX-3691,Whispering Linden,Sunspire Heights,Radiant,33.7,19.7,77.6,55.5
FX-3692,Coralmaple,Mistfen Reach,Thriving,33.6,18.9,59.0,64.0
FX-3693,Ironcrown Oak,Mistfen Reach,Thriving,19.7,32.7,54.8,59.0
FX-3694,Thornlace,Sunspire Heights,Thriving,15.3,6.9,53.3,55.5
FX-3695,Goldfan Ginko,Mistfen Reach,Thriving,35.3,6.8,66.2,61.5
FX-3696,Ghostplane,Mistfen Reach,Waning,18.7,26.9,23.9,41.5
FX-3697,Verdant Ash,Sunspire Heights,Radiant,20.9,19.4,86.0,61.8
FX-3698,Palepear,Sunspire Heights,Thriving,20.5,11.3,54.9,54.1
FX-3699,Thornlace,Sunspire Heights,Radiant,20.8,17.1,82.5,53.5
FX-3700,Coralmaple,Hollowdeep,Thriving,25.4,24.8,45.2,63.6
FX-3701,Palepear,Mistfen Reach,Thriving,12.8,9.7,64.1,42.9
FX-3702,Thornlace,Mistfen Reach,Waning,17.2,14.3,30.1,50.0
FX-3703,Thornlace,Hollowdeep,Thriving,18.2,13.5,53.7,42.3
FX-3704,Glasszelkova,Mistfen Reach,Thriving,26.5,3.8,52.4,43.3
FX-3705,Ironcrown Oak,Cragside,Thriving,19.4,32.2,56.0,69.9
FX-3706,Goldfan Ginko,Mistfen Reach,Thriving,30.3,21.1,42.3,60.1
FX-3707,Ghostplane,Sunspire Heights,Thriving,25.3,33.9,51.8,52.8
FX-3708,Goldfan Ginko,Hollowdeep,Radiant,27.5,16.9,87.0,62.8
FX-3709,Bloomspire,Cragside,Thriving,22.2,35.6,51.2,73.3
FX-3710,Palepear,Sunspire Heights,Thriving,20.0,9.2,55.1,52.0
FX-3711,Coralmaple,Cragside,Radiant,32.5,21.0,84.1,70.2
FX-3712,Bloomspire,Cragside,Waning,21.3,37.4,26.2,72.5
FX-3713,Glasszelkova,Sunspire Heights,Thriving,32.5,11.8,58.6,60.2
FX-3714,Palepear,Mistfen Reach,Radiant,15.2,9.2,76.2,49.3
FX-3715,Whispering Linden,Sunspire Heights,Thriving,30.7,14.9,53.7,55.1
FX-3716,Glasszelkova,Sunspire Heights,Thriving,34.3,9.4,52.7,51.0
FX-3717,Goldfan Ginko,Hollowdeep,Thriving,33.0,20.8,57.8,60.7
FX-3718,Emberoak,Mistfen Reach,Thriving,25.4,31.5,56.9,63.7
FX-3719,Ghostplane,Mistfen Reach,Radiant,16.7,35.5,82.3,45.2
FX-3720,Verdant Ash,Sunspire Heights,Radiant,21.2,17.5,81.9,55.0
FX-3721,Palepear,Mistfen Reach,Radiant,12.8,4.8,88.0,49.1
FX-3722,Duskmaple,Hollowdeep,Thriving,18.1,25.3,53.0,65.5
FX-3723,Whispering Linden,Mistfen Reach,Thriving,23.2,21.1,55.5,39.9
FX-3724,Ghostplane,Mistfen Reach,Radiant,15.4,28.3,72.8,48.7
FX-3725,Duskmaple,Cragside,Thriving,17.0,28.2,55.5,64.3
FX-3726,Whispering Linden,Sunspire Heights,Thriving,29.4,15.4,58.2,58.2
FX-3727,Emberoak,Mistfen Reach,Thriving,23.8,28.9,56.4,58.8
FX-3728,Glasszelkova,Sunspire Heights,Radiant,36.3,21.0,81.3,52.5
FX-3729,Emberoak,Mistfen Reach,Waning,25.7,23.4,39.0,69.2
FX-3730,Thornlace,Mistfen Reach,Thriving,15.7,11.1,52.1,48.1
FX-3731,Ghostplane,Sunspire Heights,Radiant,20.3,28.0,83.7,53.8
FX-3732,Palepear,Hollowdeep,Thriving,13.2,8.1,51.8,41.1
FX-3733,Emberoak,Mistfen Reach,Thriving,30.6,31.2,46.5,60.4
FX-3734,Bloomspire,Mistfen Reach,Thriving,24.7,38.7,52.8,68.4
FX-3735,Bloomspire,Hollowdeep,Thriving,22.0,34.3,55.0,60.2
FX-3736,Verdant Ash,Sunspire Heights,Radiant,17.1,18.9,84.5,56.9
FX-3737,Whispering Linden,Mistfen Reach,Thriving,24.3,19.9,58.6,45.2
FX-3738,Thornlace,Sunspire Heights,Husk,15.5,8.7,5.9,52.5
FX-3739,Coralmaple,Mistfen Reach,Thriving,28.8,18.9,49.8,65.9
FX-3740,Coralmaple,Sunspire Heights,Waning,32.2,22.5,35.5,68.6
FX-3741,Whispering Linden,Sunspire Heights,Thriving,29.1,13.4,51.7,51.3
FX-3742,Goldfan Ginko,Cragside,Thriving,41.1,12.1,51.9,64.4
FX-3743,Ironcrown Oak,Mistfen Reach,Radiant,22.1,30.1,82.5,67.1
FX-3744,Bloomspire,Mistfen Reach,Thriving,18.9,30.5,54.3,66.2
FX-3745,Ghostplane,Sunspire Heights,Waning,22.6,40.2,42.1,55.1
FX-3746,Ghostplane,Mistfen Reach,Thriving,16.5,34.6,68.8,46.6
FX-3747,Glasszelkova,Sunspire Heights,Thriving,38.8,10.8,50.7,52.2
FX-3748,Verdant Ash,Sunspire Heights,Thriving,24.1,16.3,46.5,54.0
FX-3749,Goldfan Ginko,Mistfen Reach,Radiant,32.2,17.5,78.5,71.4
FX-3750,Goldfan Ginko,Hollowdeep,Radiant,29.1,15.8,81.7,64.3
FX-3751,Thornlace,Hollowdeep,Thriving,8.1,10.8,50.9,42.9
FX-3752,Ironcrown Oak,Cragside,Radiant,26.3,28.6,73.6,67.0
FX-3753,Thornlace,Hollowdeep,Radiant,13.3,12.9,76.1,45.1
FX-3754,Bloomspire,Mistfen Reach,Thriving,19.0,36.9,57.6,57.1
FX-3755,Glasszelkova,Sunspire Heights,Thriving,33.1,10.5,64.6,54.9
FX-3756,Goldfan Ginko,Mistfen Reach,Radiant,33.1,12.8,78.6,69.0
FX-3757,Palepear,Sunspire Heights,Thriving,15.0,6.4,43.1,58.2
FX-3758,Ghostplane,Hollowdeep,Thriving,12.3,30.0,49.6,46.2
FX-3759,Duskmaple,Mistfen Reach,Radiant,19.6,30.4,74.3,63.9
FX-3760,Thornlace,Sunspire Heights,Waning,23.0,12.7,26.9,47.6
FX-3761,Coralmaple,Mistfen Reach,Thriving,29.0,24.5,43.2,61.9
FX-3762,Thornlace,Sunspire Heights,Waning,19.5,12.4,33.9,58.6
FX-3763,Goldfan Ginko,Mistfen Reach,Thriving,33.2,12.5,46.8,57.8
FX-3764,Goldfan Ginko,Cragside,Thriving,30.8,11.1,48.2,72.9
FX-3765,Duskmaple,Mistfen Reach,Thriving,21.4,25.2,56.8,64.3
FX-3766,Duskmaple,Cragside,Waning,21.4,26.1,28.4,67.4
FX-3767,Duskmaple,Hollowdeep,Thriving,12.7,19.1,58.2,63.6
FX-3768,Verdant Ash,Hollowdeep,Radiant,18.5,24.3,76.7,42.2
FX-3769,Emberoak,Hollowdeep,Radiant,22.2,27.5,74.7,67.0
FX-3770,Bloomspire,Cragside,Thriving,23.8,35.3,56.4,61.8
FX-3771,Ironcrown Oak,Hollowdeep,Thriving,18.0,28.2,59.1,64.9
FX-3772,Verdant Ash,Mistfen Reach,Radiant,16.7,20.0,68.3,46.8
FX-3773,Bloomspire,Cragside,Thriving,23.7,31.9,62.3,70.0
FX-3774,Goldfan Ginko,Hollowdeep,Thriving,29.5,11.8,55.9,64.9
FX-3775,Ironcrown Oak,Mistfen Reach,Thriving,18.0,29.0,56.7,60.1
FX-3776,Whispering Linden,Hollowdeep,Thriving,20.2,19.9,50.0,42.8
FX-3777,Emberoak,Mistfen Reach,Thriving,25.7,31.1,49.6,60.5
FX-3778,Bloomspire,Mistfen Reach,Thriving,21.1,31.5,47.8,73.0
FX-3779,Ironcrown Oak,Mistfen Reach,Radiant,25.7,37.1,76.2,67.0
FX-3780,Palepear,Mistfen Reach,Waning,14.8,14.0,23.8,43.2
FX-3781,Thornlace,Sunspire Heights,Waning,19.8,8.9,36.2,51.4
FX-3782,Goldfan Ginko,Cragside,Radiant,29.5,13.4,73.3,74.8
FX-3783,Glasszelkova,Sunspire Heights,Thriving,30.1,12.4,64.5,49.7
FX-3784,Ironcrown Oak,Mistfen Reach,Thriving,24.0,33.4,63.2,63.6
FX-3785,Emberoak,Cragside,Thriving,35.6,24.5,58.2,67.4
FX-3786,Verdant Ash,Sunspire Heights,Thriving,23.4,19.9,57.0,52.1
FX-3787,Duskmaple,Mistfen Reach,Thriving,14.0,29.7,43.6,70.8
FX-3788,Palepear,Sunspire Heights,Thriving,18.9,11.8,56.1,55.1
FX-3789,Goldfan Ginko,Mistfen Reach,Waning,29.4,14.9,29.4,62.6
FX-3790,Emberoak,Mistfen Reach,Thriving,26.0,28.4,62.3,64.4
FX-3791,Palepear,Mistfen Reach,Thriving,13.8,12.9,47.5,42.3
FX-3792,Ironcrown Oak,Mistfen Reach,Waning,19.5,29.3,26.0,61.4
FX-3793,Whispering Linden,Mistfen Reach,Thriving,25.0,14.9,43.7,42.5
FX-3794,Palepear,Sunspire Heights,Thriving,19.9,4.7,52.5,57.5
FX-3795,Coralmaple,Mistfen Reach,Thriving,27.9,13.8,55.0,66.7
FX-3796,Ghostplane,Mistfen Reach,Waning,19.9,31.6,22.3,46.0
FX-3797,Coralmaple,Mistfen Reach,Thriving,32.8,19.7,55.8,71.1
FX-3798,Emberoak,Mistfen Reach,Waning,27.8,28.0,37.2,62.8
FX-3799,Ironcrown Oak,Mistfen Reach,Radiant,18.0,28.8,74.7,65.6
FX-3800,Glasszelkova,Sunspire Heights,Thriving,32.6,14.6,60.9,55.8
FX-3801,Verdant Ash,Sunspire Heights,Thriving,18.6,16.2,59.6,56.6
FX-3802,Coralmaple,Cragside,Waning,31.2,20.2,20.6,69.5
FX-3803,Ironcrown Oak,Mistfen Reach,Thriving,24.9,26.7,50.9,67.0
FX-3804,Emberoak,Mistfen Reach,Thriving,23.7,29.3,57.4,67.6
FX-3805,Glasszelkova,Sunspire Heights,Thriving,31.4,13.4,52.4,49.8
FX-3806,Duskmaple,Hollowdeep,Thriving,20.6,23.3,60.5,63.1
FX-3807,Goldfan Ginko,Sunspire Heights,Thriving,38.7,16.5,53.8,73.4
FX-3808,Emberoak,Cragside,Thriving,27.1,25.1,58.7,67.0
FX-3809,Ghostplane,Sunspire Heights,Thriving,23.8,32.6,57.8,56.0
FX-3810,Thornlace,Sunspire Heights,Radiant,18.4,9.0,85.6,55.0
FX-3811,Palepear,Sunspire Heights,Thriving,20.9,4.6,54.8,53.0
FX-3812,Coralmaple,Cragside,Thriving,28.5,21.8,43.3,66.4
FX-3813,Palepear,Sunspire Heights,Radiant,22.3,10.1,83.0,58.2
FX-3814,Duskmaple,Mistfen Reach,Thriving,17.6,19.3,63.7,65.3
FX-3815,Verdant Ash,Sunspire Heights,Thriving,24.1,21.8,50.1,50.1
FX-3816,Whispering Linden,Mistfen Reach,Thriving,23.6,15.8,55.2,43.4
FX-3817,Thornlace,Mistfen Reach,Radiant,13.8,15.1,84.6,52.2
FX-3818,Emberoak,Hollowdeep,Waning,24.0,22.5,33.0,59.9
FX-3819,Verdant Ash,Sunspire Heights,Waning,19.2,22.9,29.4,50.2
FX-3820,Goldfan Ginko,Hollowdeep,Radiant,30.9,12.8,79.7,67.5
FX-3821,Goldfan Ginko,Mistfen Reach,Waning,30.3,21.2,32.5,65.9
FX-3822,Emberoak,Mistfen Reach,Waning,25.1,27.5,29.8,66.0
FX-3823,Bloomspire,Cragside,Thriving,25.9,42.3,64.8,68.0
FX-3824,Duskmaple,Hollowdeep,Thriving,18.9,22.2,51.5,59.1
FX-3825,Ironcrown Oak,Hollowdeep,Waning,22.8,28.5,27.4,63.4
FX-3826,Duskmaple,Cragside,Thriving,21.8,22.4,56.8,64.9
FX-3827,Coralmaple,Mistfen Reach,Radiant,33.6,24.7,77.1,70.4
FX-3828,Verdant Ash,Hollowdeep,Thriving,17.1,22.0,50.5,43.4
FX-3829,Goldfan Ginko,Mistfen Reach,Thriving,30.7,15.8,58.1,62.8
FX-3830,Thornlace,Mistfen Reach,Thriving,15.2,12.5,51.8,43.6
FX-3831,Bloomspire,Mistfen Reach,Radiant,20.6,38.3,81.2,70.2
FX-3832,Goldfan Ginko,Mistfen Reach,Radiant,34.6,10.7,76.8,63.3
FX-3833,Palepear,Sunspire Heights,Thriving,19.6,14.7,59.6,48.8
FX-3834,Coralmaple,Mistfen Reach,Thriving,25.3,18.3,58.5,64.8
FX-3835,Ironcrown Oak,Mistfen Reach,Thriving,20.3,35.9,43.7,63.3
FX-3836,Bloomspire,Mistfen Reach,Thriving,25.3,40.3,52.3,63.0
FX-3837,Ghostplane,Sunspire Heights,Radiant,25.7,35.5,78.5,57.0
FX-3838,Bloomspire,Mistfen Reach,Radiant,22.8,35.8,80.8,71.3
FX-3839,Emberoak,Hollowdeep,Radiant,21.8,27.9,77.3,65.3
FX-3840,Duskmaple,Mistfen Reach,Thriving,17.1,28.1,61.8,65.3
FX-3841,Bloomspire,Hollowdeep,Radiant,18.8,34.9,72.1,68.4
FX-3842,Ghostplane,Mistfen Reach,Thriving,19.0,29.7,53.1,48.9
FX-3843,Verdant Ash,Mistfen Reach,Thriving,13.9,17.5,49.1,42.5
FX-3844,Goldfan Ginko,Mistfen Reach,Radiant,33.7,14.8,88.7,64.7
FX-3845,Verdant Ash,Mistfen Reach,Thriving,18.4,22.5,54.7,44.6
FX-3846,Ghostplane,Mistfen Reach,Thriving,21.1,34.0,47.9,40.1
FX-3847,Ironcrown Oak,Cragside,Waning,22.3,32.2,23.8,66.4
FX-3848,Bloomspire,Hollowdeep,Thriving,17.5,35.1,53.0,66.4
FX-3849,Verdant Ash,Sunspire Heights,Thriving,20.6,16.2,40.2,51.0
FX-3850,Thornlace,Mistfen Reach,Thriving,18.9,13.6,54.8,44.2
FX-3851,Emberoak,Cragside,Thriving,28.6,26.4,52.8,69.5
FX-3852,Emberoak,Mistfen Reach,Radiant,25.2,24.5,87.1,66.1
FX-3853,Duskmaple,Hollowdeep,Radiant,18.3,21.0,82.4,61.4
FX-3854,Glasszelkova,Sunspire Heights,Thriving,31.9,13.7,60.7,48.1
FX-3855,Ironcrown Oak,Mistfen Reach,Radiant,21.1,25.7,89.5,68.4
FX-3856,Bloomspire,Sunspire Heights,Thriving,26.3,40.3,59.0,71.2
FX-3857,Glasszelkova,Sunspire Heights,Thriving,32.3,10.4,58.3,54.7
FX-3858,Verdant Ash,Mistfen Reach,Thriving,17.7,18.4,67.1,42.8
FX-3859,Palepear,Sunspire Heights,Thriving,22.9,6.1,46.9,52.0
FX-3860,Coralmaple,Mistfen Reach,Thriving,27.8,22.0,47.9,62.9
FX-3861,Emberoak,Mistfen Reach,Thriving,23.1,25.5,64.4,63.2
FX-3862,Glasszelkova,Sunspire Heights,Radiant,31.6,9.2,81.7,59.7
FX-3863,Emberoak,Mistfen Reach,Radiant,24.7,25.9,94.1,68.7
FX-3864,Ironcrown Oak,Hollowdeep,Thriving,22.5,32.3,61.2,64.1
FX-3865,Ghostplane,Hollowdeep,Waning,22.1,34.7,25.6,38.2
FX-3866,Glasszelkova,Hollowdeep,Thriving,29.9,7.3,60.3,41.5
FX-3867,Thornlace,Mistfen Reach,Waning,13.6,15.1,21.8,45.4
FX-3868,Thornlace,Mistfen Reach,Radiant,16.9,10.8,83.3,45.7
FX-3869,Glasszelkova,Mistfen Reach,Radiant,25.7,9.3,84.6,46.6
FX-3870,Verdant Ash,Sunspire Heights,Radiant,22.9,16.9,84.4,56.4
FX-3871,Glasszelkova,Mistfen Reach,Thriving,25.2,14.8,55.1,39.9
FX-3872,Duskmaple,Mistfen Reach,Thriving,18.3,29.2,50.3,69.6
FX-3873,Glasszelkova,Mistfen Reach,Thriving,30.0,12.6,57.3,48.5
FX-3874,Duskmaple,Hollowdeep,Radiant,18.1,24.1,78.6,61.6
FX-3875,Palepear,Mistfen Reach,Waning,9.1,4.2,23.3,43.9
FX-3876,Glasszelkova,Sunspire Heights,Thriving,31.9,8.3,66.6,51.1
FX-3877,Ironcrown Oak,Mistfen Reach,Waning,20.5,29.3,30.8,64.9
FX-3878,Thornlace,Sunspire Heights,Thriving,21.7,13.5,51.1,54.3
FX-3879,Emberoak,Cragside,Thriving,28.5,24.8,59.9,67.4
FX-3880,Duskmaple,Mistfen Reach,Thriving,20.0,24.6,55.7,64.2
FX-3881,Thornlace,Sunspire Heights,Thriving,18.5,15.3,52.4,51.9
FX-3882,Emberoak,Mistfen Reach,Radiant,23.4,30.8,74.4,69.6
FX-3883,Ironcrown Oak,Cragside,Thriving,23.7,31.5,49.5,67.6
FX-3884,Ironcrown Oak,Mistfen Reach,Waning,20.1,30.1,26.4,67.1
FX-3885,Coralmaple,Cragside,Thriving,31.8,19.9,54.3,66.0
FX-3886,Goldfan Ginko,Mistfen Reach,Radiant,33.5,13.6,81.5,66.5
FX-3887,Ghostplane,Sunspire Heights,Thriving,24.7,34.4,50.1,49.6
FX-3888,Ironcrown Oak,Cragside,Radiant,23.5,29.4,86.6,68.7
FX-3889,Bloomspire,Cragside,Radiant,24.4,40.6,78.3,69.4
FX-3890,Verdant Ash,Mistfen Reach,Thriving,18.4,21.9,55.6,49.7
FX-3891,Goldfan Ginko,Mistfen Reach,Thriving,30.1,14.4,59.2,64.3
FX-3892,Ironcrown Oak,Sunspire Heights,Thriving,26.8,32.1,58.4,78.3
FX-3893,Emberoak,Hollowdeep,Thriving,28.4,34.5,55.5,63.9
FX-3894,Verdant Ash,Mistfen Reach,Husk,14.9,18.8,11.7,42.7
FX-3895,Ironcrown Oak,Mistfen Reach,Husk,25.5,30.4,0.0,64.0
FX-3896,Glasszelkova,Sunspire Heights,Thriving,36.9,15.6,56.8,52.3
FX-3897,Goldfan Ginko,Sunspire Heights,Thriving,36.1,14.6,56.4,71.3
FX-3898,Verdant Ash,Sunspire Heights,Radiant,22.8,19.7,72.7,53.4
FX-3899,Coralmaple,Mistfen Reach,Waning,31.7,20.0,25.0,70.1
FX-3900,Bloomspire,Cragside,Radiant,21.8,33.4,82.0,67.8
FX-3901,Bloomspire,Cragside,Radiant,22.3,29.7,79.7,70.8
FX-3902,Ghostplane,Mistfen Reach,Radiant,20.8,32.4,79.6,43.5
FX-3903,Ghostplane,Sunspire Heights,Thriving,21.5,30.3,59.5,56.7
FX-3904,Glasszelkova,Sunspire Heights,Thriving,32.9,12.3,56.7,56.8
FX-3905,Glasszelkova,Hollowdeep,Thriving,21.8,15.8,52.6,39.0
FX-3906,Verdant Ash,Mistfen Reach,Thriving,12.1,18.8,58.6,46.4
FX-3907,Goldfan Ginko,Cragside,Thriving,35.8,17.1,55.2,67.9
FX-3908,Thornlace,Hollowdeep,Thriving,12.6,8.1,62.5,39.5
FX-3909,Palepear,Mistfen Reach,Waning,16.9,7.8,34.7,44.5
FX-3910,Glasszelkova,Hollowdeep,Thriving,30.1,7.6,50.9,41.0
FX-3911,Emberoak,Mistfen Reach,Thriving,26.3,30.6,60.2,65.6
FX-3912,Palepear,Hollowdeep,Thriving,11.4,9.5,62.9,43.3
FX-3913,Whispering Linden,Mistfen Reach,Thriving,25.2,16.3,53.9,50.4
FX-3914,Glasszelkova,Sunspire Heights,Thriving,32.6,12.4,51.4,54.4
FX-3915,Ghostplane,Sunspire Heights,Thriving,23.5,35.9,58.7,54.4
FX-3916,Verdant Ash,Mistfen Reach,Radiant,16.9,17.0,76.8,43.5
FX-3917,Ironcrown Oak,Mistfen Reach,Thriving,22.1,29.0,51.1,65.2
FX-3918,Ghostplane,Hollowdeep,Thriving,17.1,35.8,51.7,44.0
FX-3919,Goldfan Ginko,Mistfen Reach,Waning,33.9,13.9,30.2,63.5
FX-3920,Bloomspire,Cragside,Radiant,18.4,39.4,80.1,61.8
FX-3921,Coralmaple,Cragside,Radiant,32.2,22.7,76.1,65.9
FX-3922,Thornlace,Sunspire Heights,Radiant,22.5,8.9,81.5,57.0
FX-3923,Verdant Ash,Mistfen Reach,Thriving,18.4,17.2,56.0,52.8
FX-3924,Ghostplane,Mistfen Reach,Thriving,16.7,32.7,52.4,42.8
FX-3925,Coralmaple,Cragside,Thriving,23.0,22.4,48.7,68.6
FX-3926,Emberoak,Mistfen Reach,Radiant,22.9,25.4,80.9,62.9
FX-3927,Palepear,Sunspire Heights,Waning,17.1,9.9,24.6,53.1
FX-3928,Thornlace,Hollowdeep,Thriving,19.3,10.9,57.5,46.6
FX-3929,Whispering Linden,Mistfen Reach,Radiant,25.3,20.8,73.6,47.8
FX-3930,Thornlace,Mistfen Reach,Radiant,13.7,8.5,93.9,49.2
FX-3931,Ironcrown Oak,Mistfen Reach,Waning,23.1,32.6,28.6,59.9
FX-3932,Ironcrown Oak,Mistfen Reach,Thriving,25.6,33.0,57.4,64.8
FX-3933,Coralmaple,Cragside,Thriving,34.7,22.9,58.9,67.9
FX-3934,Verdant Ash,Mistfen Reach,Thriving,20.3,15.6,57.9,48.8
FX-3935,Palepear,Mistfen Reach,Husk,11.7,14.5,7.1,42.0
FX-3936,Ironcrown Oak,Mistfen Reach,Thriving,21.3,32.4,52.9,60.7
FX-3937,Thornlace,Mistfen Reach,Thriving,17.1,14.9,49.2,44.6
FX-3938,Glasszelkova,Hollowdeep,Thriving,24.2,8.9,68.3,41.3
FX-3939,Glasszelkova,Mistfen Reach,Radiant,25.6,12.1,74.9,50.8
FX-3940,Glasszelkova,Mistfen Reach,Waning,29.5,12.9,38.2,44.3
FX-3941,Glasszelkova,Mistfen Reach,Radiant,23.7,6.7,73.7,49.8
FX-3942,Palepear,Mistfen Reach,Thriving,12.4,8.0,59.1,50.9
FX-3943,Emberoak,Hollowdeep,Radiant,20.1,33.7,78.3,67.3
FX-3944,Emberoak,Sunspire Heights,Radiant,32.4,31.6,85.7,75.6
FX-3945,Bloomspire,Hollowdeep,Waning,16.4,32.8,36.5,60.6
FX-3946,Ghostplane,Mistfen Reach,Thriving,18.0,31.2,48.3,51.3
FX-3947,Coralmaple,Hollowdeep,Radiant,26.4,22.9,80.8,67.6
FX-3948,Thornlace,Mistfen Reach,Radiant,18.9,10.9,83.3,51.1
FX-3949,Whispering Linden,Mistfen Reach,Thriving,21.5,17.1,52.7,38.7
FX-3950,Ironcrown Oak,Cragside,Thriving,27.4,26.8,52.3,68.7
FX-3951,Verdant Ash,Sunspire Heights,Thriving,21.5,18.1,59.7,57.8
FX-3952,Goldfan Ginko,Mistfen Reach,Thriving,32.3,15.8,58.2,67.7
FX-3953,Ironcrown Oak,Cragside,Radiant,25.9,32.9,81.6,72.2
FX-3954,Goldfan Ginko,Mistfen Reach,Waning,30.7,15.0,32.6,55.9
FX-3955,Emberoak,Cragside,Thriving,27.1,28.4,55.2,65.8
FX-3956,Whispering Linden,Sunspire Heights,Thriving,29.0,12.9,51.7,53.9
FX-3957,Verdant Ash,Sunspire Heights,Thriving,21.3,18.4,65.8,56.6
FX-3958,Coralmaple,Sunspire Heights,Thriving,32.3,21.3,48.8,74.2
FX-3959,Bloomspire,Sunspire Heights,Thriving,23.0,36.1,58.8,75.0
FX-3960,Whispering Linden,Mistfen Reach,Thriving,23.8,18.1,50.1,46.6
FX-3961,Glasszelkova,Sunspire Heights,Radiant,35.1,11.2,83.9,53.9
FX-3962,Coralmaple,Cragside,Radiant,35.2,23.3,77.8,68.6
FX-3963,Bloomspire,Mistfen Reach,Waning,16.2,32.0,23.1,59.8
FX-3964,Ironcrown Oak,Mistfen Reach,Thriving,23.6,34.3,46.9,67.7
FX-3965,Duskmaple,Hollowdeep,Waning,17.9,23.8,32.0,63.3
FX-3966,Verdant Ash,Mistfen Reach,Radiant,18.6,13.8,81.7,50.6
FX-3967,Ironcrown Oak,Hollowdeep,Waning,19.8,27.7,27.8,60.8
FX-3968,Ghostplane,Cragside,Thriving,21.8,34.2,56.9,47.6
FX-3969,Emberoak,Cragside,Radiant,25.7,22.6,79.3,70.4
FX-3970,Thornlace,Sunspire Heights,Thriving,19.8,12.9,51.4,55.6
FX-3971,Thornlace,Sunspire Heights,Thriving,18.4,16.3,56.4,51.0
FX-3972,Ironcrown Oak,Cragside,Thriving,25.9,31.2,59.3,76.4
FX-3973,Thornlace,Sunspire Heights,Waning,18.1,13.1,39.2,51.2
FX-3974,Coralmaple,Cragside,Waning,32.3,17.8,37.9,67.5
FX-3975,Palepear,Mistfen Reach,Thriving,12.5,5.8,59.1,37.2
FX-3976,Ghostplane,Mistfen Reach,Thriving,18.5,30.4,64.0,42.2
FX-3977,Bloomspire,Mistfen Reach,Thriving,18.8,38.9,56.0,62.7
FX-3978,Coralmaple,Mistfen Reach,Thriving,31.4,25.3,46.8,64.0
FX-3979,Coralmaple,Mistfen Reach,Thriving,26.5,23.4,56.5,64.9
FX-3980,Duskmaple,Mistfen Reach,Radiant,18.1,22.4,86.7,67.8
FX-3981,Duskmaple,Cragside,Thriving,18.5,29.1,60.9,71.6
FX-3982,Glasszelkova,Sunspire Heights,Thriving,32.2,11.3,57.1,53.7
FX-3983,Emberoak,Hollowdeep,Thriving,22.5,29.7,62.9,59.0
FX-3984,Coralmaple,Cragside,Radiant,32.3,18.1,79.5,71.1
FX-3985,Ghostplane,Hollowdeep,Waning,17.7,29.1,32.9,36.2
FX-3986,Ghostplane,Sunspire Heights,Radiant,24.6,31.3,81.2,56.3
FX-3987,Duskmaple,Cragside,Thriving,23.8,23.7,57.8,64.0
FX-3988,Glasszelkova,Mistfen Reach,Thriving,28.5,10.3,41.9,39.6
FX-3989,Glasszelkova,Sunspire Heights,Thriving,27.8,12.9,45.3,59.8
FX-3990,Glasszelkova,Mistfen Reach,Waning,26.0,5.9,25.8,40.7
FX-3991,Verdant Ash,Mistfen Reach,Thriving,18.6,20.0,67.5,43.4
FX-3992,Whispering Linden,Mistfen Reach,Thriving,21.4,16.0,45.4,43.2
FX-3993,Goldfan Ginko,Mistfen Reach,Thriving,37.0,16.9,66.7,66.7
FX-3994,Verdant Ash,Sunspire Heights,Thriving,16.2,21.1,52.2,54.8
FX-3995,Verdant Ash,Hollowdeep,Thriving,17.4,19.9,42.0,42.0
FX-3996,Ironcrown Oak,Mistfen Reach,Waning,23.8,29.1,43.6,62.0
FX-3997,Duskmaple,Mistfen Reach,Thriving,18.7,22.6,57.1,64.3
FX-3998,Duskmaple,Mistfen Reach,Thriving,23.5,21.9,51.3,66.9
FX-3999,Verdant Ash,Hollowdeep,Radiant,11.7,20.1,77.0,47.2
FX-4000,Verdant Ash,Mistfen Reach,Thriving,14.7,20.2,50.7,45.2
FX-4001,Bloomspire,Mistfen Reach,Radiant,21.5,36.1,80.8,66.0
FX-4002,Goldfan Ginko,Sunspire Heights,Waning,35.5,16.6,24.3,71.1
FX-4003,Bloomspire,Cragside,Thriving,20.8,34.3,53.7,64.8
FX-4004,Emberoak,Mistfen Reach,Thriving,27.0,24.2,59.1,62.5
FX-4005,Thornlace,Mistfen Reach,Thriving,12.1,11.8,40.2,47.8
FX-4006,Emberoak,Hollowdeep,Waning,27.8,27.4,39.6,56.8
FX-4007,Duskmaple,Hollowdeep,Waning,17.2,22.0,14.3,65.9
FX-4008,Duskmaple,Mistfen Reach,Thriving,19.0,23.6,60.3,67.2
FX-4009,Thornlace,Cragside,Thriving,16.5,11.7,53.6,45.7
FX-4010,Thornlace,Hollowdeep,Thriving,16.8,17.6,57.6,45.5
FX-4011,Thornlace,Mistfen Reach,Radiant,15.2,12.2,84.8,46.9
FX-4012,Whispering Linden,Sunspire Heights,Thriving,29.4,21.4,52.0,57.3
FX-4013,Ghostplane,Sunspire Heights,Thriving,22.4,33.3,64.2,53.6
FX-4014,Palepear,Sunspire Heights,Thriving,23.6,8.0,57.8,61.8
FX-4015,Duskmaple,Hollowdeep,Waning,12.9,19.1,30.6,61.3
FX-4016,Duskmaple,Mistfen Reach,Thriving,17.7,23.8,48.1,58.3
FX-4017,Coralmaple,Sunspire Heights,Thriving,34.5,24.7,46.0,70.0
FX-4018,Palepear,Sunspire Heights,Waning,18.9,7.5,38.6,53.4
FX-4019,Ghostplane,Sunspire Heights,Thriving,19.5,35.9,57.4,53.4
FX-4020,Coralmaple,Mistfen Reach,Thriving,31.0,23.9,43.5,66.2
FX-4021,Whispering Linden,Mistfen Reach,Waning,25.9,19.7,27.3,46.2
FX-4022,Verdant Ash,Mistfen Reach,Thriving,16.2,17.4,57.2,47.2
FX-4023,Coralmaple,Mistfen Reach,Thriving,26.3,23.3,61.1,67.5
FX-4024,Whispering Linden,Sunspire Heights,Thriving,27.9,15.7,52.3,58.3
FX-4025,Verdant Ash,Sunspire Heights,Waning,22.0,15.8,31.7,48.7
FX-4026,Palepear,Hollowdeep,Husk,7.5,8.0,8.2,39.2
FX-4027,Palepear,Sunspire Heights,Husk,18.4,13.0,1.0,48.1
FX-4028,Glasszelkova,Cragside,Thriving,30.1,9.3,54.8,49.1
FX-4029,Ghostplane,Mistfen Reach,Thriving,18.5,34.6,48.8,44.6
FX-4030,Emberoak,Mistfen Reach,Thriving,23.8,27.3,53.7,63.4
FX-4031,Whispering Linden,Mistfen Reach,Radiant,24.1,15.6,79.6,49.5
FX-4032,Glasszelkova,Sunspire Heights,Thriving,28.1,11.4,54.3,57.2
FX-4033,Palepear,Sunspire Heights,Waning,24.4,7.6,30.6,52.3
FX-4034,Verdant Ash,Mistfen Reach,Radiant,18.0,13.1,81.5,49.0
FX-4035,Glasszelkova,Mistfen Reach,Thriving,31.0,12.2,60.9,45.2
FX-4036,Ghostplane,Mistfen Reach,Radiant,17.0,33.6,73.7,47.2
FX-4037,Bloomspire,Cragside,Radiant,21.5,33.5,78.3,69.0
FX-4038,Ghostplane,Hollowdeep,Thriving,17.6,28.8,57.3,35.7
FX-4039,Ironcrown Oak,Hollowdeep,Radiant,22.9,29.1,80.1,64.2
FX-4040,Glasszelkova,Mistfen Reach,Husk,28.6,12.3,19.5,43.4
FX-4041,Bloomspire,Cragside,Thriving,22.3,27.8,66.9,67.7
FX-4042,Palepear,Sunspire Heights,Thriving,17.3,5.8,43.1,45.3
FX-4043,Ghostplane,Mistfen Reach,Thriving,18.4,34.9,64.0,46.6
FX-4044,Duskmaple,Cragside,Radiant,20.5,25.6,79.4,66.6
FX-4045,Verdant Ash,Sunspire Heights,Thriving,25.1,17.6,52.0,55.5
FX-4046,Bloomspire,Cragside,Radiant,24.9,37.1,78.1,63.1
FX-4047,Goldfan Ginko,Cragside,Thriving,29.8,20.7,57.7,68.2
FX-4048,Bloomspire,Cragside,Thriving,20.7,34.2,59.7,68.9
FX-4049,Thornlace,Mistfen Reach,Thriving,12.4,12.9,57.5,51.4
FX-4050,Duskmaple,Cragside,Thriving,19.1,19.9,51.6,70.5
FX-4051,Palepear,Hollowdeep,Waning,8.2,10.8,28.6,33.9
FX-4052,Palepear,Sunspire Heights,Thriving,17.7,15.1,47.6,55.3
FX-4053,Emberoak,Hollowdeep,Waning,26.2,28.3,30.4,59.8
FX-4054,Ironcrown Oak,Hollowdeep,Thriving,19.3,31.5,58.2,61.0
FX-4055,Verdant Ash,Sunspire Heights,Thriving,24.0,18.6,52.7,51.7
FX-4056,Ghostplane,Sunspire Heights,Radiant,21.3,33.2,76.1,56.5
FX-4057,Thornlace,Mistfen Reach,Radiant,12.5,16.9,70.2,44.6
FX-4058,Glasszelkova,Cragside,Radiant,32.8,8.4,76.4,50.9
FX-4059,Ghostplane,Mistfen Reach,Thriving,18.7,34.5,55.2,39.3
FX-4060,Ghostplane,Sunspire Heights,Thriving,30.0,35.9,59.2,57.4
FX-4061,Verdant Ash,Mistfen Reach,Thriving,12.5,14.5,60.7,41.3
FX-4062,Bloomspire,Mistfen Reach,Thriving,23.1,32.7,53.4,63.1
FX-4063,Verdant Ash,Mistfen Reach,Thriving,19.1,19.6,61.4,47.2
FX-4064,Duskmaple,Cragside,Radiant,18.1,27.2,79.3,72.2
FX-4065,Verdant Ash,Sunspire Heights,Thriving,21.2,13.1,50.8,55.1
FX-4066,Coralmaple,Mistfen Reach,Waning,29.4,21.2,22.6,59.9
FX-4067,Glasszelkova,Sunspire Heights,Thriving,33.6,13.3,53.9,53.9
FX-4068,Thornlace,Hollowdeep,Radiant,11.8,9.1,74.7,41.3
FX-4069,Coralmaple,Cragside,Thriving,30.6,18.8,58.0,73.4
FX-4070,Whispering Linden,Mistfen Reach,Thriving,22.8,17.6,53.9,43.6
FX-4071,Verdant Ash,Mistfen Reach,Thriving,17.4,22.0,52.5,44.2
FX-4072,Ironcrown Oak,Sunspire Heights,Thriving,27.5,35.4,54.2,78.0
FX-4073,Bloomspire,Cragside,Thriving,25.3,35.2,59.7,66.4
FX-4074,Verdant Ash,Sunspire Heights,Thriving,21.3,17.8,50.6,53.9
FX-4075,Ghostplane,Hollowdeep,Radiant,16.7,29.4,80.2,40.6
FX-4076,Palepear,Sunspire Heights,Radiant,21.2,6.3,78.2,58.8
FX-4077,Palepear,Sunspire Heights,Radiant,17.0,18.5,71.1,61.4
FX-4078,Palepear,Mistfen Reach,Radiant,16.3,4.9,76.4,47.0
FX-4079,Ironcrown Oak,Hollowdeep,Thriving,19.3,33.4,52.9,53.0
FX-4080,Verdant Ash,Mistfen Reach,Waning,12.6,20.6,32.0,45.5
FX-4081,Palepear,Hollowdeep,Thriving,9.6,4.0,61.2,43.4
FX-4082,Ironcrown Oak,Mistfen Reach,Thriving,23.5,27.7,50.5,64.0
FX-4083,Goldfan Ginko,Mistfen Reach,Thriving,28.9,17.7,61.3,67.1
FX-4084,Verdant Ash,Mistfen Reach,Thriving,15.8,13.3,68.1,43.7
FX-4085,Thornlace,Hollowdeep,Thriving,14.5,15.9,55.7,44.0
FX-4086,Emberoak,Cragside,Radiant,27.6,25.3,83.8,74.9
FX-4087,Ironcrown Oak,Cragside,Radiant,25.7,33.4,78.7,66.1
FX-4088,Thornlace,Mistfen Reach,Thriving,16.1,13.1,54.7,44.3
FX-4089,Glasszelkova,Mistfen Reach,Radiant,25.1,13.2,80.2,47.6
FX-4090,Coralmaple,Cragside,Radiant,30.8,24.2,75.4,68.8
FX-4091,Glasszelkova,Sunspire Heights,Waning,37.6,8.2,26.2,57.0
FX-4092,Emberoak,Mistfen Reach,Thriving,24.6,26.8,44.0,63.9
FX-4093,Bloomspire,Sunspire Heights,Thriving,25.6,38.6,54.4,70.6
FX-4094,Palepear,Sunspire Heights,Radiant,18.9,9.5,82.3,58.9
FX-4095,Thornlace,Hollowdeep,Waning,12.6,15.6,30.6,46.2
FX-4096,Duskmaple,Mistfen Reach,Husk,22.8,22.9,6.6,62.5
FX-4097,Glasszelkova,Sunspire Heights,Waning,31.5,5.1,29.1,52.2
FX-4098,Ironcrown Oak,Cragside,Radiant,23.1,33.4,74.9,66.9
FX-4099,Goldfan Ginko,Mistfen Reach,Radiant,34.5,15.0,80.1,68.5
FX-4100,Coralmaple,Hollowdeep,Radiant,27.4,25.1,68.2,64.5
FX-4101,Verdant Ash,Mistfen Reach,Radiant,18.5,18.6,81.5,47.6
FX-4102,Thornlace,Mistfen Reach,Radiant,13.6,13.9,75.5,45.3
FX-4103,Emberoak,Mistfen Reach,Thriving,30.8,36.0,48.7,66.1
FX-4104,Palepear,Mistfen Reach,Radiant,10.5,7.9,71.3,47.6
FX-4105,Duskmaple,Hollowdeep,Thriving,17.3,22.9,63.8,65.4
FX-4106,Ironcrown Oak,Cragside,Radiant,28.0,26.8,81.1,68.7
FX-4107,Ironcrown Oak,Cragside,Thriving,27.5,33.1,53.5,67.7
FX-4108,Emberoak,Hollowdeep,Thriving,25.8,27.1,58.4,56.5
FX-4109,Duskmaple,Mistfen Reach,Thriving,18.9,19.2,59.1,66.4
FX-4110,Glasszelkova,Sunspire Heights,Thriving,34.6,15.6,62.4,54.9
FX-4111,Coralmaple,Cragside,Thriving,29.5,26.2,58.8,67.0
FX-4112,Verdant Ash,Hollowdeep,Thriving,16.9,19.6,59.6,37.6
FX-4113,Coralmaple,Cragside,Thriving,34.0,11.4,51.7,67.4
FX-4114,Palepear,Cragside,Thriving,17.0,3.6,61.4,49.7
FX-4115,Ironcrown Oak,Mistfen Reach,Thriving,23.5,39.3,55.1,63.8
FX-4116,Duskmaple,Cragside,Thriving,23.4,23.2,57.7,68.8
FX-4117,Emberoak,Mistfen Reach,Waning,27.3,22.7,27.8,64.9
FX-4118,Goldfan Ginko,Cragside,Thriving,34.0,12.0,58.2,68.3
FX-4119,Coralmaple,Cragside,Radiant,27.1,21.4,83.1,66.6
FX-4120,Palepear,Sunspire Heights,Waning,14.9,7.9,34.6,53.9
FX-4121,Ghostplane,Sunspire Heights,Thriving,26.8,27.8,60.9,52.5
FX-4122,Ironcrown Oak,Mistfen Reach,Thriving,24.1,29.0,61.7,64.2
FX-4123,Coralmaple,Hollowdeep,Thriving,29.2,18.0,60.3,60.6
FX-4124,Bloomspire,Mistfen Reach,Thriving,20.6,29.7,46.6,63.6
FX-4125,Thornlace,Sunspire Heights,Radiant,24.4,12.9,76.1,56.9
FX-4126,Bloomspire,Cragside,Thriving,23.3,33.2,68.0,65.8
FX-4127,Whispering Linden,Mistfen Reach,Thriving,27.2,19.1,60.2,47.5
FX-4128,Thornlace,Sunspire Heights,Thriving,23.3,10.1,53.6,50.5
FX-4129,Goldfan Ginko,Mistfen Reach,Waning,29.3,17.2,21.3,59.5
FX-4130,Whispering Linden,Mistfen Reach,Thriving,24.7,13.7,53.3,44.8
FX-4131,Whispering Linden,Mistfen Reach,Thriving,29.2,17.3,48.6,44.8
FX-4132,Verdant Ash,Sunspire Heights,Thriving,27.7,20.1,59.6,54.8
FX-4133,Glasszelkova,Mistfen Reach,Thriving,24.7,11.9,54.1,40.4
FX-4134,Ghostplane,Sunspire Heights,Thriving,25.0,31.4,51.3,53.9
FX-4135,Whispering Linden,Sunspire Heights,Thriving,29.5,22.9,59.1,56.9
FX-4136,Emberoak,Mistfen Reach,Thriving,26.5,31.6,48.0,59.7
FX-4137,Glasszelkova,Mistfen Reach,Thriving,28.3,5.1,60.1,42.7
FX-4138,Ghostplane,Sunspire Heights,Waning,19.8,32.8,19.5,50.9
FX-4139,Goldfan Ginko,Cragside,Waning,34.0,14.1,32.8,68.3
FX-4140,Palepear,Mistfen Reach,Radiant,9.1,7.9,79.4,43.8
FX-4141,Verdant Ash,Mistfen Reach,Thriving,16.2,18.5,53.7,42.2
FX-4142,Glasszelkova,Hollowdeep,Thriving,25.1,8.5,42.9,42.4
FX-4143,Bloomspire,Hollowdeep,Thriving,20.0,39.0,67.3,62.7
FX-4144,Ironcrown Oak,Hollowdeep,Radiant,19.8,32.1,75.6,64.1
FX-4145,Bloomspire,Sunspire Heights,Thriving,25.3,42.2,46.2,71.7
FX-4146,Palepear,Sunspire Heights,Thriving,15.5,7.9,60.7,51.5
FX-4147,Verdant Ash,Sunspire Heights,Waning,18.9,17.3,33.8,53.0
FX-4148,Bloomspire,Sunspire Heights,Thriving,23.1,37.0,57.1,74.1
FX-4149,Whispering Linden,Cragside,Thriving,26.1,17.8,56.4,40.6
FX-4150,Emberoak,Mistfen Reach,Waning,26.2,31.0,48.6,63.5
FX-4151,Thornlace,Cragside,Radiant,14.3,13.4,89.2,45.3
FX-4152,Verdant Ash,Sunspire Heights,Thriving,16.6,18.1,46.7,54.4
FX-4153,Ghostplane,Mistfen Reach,Thriving,19.6,28.4,64.2,42.8
FX-4154,Bloomspire,Cragside,Thriving,20.0,36.4,54.6,70.4
FX-4155,Verdant Ash,Sunspire Heights,Thriving,26.5,15.0,51.3,53.9
FX-4156,Emberoak,Hollowdeep,Waning,24.4,26.8,19.7,57.9
FX-4157,Glasszelkova,Mistfen Reach,Thriving,23.9,7.3,55.4,48.7
FX-4158,Glasszelkova,Cragside,Radiant,28.6,5.7,75.6,49.9
FX-4159,Coralmaple,Mistfen Reach,Radiant,30.8,22.6,81.8,70.1
FX-4160,Thornlace,Mistfen Reach,Radiant,14.5,7.9,79.4,51.1
FX-4161,Thornlace,Sunspire Heights,Waning,20.0,12.1,29.9,54.3
FX-4162,Verdant Ash,Mistfen Reach,Thriving,18.7,17.7,55.0,43.7
FX-4163,Ironcrown Oak,Sunspire Heights,Thriving,20.9,29.8,58.1,72.5
FX-4164,Emberoak,Cragside,Thriving,27.2,20.7,59.7,71.8
FX-4165,Bloomspire,Cragside,Thriving,20.8,33.4,63.6,63.4
FX-4166,Duskmaple,Hollowdeep,Thriving,15.9,23.2,63.6,61.3
FX-4167,Palepear,Mistfen Reach,Thriving,7.8,11.6,57.5,45.8
FX-4168,Duskmaple,Mistfen Reach,Radiant,17.6,24.3,67.9,70.5
FX-4169,Glasszelkova,Mistfen Reach,Radiant,25.1,9.8,82.4,49.8
FX-4170,Coralmaple,Sunspire Heights,Thriving,34.1,22.1,51.6,72.7
FX-4171,Whispering Linden,Mistfen Reach,Thriving,23.1,15.0,41.9,48.6
FX-4172,Coralmaple,Mistfen Reach,Thriving,28.1,14.6,61.7,64.4
FX-4173,Thornlace,Cragside,Waning,15.7,14.3,13.3,48.8
FX-4174,Coralmaple,Hollowdeep,Radiant,28.8,25.2,73.6,67.0
FX-4175,Ironcrown Oak,Mistfen Reach,Thriving,26.4,35.3,49.7,62.5
FX-4176,Duskmaple,Cragside,Waning,17.0,24.3,25.7,66.8
FX-4177,Goldfan Ginko,Sunspire Heights,Radiant,38.5,17.7,74.4,75.5
FX-4178,Duskmaple,Mistfen Reach,Thriving,17.4,31.9,61.9,65.6
FX-4179,Goldfan Ginko,Mistfen Reach,Thriving,35.5,13.1,55.3,71.9
FX-4180,Emberoak,Cragside,Radiant,23.8,33.6,79.0,71.6
FX-4181,Glasszelkova,Sunspire Heights,Waning,32.7,8.1,31.3,54.8
FX-4182,Glasszelkova,Hollowdeep,Thriving,23.6,7.0,63.8,42.2
FX-4183,Glasszelkova,Sunspire Heights,Husk,35.4,16.3,15.9,52.8
FX-4184,Emberoak,Mistfen Reach,Thriving,20.4,29.6,52.4,61.8
FX-4185,Goldfan Ginko,Cragside,Waning,37.1,15.2,30.4,65.8
FX-4186,Coralmaple,Mistfen Reach,Radiant,32.5,19.8,80.4,67.8
FX-4187,Glasszelkova,Cragside,Thriving,27.4,9.4,47.1,44.4
FX-4188,Duskmaple,Mistfen Reach,Thriving,21.2,26.9,45.0,67.1
FX-4189,Duskmaple,Hollowdeep,Radiant,11.1,24.9,86.6,67.1
FX-4190,Glasszelkova,Mistfen Reach,Thriving,28.1,14.1,67.7,45.0
FX-4191,Whispering Linden,Sunspire Heights,Waning,27.3,13.7,40.0,53.8
FX-4192,Duskmaple,Mistfen Reach,Thriving,15.5,26.0,53.5,65.6
FX-4193,Glasszelkova,Sunspire Heights,Waning,33.6,12.0,45.5,48.0
FX-4194,Emberoak,Sunspire Heights,Thriving,32.9,25.7,57.5,71.8
FX-4195,Coralmaple,Cragside,Thriving,27.6,26.8,58.8,69.0
FX-4196,Ghostplane,Mistfen Reach,Radiant,16.5,30.1,79.5,46.5
FX-4197,Whispering Linden,Mistfen Reach,Waning,26.6,18.5,31.2,42.2
FX-4198,Whispering Linden,Sunspire Heights,Thriving,25.8,15.8,56.6,52.6
FX-4199,Verdant Ash,Sunspire Heights,Thriving,20.5,19.2,53.2,49.4
FX-4200,Emberoak,Mistfen Reach,Waning,24.3,24.6,32.9,61.3
FX-4201,Coralmaple,Hollowdeep,Radiant,28.4,18.5,76.5,59.3
FX-4202,Duskmaple,Sunspire Heights,Radiant,25.2,28.4,83.5,73.5
FX-4203,Ghostplane,Mistfen Reach,Thriving,19.9,32.9,51.0,41.6
FX-4204,Verdant Ash,Mistfen Reach,Thriving,20.0,13.1,50.1,44.1
FX-4205,Emberoak,Hollowdeep,Thriving,27.4,25.4,49.5,62.1
FX-4206,Thornlace,Sunspire Heights,Thriving,24.9,16.2,52.1,53.4
FX-4207,Bloomspire,Cragside,Thriving,21.8,29.1,57.9,68.4
FX-4208,Coralmaple,Mistfen Reach,Radiant,24.4,22.0,79.3,65.5
FX-4209,Thornlace,Mistfen Reach,Thriving,12.5,12.1,44.3,46.4
FX-4210,Thornlace,Mistfen Reach,Thriving,13.2,12.9,58.2,43.3
FX-4211,Ghostplane,Hollowdeep,Thriving,17.5,36.4,56.7,39.8
FX-4212,Verdant Ash,Mistfen Reach,Thriving,15.3,17.6,58.4,52.1
FX-4213,Thornlace,Sunspire Heights,Thriving,24.0,15.1,54.8,55.6
FX-4214,Duskmaple,Mistfen Reach,Waning,15.5,23.8,28.0,55.7
FX-4215,Ghostplane,Mistfen Reach,Radiant,21.2,38.0,78.6,43.1
FX-4216,Glasszelkova,Hollowdeep,Waning,25.2,17.6,29.4,44.7
FX-4217,Duskmaple,Cragside,Radiant,21.4,28.3,71.7,75.9
FX-4218,Palepear,Sunspire Heights,Thriving,19.0,7.7,55.7,58.2
FX-4219,Duskmaple,Mistfen Reach,Radiant,15.8,22.6,70.0,70.0
FX-4220,Bloomspire,Hollowdeep,Thriving,16.5,35.2,58.0,64.6
FX-4221,Glasszelkova,Sunspire Heights,Waning,35.7,11.5,38.6,50.1
FX-4222,Goldfan Ginko,Hollowdeep,Waning,32.5,14.9,31.4,62.0
FX-4223,Emberoak,Mistfen Reach,Thriving,23.8,28.0,56.1,64.9
FX-4224,Bloomspire,Mistfen Reach,Radiant,18.9,38.6,79.8,66.0
FX-4225,Duskmaple,Mistfen Reach,Husk,19.3,25.2,10.4,62.4
FX-4226,Verdant Ash,Sunspire Heights,Thriving,24.2,17.1,49.2,52.2
FX-4227,Ghostplane,Sunspire Heights,Thriving,25.5,27.4,58.5,55.1
FX-4228,Whispering Linden,Mistfen Reach,Radiant,24.8,21.5,81.0,44.3
FX-4229,Whispering Linden,Sunspire Heights,Thriving,30.2,20.2,55.9,53.2
FX-4230,Verdant Ash,Sunspire Heights,Thriving,20.1,16.4,54.2,54.4
FX-4231,Verdant Ash,Sunspire Heights,Thriving,22.5,15.2,56.5,54.2
FX-4232,Emberoak,Sunspire Heights,Thriving,29.5,26.9,59.7,69.3
FX-4233,Bloomspire,Cragside,Thriving,21.3,37.1,52.6,69.9
FX-4234,Ironcrown Oak,Mistfen Reach,Thriving,25.9,24.2,43.6,62.2
FX-4235,Coralmaple,Mistfen Reach,Radiant,29.2,15.9,77.9,67.7
FX-4236,Palepear,Sunspire Heights,Thriving,21.5,8.5,52.0,54.4
FX-4237,Glasszelkova,Sunspire Heights,Thriving,35.5,8.3,43.4,52.0
FX-4238,Whispering Linden,Sunspire Heights,Waning,28.3,9.4,38.8,52.0
FX-4239,Emberoak,Cragside,Waning,24.7,23.3,37.6,69.7
FX-4240,Ironcrown Oak,Sunspire Heights,Thriving,28.2,23.5,51.1,75.1
FX-4241,Glasszelkova,Mistfen Reach,Thriving,28.7,11.6,47.4,45.9
FX-4242,Goldfan Ginko,Hollowdeep,Thriving,32.5,15.6,56.1,61.5
FX-4243,Coralmaple,Mistfen Reach,Radiant,30.4,16.8,78.1,61.4
FX-4244,Verdant Ash,Mistfen Reach,Thriving,17.6,21.4,50.1,43.7
FX-4245,Ironcrown Oak,Cragside,Thriving,24.9,28.6,59.3,66.7
FX-4246,Ghostplane,Mistfen Reach,Thriving,20.6,32.7,62.7,44.8
FX-4247,Goldfan Ginko,Cragside,Waning,34.5,11.5,35.2,67.8
FX-4248,Verdant Ash,Sunspire Heights,Waning,21.3,18.7,12.3,57.8
FX-4249,Palepear,Mistfen Reach,Radiant,15.9,10.0,75.1,46.2
FX-4250,Goldfan Ginko,Mistfen Reach,Waning,30.6,13.8,30.1,56.0
FX-4251,Thornlace,Cragside,Thriving,20.2,17.5,65.5,47.6
FX-4252,Whispering Linden,Mistfen Reach,Waning,25.5,18.2,26.5,45.8
FX-4253,Verdant Ash,Mistfen Reach,Waning,16.2,20.5,32.7,38.8
FX-4254,Bloomspire,Mistfen Reach,Radiant,18.2,32.1,84.6,60.7
FX-4255,Verdant Ash,Mistfen Reach,Radiant,16.6,17.1,84.3,51.1
FX-4256,Whispering Linden,Cragside,Thriving,29.1,16.1,52.0,48.8
FX-4257,Glasszelkova,Mistfen Reach,Thriving,26.6,4.8,61.3,39.8
FX-4258,Bloomspire,Mistfen Reach,Thriving,17.2,32.5,54.8,64.8
FX-4259,Ghostplane,Sunspire Heights,Radiant,24.9,34.0,71.0,57.9
FX-4260,Coralmaple,Mistfen Reach,Thriving,29.0,23.0,60.9,59.8
FX-4261,Whispering Linden,Mistfen Reach,Thriving,22.2,16.5,62.3,43.8
FX-4262,Palepear,Mistfen Reach,Thriving,18.5,2.2,60.0,48.7
FX-4263,Whispering Linden,Mistfen Reach,Radiant,30.1,16.9,74.3,46.3
FX-4264,Ironcrown Oak,Mistfen Reach,Husk,22.6,27.5,16.8,58.7
FX-4265,Whispering Linden,Sunspire Heights,Thriving,37.9,23.1,57.2,52.6
FX-4266,Duskmaple,Hollowdeep,Radiant,13.9,24.1,65.4,65.3
FX-4267,Coralmaple,Mistfen Reach,Husk,29.7,17.4,8.1,59.8
FX-4268,Verdant Ash,Sunspire Heights,Waning,19.0,16.9,23.2,55.6
FX-4269,Ironcrown Oak,Mistfen Reach,Radiant,22.6,31.5,82.6,70.0
FX-4270,Thornlace,Cragside,Radiant,14.8,12.7,76.9,46.8
FX-4271,Verdant Ash,Sunspire Heights,Thriving,20.9,21.0,58.8,53.1
FX-4272,Coralmaple,Hollowdeep,Thriving,24.4,20.6,51.0,63.4
FX-4273,Thornlace,Sunspire Heights,Waning,22.4,9.6,38.8,53.7
FX-4274,Whispering Linden,Mistfen Reach,Thriving,26.9,15.1,52.7,47.7
FX-4275,Goldfan Ginko,Cragside,Thriving,35.7,16.6,58.6,67.0
FX-4276,Thornlace,Sunspire Heights,Waning,19.1,12.9,34.9,50.3
FX-4277,Ghostplane,Sunspire Heights,Thriving,20.0,31.6,53.8,54.4
FX-4278,Palepear,Mistfen Reach,Thriving,21.0,8.9,54.9,41.8
FX-4279,Thornlace,Sunspire Heights,Thriving,23.2,16.9,44.7,60.5
FX-4280,Duskmaple,Cragside,Radiant,13.0,24.0,78.7,66.0
FX-4281,Ironcrown Oak,Mistfen Reach,Thriving,20.4,33.1,42.1,67.4
FX-4282,Coralmaple,Cragside,Thriving,34.0,18.2,42.1,64.7
FX-4283,Verdant Ash,Hollowdeep,Thriving,16.5,19.3,55.8,43.8
FX-4284,Duskmaple,Mistfen Reach,Thriving,18.7,28.2,57.5,63.3
FX-4285,Glasszelkova,Sunspire Heights,Radiant,31.5,13.4,66.5,56.5
FX-4286,Ghostplane,Hollowdeep,Waning,12.2,34.7,28.2,44.6
FX-4287,Verdant Ash,Mistfen Reach,Thriving,22.3,20.8,59.1,46.9
FX-4288,Whispering Linden,Hollowdeep,Thriving,23.6,16.6,43.0,43.8
FX-4289,Thornlace,Sunspire Heights,Thriving,18.6,6.1,41.9,55.6
FX-4290,Coralmaple,Cragside,Thriving,33.8,25.2,57.4,64.2
FX-4291,Duskmaple,Mistfen Reach,Radiant,17.3,26.4,82.3,67.7
FX-4292,Goldfan Ginko,Mistfen Reach,Thriving,34.4,10.6,64.9,66.5
FX-4293,Whispering Linden,Sunspire Heights,Thriving,31.8,15.7,48.2,53.9
FX-4294,Coralmaple,Cragside,Thriving,25.8,29.1,54.4,64.0
FX-4295,Goldfan Ginko,Cragside,Thriving,31.9,19.5,50.5,65.5
FX-4296,Coralmaple,Cragside,Thriving,30.8,22.7,54.0,69.2
FX-4297,Whispering Linden,Sunspire Heights,Waning,30.7,20.1,27.5,54.7
FX-4298,Whispering Linden,Mistfen Reach,Thriving,29.6,16.8,54.2,40.2
FX-4299,Duskmaple,Hollowdeep,Waning,15.0,25.8,30.7,60.2
FX-4300,Palepear,Sunspire Heights,Thriving,15.2,12.5,65.7,56.5
FX-4301,Whispering Linden,Hollowdeep,Radiant,22.3,16.0,80.1,43.8
FX-4302,Ironcrown Oak,Mistfen Reach,Waning,24.2,32.9,32.9,63.4
FX-4303,Thornlace,Sunspire Heights,Thriving,17.0,8.6,53.9,53.2
FX-4304,Goldfan Ginko,Cragside,Thriving,32.9,19.2,53.3,67.5
FX-4305,Palepear,Mistfen Reach,Waning,12.3,8.8,44.8,46.0
FX-4306,Verdant Ash,Sunspire Heights,Waning,24.6,22.6,20.8,57.0
FX-4307,Verdant Ash,Sunspire Heights,Radiant,20.2,17.7,76.7,53.2
FX-4308,Bloomspire,Cragside,Waning,21.3,36.1,21.1,65.7
FX-4309,Ironcrown Oak,Mistfen Reach,Thriving,19.6,25.5,54.8,65.3
FX-4310,Thornlace,Sunspire Heights,Thriving,15.7,15.5,57.5,56.2
FX-4311,Ironcrown Oak,Cragside,Radiant,27.5,32.4,71.3,73.1
FX-4312,Whispering Linden,Sunspire Heights,Thriving,29.0,16.6,53.3,49.7
FX-4313,Verdant Ash,Sunspire Heights,Thriving,25.4,19.5,49.7,47.8
FX-4314,Emberoak,Mistfen Reach,Waning,31.4,28.0,34.5,64.9
FX-4315,Ironcrown Oak,Hollowdeep,Radiant,23.1,35.4,80.0,61.7
FX-4316,Thornlace,Sunspire Heights,Radiant,21.3,8.4,76.1,56.3
FX-4317,Verdant Ash,Mistfen Reach,Waning,14.4,18.3,37.2,41.2
FX-4318,Duskmaple,Cragside,Thriving,21.3,24.0,63.9,67.1
FX-4319,Bloomspire,Hollowdeep,Thriving,21.3,43.0,53.6,62.0
FX-4320,Goldfan Ginko,Mistfen Reach,Thriving,36.8,11.8,70.1,67.9
FX-4321,Whispering Linden,Sunspire Heights,Thriving,29.7,14.9,58.2,56.0
FX-4322,Verdant Ash,Mistfen Reach,Thriving,16.7,20.7,55.6,44.2
FX-4323,Glasszelkova,Sunspire Heights,Husk,33.2,9.4,0.6,51.7
FX-4324,Ironcrown Oak,Hollowdeep,Thriving,22.8,29.7,65.5,61.6
FX-4325,Thornlace,Sunspire Heights,Radiant,22.0,12.7,76.5,56.0
FX-4326,Ghostplane,Sunspire Heights,Thriving,25.5,33.0,48.8,58.5
FX-4327,Bloomspire,Cragside,Radiant,22.0,32.1,83.8,69.3
FX-4328,Coralmaple,Sunspire Heights,Thriving,34.1,24.4,55.9,76.2
FX-4329,Duskmaple,Cragside,Thriving,18.8,24.0,44.6,69.4
FX-4330,Coralmaple,Mistfen Reach,Thriving,30.4,24.0,65.6,59.2
FX-4331,Emberoak,Hollowdeep,Thriving,24.2,24.1,64.5,61.9
FX-4332,Goldfan Ginko,Cragside,Radiant,32.9,18.6,85.9,69.6
FX-4333,Whispering Linden,Mistfen Reach,Thriving,26.2,11.5,47.9,39.8
FX-4334,Duskmaple,Mistfen Reach,Thriving,17.3,25.6,57.9,63.0
FX-4335,Verdant Ash,Mistfen Reach,Thriving,14.2,17.0,57.3,45.7
FX-4336,Glasszelkova,Sunspire Heights,Radiant,27.6,12.9,90.0,54.9
FX-4337,Palepear,Mistfen Reach,Husk,20.9,10.8,5.8,41.9
FX-4338,Whispering Linden,Mistfen Reach,Waning,24.9,19.6,27.0,43.5
FX-4339,Coralmaple,Cragside,Thriving,26.9,25.1,45.3,67.2
FX-4340,Glasszelkova,Hollowdeep,Thriving,24.8,17.5,67.4,38.2
FX-4341,Coralmaple,Mistfen Reach,Thriving,23.4,21.7,59.2,65.7
FX-4342,Palepear,Mistfen Reach,Thriving,16.2,9.8,56.7,43.4
FX-4343,Thornlace,Mistfen Reach,Thriving,17.8,14.4,43.7,41.3
FX-4344,Palepear,Sunspire Heights,Thriving,18.1,5.3,58.6,48.5
FX-4345,Whispering Linden,Sunspire Heights,Thriving,32.0,16.3,50.3,57.0
FX-4346,Thornlace,Sunspire Heights,Thriving,20.9,14.1,47.5,49.2
FX-4347,Duskmaple,Hollowdeep,Radiant,15.6,26.8,68.4,69.0
FX-4348,Ghostplane,Mistfen Reach,Thriving,19.8,32.4,60.0,44.1
FX-4349,Goldfan Ginko,Mistfen Reach,Waning,29.8,14.0,27.4,62.0
FX-4350,Glasszelkova,Sunspire Heights,Radiant,33.5,7.0,79.2,55.5
FX-4351,Whispering Linden,Mistfen Reach,Thriving,23.5,18.0,63.4,46.5
FX-4352,Whispering Linden,Sunspire Heights,Radiant,29.2,22.4,80.5,53.1
FX-4353,Verdant Ash,Mistfen Reach,Thriving,15.6,21.0,50.8,48.6
FX-4354,Emberoak,Mistfen Reach,Radiant,27.1,27.0,78.0,60.2
FX-4355,Coralmaple,Sunspire Heights,Thriving,28.8,22.0,54.2,74.5
FX-4356,Coralmaple,Cragside,Thriving,31.5,22.4,56.1,72.5
FX-4357,Glasszelkova,Mistfen Reach,Thriving,31.0,11.8,60.5,46.0
FX-4358,Palepear,Sunspire Heights,Thriving,13.9,9.7,56.8,52.8
FX-4359,Ironcrown Oak,Cragside,Radiant,30.0,28.0,75.7,70.9
FX-4360,Thornlace,Sunspire Heights,Thriving,23.2,14.4,53.4,51.5
FX-4361,Thornlace,Sunspire Heights,Thriving,21.4,5.7,46.6,51.9
FX-4362,Ghostplane,Mistfen Reach,Radiant,14.5,28.5,72.4,44.5
FX-4363,Coralmaple,Cragside,Radiant,33.0,21.7,79.7,71.6
FX-4364,Bloomspire,Sunspire Heights,Thriving,28.2,37.8,52.0,77.1
FX-4365,Ghostplane,Sunspire Heights,Thriving,24.0,38.3,51.7,54.9
FX-4366,Thornlace,Sunspire Heights,Waning,20.7,11.9,34.6,56.6
FX-4367,Goldfan Ginko,Hollowdeep,Husk,30.0,13.9,5.2,66.7
FX-4368,Goldfan Ginko,Sunspire Heights,Radiant,38.0,18.3,83.3,81.1
FX-4369,Palepear,Mistfen Reach,Waning,15.4,13.4,28.0,41.7
FX-4370,Goldfan Ginko,Mistfen Reach,Thriving,32.7,22.5,50.7,63.5
FX-4371,Whispering Linden,Mistfen Reach,Thriving,26.4,19.0,50.8,50.7
FX-4372,Coralmaple,Mistfen Reach,Husk,24.7,20.6,0.0,65.1
FX-4373,Palepear,Sunspire Heights,Radiant,16.1,5.1,82.2,54.2
FX-4374,Glasszelkova,Sunspire Heights,Thriving,32.3,8.0,52.1,56.9
FX-4375,Duskmaple,Cragside,Waning,21.1,23.7,37.4,65.9
FX-4376,Goldfan Ginko,Hollowdeep,Waning,27.9,16.1,19.1,64.6
FX-4377,Verdant Ash,Sunspire Heights,Thriving,22.7,21.1,58.5,55.6
FX-4378,Whispering Linden,Sunspire Heights,Radiant,28.1,18.7,71.9,54.0
FX-4379,Whispering Linden,Mistfen Reach,Thriving,26.1,19.4,49.4,45.0
FX-4380,Bloomspire,Mistfen Reach,Thriving,21.9,36.4,49.7,67.6
FX-4381,Coralmaple,Hollowdeep,Thriving,28.5,19.9,66.7,58.8
FX-4382,Thornlace,Hollowdeep,Thriving,10.5,11.4,42.4,41.2
FX-4383,Palepear,Cragside,Thriving,18.4,5.5,60.7,39.8
FX-4384,Thornlace,Mistfen Reach,Thriving,15.8,12.4,64.6,46.1
FX-4385,Glasszelkova,Mistfen Reach,Waning,29.1,11.8,36.1,43.2
FX-4386,Emberoak,Cragside,Thriving,27.8,30.0,55.9,66.5
FX-4387,Bloomspire,Cragside,Thriving,24.4,36.6,56.4,70.6
FX-4388,Glasszelkova,Sunspire Heights,Thriving,32.2,11.1,63.1,51.7
FX-4389,Goldfan Ginko,Cragside,Waning,34.5,12.9,29.2,67.6
FX-4390,Palepear,Sunspire Heights,Thriving,13.2,10.9,65.4,57.2
FX-4391,Whispering Linden,Mistfen Reach,Radiant,23.1,12.0,73.1,47.4
FX-4392,Thornlace,Hollowdeep,Thriving,13.9,10.1,50.5,36.6
FX-4393,Verdant Ash,Mistfen Reach,Thriving,21.4,25.2,57.6,43.9
FX-4394,Glasszelkova,Sunspire Heights,Radiant,33.5,12.3,83.2,58.7
FX-4395,Thornlace,Sunspire Heights,Thriving,20.2,14.7,49.6,53.3
FX-4396,Emberoak,Mistfen Reach,Radiant,26.0,28.7,75.9,66.7
FX-4397,Palepear,Hollowdeep,Thriving,9.7,10.3,52.5,39.6
FX-4398,Thornlace,Hollowdeep,Thriving,13.0,12.7,65.3,38.6
FX-4399,Ghostplane,Mistfen Reach,Waning,19.7,38.6,31.5,44.6
FX-4400,Emberoak,Hollowdeep,Thriving,25.5,31.6,58.3,58.9
FX-4401,Ghostplane,Sunspire Heights,Thriving,21.1,33.0,55.1,53.5
FX-4402,Coralmaple,Cragside,Thriving,29.7,20.7,59.5,65.2
FX-4403,Whispering Linden,Sunspire Heights,Thriving,31.2,17.4,57.0,49.4
FX-4404,Whispering Linden,Hollowdeep,Thriving,24.4,13.8,57.1,48.5
FX-4405,Palepear,Sunspire Heights,Radiant,17.0,2.7,84.5,59.7
FX-4406,Ghostplane,Sunspire Heights,Thriving,24.7,28.5,54.4,60.0
FX-4407,Ghostplane,Sunspire Heights,Radiant,23.3,39.2,82.1,57.1
FX-4408,Goldfan Ginko,Cragside,Thriving,37.0,19.9,52.2,71.9
FX-4409,Verdant Ash,Sunspire Heights,Waning,21.6,20.6,37.9,56.3
FX-4410,Palepear,Mistfen Reach,Radiant,11.6,11.6,85.7,49.9
FX-4411,Duskmaple,Mistfen Reach,Thriving,17.9,21.3,49.4,64.1
FX-4412,Glasszelkova,Sunspire Heights,Thriving,27.9,8.6,59.7,51.8
FX-4413,Ghostplane,Hollowdeep,Thriving,21.0,33.3,50.9,44.7
FX-4414,Emberoak,Cragside,Thriving,29.8,23.0,48.0,66.4
FX-4415,Verdant Ash,Mistfen Reach,Radiant,14.5,24.4,98.6,46.1
FX-4416,Palepear,Sunspire Heights,Waning,21.2,6.6,19.8,50.2
FX-4417,Ghostplane,Mistfen Reach,Thriving,19.9,33.4,53.4,41.6
FX-4418,Ironcrown Oak,Sunspire Heights,Radiant,29.2,30.2,85.3,76.9
FX-4419,Coralmaple,Mistfen Reach,Husk,28.9,15.8,0.0,61.6
FX-4420,Duskmaple,Cragside,Radiant,20.0,26.8,86.0,75.4
FX-4421,Whispering Linden,Sunspire Heights,Radiant,28.3,11.6,80.5,56.6
FX-4422,Verdant Ash,Mistfen Reach,Thriving,15.1,22.6,50.3,53.0
FX-4423,Whispering Linden,Sunspire Heights,Thriving,32.0,19.7,56.1,52.1
FX-4424,Emberoak,Cragside,Radiant,28.3,24.6,93.1,72.8
FX-4425,Ghostplane,Mistfen Reach,Waning,21.9,33.9,32.8,44.7
FX-4426,Verdant Ash,Sunspire Heights,Thriving,21.0,23.7,56.6,56.9
FX-4427,Coralmaple,Cragside,Thriving,28.8,13.7,59.3,67.5
FX-4428,Verdant Ash,Mistfen Reach,Thriving,13.9,18.5,57.5,41.3
FX-4429,Duskmaple,Mistfen Reach,Waning,22.1,23.7,26.0,62.3
FX-4430,Ironcrown Oak,Cragside,Thriving,22.6,29.7,56.5,70.2
FX-4431,Palepear,Sunspire Heights,Thriving,15.8,12.2,51.4,52.9
FX-4432,Goldfan Ginko,Mistfen Reach,Husk,35.5,16.7,7.6,65.3
FX-4433,Bloomspire,Cragside,Thriving,23.8,36.4,58.7,67.0
FX-4434,Ghostplane,Sunspire Heights,Radiant,21.6,28.6,74.5,52.1
FX-4435,Thornlace,Sunspire Heights,Thriving,20.6,16.7,73.0,51.2
FX-4436,Bloomspire,Sunspire Heights,Radiant,27.0,40.4,83.2,76.2
FX-4437,Ghostplane,Hollowdeep,Radiant,16.9,37.6,79.1,38.3
FX-4438,Goldfan Ginko,Mistfen Reach,Radiant,35.4,15.0,83.0,68.6
FX-4439,Whispering Linden,Mistfen Reach,Thriving,26.3,19.4,52.4,44.3
FX-4440,Glasszelkova,Hollowdeep,Waning,26.8,9.4,17.7,43.5
FX-4441,Duskmaple,Hollowdeep,Thriving,12.9,20.2,49.7,61.5
FX-4442,Whispering Linden,Sunspire Heights,Radiant,28.1,20.7,76.9,56.5
FX-4443,Glasszelkova,Sunspire Heights,Thriving,31.0,11.6,51.3,54.5
FX-4444,Goldfan Ginko,Mistfen Reach,Thriving,32.4,17.4,56.8,69.7
FX-4445,Thornlace,Hollowdeep,Thriving,12.7,16.7,58.3,37.1
FX-4446,Ironcrown Oak,Cragside,Husk,21.9,29.9,0.0,65.3
FX-4447,Thornlace,Mistfen Reach,Thriving,11.9,10.6,50.9,43.4
FX-4448,Glasszelkova,Mistfen Reach,Thriving,31.3,12.1,51.5,47.6
FX-4449,Verdant Ash,Cragside,Radiant,19.7,18.2,81.2,50.8
FX-4450,Ghostplane,Sunspire Heights,Radiant,23.8,33.3,83.5,56.6
FX-4451,Whispering Linden,Mistfen Reach,Radiant,25.1,16.2,80.1,51.3
FX-4452,Duskmaple,Mistfen Reach,Radiant,21.9,20.1,81.1,68.0
FX-4453,Palepear,Hollowdeep,Radiant,10.7,9.4,83.5,39.6
FX-4454,Emberoak,Cragside,Thriving,31.3,24.3,56.4,65.2
FX-4455,Whispering Linden,Hollowdeep,Radiant,23.6,16.3,78.0,47.3
FX-4456,Ironcrown Oak,Mistfen Reach,Thriving,25.0,34.0,60.9,65.8
FX-4457,Verdant Ash,Mistfen Reach,Thriving,21.7,21.9,50.9,43.2
FX-4458,Bloomspire,Cragside,Thriving,21.2,35.6,50.8,67.2
FX-4459,Whispering Linden,Sunspire Heights,Radiant,28.8,16.2,78.3,54.8
FX-4460,Goldfan Ginko,Cragside,Thriving,32.7,14.1,54.5,69.0
FX-4461,Whispering Linden,Sunspire Heights,Thriving,28.0,16.0,65.2,53.8
FX-4462,Ghostplane,Mistfen Reach,Thriving,16.7,32.9,50.5,48.9
FX-4463,Palepear,Mistfen Reach,Thriving,15.2,7.0,50.4,44.0
FX-4464,Verdant Ash,Mistfen Reach,Thriving,17.8,17.9,56.2,48.8
FX-4465,Whispering Linden,Mistfen Reach,Waning,22.7,17.3,37.6,44.9
FX-4466,Bloomspire,Hollowdeep,Thriving,18.4,40.9,63.5,61.2
FX-4467,Thornlace,Sunspire Heights,Radiant,17.5,11.1,74.6,60.6
FX-4468,Coralmaple,Mistfen Reach,Thriving,34.3,19.4,49.7,64.8
FX-4469,Verdant Ash,Sunspire Heights,Thriving,22.4,19.2,57.6,51.1
FX-4470,Goldfan Ginko,Cragside,Waning,34.6,13.6,30.6,69.0
FX-4471,Goldfan Ginko,Mistfen Reach,Thriving,34.3,16.5,53.7,64.0
FX-4472,Glasszelkova,Mistfen Reach,Waning,28.6,7.0,31.0,48.2
FX-4473,Goldfan Ginko,Cragside,Radiant,35.0,12.8,81.2,66.9
FX-4474,Coralmaple,Cragside,Thriving,29.4,19.5,56.5,64.3
FX-4475,Goldfan Ginko,Mistfen Reach,Thriving,34.5,13.9,50.4,61.3
FX-4476,Coralmaple,Mistfen Reach,Thriving,30.2,24.3,62.1,68.2
FX-4477,Glasszelkova,Hollowdeep,Thriving,32.0,9.1,61.4,36.4
FX-4478,Ghostplane,Sunspire Heights,Radiant,19.8,37.6,72.1,53.9
FX-4479,Glasszelkova,Sunspire Heights,Waning,34.3,12.7,32.5,53.1
FX-4480,Coralmaple,Mistfen Reach,Thriving,27.9,27.1,57.7,65.0
FX-4481,Ironcrown Oak,Mistfen Reach,Waning,23.8,32.2,34.3,60.4
FX-4482,Thornlace,Mistfen Reach,Thriving,14.5,9.9,54.5,43.7
FX-4483,Bloomspire,Mistfen Reach,Radiant,23.4,34.5,85.8,66.4
FX-4484,Coralmaple,Cragside,Thriving,32.1,20.0,53.2,69.2
FX-4485,Coralmaple,Cragside,Thriving,29.2,19.9,49.4,67.6
FX-4486,Glasszelkova,Hollowdeep,Radiant,28.2,3.3,68.4,47.1
FX-4487,Emberoak,Cragside,Waning,28.5,27.0,39.6,65.0
FX-4488,Whispering Linden,Sunspire Heights,Thriving,29.3,12.4,55.0,54.1
FX-4489,Whispering Linden,Sunspire Heights,Thriving,30.2,17.1,63.3,55.2
FX-4490,Duskmaple,Sunspire Heights,Waning,19.0,26.2,33.3,77.0
FX-4491,Duskmaple,Cragside,Thriving,23.0,23.8,51.9,64.6
FX-4492,Ironcrown Oak,Cragside,Thriving,25.0,32.1,55.8,71.5
FX-4493,Ghostplane,Sunspire Heights,Thriving,25.0,31.8,62.7,53.9
FX-4494,Whispering Linden,Mistfen Reach,Thriving,29.8,12.4,51.8,42.0
FX-4495,Verdant Ash,Sunspire Heights,Radiant,23.1,19.5,74.5,62.0
FX-4496,Ghostplane,Sunspire Heights,Thriving,24.3,31.0,69.7,58.0
FX-4497,Verdant Ash,Hollowdeep,Thriving,18.3,19.2,48.4,48.6
FX-4498,Coralmaple,Cragside,Radiant,31.9,20.7,86.8,75.4
FX-4499,Ghostplane,Sunspire Heights,Thriving,23.8,33.6,52.5,51.1
FX-4500,Coralmaple,Mistfen Reach,Thriving,30.6,17.0,58.8,68.7
FX-4501,Goldfan Ginko,Mistfen Reach,Waning,33.1,18.8,29.9,64.8
FX-4502,Verdant Ash,Hollowdeep,Radiant,13.4,17.8,78.7,38.9
FX-4503,Thornlace,Mistfen Reach,Thriving,14.2,9.6,56.5,49.1
FX-4504,Ironcrown Oak,Cragside,Radiant,26.5,29.5,83.3,68.9
FX-4505,Whispering Linden,Mistfen Reach,Waning,27.5,17.2,28.8,44.1
FX-4506,Coralmaple,Mistfen Reach,Radiant,24.9,20.1,78.8,68.8
FX-4507,Coralmaple,Mistfen Reach,Thriving,32.1,17.9,44.5,61.1
FX-4508,Bloomspire,Mistfen Reach,Thriving,18.7,41.0,55.7,64.3
FX-4509,Ironcrown Oak,Cragside,Radiant,29.6,27.9,78.0,65.3
FX-4510,Ghostplane,Hollowdeep,Thriving,15.4,34.1,51.8,42.6
FX-4511,Whispering Linden,Sunspire Heights,Waning,27.3,16.6,29.6,51.3
FX-4512,Whispering Linden,Sunspire Heights,Radiant,32.0,17.1,79.5,57.8
FX-4513,Verdant Ash,Sunspire Heights,Waning,24.1,20.5,18.5,53.6
FX-4514,Palepear,Mistfen Reach,Husk,16.7,13.7,2.0,43.2
FX-4515,Duskmaple,Mistfen Reach,Thriving,15.0,24.7,53.5,63.4
FX-4516,Emberoak,Hollowdeep,Thriving,25.9,22.9,64.7,59.1
FX-4517,Verdant Ash,Sunspire Heights,Thriving,23.3,17.6,64.4,57.0
FX-4518,Whispering Linden,Sunspire Heights,Radiant,27.5,18.8,74.3,57.4
FX-4519,Goldfan Ginko,Cragside,Thriving,33.2,16.5,60.5,70.9
FX-4520,Verdant Ash,Sunspire Heights,Thriving,28.0,16.1,58.5,56.8
FX-4521,Ghostplane,Mistfen Reach,Waning,18.5,35.7,28.0,41.8
FX-4522,Verdant Ash,Mistfen Reach,Thriving,20.1,15.6,64.6,44.7
FX-4523,Goldfan Ginko,Mistfen Reach,Thriving,32.1,14.8,61.0,60.2
FX-4524,Palepear,Mistfen Reach,Radiant,15.3,8.1,83.2,49.9
FX-4525,Ghostplane,Sunspire Heights,Radiant,22.2,28.7,78.3,57.5
FX-4526,Coralmaple,Mistfen Reach,Radiant,32.4,18.3,75.5,66.0
FX-4527,Whispering Linden,Sunspire Heights,Radiant,27.3,19.3,79.5,56.8
FX-4528,Emberoak,Cragside,Thriving,23.4,28.6,59.4,69.1
FX-4529,Duskmaple,Mistfen Reach,Thriving,17.1,21.2,58.7,66.2
FX-4530,Coralmaple,Cragside,Radiant,36.4,23.8,81.6,72.1
FX-4531,Thornlace,Sunspire Heights,Thriving,20.8,8.0,54.5,53.0
FX-4532,Palepear,Sunspire Heights,Waning,19.5,12.7,29.6,52.0
FX-4533,Goldfan Ginko,Mistfen Reach,Thriving,32.3,18.2,65.4,70.5
FX-4534,Coralmaple,Mistfen Reach,Waning,30.2,23.1,28.4,63.1
FX-4535,Whispering Linden,Sunspire Heights,Thriving,25.8,22.2,56.5,53.3
FX-4536,Coralmaple,Hollowdeep,Radiant,28.9,22.1,93.1,63.1
FX-4537,Palepear,Sunspire Heights,Thriving,15.6,7.0,51.9,57.7
FX-4538,Verdant Ash,Mistfen Reach,Thriving,14.0,16.8,62.2,46.4
FX-4539,Duskmaple,Hollowdeep,Thriving,13.1,27.4,50.9,64.9
FX-4540,Glasszelkova,Mistfen Reach,Waning,30.2,10.1,33.6,41.8
FX-4541,Whispering Linden,Sunspire Heights,Radiant,26.1,15.2,87.7,58.4
FX-4542,Coralmaple,Hollowdeep,Thriving,29.7,24.9,57.2,64.8
FX-4543,Goldfan Ginko,Mistfen Reach,Radiant,36.5,12.4,73.8,60.0
FX-4544,Bloomspire,Mistfen Reach,Thriving,16.9,34.7,59.7,61.2
FX-4545,Palepear,Sunspire Heights,Thriving,12.7,5.8,52.8,51.7
FX-4546,Thornlace,Sunspire Heights,Radiant,17.0,13.0,89.4,57.4
FX-4547,Whispering Linden,Hollowdeep,Thriving,23.9,20.5,49.0,43.7
FX-4548,Glasszelkova,Sunspire Heights,Waning,32.1,13.1,29.7,53.2
FX-4549,Duskmaple,Hollowdeep,Thriving,16.5,24.9,63.0,65.8
FX-4550,Whispering Linden,Sunspire Heights,Radiant,32.3,12.7,86.0,59.8
FX-4551,Glasszelkova,Sunspire Heights,Waning,33.0,16.7,38.2,54.0
FX-4552,Thornlace,Sunspire Heights,Radiant,17.6,13.6,79.2,49.4
FX-4553,Palepear,Cragside,Thriving,11.0,12.9,70.5,50.9
FX-4554,Coralmaple,Mistfen Reach,Thriving,25.1,24.2,50.2,67.5
FX-4555,Ghostplane,Hollowdeep,Thriving,19.6,33.5,51.9,39.4
FX-4556,Whispering Linden,Cragside,Radiant,27.9,14.8,93.0,50.8
FX-4557,Duskmaple,Cragside,Thriving,25.2,19.8,59.5,70.7
FX-4558,Whispering Linden,Hollowdeep,Husk,18.2,16.6,18.6,42.4
FX-4559,Goldfan Ginko,Hollowdeep,Thriving,28.4,12.3,47.2,66.7
FX-4560,Thornlace,Sunspire Heights,Thriving,20.2,9.4,50.4,54.6
FX-4561,Ghostplane,Mistfen Reach,Thriving,18.9,40.0,59.6,43.8
FX-4562,Thornlace,Mistfen Reach,Thriving,13.7,14.0,49.6,46.0
FX-4563,Emberoak,Cragside,Thriving,32.6,27.9,45.9,70.6
FX-4564,Palepear,Sunspire Heights,Radiant,13.6,8.2,71.1,60.4
FX-4565,Coralmaple,Cragside,Radiant,30.7,22.1,74.0,74.7
FX-4566,Palepear,Sunspire Heights,Radiant,20.3,6.2,72.5,61.7
FX-4567,Whispering Linden,Mistfen Reach,Thriving,25.2,12.8,57.5,44.9
FX-4568,Palepear,Mistfen Reach,Thriving,14.8,6.1,53.8,48.9
FX-4569,Thornlace,Mistfen Reach,Thriving,15.5,14.1,58.7,46.1
FX-4570,Goldfan Ginko,Mistfen Reach,Thriving,38.9,15.1,64.0,63.6
FX-4571,Whispering Linden,Sunspire Heights,Radiant,29.3,14.4,74.6,55.2
FX-4572,Ghostplane,Sunspire Heights,Waning,25.8,31.1,33.4,53.7
FX-4573,Coralmaple,Sunspire Heights,Radiant,30.5,24.0,77.8,79.3
FX-4574,Goldfan Ginko,Hollowdeep,Thriving,27.3,16.8,53.0,62.5
FX-4575,Verdant Ash,Cragside,Thriving,15.9,13.0,46.6,50.7
FX-4576,Emberoak,Hollowdeep,Thriving,23.0,24.8,42.5,66.9
FX-4577,Whispering Linden,Mistfen Reach,Thriving,25.0,17.4,62.2,43.2
FX-4578,Ghostplane,Sunspire Heights,Radiant,23.2,29.0,84.1,56.0
FX-4579,Coralmaple,Mistfen Reach,Radiant,35.5,20.7,74.7,68.6
FX-4580,Palepear,Cragside,Thriving,12.7,4.6,62.0,50.7
FX-4581,Emberoak,Mistfen Reach,Thriving,24.4,26.5,48.4,60.2
FX-4582,Palepear,Hollowdeep,Thriving,14.5,8.5,44.2,42.4
FX-4583,Emberoak,Mistfen Reach,Radiant,21.1,24.5,93.9,69.9
FX-4584,Duskmaple,Mistfen Reach,Radiant,17.4,20.7,68.7,64.5
FX-4585,Emberoak,Hollowdeep,Waning,27.9,29.0,35.3,62.5
FX-4586,Glasszelkova,Mistfen Reach,Radiant,32.0,8.3,79.5,51.3
FX-4587,Ghostplane,Mistfen Reach,Thriving,16.2,34.8,67.0,37.7
FX-4588,Ghostplane,Mistfen Reach,Thriving,21.2,28.8,54.8,41.8
FX-4589,Coralmaple,Cragside,Radiant,32.1,17.8,70.7,73.6
FX-4590,Ghostplane,Mistfen Reach,Thriving,14.3,37.5,51.8,48.7
FX-4591,Verdant Ash,Mistfen Reach,Thriving,17.0,15.0,56.3,39.9
FX-4592,Glasszelkova,Hollowdeep,Thriving,28.6,12.9,48.5,44.2
FX-4593,Glasszelkova,Mistfen Reach,Waning,25.6,13.1,34.0,42.6
FX-4594,Thornlace,Cragside,Radiant,13.7,11.8,73.3,49.2
FX-4595,Duskmaple,Mistfen Reach,Waning,18.6,25.9,21.0,62.8
FX-4596,Bloomspire,Cragside,Waning,23.1,38.4,40.0,66.4
FX-4597,Thornlace,Sunspire Heights,Thriving,18.5,8.3,54.6,57.0
FX-4598,Ironcrown Oak,Mistfen Reach,Thriving,22.7,29.3,57.6,64.9
FX-4599,Emberoak,Sunspire Heights,Thriving,35.2,28.3,52.0,74.8
FX-4600,Bloomspire,Cragside,Waning,22.7,29.7,39.3,71.4
FX-4601,Thornlace,Mistfen Reach,Radiant,12.4,15.4,84.2,41.6
FX-4602,Thornlace,Sunspire Heights,Thriving,17.8,14.0,62.6,57.5
FX-4603,Palepear,Mistfen Reach,Waning,13.3,6.8,26.9,47.2
FX-4604,Whispering Linden,Sunspire Heights,Radiant,32.6,17.8,79.5,55.2
FX-4605,Palepear,Hollowdeep,Thriving,12.1,8.0,57.8,43.0
FX-4606,Bloomspire,Hollowdeep,Radiant,17.7,33.7,79.8,66.7
FX-4607,Emberoak,Hollowdeep,Radiant,24.4,30.3,81.2,70.9
FX-4608,Goldfan Ginko,Sunspire Heights,Thriving,41.1,19.6,56.3,70.7
FX-4609,Whispering Linden,Cragside,Thriving,23.5,17.4,44.6,45.5
FX-4610,Thornlace,Hollowdeep,Radiant,15.6,12.6,82.6,42.5
FX-4611,Verdant Ash,Hollowdeep,Thriving,14.9,12.4,51.3,43.8
FX-4612,Thornlace,Mistfen Reach,Thriving,18.6,16.0,46.6,43.3
FX-4613,Glasszelkova,Sunspire Heights,Thriving,32.9,16.1,53.8,56.8
FX-4614,Palepear,Sunspire Heights,Waning,16.8,12.2,21.5,53.4
FX-4615,Verdant Ash,Mistfen Reach,Thriving,18.8,20.6,52.6,49.7
FX-4616,Duskmaple,Sunspire Heights,Waning,26.4,19.1,32.8,74.7
FX-4617,Whispering Linden,Mistfen Reach,Radiant,21.3,16.0,79.7,46.7
FX-4618,Palepear,Sunspire Heights,Radiant,18.6,6.6,86.1,57.1
FX-4619,Duskmaple,Cragside,Radiant,22.8,25.3,75.2,71.6
FX-4620,Palepear,Mistfen Reach,Thriving,11.4,13.5,43.7,46.7
FX-4621,Ghostplane,Mistfen Reach,Thriving,16.4,31.9,58.5,47.1
FX-4622,Verdant Ash,Mistfen Reach,Thriving,16.8,12.0,60.5,48.1
FX-4623,Ironcrown Oak,Hollowdeep,Thriving,21.0,27.7,53.3,59.2
FX-4624,Ghostplane,Sunspire Heights,Thriving,22.6,32.9,60.6,56.5
FX-4625,Bloomspire,Mistfen Reach,Thriving,23.6,37.6,59.8,67.5
FX-4626,Verdant Ash,Sunspire Heights,Thriving,18.9,16.9,61.9,56.0
FX-4627,Thornlace,Sunspire Heights,Thriving,19.8,11.9,57.6,53.9
FX-4628,Coralmaple,Mistfen Reach,Radiant,26.0,20.2,82.1,65.2
FX-4629,Ghostplane,Sunspire Heights,Thriving,19.7,36.3,48.4,51.5
FX-4630,Ghostplane,Mistfen Reach,Radiant,21.8,27.1,82.4,45.7
FX-4631,Ghostplane,Sunspire Heights,Waning,22.6,32.9,34.0,51.1
FX-4632,Duskmaple,Hollowdeep,Thriving,19.6,22.8,52.2,58.4
FX-4633,Ghostplane,Sunspire Heights,Radiant,23.5,30.7,72.5,53.9
FX-4634,Glasszelkova,Cragside,Waning,29.6,18.5,29.4,50.6
FX-4635,Emberoak,Hollowdeep,Waning,19.9,24.1,33.4,59.8
FX-4636,Ghostplane,Sunspire Heights,Thriving,19.8,40.2,65.3,56.0
FX-4637,Ironcrown Oak,Mistfen Reach,Thriving,20.8,33.4,52.0,61.0
FX-4638,Bloomspire,Cragside,Waning,23.5,36.9,26.3,66.2
FX-4639,Whispering Linden,Sunspire Heights,Radiant,30.4,10.9,81.3,52.2
FX-4640,Whispering Linden,Sunspire Heights,Thriving,31.9,13.1,45.3,54.3
FX-4641,Ghostplane,Sunspire Heights,Radiant,28.7,30.8,83.3,54.7
FX-4642,Ironcrown Oak,Cragside,Thriving,27.7,27.9,59.8,70.7
FX-4643,Palepear,Sunspire Heights,Radiant,18.2,14.0,68.6,53.1
FX-4644,Goldfan Ginko,Mistfen Reach,Waning,32.2,14.3,50.9,69.1
FX-4645,Bloomspire,Cragside,Waning,22.3,34.9,34.3,72.3
FX-4646,Emberoak,Hollowdeep,Radiant,22.6,25.5,83.2,67.1
FX-4647,Ghostplane,Sunspire Heights,Waning,23.2,29.3,22.9,58.6
FX-4648,Whispering Linden,Sunspire Heights,Radiant,31.9,17.8,77.8,50.4
FX-4649,Goldfan Ginko,Cragside,Thriving,35.5,15.4,59.5,66.2
FX-4650,Bloomspire,Hollowdeep,Thriving,17.5,33.2,60.7,59.1
FX-4651,Whispering Linden,Mistfen Reach,Husk,21.0,16.4,3.5,44.8
FX-4652,Palepear,Mistfen Reach,Thriving,13.9,9.4,49.3,41.4
FX-4653,Verdant Ash,Mistfen Reach,Husk,15.9,24.5,5.8,39.9
FX-4654,Whispering Linden,Mistfen Reach,Waning,20.9,15.9,20.8,42.1
FX-4655,Verdant Ash,Mistfen Reach,Waning,18.8,19.1,30.2,45.4
FX-4656,Bloomspire,Mistfen Reach,Waning,21.4,38.4,33.7,62.6
FX-4657,Verdant Ash,Sunspire Heights,Thriving,19.9,21.7,60.4,53.8
FX-4658,Glasszelkova,Sunspire Heights,Thriving,30.1,13.6,51.7,55.3
FX-4659,Glasszelkova,Mistfen Reach,Thriving,28.2,10.5,56.5,45.3
FX-4660,Palepear,Mistfen Reach,Thriving,12.3,13.8,58.0,42.6
FX-4661,Palepear,Mistfen Reach,Thriving,14.1,9.5,61.5,39.4
FX-4662,Ironcrown Oak,Cragside,Thriving,26.8,27.7,50.6,67.1
FX-4663,Duskmaple,Cragside,Thriving,25.3,26.2,50.6,67.6
FX-4664,Whispering Linden,Sunspire Heights,Husk,26.3,16.8,12.2,52.8
FX-4665,Thornlace,Sunspire Heights,Radiant,16.5,9.8,84.1,58.2
FX-4666,Ghostplane,Mistfen Reach,Waning,21.6,32.2,38.0,40.6
FX-4667,Verdant Ash,Sunspire Heights,Thriving,25.6,20.8,53.5,55.5
FX-4668,Goldfan Ginko,Hollowdeep,Radiant,29.0,16.4,65.3,65.0
FX-4669,Glasszelkova,Mistfen Reach,Radiant,26.1,10.0,73.5,39.7
FX-4670,Verdant Ash,Mistfen Reach,Waning,11.9,19.7,30.3,44.8
FX-4671,Emberoak,Mistfen Reach,Thriving,24.0,33.0,65.1,65.8
FX-4672,Glasszelkova,Sunspire Heights,Thriving,33.1,10.8,51.4,52.7
FX-4673,Goldfan Ginko,Mistfen Reach,Thriving,32.2,12.1,55.7,62.5
FX-4674,Goldfan Ginko,Mistfen Reach,Thriving,28.9,19.0,53.3,66.7
FX-4675,Verdant Ash,Hollowdeep,Waning,16.0,21.1,32.0,43.3
FX-4676,Coralmaple,Cragside,Thriving,31.2,24.6,54.3,66.4
FX-4677,Palepear,Sunspire Heights,Waning,19.8,7.9,34.9,49.5
FX-4678,Ghostplane,Mistfen Reach,Thriving,18.8,29.9,58.0,50.4
FX-4679,Duskmaple,Mistfen Reach,Thriving,17.0,25.8,43.7,62.9
FX-4680,Glasszelkova,Sunspire Heights,Radiant,36.0,11.0,81.9,57.5
FX-4681,Whispering Linden,Sunspire Heights,Thriving,28.4,19.5,58.5,56.4
FX-4682,Whispering Linden,Sunspire Heights,Radiant,29.1,13.8,88.4,53.2
FX-4683,Ironcrown Oak,Hollowdeep,Thriving,22.2,31.6,54.1,60.7
FX-4684,Bloomspire,Sunspire Heights,Thriving,24.3,32.6,59.3,78.7
FX-4685,Palepear,Sunspire Heights,Waning,19.7,7.8,28.8,54.8
FX-4686,Coralmaple,Mistfen Reach,Radiant,25.4,22.6,83.4,65.4
FX-4687,Palepear,Sunspire Heights,Husk,18.4,7.9,4.7,53.2
FX-4688,Duskmaple,Cragside,Waning,16.1,23.9,29.9,68.7
FX-4689,Thornlace,Mistfen Reach,Thriving,16.8,11.7,61.8,50.2
FX-4690,Palepear,Mistfen Reach,Thriving,12.6,9.2,60.2,46.4
FX-4691,Glasszelkova,Mistfen Reach,Waning,31.1,12.0,30.4,42.0
FX-4692,Verdant Ash,Mistfen Reach,Husk,14.3,20.8,6.6,36.7
FX-4693,Whispering Linden,Sunspire Heights,Thriving,29.7,14.7,49.1,56.6
FX-4694,Whispering Linden,Hollowdeep,Thriving,22.7,18.3,56.1,41.7
FX-4695,Palepear,Mistfen Reach,Radiant,14.3,8.1,76.8,48.5
FX-4696,Glasszelkova,Mistfen Reach,Waning,24.4,11.1,32.7,52.2
FX-4697,Bloomspire,Hollowdeep,Thriving,19.6,34.3,53.8,63.6
FX-4698,Whispering Linden,Sunspire Heights,Thriving,30.8,16.9,57.5,53.2
FX-4699,Palepear,Mistfen Reach,Waning,15.5,8.2,34.7,42.9
FX-4700,Ghostplane,Mistfen Reach,Thriving,20.3,27.9,46.1,45.4
FX-4701,Glasszelkova,Sunspire Heights,Thriving,31.5,12.6,40.8,53.0
FX-4702,Whispering Linden,Hollowdeep,Thriving,21.8,13.8,60.6,41.3
FX-4703,Verdant Ash,Sunspire Heights,Radiant,23.9,22.1,78.4,50.5
FX-4704,Emberoak,Cragside,Radiant,33.6,29.8,83.4,68.6
FX-4705,Bloomspire,Mistfen Reach,Waning,17.8,38.7,27.3,65.1
FX-4706,Glasszelkova,Sunspire Heights,Thriving,31.2,7.1,46.3,62.8
FX-4707,Coralmaple,Mistfen Reach,Thriving,30.1,22.2,57.1,68.4
FX-4708,Ironcrown Oak,Mistfen Reach,Husk,28.8,26.1,11.2,67.6
FX-4709,Bloomspire,Hollowdeep,Radiant,19.4,34.8,91.7,64.3
FX-4710,Thornlace,Sunspire Heights,Thriving,21.0,13.1,42.8,57.3
FX-4711,Ironcrown Oak,Hollowdeep,Thriving,21.0,29.3,50.5,65.4
FX-4712,Emberoak,Sunspire Heights,Thriving,26.5,30.5,66.8,75.6
FX-4713,Thornlace,Sunspire Heights,Radiant,24.2,11.2,75.0,54.2
FX-4714,Glasszelkova,Mistfen Reach,Thriving,29.4,10.0,57.2,44.8
FX-4715,Palepear,Sunspire Heights,Thriving,22.0,9.9,53.0,56.4
FX-4716,Thornlace,Mistfen Reach,Thriving,12.5,14.8,54.6,46.7
FX-4717,Ghostplane,Sunspire Heights,Thriving,25.0,39.3,50.3,52.8
FX-4718,Palepear,Sunspire Heights,Thriving,21.2,6.2,47.9,56.0
FX-4719,Verdant Ash,Sunspire Heights,Radiant,24.6,13.9,75.0,57.4
FX-4720,Goldfan Ginko,Cragside,Thriving,35.5,19.2,59.5,68.5
FX-4721,Verdant Ash,Sunspire Heights,Radiant,21.1,23.3,84.2,51.8
FX-4722,Goldfan Ginko,Mistfen Reach,Thriving,36.0,15.7,57.3,62.5
FX-4723,Duskmaple,Hollowdeep,Thriving,13.1,23.3,58.9,63.8
FX-4724,Duskmaple,Cragside,Thriving,21.6,21.8,51.5,69.7
FX-4725,Coralmaple,Cragside,Thriving,27.8,19.5,76.5,69.6
FX-4726,Duskmaple,Mistfen Reach,Radiant,20.6,22.6,83.2,66.6
FX-4727,Duskmaple,Cragside,Radiant,16.2,22.3,85.2,73.0
FX-4728,Ironcrown Oak,Hollowdeep,Radiant,21.4,22.5,76.2,62.0
FX-4729,Verdant Ash,Sunspire Heights,Thriving,23.7,18.3,51.2,55.6
FX-4730,Ghostplane,Mistfen Reach,Thriving,23.0,28.7,61.0,40.8
FX-4731,Bloomspire,Mistfen Reach,Radiant,24.9,30.8,82.3,65.9
FX-4732,Emberoak,Cragside,Radiant,28.3,27.8,83.6,65.3
FX-4733,Palepear,Sunspire Heights,Thriving,19.0,7.1,53.5,53.5
FX-4734,Ghostplane,Hollowdeep,Radiant,17.0,33.3,83.6,47.7
FX-4735,Duskmaple,Cragside,Thriving,20.3,25.8,58.6,64.5
FX-4736,Duskmaple,Mistfen Reach,Radiant,17.0,24.6,77.0,72.2
FX-4737,Whispering Linden,Sunspire Heights,Thriving,29.5,17.3,53.3,51.6
FX-4738,Bloomspire,Mistfen Reach,Thriving,21.0,39.4,62.2,65.7
FX-4739,Goldfan Ginko,Mistfen Reach,Radiant,32.0,15.6,85.8,62.6
FX-4740,Coralmaple,Cragside,Radiant,33.2,26.1,76.0,76.8
FX-4741,Whispering Linden,Mistfen Reach,Radiant,22.4,17.6,79.7,43.9
FX-4742,Ghostplane,Mistfen Reach,Thriving,18.7,32.9,50.7,44.6
FX-4743,Goldfan Ginko,Mistfen Reach,Waning,29.7,10.4,37.1,69.8
FX-4744,Coralmaple,Cragside,Thriving,30.4,19.9,52.3,68.9
FX-4745,Ghostplane,Sunspire Heights,Waning,20.6,33.2,36.9,47.1
FX-4746,Ghostplane,Mistfen Reach,Radiant,21.3,32.5,82.0,43.7
FX-4747,Palepear,Mistfen Reach,Thriving,15.7,17.9,47.7,48.5
FX-4748,Bloomspire,Mistfen Reach,Thriving,22.4,36.3,57.9,67.9
FX-4749,Thornlace,Sunspire Heights,Radiant,18.7,6.7,82.9,50.4
FX-4750,Ghostplane,Sunspire Heights,Thriving,27.3,35.4,48.9,53.1
FX-4751,Duskmaple,Mistfen Reach,Thriving,19.6,24.2,53.8,65.6
FX-4752,Ironcrown Oak,Sunspire Heights,Thriving,23.9,32.5,60.6,75.3
FX-4753,Emberoak,Mistfen Reach,Thriving,28.5,31.0,55.7,70.0
FX-4754,Duskmaple,Cragside,Thriving,22.4,21.2,57.3,69.4
FX-4755,Palepear,Sunspire Heights,Radiant,16.1,6.8,81.8,59.0
FX-4756,Verdant Ash,Mistfen Reach,Thriving,17.3,19.6,69.3,47.1
FX-4757,Goldfan Ginko,Mistfen Reach,Thriving,32.6,12.6,54.2,59.5
FX-4758,Glasszelkova,Sunspire Heights,Thriving,33.3,10.6,51.9,50.7
FX-4759,Emberoak,Cragside,Radiant,28.8,28.4,84.9,71.4
FX-4760,Duskmaple,Hollowdeep,Thriving,12.8,27.0,59.3,61.4
FX-4761,Verdant Ash,Hollowdeep,Thriving,16.1,16.9,62.0,45.7
FX-4762,Coralmaple,Hollowdeep,Thriving,30.1,16.3,56.7,60.4
FX-4763,Coralmaple,Cragside,Thriving,31.8,21.4,58.4,71.8
FX-4764,Thornlace,Mistfen Reach,Thriving,14.5,20.8,51.3,43.6
FX-4765,Palepear,Mistfen Reach,Thriving,12.3,11.7,56.9,43.0
FX-4766,Ghostplane,Hollowdeep,Thriving,13.3,26.3,56.9,47.4
FX-4767,Emberoak,Mistfen Reach,Radiant,26.8,19.2,85.3,71.1
FX-4768,Whispering Linden,Mistfen Reach,Thriving,25.6,15.4,58.7,47.2
FX-4769,Whispering Linden,Sunspire Heights,Radiant,32.4,13.9,84.6,50.4
FX-4770,Coralmaple,Mistfen Reach,Waning,32.6,20.8,26.3,65.4
FX-4771,Glasszelkova,Hollowdeep,Waning,26.8,16.0,34.3,40.5
FX-4772,Verdant Ash,Sunspire Heights,Thriving,19.2,19.3,43.9,55.4
FX-4773,Whispering Linden,Mistfen Reach,Radiant,23.7,18.9,84.6,49.4
FX-4774,Thornlace,Mistfen Reach,Thriving,18.6,17.2,57.7,46.8
FX-4775,Goldfan Ginko,Cragside,Thriving,35.5,15.0,60.1,62.8
FX-4776,Verdant Ash,Hollowdeep,Radiant,17.7,19.4,77.5,45.4
FX-4777,Palepear,Hollowdeep,Thriving,11.6,10.5,59.7,44.5
FX-4778,Glasszelkova,Mistfen Reach,Thriving,26.8,10.7,54.8,49.9
FX-4779,Ironcrown Oak,Cragside,Radiant,29.3,32.1,79.9,69.7
FX-4780,Goldfan Ginko,Cragside,Thriving,35.3,16.1,57.0,70.2
FX-4781,Coralmaple,Mistfen Reach,Radiant,33.1,17.5,72.5,64.5
FX-4782,Goldfan Ginko,Cragside,Waning,34.9,11.6,27.5,70.0
FX-4783,Glasszelkova,Cragside,Thriving,27.8,8.3,45.5,45.0
FX-4784,Goldfan Ginko,Mistfen Reach,Waning,33.3,18.0,22.9,64.6
FX-4785,Bloomspire,Cragside,Waning,21.7,34.0,27.0,68.7
FX-4786,Whispering Linden,Mistfen Reach,Thriving,22.3,16.2,54.9,42.5
FX-4787,Verdant Ash,Cragside,Thriving,22.7,22.8,60.8,50.0
FX-4788,Palepear,Sunspire Heights,Thriving,20.2,13.1,54.8,56.3
FX-4789,Verdant Ash,Hollowdeep,Radiant,16.2,21.1,83.2,43.1
FX-4790,Coralmaple,Cragside,Thriving,30.9,22.6,58.6,63.9
FX-4791,Whispering Linden,Sunspire Heights,Radiant,30.3,20.3,77.2,51.9
FX-4792,Glasszelkova,Mistfen Reach,Waning,21.0,11.9,31.6,44.0
FX-4793,Ironcrown Oak,Sunspire Heights,Thriving,27.6,23.6,50.9,72.2
FX-4794,Glasszelkova,Hollowdeep,Radiant,22.6,11.2,83.3,37.4
FX-4795,Thornlace,Sunspire Heights,Radiant,18.3,14.9,77.2,54.6
FX-4796,Verdant Ash,Sunspire Heights,Waning,22.6,19.0,25.7,58.8
FX-4797,Palepear,Sunspire Heights,Radiant,19.2,4.2,78.2,57.6
FX-4798,Ghostplane,Mistfen Reach,Thriving,17.6,38.7,44.3,43.3
FX-4799,Duskmaple,Mistfen Reach,Radiant,18.4,25.7,77.8,71.0
FX-4800,Ghostplane,Sunspire Heights,Radiant,20.5,28.5,73.8,49.6
FX-4801,Goldfan Ginko,Mistfen Reach,Husk,33.1,14.5,8.0,63.7
FX-4802,Ironcrown Oak,Cragside,Thriving,23.3,26.2,48.6,68.9
FX-4803,Ghostplane,Sunspire Heights,Radiant,26.6,35.3,74.4,55.3
FX-4804,Whispering Linden,Cragside,Thriving,30.1,15.8,57.7,52.8
FX-4805,Emberoak,Mistfen Reach,Thriving,23.7,24.7,53.1,68.4
FX-4806,Bloomspire,Hollowdeep,Waning,20.4,35.0,31.0,62.4
FX-4807,Thornlace,Mistfen Reach,Thriving,18.4,15.1,55.2,45.0
FX-4808,Ghostplane,Hollowdeep,Waning,14.0,31.1,34.4,39.6
FX-4809,Glasszelkova,Sunspire Heights,Waning,33.7,6.0,31.4,53.7
FX-4810,Ironcrown Oak,Mistfen Reach,Waning,22.6,33.8,24.0,62.6
FX-4811,Palepear,Sunspire Heights,Thriving,18.5,9.2,50.3,49.4
FX-4812,Bloomspire,Cragside,Radiant,21.7,37.4,71.4,69.0
FX-4813,Ironcrown Oak,Hollowdeep,Husk,18.3,36.2,5.4,54.6
FX-4814,Bloomspire,Mistfen Reach,Radiant,18.1,36.6,91.2,66.0
FX-4815,Emberoak,Cragside,Waning,27.2,29.8,25.2,66.5
FX-4816,Goldfan Ginko,Mistfen Reach,Thriving,31.0,17.4,60.0,73.5
FX-4817,Thornlace,Mistfen Reach,Radiant,13.3,13.4,73.6,50.7
FX-4818,Palepear,Mistfen Reach,Radiant,10.7,7.5,75.7,48.1
FX-4819,Verdant Ash,Sunspire Heights,Thriving,20.5,22.3,60.5,52.3
FX-4820,Coralmaple,Cragside,Radiant,33.5,20.4,81.1,66.3
FX-4821,Duskmaple,Cragside,Thriving,23.2,30.3,59.8,65.3
FX-4822,Bloomspire,Mistfen Reach,Thriving,20.4,38.4,49.3,65.9
FX-4823,Emberoak,Cragside,Thriving,27.5,32.1,63.9,65.3
FX-4824,Duskmaple,Mistfen Reach,Husk,18.4,21.2,7.1,58.1
FX-4825,Glasszelkova,Mistfen Reach,Thriving,28.3,10.3,45.5,42.7
FX-4826,Ghostplane,Mistfen Reach,Husk,20.7,31.9,12.6,45.6
FX-4827,Coralmaple,Cragside,Radiant,31.7,14.4,72.5,68.6
FX-4828,Whispering Linden,Sunspire Heights,Thriving,27.3,19.9,49.3,52.5
FX-4829,Whispering Linden,Mistfen Reach,Thriving,24.0,17.9,50.1,49.9
FX-4830,Coralmaple,Mistfen Reach,Thriving,27.6,21.6,54.8,63.1
FX-4831,Thornlace,Sunspire Heights,Waning,20.5,16.0,35.0,53.7
FX-4832,Ghostplane,Mistfen Reach,Waning,18.7,38.6,24.9,39.6
FX-4833,Bloomspire,Sunspire Heights,Waning,23.1,33.0,25.7,75.4
FX-4834,Emberoak,Mistfen Reach,Thriving,25.0,29.0,48.0,65.6
FX-4835,Whispering Linden,Sunspire Heights,Waning,31.6,16.3,33.4,56.0
FX-4836,Verdant Ash,Mistfen Reach,Radiant,15.9,22.7,80.7,46.5
FX-4837,Ghostplane,Sunspire Heights,Thriving,24.5,31.7,51.0,53.8
FX-4838,Palepear,Mistfen Reach,Thriving,12.0,7.8,56.1,42.1
FX-4839,Glasszelkova,Sunspire Heights,Radiant,33.6,12.3,84.9,56.8
FX-4840,Coralmaple,Hollowdeep,Radiant,32.0,20.5,76.8,65.0
FX-4841,Verdant Ash,Mistfen Reach,Thriving,17.0,19.6,52.3,47.0
FX-4842,Palepear,Sunspire Heights,Thriving,21.9,12.3,52.8,53.7
FX-4843,Duskmaple,Mistfen Reach,Radiant,13.7,30.7,81.3,66.0
FX-4844,Bloomspire,Cragside,Waning,26.4,36.5,25.7,63.4
FX-4845,Bloomspire,Mistfen Reach,Thriving,21.5,38.1,54.8,63.6
FX-4846,Ironcrown Oak,Mistfen Reach,Thriving,23.6,28.3,58.2,63.1
FX-4847,Goldfan Ginko,Mistfen Reach,Thriving,34.2,7.1,53.1,66.2
FX-4848,Emberoak,Mistfen Reach,Thriving,28.7,29.4,56.2,68.3
FX-4849,Verdant Ash,Mistfen Reach,Thriving,17.5,18.9,56.8,39.9
FX-4850,Whispering Linden,Mistfen Reach,Thriving,26.1,16.6,60.3,45.1
FX-4851,Thornlace,Mistfen Reach,Thriving,14.4,8.6,51.7,48.1
FX-4852,Ghostplane,Sunspire Heights,Waning,25.8,37.6,36.8,55.2
FX-4853,Glasszelkova,Mistfen Reach,Thriving,25.5,14.2,58.8,42.2
FX-4854,Ironcrown Oak,Cragside,Thriving,24.7,29.2,61.1,67.2
FX-4855,Whispering Linden,Sunspire Heights,Waning,35.2,19.0,29.0,53.1
FX-4856,Bloomspire,Sunspire Heights,Thriving,29.4,35.9,60.3,73.7
FX-4857,Ironcrown Oak,Mistfen Reach,Radiant,23.3,31.4,85.5,69.8
FX-4858,Thornlace,Sunspire Heights,Thriving,21.4,16.9,59.6,50.9
FX-4859,Bloomspire,Mistfen Reach,Thriving,23.8,32.8,59.8,65.1
FX-4860,Ghostplane,Mistfen Reach,Thriving,15.5,34.1,51.2,50.6
FX-4861,Ironcrown Oak,Hollowdeep,Radiant,16.2,32.6,87.4,64.2
FX-4862,Whispering Linden,Sunspire Heights,Radiant,26.8,13.1,80.7,54.3
FX-4863,Duskmaple,Cragside,Thriving,21.7,26.8,57.0,68.4
FX-4864,Bloomspire,Cragside,Thriving,20.8,36.2,42.6,56.4
FX-4865,Bloomspire,Mistfen Reach,Thriving,20.7,40.3,53.3,64.2
FX-4866,Verdant Ash,Hollowdeep,Thriving,13.2,15.9,58.4,40.6
FX-4867,Goldfan Ginko,Cragside,Thriving,35.2,13.1,54.4,73.2
FX-4868,Bloomspire,Hollowdeep,Waning,22.2,38.4,30.8,59.8
FX-4869,Thornlace,Sunspire Heights,Thriving,19.1,10.3,55.9,51.4
FX-4870,Thornlace,Mistfen Reach,Waning,19.3,14.3,29.3,43.3
FX-4871,Thornlace,Sunspire Heights,Waning,18.6,15.9,35.1,59.1
FX-4872,Coralmaple,Mistfen Reach,Radiant,28.7,19.6,76.8,67.1
FX-4873,Goldfan Ginko,Mistfen Reach,Thriving,30.4,13.8,70.2,66.1
FX-4874,Ghostplane,Sunspire Heights,Waning,19.1,31.3,24.9,51.4
FX-4875,Duskmaple,Mistfen Reach,Thriving,17.2,28.4,59.0,64.2
FX-4876,Goldfan Ginko,Mistfen Reach,Radiant,30.5,17.0,85.2,64.1
FX-4877,Ironcrown Oak,Cragside,Thriving,25.6,30.7,50.2,60.7
FX-4878,Goldfan Ginko,Mistfen Reach,Thriving,35.6,13.8,63.5,70.3
FX-4879,Emberoak,Hollowdeep,Husk,24.5,29.3,7.8,59.4
FX-4880,Thornlace,Hollowdeep,Thriving,10.0,12.5,65.0,40.1
FX-4881,Ironcrown Oak,Mistfen Reach,Thriving,26.1,30.2,42.6,65.9
FX-4882,Bloomspire,Cragside,Thriving,23.3,38.4,39.8,66.1
FX-4883,Palepear,Sunspire Heights,Thriving,14.3,5.0,51.7,56.8
FX-4884,Ironcrown Oak,Mistfen Reach,Thriving,26.3,32.2,68.6,62.8
FX-4885,Ironcrown Oak,Hollowdeep,Thriving,25.5,28.4,59.1,64.1
FX-4886,Duskmaple,Cragside,Thriving,18.2,23.9,42.5,72.1
FX-4887,Emberoak,Mistfen Reach,Thriving,31.6,26.8,60.8,70.0
FX-4888,Ironcrown Oak,Cragside,Waning,22.4,27.5,23.0,62.5
FX-4889,Bloomspire,Sunspire Heights,Thriving,27.4,32.3,57.9,73.3
FX-4890,Ironcrown Oak,Cragside,Thriving,28.5,30.5,49.9,71.1
FX-4891,Emberoak,Mistfen Reach,Thriving,26.4,28.3,63.1,63.1
FX-4892,Ghostplane,Mistfen Reach,Waning,15.8,31.4,31.7,43.8
FX-4893,Coralmaple,Hollowdeep,Thriving,30.6,23.6,60.0,57.2
FX-4894,Whispering Linden,Mistfen Reach,Thriving,26.0,20.7,49.1,45.3
FX-4895,Ironcrown Oak,Cragside,Thriving,24.1,30.3,61.7,65.8
FX-4896,Ironcrown Oak,Mistfen Reach,Thriving,19.0,28.2,51.1,67.3
FX-4897,Glasszelkova,Sunspire Heights,Thriving,34.6,13.8,58.7,52.3
FX-4898,Ironcrown Oak,Mistfen Reach,Thriving,22.2,30.8,56.8,72.6
FX-4899,Ironcrown Oak,Sunspire Heights,Husk,28.8,26.8,7.1,67.1
FX-4900,Coralmaple,Mistfen Reach,Radiant,31.5,21.9,80.7,62.0
FX-4901,Ghostplane,Mistfen Reach,Waning,17.9,35.9,18.6,51.9
FX-4902,Palepear,Sunspire Heights,Waning,17.2,3.9,32.5,57.3
FX-4903,Palepear,Sunspire Heights,Husk,18.3,8.5,9.7,49.2
FX-4904,Thornlace,Mistfen Reach,Thriving,20.2,12.9,54.7,44.7
FX-4905,Whispering Linden,Mistfen Reach,Waning,24.7,14.2,24.6,45.8
FX-4906,Ironcrown Oak,Hollowdeep,Thriving,20.6,29.9,45.6,61.1
FX-4907,Ghostplane,Sunspire Heights,Waning,26.6,32.5,33.2,57.8
FX-4908,Palepear,Cragside,Thriving,14.0,9.5,60.8,49.7
FX-4909,Ghostplane,Mistfen Reach,Thriving,21.1,32.1,48.3,43.2
FX-4910,Glasszelkova,Sunspire Heights,Thriving,35.5,13.1,55.7,51.8
FX-4911,Ironcrown Oak,Mistfen Reach,Radiant,18.4,29.7,77.2,71.3
FX-4912,Coralmaple,Cragside,Radiant,29.0,26.6,77.7,73.7
FX-4913,Coralmaple,Sunspire Heights,Thriving,33.6,20.5,52.1,72.3
FX-4914,Thornlace,Sunspire Heights,Radiant,19.6,15.2,80.6,56.1
FX-4915,Goldfan Ginko,Mistfen Reach,Thriving,33.3,17.4,54.1,69.4
FX-4916,Glasszelkova,Sunspire Heights,Radiant,34.1,14.7,77.4,55.9
FX-4917,Whispering Linden,Sunspire Heights,Waning,28.4,19.7,33.7,55.7
FX-4918,Glasszelkova,Sunspire Heights,Thriving,33.3,10.6,47.9,54.6
FX-4919,Verdant Ash,Hollowdeep,Thriving,16.7,16.9,57.1,40.5
FX-4920,Ghostplane,Hollowdeep,Thriving,18.8,31.8,55.5,47.6
FX-4921,Glasszelkova,Hollowdeep,Thriving,24.6,12.8,43.4,39.1
FX-4922,Verdant Ash,Mistfen Reach,Thriving,13.4,13.2,57.8,43.3
FX-4923,Glasszelkova,Mistfen Reach,Thriving,25.5,5.8,51.1,42.9
FX-4924,Duskmaple,Cragside,Waning,20.6,23.3,31.2,66.5
FX-4925,Coralmaple,Mistfen Reach,Radiant,27.5,26.6,76.4,72.3
FX-4926,Coralmaple,Mistfen Reach,Waning,28.8,19.9,30.9,63.4
FX-4927,Whispering Linden,Sunspire Heights,Thriving,30.6,20.2,51.0,52.7
FX-4928,Duskmaple,Cragside,Thriving,20.0,24.3,63.1,70.0
FX-4929,Verdant Ash,Sunspire Heights,Thriving,18.5,16.3,59.8,60.1
FX-4930,Goldfan Ginko,Mistfen Reach,Waning,33.1,18.7,23.0,67.6
FX-4931,Ironcrown Oak,Cragside,Thriving,26.1,30.7,49.7,72.3
FX-4932,Coralmaple,Cragside,Thriving,32.9,19.9,61.9,64.0
FX-4933,Ironcrown Oak,Mistfen Reach,Thriving,25.4,27.4,59.6,68.3
FX-4934,Verdant Ash,Sunspire Heights,Husk,23.5,18.9,0.0,53.4
FX-4935,Bloomspire,Cragside,Waning,26.4,32.8,38.3,63.5
FX-4936,Emberoak,Hollowdeep,Thriving,22.0,25.1,56.4,64.6
FX-4937,Thornlace,Sunspire Heights,Thriving,17.6,11.8,49.1,55.3
FX-4938,Ghostplane,Mistfen Reach,Radiant,20.5,36.6,76.3,46.7
FX-4939,Ironcrown Oak,Mistfen Reach,Thriving,28.6,33.5,55.5,63.1
FX-4940,Goldfan Ginko,Cragside,Radiant,33.8,13.0,85.5,76.5
FX-4941,Bloomspire,Cragside,Thriving,19.2,41.9,51.2,61.1
FX-4942,Ghostplane,Hollowdeep,Thriving,14.4,31.6,60.6,44.0
FX-4943,Glasszelkova,Sunspire Heights,Waning,36.1,14.9,37.1,55.7
FX-4944,Whispering Linden,Cragside,Radiant,29.4,14.4,79.9,54.0
FX-4945,Whispering Linden,Hollowdeep,Radiant,22.0,15.1,81.9,42.4
FX-4946,Palepear,Hollowdeep,Radiant,13.8,8.1,91.7,44.7
FX-4947,Palepear,Mistfen Reach,Waning,13.9,12.3,28.8,43.2
FX-4948,Duskmaple,Mistfen Reach,Thriving,21.5,25.9,51.9,69.1
FX-4949,Ironcrown Oak,Hollowdeep,Waning,22.7,28.0,30.3,60.6
FX-4950,Glasszelkova,Sunspire Heights,Radiant,32.2,14.8,92.4,55.8
FX-4951,Goldfan Ginko,Mistfen Reach,Thriving,32.2,15.3,65.3,61.4
FX-4952,Palepear,Sunspire Heights,Thriving,17.1,10.5,65.5,57.2
FX-4953,Duskmaple,Sunspire Heights,Thriving,26.7,23.7,57.6,73.9
FX-4954,Ironcrown Oak,Mistfen Reach,Radiant,26.9,27.7,86.6,65.9
FX-4955,Goldfan Ginko,Cragside,Radiant,34.1,11.0,89.2,70.7
FX-4956,Ironcrown Oak,Hollowdeep,Radiant,20.9,30.4,85.1,65.1
FX-4957,Ghostplane,Mistfen Reach,Thriving,16.4,32.7,54.8,48.4
FX-4958,Whispering Linden,Mistfen Reach,Thriving,22.1,17.4,46.1,48.1
FX-4959,Verdant Ash,Mistfen Reach,Thriving,13.4,24.1,50.1,42.8
FX-4960,Ironcrown Oak,Mistfen Reach,Thriving,23.1,37.9,60.7,63.4
FX-4961,Glasszelkova,Sunspire Heights,Thriving,33.1,12.7,56.1,50.7
FX-4962,Palepear,Sunspire Heights,Waning,20.2,5.5,33.9,49.9
FX-4963,Whispering Linden,Sunspire Heights,Thriving,29.6,17.9,64.1,52.7
FX-4964,Whispering Linden,Sunspire Heights,Radiant,27.8,14.2,84.1,52.4
FX-4965,Verdant Ash,Sunspire Heights,Thriving,19.7,18.3,54.8,56.5
FX-4966,Goldfan Ginko,Cragside,Thriving,38.1,21.6,54.0,70.1
FX-4967,Thornlace,Sunspire Heights,Thriving,13.0,9.3,50.1,48.6
FX-4968,Emberoak,Hollowdeep,Thriving,25.5,24.2,48.9,62.8
FX-4969,Emberoak,Mistfen Reach,Radiant,24.6,21.7,89.9,76.3
FX-4970,Glasszelkova,Mistfen Reach,Thriving,26.5,13.9,59.5,45.8
FX-4971,Emberoak,Hollowdeep,Thriving,23.3,35.2,60.2,60.7
FX-4972,Emberoak,Cragside,Thriving,31.9,25.7,48.7,69.9
FX-4973,Emberoak,Cragside,Thriving,32.2,32.6,61.2,64.1
FX-4974,Ironcrown Oak,Cragside,Waning,25.5,29.6,29.5,65.3
FX-4975,Duskmaple,Hollowdeep,Waning,12.5,23.1,28.3,62.3
FX-4976,Verdant Ash,Sunspire Heights,Waning,18.2,16.6,33.1,53.8
FX-4977,Bloomspire,Hollowdeep,Thriving,16.4,36.5,57.7,65.3
FX-4978,Whispering Linden,Mistfen Reach,Waning,28.0,14.8,32.5,41.2
FX-4979,Palepear,Mistfen Reach,Husk,12.4,6.5,0.0,38.3
FX-4980,Emberoak,Hollowdeep,Thriving,23.8,26.5,62.7,64.4
FX-4981,Goldfan Ginko,Cragside,Radiant,35.0,18.8,90.1,68.9
FX-4982,Glasszelkova,Mistfen Reach,Thriving,31.2,8.8,56.5,46.8
FX-4983,Bloomspire,Cragside,Thriving,21.7,36.1,63.1,67.4
FX-4984,Glasszelkova,Cragside,Radiant,32.5,11.0,79.9,52.1
FX-4985,Coralmaple,Mistfen Reach,Thriving,31.4,22.3,54.2,63.5
FX-4986,Emberoak,Mistfen Reach,Thriving,24.7,28.4,60.1,62.1
FX-4987,Duskmaple,Sunspire Heights,Thriving,26.3,25.5,52.6,74.3
FX-4988,Verdant Ash,Hollowdeep,Thriving,14.6,16.3,47.4,45.2
FX-4989,Verdant Ash,Cragside,Thriving,15.9,23.8,58.1,43.3
FX-4990,Whispering Linden,Mistfen Reach,Thriving,26.9,20.0,64.9,48.2
FX-4991,Emberoak,Hollowdeep,Waning,23.2,24.6,29.1,60.3
FX-4992,Bloomspire,Hollowdeep,Radiant,20.4,32.5,79.9,65.2
FX-4993,Palepear,Mistfen Reach,Thriving,12.3,12.0,65.0,43.9
FX-4994,Coralmaple,Mistfen Reach,Radiant,28.8,26.2,86.0,70.1
FX-4995,Coralmaple,Cragside,Thriving,36.8,20.3,44.8,65.1
FX-4996,Thornlace,Mistfen Reach,Waning,13.8,10.2,27.5,46.3
FX-4997,Whispering Linden,Hollowdeep,Thriving,18.1,16.7,51.1,37.9
FX-4998,Verdant Ash,Sunspire Heights,Thriving,19.6,23.0,52.1,55.7
FX-4999,Duskmaple,Mistfen Reach,Thriving,15.2,24.1,57.4,64.1
FX-5000,Bloomspire,Cragside,Waning,28.2,32.4,26.2,68.0
FX-5001,Verdant Ash,Mistfen Reach,Radiant,18.9,15.3,88.7,48.5
FX-5002,Coralmaple,Hollowdeep,Radiant,25.4,22.6,87.3,64.8
FX-5003,Emberoak,Cragside,Thriving,28.0,25.8,50.1,68.5
FX-5004,Glasszelkova,Sunspire Heights,Waning,31.8,8.7,26.7,56.0
FX-5005,Duskmaple,Cragside,Thriving,19.2,21.8,52.0,72.5
FX-5006,Emberoak,Hollowdeep,Thriving,28.3,27.5,50.1,62.7
FX-5007,Coralmaple,Mistfen Reach,Radiant,31.2,23.1,82.0,69.9
FX-5008,Emberoak,Hollowdeep,Radiant,19.4,29.9,73.9,63.4
FX-5009,Ironcrown Oak,Mistfen Reach,Thriving,22.9,26.3,57.5,66.0
FX-5010,Ironcrown Oak,Mistfen Reach,Husk,18.1,32.4,2.0,61.7
FX-5011,Duskmaple,Cragside,Radiant,23.4,31.4,82.1,72.4
FX-5012,Verdant Ash,Sunspire Heights,Radiant,21.5,22.4,80.2,52.9
FX-5013,Glasszelkova,Hollowdeep,Thriving,26.7,12.5,53.0,38.3
FX-5014,Ghostplane,Mistfen Reach,Radiant,17.2,35.0,80.9,47.9
FX-5015,Emberoak,Mistfen Reach,Husk,26.0,25.4,3.1,68.4
FX-5016,Thornlace,Mistfen Reach,Husk,12.7,13.4,5.3,46.7
FX-5017,Verdant Ash,Mistfen Reach,Thriving,15.4,14.2,54.1,43.4
FX-5018,Ghostplane,Sunspire Heights,Radiant,21.9,33.6,82.5,63.1
FX-5019,Glasszelkova,Sunspire Heights,Thriving,33.9,16.9,57.1,54.8
FX-5020,Ironcrown Oak,Mistfen Reach,Thriving,22.8,28.2,62.7,64.1
FX-5021,Verdant Ash,Sunspire Heights,Thriving,19.6,23.8,48.9,54.5
FX-5022,Emberoak,Cragside,Thriving,28.1,24.3,56.0,65.8
FX-5023,Verdant Ash,Sunspire Heights,Waning,20.4,19.6,24.3,51.6
FX-5024,Glasszelkova,Mistfen Reach,Thriving,30.7,8.6,65.5,47.1
FX-5025,Ironcrown Oak,Cragside,Waning,25.1,29.6,27.1,67.0
FX-5026,Verdant Ash,Sunspire Heights,Thriving,18.8,14.6,61.3,50.0
FX-5027,Goldfan Ginko,Hollowdeep,Radiant,29.2,13.1,84.9,60.8
FX-5028,Thornlace,Hollowdeep,Thriving,11.9,17.1,60.2,42.7
FX-5029,Duskmaple,Mistfen Reach,Thriving,18.8,24.1,49.9,68.3
FX-5030,Bloomspire,Hollowdeep,Radiant,18.1,37.6,87.3,62.4
FX-5031,Bloomspire,Hollowdeep,Thriving,16.4,33.4,51.8,64.7
FX-5032,Whispering Linden,Sunspire Heights,Waning,28.3,20.6,28.0,48.5
FX-5033,Goldfan Ginko,Cragside,Thriving,35.2,13.7,60.1,69.4
FX-5034,Palepear,Cragside,Thriving,13.0,12.9,49.7,50.8
FX-5035,Bloomspire,Mistfen Reach,Waning,25.1,33.0,27.0,63.7
FX-5036,Thornlace,Hollowdeep,Radiant,15.5,14.8,72.3,40.3
FX-5037,Ironcrown Oak,Mistfen Reach,Waning,23.0,28.7,36.4,58.5
FX-5038,Palepear,Sunspire Heights,Thriving,17.8,10.7,58.7,52.0
FX-5039,Ghostplane,Sunspire Heights,Radiant,24.0,32.2,79.9,53.9
FX-5040,Verdant Ash,Sunspire Heights,Thriving,18.9,13.2,66.9,50.5
FX-5041,Glasszelkova,Sunspire Heights,Thriving,28.8,10.2,60.1,53.6
FX-5042,Duskmaple,Cragside,Thriving,25.1,24.3,60.2,67.1
FX-5043,Duskmaple,Sunspire Heights,Thriving,23.3,23.7,55.2,73.9
FX-5044,Bloomspire,Cragside,Waning,20.7,30.6,30.8,70.0
FX-5045,Ghostplane,Sunspire Heights,Radiant,25.9,32.1,84.3,53.7
FX-5046,Whispering Linden,Hollowdeep,Thriving,25.0,14.4,59.1,40.0
FX-5047,Coralmaple,Hollowdeep,Thriving,25.7,21.9,58.7,62.3
FX-5048,Palepear,Sunspire Heights,Radiant,19.4,6.8,85.2,57.4
FX-5049,Glasszelkova,Sunspire Heights,Thriving,30.8,14.2,56.1,57.5
FX-5050,Glasszelkova,Sunspire Heights,Waning,36.0,9.4,32.3,49.9
FX-5051,Verdant Ash,Hollowdeep,Waning,13.7,16.1,26.5,41.5
FX-5052,Ghostplane,Sunspire Heights,Husk,24.4,31.5,0.0,53.8
FX-5053,Verdant Ash,Sunspire Heights,Waning,21.9,24.7,40.7,53.1
FX-5054,Palepear,Mistfen Reach,Waning,9.1,9.5,26.9,43.8
FX-5055,Goldfan Ginko,Sunspire Heights,Radiant,42.7,14.6,67.9,75.9
FX-5056,Ghostplane,Hollowdeep,Radiant,20.8,36.0,82.3,41.1
FX-5057,Duskmaple,Cragside,Radiant,24.1,22.3,77.2,70.3
FX-5058,Palepear,Sunspire Heights,Waning,15.5,13.4,32.8,49.1
FX-5059,Bloomspire,Sunspire Heights,Thriving,23.5,34.4,64.7,75.9
FX-5060,Verdant Ash,Sunspire Heights,Radiant,19.9,20.7,71.8,53.3
FX-5061,Emberoak,Cragside,Husk,30.0,26.9,5.1,62.1
FX-5062,Ghostplane,Sunspire Heights,Thriving,23.0,38.7,54.4,54.7
FX-5063,Glasszelkova,Hollowdeep,Waning,29.4,9.7,29.5,42.7
FX-5064,Thornlace,Sunspire Heights,Thriving,18.1,16.1,52.2,59.4
FX-5065,Verdant Ash,Sunspire Heights,Radiant,25.2,19.1,77.5,57.9
FX-5066,Thornlace,Hollowdeep,Radiant,9.7,12.9,87.7,49.8
FX-5067,Duskmaple,Cragside,Waning,23.1,24.9,28.0,72.9
FX-5068,Bloomspire,Mistfen Reach,Radiant,17.8,35.1,78.3,62.8
FX-5069,Thornlace,Sunspire Heights,Waning,19.4,12.6,19.5,50.3
FX-5070,Ghostplane,Mistfen Reach,Radiant,21.2,29.7,78.4,52.9
FX-5071,Ironcrown Oak,Mistfen Reach,Waning,21.8,36.3,33.8,61.2
FX-5072,Glasszelkova,Hollowdeep,Thriving,21.7,13.1,53.9,40.3
FX-5073,Duskmaple,Hollowdeep,Radiant,15.0,21.0,87.1,61.3
FX-5074,Glasszelkova,Mistfen Reach,Radiant,28.5,11.4,88.6,41.7
FX-5075,Ironcrown Oak,Cragside,Thriving,20.9,32.4,49.4,69.9
FX-5076,Coralmaple,Cragside,Thriving,26.7,22.1,54.4,64.9
FX-5077,Verdant Ash,Sunspire Heights,Waning,24.6,24.2,33.3,53.2
FX-5078,Bloomspire,Cragside,Thriving,20.4,33.3,65.8,65.9
FX-5079,Palepear,Mistfen Reach,Thriving,16.7,10.6,64.3,46.9
FX-5080,Goldfan Ginko,Mistfen Reach,Radiant,31.5,7.2,77.0,62.4
FX-5081,Ghostplane,Mistfen Reach,Thriving,17.3,34.5,54.0,47.9
FX-5082,Thornlace,Sunspire Heights,Thriving,19.9,10.1,56.6,51.3
FX-5083,Thornlace,Sunspire Heights,Radiant,18.9,6.4,82.4,55.3
FX-5084,Whispering Linden,Hollowdeep,Radiant,20.2,16.2,89.6,39.7
FX-5085,Ironcrown Oak,Cragside,Radiant,26.1,26.7,83.1,71.0
FX-5086,Thornlace,Sunspire Heights,Thriving,20.3,14.0,63.5,51.2
FX-5087,Duskmaple,Mistfen Reach,Thriving,19.9,18.6,55.7,68.1
FX-5088,Glasszelkova,Sunspire Heights,Thriving,27.8,8.7,52.4,52.2
FX-5089,Thornlace,Mistfen Reach,Thriving,12.7,11.2,48.4,40.2
FX-5090,Duskmaple,Hollowdeep,Thriving,19.7,27.3,48.1,64.3
FX-5091,Bloomspire,Mistfen Reach,Thriving,21.0,36.5,65.5,62.3
FX-5092,Ghostplane,Sunspire Heights,Radiant,22.4,34.3,79.1,61.2
FX-5093,Duskmaple,Mistfen Reach,Thriving,21.6,24.0,50.8,63.7
FX-5094,Whispering Linden,Mistfen Reach,Radiant,23.7,17.4,84.8,41.6
FX-5095,Thornlace,Sunspire Heights,Radiant,23.9,15.4,74.3,57.2
FX-5096,Palepear,Hollowdeep,Thriving,8.1,16.1,54.3,39.8
FX-5097,Duskmaple,Hollowdeep,Thriving,14.7,22.3,69.0,56.6
FX-5098,Coralmaple,Mistfen Reach,Thriving,27.8,22.6,50.6,62.1
FX-5099,Coralmaple,Mistfen Reach,Waning,32.1,24.1,20.3,60.0
FX-5100,Verdant Ash,Sunspire Heights,Thriving,22.0,17.4,49.6,50.9
FX-5101,Palepear,Hollowdeep,Radiant,8.7,7.1,73.9,49.1
FX-5102,Coralmaple,Cragside,Waning,33.9,22.3,46.9,65.9
FX-5103,Palepear,Sunspire Heights,Waning,15.5,18.0,28.5,51.0
FX-5104,Whispering Linden,Mistfen Reach,Thriving,26.5,17.6,66.0,48.7
FX-5105,Verdant Ash,Cragside,Thriving,13.4,16.3,58.3,46.1
FX-5106,Emberoak,Mistfen Reach,Thriving,21.3,28.0,40.3,68.3
FX-5107,Thornlace,Mistfen Reach,Thriving,15.8,13.9,52.4,43.9
FX-5108,Ghostplane,Sunspire Heights,Radiant,23.2,31.0,75.5,54.7
FX-5109,Verdant Ash,Mistfen Reach,Thriving,17.7,15.4,57.0,43.8
FX-5110,Emberoak,Cragside,Waning,33.8,30.6,19.5,66.8
FX-5111,Bloomspire,Mistfen Reach,Waning,19.9,40.7,26.0,65.0
FX-5112,Whispering Linden,Sunspire Heights,Thriving,31.6,10.4,56.1,55.6
FX-5113,Glasszelkova,Sunspire Heights,Thriving,35.1,13.5,60.8,53.3
FX-5114,Ironcrown Oak,Cragside,Thriving,26.5,29.3,58.5,67.8
FX-5115,Whispering Linden,Mistfen Reach,Thriving,20.9,19.2,57.1,45.8
FX-5116,Palepear,Mistfen Reach,Waning,13.3,8.2,33.2,42.5
FX-5117,Bloomspire,Cragside,Waning,25.1,37.4,22.2,72.1
FX-5118,Duskmaple,Hollowdeep,Waning,11.6,22.4,22.6,63.0
FX-5119,Ghostplane,Sunspire Heights,Thriving,24.2,37.0,48.2,53.1
FX-5120,Ghostplane,Mistfen Reach,Radiant,18.5,30.5,81.6,46.6
FX-5121,Glasszelkova,Mistfen Reach,Thriving,25.9,12.8,58.3,49.1
FX-5122,Goldfan Ginko,Mistfen Reach,Waning,40.2,19.2,38.3,60.6
FX-5123,Ghostplane,Mistfen Reach,Radiant,21.5,36.0,74.5,42.6
FX-5124,Ghostplane,Sunspire Heights,Radiant,20.6,30.7,84.6,55.6
FX-5125,Glasszelkova,Sunspire Heights,Thriving,33.2,8.0,52.6,52.6
FX-5126,Verdant Ash,Mistfen Reach,Radiant,17.8,18.0,82.3,48.7
FX-5127,Ghostplane,Sunspire Heights,Thriving,21.7,39.2,46.4,58.2
FX-5128,Ironcrown Oak,Hollowdeep,Radiant,13.6,35.4,85.6,61.4
FX-5129,Thornlace,Sunspire Heights,Radiant,17.9,13.8,76.6,57.2
FX-5130,Goldfan Ginko,Sunspire Heights,Husk,31.6,12.6,3.9,68.8
FX-5131,Coralmaple,Mistfen Reach,Radiant,30.5,20.9,78.8,65.7
FX-5132,Ghostplane,Hollowdeep,Radiant,19.6,29.6,83.5,42.7
FX-5133,Whispering Linden,Sunspire Heights,Thriving,29.5,10.9,56.3,52.6
FX-5134,Thornlace,Sunspire Heights,Thriving,20.0,16.7,48.2,48.4
FX-5135,Glasszelkova,Sunspire Heights,Thriving,34.7,10.6,51.4,49.6
FX-5136,Ghostplane,Sunspire Heights,Thriving,21.9,32.8,52.7,51.2
FX-5137,Ghostplane,Cragside,Thriving,22.2,38.2,68.0,47.4
FX-5138,Ghostplane,Sunspire Heights,Waning,25.6,37.6,28.2,52.7
FX-5139,Glasszelkova,Mistfen Reach,Husk,25.5,7.3,10.8,44.5
FX-5140,Emberoak,Mistfen Reach,Thriving,30.8,29.6,54.2,64.6
FX-5141,Verdant Ash,Sunspire Heights,Thriving,22.4,17.8,47.9,54.1
FX-5142,Ironcrown Oak,Cragside,Thriving,24.6,33.6,58.3,67.7
FX-5143,Bloomspire,Mistfen Reach,Thriving,17.3,32.0,55.2,65.1
FX-5144,Bloomspire,Cragside,Radiant,24.3,39.8,77.2,65.6
FX-5145,Coralmaple,Hollowdeep,Thriving,28.0,22.5,57.3,67.6
FX-5146,Whispering Linden,Sunspire Heights,Waning,31.2,15.7,36.4,54.8
FX-5147,Bloomspire,Cragside,Radiant,24.1,39.1,70.5,65.3
FX-5148,Verdant Ash,Mistfen Reach,Thriving,12.4,16.5,56.3,51.4
FX-5149,Goldfan Ginko,Mistfen Reach,Thriving,34.1,12.9,51.7,63.8
FX-5150,Ghostplane,Sunspire Heights,Thriving,26.5,29.7,40.5,49.4
FX-5151,Whispering Linden,Hollowdeep,Radiant,25.5,18.2,73.4,43.2
FX-5152,Glasszelkova,Sunspire Heights,Radiant,36.7,12.1,74.0,50.6
FX-5153,Glasszelkova,Sunspire Heights,Waning,30.7,12.2,30.9,54.3
FX-5154,Whispering Linden,Sunspire Heights,Thriving,29.4,15.7,61.9,54.0
FX-5155,Emberoak,Sunspire Heights,Thriving,28.9,29.1,48.7,77.6
FX-5156,Verdant Ash,Sunspire Heights,Radiant,19.0,18.9,79.8,61.4
FX-5157,Thornlace,Hollowdeep,Thriving,9.8,14.6,53.9,40.6
FX-5158,Verdant Ash,Sunspire Heights,Waning,21.9,16.7,30.9,49.0
FX-5159,Glasszelkova,Mistfen Reach,Waning,24.7,10.5,27.4,40.5
FX-5160,Ironcrown Oak,Sunspire Heights,Thriving,27.5,26.1,56.7,75.3
FX-5161,Thornlace,Hollowdeep,Thriving,13.9,9.4,56.0,42.9
FX-5162,Palepear,Sunspire Heights,Waning,11.9,11.5,21.4,51.7
FX-5163,Glasszelkova,Sunspire Heights,Radiant,39.5,12.1,72.3,55.5
FX-5164,Thornlace,Mistfen Reach,Thriving,11.1,13.5,55.3,43.2
FX-5165,Goldfan Ginko,Cragside,Thriving,35.8,12.6,61.5,63.2
FX-5166,Glasszelkova,Sunspire Heights,Waning,32.7,10.2,32.3,48.3
FX-5167,Whispering Linden,Mistfen Reach,Waning,21.3,19.0,37.1,43.3
FX-5168,Palepear,Mistfen Reach,Husk,10.4,4.8,5.9,36.9
FX-5169,Whispering Linden,Sunspire Heights,Thriving,33.5,18.8,60.0,59.0
FX-5170,Ghostplane,Sunspire Heights,Thriving,21.3,34.3,53.1,52.1
FX-5171,Whispering Linden,Mistfen Reach,Waning,25.8,18.7,26.9,39.0
FX-5172,Thornlace,Sunspire Heights,Thriving,23.3,12.4,49.6,56.9
FX-5173,Emberoak,Cragside,Waning,24.3,26.6,32.3,64.3
FX-5174,Whispering Linden,Sunspire Heights,Thriving,30.8,17.8,52.7,52.9
FX-5175,Verdant Ash,Sunspire Heights,Radiant,20.3,16.9,79.9,60.6
FX-5176,Ironcrown Oak,Cragside,Waning,25.6,32.2,27.4,63.8
FX-5177,Glasszelkova,Mistfen Reach,Waning,27.5,12.3,39.2,46.5
FX-5178,Palepear,Sunspire Heights,Thriving,19.6,11.6,57.9,52.7
FX-5179,Ghostplane,Hollowdeep,Thriving,18.2,31.5,51.9,41.9
FX-5180,Coralmaple,Mistfen Reach,Thriving,27.4,26.5,48.0,65.9
FX-5181,Verdant Ash,Sunspire Heights,Radiant,22.1,14.6,85.9,56.0
FX-5182,Ironcrown Oak,Cragside,Thriving,27.0,33.3,50.6,64.6
FX-5183,Palepear,Hollowdeep,Radiant,10.8,7.1,89.3,44.4
FX-5184,Thornlace,Sunspire Heights,Thriving,19.1,12.2,63.6,51.6
FX-5185,Ironcrown Oak,Mistfen Reach,Thriving,19.7,27.6,44.4,64.1
FX-5186,Coralmaple,Mistfen Reach,Thriving,28.2,17.9,46.8,59.6
FX-5187,Bloomspire,Cragside,Thriving,26.2,36.2,51.9,70.3
FX-5188,Ghostplane,Sunspire Heights,Thriving,24.3,39.6,55.1,56.4
FX-5189,Duskmaple,Cragside,Thriving,18.5,26.7,51.3,64.3
FX-5190,Goldfan Ginko,Hollowdeep,Radiant,31.9,16.2,77.2,59.7
FX-5191,Coralmaple,Cragside,Thriving,32.9,22.8,58.2,69.6
FX-5192,Duskmaple,Cragside,Radiant,16.7,21.2,80.0,74.0
FX-5193,Goldfan Ginko,Cragside,Radiant,37.6,8.4,83.2,74.4
FX-5194,Ghostplane,Sunspire Heights,Thriving,24.6,31.2,55.2,47.3
FX-5195,Thornlace,Mistfen Reach,Radiant,17.8,18.3,73.6,49.5
FX-5196,Palepear,Hollowdeep,Waning,11.3,10.2,29.5,41.4
FX-5197,Verdant Ash,Mistfen Reach,Thriving,15.5,18.8,59.7,47.7
FX-5198,Whispering Linden,Mistfen Reach,Radiant,28.8,15.1,82.2,43.0
FX-5199,Duskmaple,Mistfen Reach,Radiant,18.2,21.2,83.4,66.3
FX-5200,Coralmaple,Mistfen Reach,Radiant,27.4,17.3,80.6,72.9
FX-5201,Palepear,Mistfen Reach,Radiant,13.6,8.5,79.3,48.9
FX-5202,Whispering Linden,Sunspire Heights,Thriving,29.6,18.3,57.2,53.5
FX-5203,Verdant Ash,Sunspire Heights,Radiant,22.2,18.1,82.7,61.2
FX-5204,Glasszelkova,Hollowdeep,Thriving,29.5,16.0,55.1,39.8
FX-5205,Coralmaple,Hollowdeep,Radiant,25.6,19.6,74.6,63.6
FX-5206,Palepear,Sunspire Heights,Thriving,12.5,8.4,58.1,55.6
FX-5207,Whispering Linden,Sunspire Heights,Thriving,24.5,12.3,57.6,53.3
FX-5208,Duskmaple,Mistfen Reach,Thriving,14.9,18.4,54.6,65.5
FX-5209,Glasszelkova,Sunspire Heights,Thriving,33.2,9.9,56.6,54.7
FX-5210,Verdant Ash,Mistfen Reach,Radiant,16.7,22.0,78.1,45.3
FX-5211,Verdant Ash,Sunspire Heights,Thriving,20.9,15.8,68.7,54.0
FX-5212,Whispering Linden,Sunspire Heights,Thriving,32.8,16.8,31.5,55.8
FX-5213,Duskmaple,Cragside,Thriving,20.6,24.2,49.7,63.0
FX-5214,Ghostplane,Mistfen Reach,Thriving,17.0,31.2,43.9,48.1
FX-5215,Goldfan Ginko,Cragside,Thriving,34.8,19.8,57.3,69.1
FX-5216,Bloomspire,Sunspire Heights,Radiant,27.0,32.8,80.0,80.1
FX-5217,Coralmaple,Cragside,Thriving,29.3,26.9,47.5,66.1
FX-5218,Verdant Ash,Sunspire Heights,Radiant,18.5,17.7,73.6,56.0
FX-5219,Whispering Linden,Sunspire Heights,Thriving,29.5,14.2,50.9,54.3
FX-5220,Verdant Ash,Sunspire Heights,Waning,20.2,21.0,34.7,52.8
FX-5221,Coralmaple,Hollowdeep,Thriving,25.8,23.2,50.5,64.9
FX-5222,Emberoak,Cragside,Thriving,34.3,26.6,55.0,69.6
FX-5223,Emberoak,Mistfen Reach,Radiant,28.4,27.4,83.1,64.7
FX-5224,Whispering Linden,Mistfen Reach,Thriving,22.5,12.9,52.6,44.7
FX-5225,Ironcrown Oak,Sunspire Heights,Thriving,30.4,30.9,54.1,72.2
FX-5226,Verdant Ash,Mistfen Reach,Radiant,19.5,17.9,75.0,45.1
FX-5227,Palepear,Hollowdeep,Thriving,7.5,6.5,55.6,43.2
FX-5228,Verdant Ash,Sunspire Heights,Thriving,21.5,18.9,49.9,55.8
FX-5229,Emberoak,Mistfen Reach,Radiant,26.2,25.0,83.6,62.7
FX-5230,Glasszelkova,Sunspire Heights,Thriving,34.6,14.2,57.9,55.3
FX-5231,Verdant Ash,Sunspire Heights,Thriving,21.1,17.0,54.7,54.8
FX-5232,Emberoak,Hollowdeep,Waning,24.1,24.4,35.8,61.9
FX-5233,Whispering Linden,Sunspire Heights,Radiant,31.0,17.3,68.9,56.2
FX-5234,Coralmaple,Mistfen Reach,Thriving,31.0,18.4,47.9,61.1
FX-5235,Bloomspire,Hollowdeep,Waning,17.3,35.0,28.5,59.0
FX-5236,Ghostplane,Sunspire Heights,Thriving,23.4,34.0,58.0,57.6
FX-5237,Palepear,Mistfen Reach,Radiant,13.5,6.5,85.2,45.4
FX-5238,Ghostplane,Hollowdeep,Waning,20.8,38.8,37.5,40.9
FX-5239,Whispering Linden,Sunspire Heights,Thriving,32.2,22.7,57.2,52.4
FX-5240,Verdant Ash,Mistfen Reach,Thriving,17.9,20.1,59.3,45.8
FX-5241,Ironcrown Oak,Mistfen Reach,Radiant,20.8,30.8,69.1,71.3
FX-5242,Goldfan Ginko,Mistfen Reach,Thriving,33.8,17.8,66.0,62.1
FX-5243,Verdant Ash,Mistfen Reach,Thriving,18.0,13.5,62.0,50.0
FX-5244,Palepear,Mistfen Reach,Thriving,9.7,10.5,59.7,39.7
FX-5245,Ironcrown Oak,Mistfen Reach,Thriving,22.2,29.7,61.2,70.0
FX-5246,Goldfan Ginko,Cragside,Radiant,35.3,18.2,95.4,73.6
FX-5247,Glasszelkova,Sunspire Heights,Radiant,28.5,14.0,71.2,55.9
FX-5248,Glasszelkova,Cragside,Thriving,28.5,12.7,51.4,48.1
FX-5249,Ghostplane,Sunspire Heights,Thriving,22.3,35.2,60.5,55.0
FX-5250,Ghostplane,Mistfen Reach,Thriving,18.2,27.9,50.3,40.8
FX-5251,Palepear,Hollowdeep,Thriving,9.9,6.7,62.6,42.1
FX-5252,Goldfan Ginko,Sunspire Heights,Radiant,40.1,12.5,80.0,81.4
FX-5253,Palepear,Sunspire Heights,Radiant,17.6,8.5,92.2,52.7
FX-5254,Ghostplane,Mistfen Reach,Thriving,21.2,32.5,58.1,45.0
FX-5255,Bloomspire,Hollowdeep,Thriving,19.1,32.0,48.1,56.0
FX-5256,Coralmaple,Cragside,Thriving,31.9,20.0,48.0,69.2
FX-5257,Ghostplane,Sunspire Heights,Waning,19.9,29.8,39.0,54.0
FX-5258,Ironcrown Oak,Sunspire Heights,Radiant,28.0,31.6,66.9,76.5
FX-5259,Coralmaple,Cragside,Waning,28.9,22.8,33.8,64.6
FX-5260,Coralmaple,Mistfen Reach,Thriving,28.9,20.7,52.5,63.3
FX-5261,Duskmaple,Cragside,Thriving,14.8,19.8,54.4,64.3
FX-5262,Ironcrown Oak,Hollowdeep,Thriving,17.1,27.6,44.3,60.4
FX-5263,Ghostplane,Hollowdeep,Thriving,15.7,34.5,59.1,41.5
FX-5264,Whispering Linden,Mistfen Reach,Thriving,24.1,22.3,59.6,47.2
FX-5265,Ghostplane,Hollowdeep,Radiant,18.9,27.8,76.6,41.4
FX-5266,Whispering Linden,Sunspire Heights,Thriving,30.1,18.0,58.7,55.0
FX-5267,Goldfan Ginko,Sunspire Heights,Thriving,40.3,15.4,60.4,76.0
FX-5268,Ironcrown Oak,Mistfen Reach,Radiant,22.6,30.4,86.4,64.5
FX-5269,Goldfan Ginko,Cragside,Thriving,36.8,11.9,53.1,68.5
FX-5270,Palepear,Sunspire Heights,Radiant,16.3,5.3,77.7,57.2
FX-5271,Coralmaple,Hollowdeep,Thriving,26.7,22.3,58.9,67.3
FX-5272,Ghostplane,Sunspire Heights,Thriving,26.1,28.5,60.5,58.3
FX-5273,Goldfan Ginko,Cragside,Thriving,36.0,16.9,56.3,64.9
FX-5274,Whispering Linden,Hollowdeep,Husk,20.2,17.4,6.6,39.0
FX-5275,Ghostplane,Mistfen Reach,Thriving,21.0,29.3,59.1,46.7
FX-5276,Whispering Linden,Hollowdeep,Waning,21.0,20.5,31.3,39.7
FX-5277,Ghostplane,Sunspire Heights,Radiant,24.5,29.1,78.7,56.5
FX-5278,Verdant Ash,Cragside,Waning,20.5,17.8,26.7,49.7
FX-5279,Ironcrown Oak,Mistfen Reach,Radiant,19.4,33.0,73.4,65.7
FX-5280,Palepear,Cragside,Waning,13.7,6.9,25.7,45.4
FX-5281,Bloomspire,Cragside,Waning,21.7,34.9,25.0,65.1
FX-5282,Ghostplane,Sunspire Heights,Thriving,23.3,33.4,53.1,54.0
FX-5283,Bloomspire,Sunspire Heights,Thriving,24.5,34.9,54.7,78.6
FX-5284,Duskmaple,Mistfen Reach,Radiant,18.7,26.5,84.0,67.7
FX-5285,Ironcrown Oak,Mistfen Reach,Thriving,21.5,28.0,55.3,71.7
FX-5286,Ironcrown Oak,Mistfen Reach,Radiant,20.9,27.8,79.3,68.1
FX-5287,Duskmaple,Mistfen Reach,Thriving,15.8,23.9,52.5,61.8
FX-5288,Glasszelkova,Mistfen Reach,Thriving,33.7,11.9,64.5,45.9
FX-5289,Verdant Ash,Sunspire Heights,Husk,22.1,18.0,12.7,49.0
FX-5290,Ghostplane,Sunspire Heights,Husk,23.8,30.5,0.3,51.5
FX-5291,Ghostplane,Sunspire Heights,Radiant,21.3,33.0,75.1,53.4
FX-5292,Thornlace,Hollowdeep,Waning,11.8,4.6,34.6,41.0
FX-5293,Glasszelkova,Mistfen Reach,Radiant,33.0,11.3,79.7,45.8
FX-5294,Ghostplane,Sunspire Heights,Waning,25.1,35.1,37.1,55.3
FX-5295,Duskmaple,Cragside,Radiant,17.7,22.6,73.1,70.5
FX-5296,Bloomspire,Hollowdeep,Thriving,20.2,33.1,59.5,62.7
FX-5297,Bloomspire,Mistfen Reach,Thriving,19.6,40.6,59.9,67.8
FX-5298,Verdant Ash,Sunspire Heights,Waning,24.9,17.4,41.1,51.1
FX-5299,Thornlace,Sunspire Heights,Waning,18.4,15.0,27.7,52.5
FX-5300,Emberoak,Hollowdeep,Waning,22.5,31.1,37.7,57.4
FX-5301,Ironcrown Oak,Hollowdeep,Thriving,21.9,24.5,55.3,61.9
FX-5302,Palepear,Sunspire Heights,Thriving,19.0,9.6,51.9,52.7
FX-5303,Duskmaple,Cragside,Thriving,17.2,26.4,57.2,64.6
FX-5304,Bloomspire,Cragside,Radiant,20.9,38.7,75.8,73.7
FX-5305,Ghostplane,Sunspire Heights,Thriving,24.3,36.8,54.3,54.1
FX-5306,Palepear,Mistfen Reach,Thriving,15.3,6.7,55.3,45.8
FX-5307,Ironcrown Oak,Mistfen Reach,Thriving,18.6,31.2,54.4,63.4
FX-5308,Ghostplane,Hollowdeep,Thriving,18.2,33.6,61.5,42.0
FX-5309,Thornlace,Sunspire Heights,Radiant,20.1,13.2,77.8,54.3
FX-5310,Thornlace,Hollowdeep,Waning,12.8,14.4,35.5,42.4
FX-5311,Emberoak,Cragside,Thriving,31.9,22.0,56.2,60.3
FX-5312,Verdant Ash,Mistfen Reach,Radiant,19.2,17.1,68.0,53.3
FX-5313,Bloomspire,Sunspire Heights,Thriving,25.0,33.5,44.3,68.2
FX-5314,Whispering Linden,Mistfen Reach,Thriving,23.4,13.8,59.0,45.0
FX-5315,Whispering Linden,Sunspire Heights,Thriving,33.1,18.1,61.3,51.5
FX-5316,Coralmaple,Cragside,Waning,32.0,22.8,23.9,66.8
FX-5317,Thornlace,Sunspire Heights,Thriving,19.1,11.8,52.6,52.3
FX-5318,Duskmaple,Mistfen Reach,Thriving,22.4,25.5,59.7,65.2
FX-5319,Verdant Ash,Sunspire Heights,Radiant,23.5,24.6,82.3,55.9
FX-5320,Palepear,Sunspire Heights,Thriving,16.7,6.4,48.8,54.8
FX-5321,Palepear,Mistfen Reach,Waning,8.5,8.3,33.0,46.2
FX-5322,Duskmaple,Mistfen Reach,Thriving,12.3,22.6,46.4,63.0
FX-5323,Thornlace,Sunspire Heights,Thriving,21.9,14.0,50.3,58.3
FX-5324,Coralmaple,Sunspire Heights,Thriving,34.9,20.5,57.1,81.2
FX-5325,Ironcrown Oak,Mistfen Reach,Thriving,22.4,32.5,49.8,69.4
FX-5326,Emberoak,Mistfen Reach,Thriving,23.5,28.2,65.2,66.4
FX-5327,Emberoak,Mistfen Reach,Thriving,26.6,30.2,56.5,63.4
FX-5328,Glasszelkova,Cragside,Radiant,28.8,11.8,81.9,50.0
FX-5329,Glasszelkova,Mistfen Reach,Waning,32.7,8.5,19.6,41.2
FX-5330,Glasszelkova,Cragside,Radiant,31.2,4.0,88.6,55.4
FX-5331,Goldfan Ginko,Cragside,Radiant,35.6,9.7,87.7,69.3
FX-5332,Ghostplane,Sunspire Heights,Thriving,26.8,33.6,51.3,52.3
FX-5333,Thornlace,Hollowdeep,Radiant,14.2,15.0,81.8,48.2
FX-5334,Emberoak,Hollowdeep,Thriving,22.6,24.4,47.4,61.1
FX-5335,Ghostplane,Sunspire Heights,Thriving,23.5,35.0,65.7,53.2
FX-5336,Ghostplane,Sunspire Heights,Thriving,22.6,37.4,55.3,56.7
FX-5337,Thornlace,Sunspire Heights,Thriving,18.1,7.7,57.6,58.9
FX-5338,Duskmaple,Hollowdeep,Thriving,12.9,13.5,51.3,60.9
FX-5339,Verdant Ash,Sunspire Heights,Radiant,24.0,18.9,66.3,59.3
FX-5340,Palepear,Mistfen Reach,Thriving,14.4,10.9,57.8,50.2
FX-5341,Ghostplane,Mistfen Reach,Radiant,18.0,35.6,78.3,47.4
FX-5342,Coralmaple,Cragside,Waning,32.6,24.5,31.6,63.2
FX-5343,Glasszelkova,Mistfen Reach,Waning,26.4,10.9,29.8,45.0
FX-5344,Coralmaple,Sunspire Heights,Waning,34.6,15.3,25.7,72.6
FX-5345,Palepear,Mistfen Reach,Waning,8.9,9.5,35.2,40.8
FX-5346,Duskmaple,Hollowdeep,Radiant,15.4,26.5,93.5,67.0
FX-5347,Whispering Linden,Sunspire Heights,Thriving,30.6,20.1,60.0,50.9
FX-5348,Emberoak,Mistfen Reach,Thriving,21.0,30.7,59.4,60.6
FX-5349,Palepear,Mistfen Reach,Waning,15.8,10.4,29.3,44.5
FX-5350,Glasszelkova,Mistfen Reach,Thriving,28.5,9.6,55.0,48.1
FX-5351,Coralmaple,Cragside,Waning,27.4,21.6,26.9,67.0
FX-5352,Coralmaple,Cragside,Radiant,32.5,22.1,73.9,65.8
FX-5353,Palepear,Mistfen Reach,Radiant,12.6,11.9,88.4,47.7
FX-5354,Thornlace,Sunspire Heights,Radiant,24.7,20.3,87.6,51.0
FX-5355,Whispering Linden,Mistfen Reach,Thriving,24.9,23.5,54.5,50.0
FX-5356,Duskmaple,Hollowdeep,Radiant,13.8,28.2,82.0,63.9
FX-5357,Whispering Linden,Hollowdeep,Waning,18.7,15.7,28.3,39.1
FX-5358,Goldfan Ginko,Cragside,Thriving,40.1,20.2,51.5,71.4
FX-5359,Emberoak,Hollowdeep,Radiant,16.8,22.9,89.5,63.4
FX-5360,Palepear,Sunspire Heights,Radiant,17.6,8.0,85.3,53.7
FX-5361,Whispering Linden,Sunspire Heights,Thriving,31.8,14.1,56.1,53.2
FX-5362,Goldfan Ginko,Mistfen Reach,Radiant,31.4,16.7,76.6,62.9
FX-5363,Coralmaple,Cragside,Thriving,32.8,21.4,59.8,73.0
FX-5364,Thornlace,Sunspire Heights,Thriving,19.7,12.4,46.7,58.4
FX-5365,Bloomspire,Mistfen Reach,Thriving,20.7,36.9,51.9,62.4
FX-5366,Palepear,Sunspire Heights,Radiant,14.9,11.6,80.1,55.0
FX-5367,Glasszelkova,Mistfen Reach,Thriving,27.3,11.8,55.9,45.3
FX-5368,Ghostplane,Sunspire Heights,Thriving,24.3,30.7,61.9,54.9
FX-5369,Glasszelkova,Mistfen Reach,Thriving,27.5,7.9,48.8,50.2
FX-5370,Palepear,Mistfen Reach,Waning,13.6,7.1,32.6,45.0
FX-5371,Verdant Ash,Sunspire Heights,Radiant,20.6,18.2,80.6,53.7
FX-5372,Ghostplane,Sunspire Heights,Radiant,23.8,34.0,75.4,55.5
FX-5373,Whispering Linden,Mistfen Reach,Thriving,25.4,21.0,44.2,43.5
FX-5374,Duskmaple,Cragside,Thriving,19.1,18.9,46.3,66.0
FX-5375,Verdant Ash,Sunspire Heights,Waning,20.8,17.8,29.0,54.9
FX-5376,Palepear,Hollowdeep,Thriving,10.9,7.7,51.3,41.4
FX-5377,Thornlace,Sunspire Heights,Waning,17.0,13.7,26.3,50.6
FX-5378,Whispering Linden,Cragside,Thriving,22.9,17.6,58.0,45.5
FX-5379,Ghostplane,Mistfen Reach,Thriving,18.6,38.0,54.6,46.6
FX-5380,Bloomspire,Cragside,Thriving,24.5,34.9,60.3,69.2
FX-5381,Thornlace,Sunspire Heights,Thriving,15.2,12.0,48.5,61.1
FX-5382,Duskmaple,Hollowdeep,Thriving,11.6,20.9,44.6,63.3
FX-5383,Goldfan Ginko,Cragside,Thriving,33.4,21.1,61.3,67.8
FX-5384,Ironcrown Oak,Sunspire Heights,Radiant,32.8,30.7,69.4,68.5
FX-5385,Ghostplane,Hollowdeep,Radiant,15.7,31.9,84.3,40.7
FX-5386,Emberoak,Cragside,Thriving,33.6,19.2,64.5,68.1
FX-5387,Glasszelkova,Sunspire Heights,Husk,38.6,5.2,11.4,50.6
FX-5388,Whispering Linden,Sunspire Heights,Radiant,29.8,18.9,76.3,53.2
FX-5389,Palepear,Hollowdeep,Waning,10.4,14.5,26.5,40.9
FX-5390,Emberoak,Cragside,Thriving,30.6,27.9,55.4,72.1
FX-5391,Palepear,Mistfen Reach,Waning,14.3,7.0,28.0,45.0
FX-5392,Ghostplane,Mistfen Reach,Radiant,19.1,35.5,81.9,50.8
FX-5393,Glasszelkova,Sunspire Heights,Thriving,36.7,13.2,65.3,55.0
FX-5394,Emberoak,Mistfen Reach,Thriving,30.9,32.3,61.4,67.0
FX-5395,Bloomspire,Cragside,Thriving,24.0,38.1,43.2,71.6
FX-5396,Verdant Ash,Hollowdeep,Thriving,17.1,16.9,59.4,42.7
FX-5397,Ghostplane,Sunspire Heights,Thriving,20.9,34.2,62.4,58.1
FX-5398,Verdant Ash,Sunspire Heights,Thriving,23.4,21.6,52.8,51.0
FX-5399,Thornlace,Mistfen Reach,Waning,13.3,15.0,36.2,49.0
FX-5400,Emberoak,Cragside,Radiant,31.6,26.8,80.5,70.0
FX-5401,Ghostplane,Mistfen Reach,Radiant,19.3,30.7,88.0,46.2
FX-5402,Coralmaple,Cragside,Radiant,31.1,23.6,85.2,69.4
FX-5403,Duskmaple,Mistfen Reach,Waning,16.1,27.3,27.6,63.7
FX-5404,Whispering Linden,Mistfen Reach,Radiant,22.8,18.7,82.3,51.5
FX-5405,Palepear,Mistfen Reach,Husk,12.9,9.5,3.4,47.4
FX-5406,Ghostplane,Mistfen Reach,Thriving,23.2,35.5,55.2,40.9
FX-5407,Emberoak,Mistfen Reach,Radiant,29.2,33.5,80.7,68.6
FX-5408,Verdant Ash,Mistfen Reach,Waning,13.5,23.0,45.0,45.8
FX-5409,Coralmaple,Cragside,Waning,34.5,24.6,18.9,68.8
FX-5410,Glasszelkova,Cragside,Thriving,29.4,15.8,59.0,50.6
FX-5411,Whispering Linden,Mistfen Reach,Waning,26.0,15.8,24.0,40.9
FX-5412,Duskmaple,Cragside,Radiant,21.6,22.2,78.5,66.0
FX-5413,Whispering Linden,Mistfen Reach,Thriving,24.3,18.3,58.1,42.9
FX-5414,Goldfan Ginko,Sunspire Heights,Radiant,38.3,18.4,69.0,72.5
FX-5415,Emberoak,Sunspire Heights,Waning,31.5,25.7,27.4,76.8
FX-5416,Whispering Linden,Sunspire Heights,Thriving,32.3,18.4,51.4,55.5
FX-5417,Bloomspire,Mistfen Reach,Waning,19.5,32.9,35.7,58.3
FX-5418,Goldfan Ginko,Mistfen Reach,Waning,31.9,17.9,25.1,61.4
FX-5419,Coralmaple,Mistfen Reach,Thriving,30.1,20.4,58.4,67.9
FX-5420,Palepear,Sunspire Heights,Husk,16.4,8.7,8.9,49.1
FX-5421,Palepear,Hollowdeep,Thriving,8.7,7.7,55.2,39.5
FX-5422,Coralmaple,Mistfen Reach,Thriving,31.8,20.7,43.1,62.2
FX-5423,Glasszelkova,Sunspire Heights,Radiant,33.2,10.9,96.4,55.2
FX-5424,Whispering Linden,Sunspire Heights,Thriving,28.8,11.5,47.8,50.1
FX-5425,Whispering Linden,Sunspire Heights,Waning,33.3,15.9,30.8,54.0
FX-5426,Verdant Ash,Sunspire Heights,Thriving,22.6,24.6,52.8,51.7
FX-5427,Glasszelkova,Sunspire Heights,Husk,32.4,15.4,0.0,53.9
FX-5428,Ironcrown Oak,Mistfen Reach,Thriving,27.4,28.3,59.0,62.6
FX-5429,Ghostplane,Mistfen Reach,Thriving,19.3,30.8,52.9,43.3
FX-5430,Goldfan Ginko,Cragside,Thriving,35.4,12.7,55.1,66.0
FX-5431,Emberoak,Mistfen Reach,Radiant,25.8,30.6,81.8,69.3
FX-5432,Bloomspire,Cragside,Thriving,23.5,38.1,59.2,63.5
FX-5433,Duskmaple,Mistfen Reach,Radiant,18.1,21.9,74.3,66.9
FX-5434,Duskmaple,Hollowdeep,Thriving,19.1,29.2,52.2,67.6
FX-5435,Duskmaple,Mistfen Reach,Husk,15.4,22.5,8.9,59.4
FX-5436,Goldfan Ginko,Mistfen Reach,Thriving,37.2,13.6,58.2,66.8
FX-5437,Whispering Linden,Hollowdeep,Radiant,27.8,12.8,92.7,36.4
FX-5438,Goldfan Ginko,Mistfen Reach,Radiant,31.6,11.9,81.1,66.9
FX-5439,Whispering Linden,Sunspire Heights,Thriving,25.6,12.8,46.3,52.8
FX-5440,Emberoak,Cragside,Thriving,32.0,25.8,51.2,73.0
FX-5441,Goldfan Ginko,Cragside,Thriving,30.6,9.5,53.7,65.2
FX-5442,Verdant Ash,Sunspire Heights,Waning,24.0,15.9,29.7,53.9
FX-5443,Emberoak,Cragside,Thriving,27.6,24.0,54.6,64.7
FX-5444,Whispering Linden,Sunspire Heights,Thriving,30.4,20.4,56.7,58.0
FX-5445,Thornlace,Sunspire Heights,Thriving,23.7,7.7,58.3,54.2
FX-5446,Ghostplane,Mistfen Reach,Radiant,13.6,36.5,76.4,48.5
FX-5447,Ghostplane,Sunspire Heights,Husk,22.5,30.5,7.9,52.2
FX-5448,Ghostplane,Sunspire Heights,Thriving,22.2,30.5,51.9,57.7
FX-5449,Glasszelkova,Mistfen Reach,Thriving,24.8,10.8,64.4,45.6
FX-5450,Bloomspire,Hollowdeep,Radiant,25.7,37.5,77.1,63.7
FX-5451,Bloomspire,Mistfen Reach,Thriving,17.7,36.6,65.0,64.4
FX-5452,Goldfan Ginko,Hollowdeep,Thriving,30.4,16.7,67.6,60.0
FX-5453,Coralmaple,Mistfen Reach,Waning,32.5,21.0,25.1,67.3
FX-5454,Bloomspire,Mistfen Reach,Thriving,21.9,37.7,50.1,61.8
FX-5455,Emberoak,Mistfen Reach,Thriving,23.7,25.1,57.9,66.1
FX-5456,Thornlace,Hollowdeep,Thriving,10.4,9.2,46.0,45.3
FX-5457,Bloomspire,Mistfen Reach,Thriving,24.3,36.3,59.3,66.2
FX-5458,Whispering Linden,Sunspire Heights,Radiant,22.8,13.8,84.4,55.8
FX-5459,Palepear,Hollowdeep,Radiant,9.7,6.2,72.2,47.0
FX-5460,Ghostplane,Sunspire Heights,Radiant,28.3,29.0,77.6,51.0
FX-5461,Whispering Linden,Sunspire Heights,Thriving,33.4,15.5,60.1,56.7
FX-5462,Palepear,Sunspire Heights,Thriving,19.8,17.3,56.9,57.4
FX-5463,Whispering Linden,Mistfen Reach,Radiant,23.7,12.0,74.8,52.1
FX-5464,Ironcrown Oak,Sunspire Heights,Thriving,31.7,36.8,65.4,74.0
FX-5465,Coralmaple,Cragside,Thriving,35.4,15.6,50.2,66.5
FX-5466,Whispering Linden,Mistfen Reach,Waning,25.4,15.1,35.7,42.2
FX-5467,Coralmaple,Hollowdeep,Waning,27.6,16.9,30.2,59.3
FX-5468,Thornlace,Hollowdeep,Thriving,11.8,13.3,55.9,39.6
FX-5469,Coralmaple,Sunspire Heights,Radiant,36.0,20.0,78.8,74.7
FX-5470,Thornlace,Sunspire Heights,Thriving,21.5,8.5,64.6,52.2
FX-5471,Emberoak,Sunspire Heights,Thriving,30.5,26.7,51.6,72.5
FX-5472,Ironcrown Oak,Cragside,Waning,25.2,27.2,29.4,62.6
FX-5473,Duskmaple,Mistfen Reach,Radiant,20.5,27.3,78.5,70.4
FX-5474,Whispering Linden,Sunspire Heights,Thriving,32.7,19.0,50.2,48.6
FX-5475,Thornlace,Sunspire Heights,Radiant,25.2,12.0,82.2,54.8
FX-5476,Coralmaple,Mistfen Reach,Radiant,32.8,21.7,70.1,69.5
FX-5477,Verdant Ash,Sunspire Heights,Radiant,23.9,18.6,73.8,53.9
FX-5478,Palepear,Sunspire Heights,Husk,13.7,10.5,12.2,53.3
FX-5479,Glasszelkova,Hollowdeep,Radiant,29.1,11.1,75.5,42.2
FX-5480,Ironcrown Oak,Mistfen Reach,Husk,20.3,29.3,12.0,61.0
FX-5481,Palepear,Sunspire Heights,Radiant,20.0,8.5,84.7,51.1
FX-5482,Duskmaple,Mistfen Reach,Thriving,16.0,22.4,64.4,65.3
FX-5483,Whispering Linden,Mistfen Reach,Thriving,26.6,16.5,55.8,47.7
FX-5484,Coralmaple,Mistfen Reach,Thriving,28.5,16.8,51.3,57.4
FX-5485,Goldfan Ginko,Mistfen Reach,Radiant,28.8,12.0,72.0,71.2
FX-5486,Glasszelkova,Mistfen Reach,Thriving,33.3,9.2,67.0,42.4
FX-5487,Coralmaple,Hollowdeep,Thriving,26.1,16.8,57.4,63.5
FX-5488,Coralmaple,Cragside,Radiant,30.7,21.6,80.3,66.6
FX-5489,Thornlace,Mistfen Reach,Radiant,19.6,9.4,89.8,51.1
FX-5490,Whispering Linden,Sunspire Heights,Thriving,27.8,11.9,62.1,50.4
FX-5491,Palepear,Mistfen Reach,Thriving,15.2,6.3,56.7,40.3
FX-5492,Palepear,Sunspire Heights,Radiant,18.3,13.9,85.7,52.9
FX-5493,Coralmaple,Cragside,Radiant,32.8,19.8,81.9,69.2
FX-5494,Bloomspire,Sunspire Heights,Radiant,21.8,36.6,65.1,73.7
FX-5495,Glasszelkova,Sunspire Heights,Radiant,28.7,11.4,76.6,55.1
FX-5496,Goldfan Ginko,Mistfen Reach,Waning,33.2,9.5,31.1,63.9
FX-5497,Goldfan Ginko,Cragside,Waning,37.1,17.9,16.7,65.2
FX-5498,Duskmaple,Mistfen Reach,Radiant,20.0,24.0,88.0,67.1
FX-5499,Bloomspire,Cragside,Thriving,20.4,30.1,57.4,69.8
FX-5500,Goldfan Ginko,Mistfen Reach,Thriving,31.4,13.9,56.0,69.7
FX-5501,Glasszelkova,Mistfen Reach,Husk,26.4,17.7,0.0,44.6
FX-5502,Goldfan Ginko,Cragside,Radiant,31.8,14.8,73.9,72.4
FX-5503,Emberoak,Cragside,Thriving,27.9,28.6,43.5,67.4
FX-5504,Duskmaple,Mistfen Reach,Thriving,15.1,24.7,56.8,69.9
FX-5505,Emberoak,Mistfen Reach,Radiant,30.8,29.0,80.4,65.8
FX-5506,Ghostplane,Sunspire Heights,Thriving,23.9,29.5,58.0,55.1
FX-5507,Glasszelkova,Hollowdeep,Husk,27.2,11.1,0.0,36.1
FX-5508,Ironcrown Oak,Cragside,Thriving,24.6,31.0,48.9,68.8
FX-5509,Verdant Ash,Hollowdeep,Thriving,17.5,16.8,63.1,42.5
FX-5510,Emberoak,Mistfen Reach,Thriving,27.6,26.5,58.0,67.7
FX-5511,Coralmaple,Mistfen Reach,Radiant,32.8,20.3,83.6,71.0
FX-5512,Glasszelkova,Hollowdeep,Thriving,26.4,8.2,63.3,44.3
FX-5513,Duskmaple,Hollowdeep,Radiant,11.3,24.8,76.3,61.7
FX-5514,Palepear,Mistfen Reach,Waning,12.2,9.5,40.4,41.8
FX-5515,Thornlace,Mistfen Reach,Thriving,16.5,11.2,46.3,48.7
FX-5516,Glasszelkova,Sunspire Heights,Thriving,37.0,8.6,47.6,57.7
FX-5517,Whispering Linden,Cragside,Waning,26.7,15.5,15.6,48.9
FX-5518,Bloomspire,Mistfen Reach,Waning,20.4,34.9,29.8,60.7
FX-5519,Glasszelkova,Sunspire Heights,Thriving,29.8,12.6,64.5,55.8
FX-5520,Verdant Ash,Mistfen Reach,Radiant,25.6,23.7,82.0,46.5
FX-5521,Duskmaple,Mistfen Reach,Thriving,20.4,24.7,59.1,72.0
FX-5522,Verdant Ash,Mistfen Reach,Thriving,17.6,18.1,56.1,42.6
FX-5523,Thornlace,Sunspire Heights,Thriving,17.7,17.8,69.3,53.3
FX-5524,Ironcrown Oak,Mistfen Reach,Waning,22.9,32.7,41.2,60.3
FX-5525,Coralmaple,Mistfen Reach,Thriving,29.5,18.7,49.4,61.1
FX-5526,Whispering Linden,Hollowdeep,Thriving,23.9,13.7,51.5,42.4
FX-5527,Thornlace,Mistfen Reach,Radiant,14.3,12.9,85.7,43.6
FX-5528,Whispering Linden,Mistfen Reach,Thriving,28.2,21.5,55.7,47.9
FX-5529,Verdant Ash,Mistfen Reach,Radiant,18.7,22.4,80.1,49.7
FX-5530,Ghostplane,Sunspire Heights,Thriving,22.3,32.7,50.6,53.7
FX-5531,Ghostplane,Sunspire Heights,Thriving,20.1,31.7,66.5,52.1
FX-5532,Thornlace,Sunspire Heights,Radiant,19.4,13.6,86.9,59.4
FX-5533,Whispering Linden,Sunspire Heights,Thriving,24.8,18.5,60.6,52.6
FX-5534,Ghostplane,Sunspire Heights,Thriving,21.5,32.2,52.9,50.6
FX-5535,Bloomspire,Cragside,Thriving,21.7,38.3,54.9,67.4
FX-5536,Goldfan Ginko,Hollowdeep,Radiant,31.7,10.9,83.0,64.9
FX-5537,Goldfan Ginko,Cragside,Thriving,32.2,19.2,54.7,65.8
FX-5538,Ghostplane,Sunspire Heights,Thriving,28.4,31.9,53.8,50.2
FX-5539,Whispering Linden,Sunspire Heights,Waning,28.9,13.9,37.1,50.2
FX-5540,Glasszelkova,Sunspire Heights,Radiant,36.8,12.2,76.4,56.3
FX-5541,Ghostplane,Sunspire Heights,Radiant,23.6,35.0,87.1,55.2
FX-5542,Verdant Ash,Mistfen Reach,Thriving,14.6,22.9,58.4,41.8
FX-5543,Coralmaple,Cragside,Waning,32.9,23.1,21.4,68.7
FX-5544,Thornlace,Sunspire Heights,Radiant,18.3,14.0,89.7,57.5
FX-5545,Ghostplane,Sunspire Heights,Thriving,22.3,35.2,44.7,58.0
FX-5546,Thornlace,Sunspire Heights,Thriving,21.3,8.7,51.4,57.3
FX-5547,Glasszelkova,Hollowdeep,Thriving,27.0,7.5,63.7,39.5
FX-5548,Palepear,Sunspire Heights,Thriving,20.5,6.2,54.9,53.6
FX-5549,Emberoak,Mistfen Reach,Thriving,25.8,26.8,58.3,62.1
FX-5550,Ghostplane,Sunspire Heights,Thriving,23.6,32.3,61.9,53.1
FX-5551,Ironcrown Oak,Mistfen Reach,Radiant,22.4,31.9,78.6,64.6
FX-5552,Ghostplane,Sunspire Heights,Waning,22.1,30.2,26.5,56.8
FX-5553,Thornlace,Sunspire Heights,Radiant,13.8,13.7,79.4,49.2
FX-5554,Duskmaple,Cragside,Radiant,21.6,26.6,90.2,66.5
FX-5555,Thornlace,Sunspire Heights,Radiant,15.6,12.9,78.2,58.6
FX-5556,Ironcrown Oak,Mistfen Reach,Thriving,25.6,34.2,57.9,64.6
FX-5557,Goldfan Ginko,Mistfen Reach,Thriving,35.0,10.5,41.5,64.7
FX-5558,Duskmaple,Mistfen Reach,Waning,18.5,24.1,34.5,68.8
FX-5559,Verdant Ash,Sunspire Heights,Thriving,21.5,16.0,61.9,56.9
FX-5560,Thornlace,Sunspire Heights,Thriving,16.9,13.7,56.3,48.1
FX-5561,Duskmaple,Hollowdeep,Thriving,12.8,20.1,62.6,63.6
FX-5562,Glasszelkova,Sunspire Heights,Thriving,32.9,17.9,55.3,55.6
FX-5563,Glasszelkova,Mistfen Reach,Radiant,32.7,8.6,82.1,42.0
FX-5564,Ghostplane,Mistfen Reach,Thriving,21.7,32.3,56.5,41.5
FX-5565,Duskmaple,Cragside,Waning,19.6,24.2,26.1,71.6
FX-5566,Whispering Linden,Sunspire Heights,Thriving,34.6,17.8,54.5,56.7
FX-5567,Coralmaple,Hollowdeep,Thriving,26.1,20.4,52.5,63.8
FX-5568,Verdant Ash,Sunspire Heights,Radiant,23.3,19.7,77.5,52.9
FX-5569,Ironcrown Oak,Mistfen Reach,Waning,28.3,23.9,35.6,60.4
FX-5570,Whispering Linden,Mistfen Reach,Thriving,22.4,17.2,49.2,49.1
FX-5571,Coralmaple,Mistfen Reach,Radiant,31.4,20.2,80.6,64.1
FX-5572,Whispering Linden,Mistfen Reach,Waning,25.2,20.6,16.6,46.3
FX-5573,Ghostplane,Mistfen Reach,Thriving,17.0,30.6,49.1,48.2
FX-5574,Goldfan Ginko,Hollowdeep,Radiant,28.4,8.8,76.7,61.7
FX-5575,Duskmaple,Mistfen Reach,Thriving,20.8,26.0,52.5,66.7
FX-5576,Ghostplane,Sunspire Heights,Thriving,28.1,36.7,53.1,53.5
FX-5577,Ironcrown Oak,Hollowdeep,Waning,17.6,28.1,23.5,59.7
FX-5578,Thornlace,Hollowdeep,Waning,9.7,12.1,32.5,46.2
FX-5579,Whispering Linden,Hollowdeep,Waning,22.6,16.7,43.5,38.2
FX-5580,Palepear,Mistfen Reach,Thriving,9.8,10.6,63.9,46.4
FX-5581,Palepear,Sunspire Heights,Thriving,17.0,7.4,42.6,52.4
FX-5582,Bloomspire,Mistfen Reach,Thriving,22.7,39.0,58.6,69.3
FX-5583,Emberoak,Mistfen Reach,Radiant,28.6,26.2,87.7,68.7
FX-5584,Goldfan Ginko,Mistfen Reach,Thriving,29.4,13.7,58.8,64.3
FX-5585,Thornlace,Mistfen Reach,Radiant,15.6,15.6,88.3,41.2
FX-5586,Thornlace,Sunspire Heights,Thriving,19.8,14.1,56.6,54.5
FX-5587,Verdant Ash,Mistfen Reach,Waning,13.4,20.4,38.9,38.1
FX-5588,Glasszelkova,Mistfen Reach,Thriving,30.6,10.5,45.8,45.3
FX-5589,Emberoak,Cragside,Thriving,24.0,25.3,51.5,72.6
FX-5590,Bloomspire,Cragside,Thriving,21.3,39.6,55.5,63.7
FX-5591,Palepear,Sunspire Heights,Radiant,15.4,5.2,81.0,56.2
FX-5592,Emberoak,Mistfen Reach,Waning,28.0,24.9,19.2,65.2
FX-5593,Ironcrown Oak,Cragside,Thriving,24.3,30.5,50.6,64.3
FX-5594,Thornlace,Sunspire Heights,Thriving,18.3,14.2,67.5,53.3
FX-5595,Duskmaple,Cragside,Thriving,21.6,24.1,48.7,65.7
FX-5596,Glasszelkova,Sunspire Heights,Thriving,32.3,7.2,62.7,52.9
FX-5597,Verdant Ash,Sunspire Heights,Thriving,21.2,22.1,45.5,52.5
FX-5598,Whispering Linden,Sunspire Heights,Radiant,30.3,17.7,79.2,55.6
FX-5599,Bloomspire,Mistfen Reach,Radiant,18.3,36.0,84.2,64.3
FX-5600,Ghostplane,Sunspire Heights,Radiant,22.1,36.9,85.0,55.0
FX-5601,Coralmaple,Hollowdeep,Radiant,26.6,26.5,80.3,64.0
FX-5602,Verdant Ash,Sunspire Heights,Thriving,19.7,16.9,54.8,52.5
FX-5603,Glasszelkova,Mistfen Reach,Thriving,28.0,11.7,62.1,48.8
FX-5604,Bloomspire,Cragside,Thriving,18.1,34.8,59.8,70.8
FX-5605,Thornlace,Sunspire Heights,Thriving,22.2,10.3,60.8,57.8
FX-5606,Whispering Linden,Sunspire Heights,Thriving,33.5,19.1,65.7,53.3
FX-5607,Verdant Ash,Mistfen Reach,Thriving,17.8,14.4,43.6,48.8
FX-5608,Glasszelkova,Mistfen Reach,Radiant,26.2,15.7,85.8,47.5
FX-5609,Emberoak,Cragside,Radiant,29.0,28.7,88.0,69.3
FX-5610,Thornlace,Hollowdeep,Radiant,10.2,15.5,73.7,40.9
FX-5611,Goldfan Ginko,Hollowdeep,Thriving,31.9,11.7,47.9,63.7
FX-5612,Palepear,Sunspire Heights,Husk,13.1,6.1,1.6,47.2
FX-5613,Ghostplane,Mistfen Reach,Thriving,19.0,33.5,49.0,49.4
FX-5614,Palepear,Sunspire Heights,Thriving,16.5,11.4,55.4,50.9
FX-5615,Palepear,Sunspire Heights,Radiant,17.5,11.9,76.3,58.2
FX-5616,Emberoak,Mistfen Reach,Thriving,29.1,36.4,50.8,67.8
FX-5617,Emberoak,Cragside,Waning,23.6,29.0,26.1,69.1
FX-5618,Goldfan Ginko,Mistfen Reach,Thriving,33.7,14.6,47.8,62.1
FX-5619,Thornlace,Mistfen Reach,Thriving,9.0,9.2,49.3,41.3
FX-5620,Verdant Ash,Sunspire Heights,Thriving,21.2,13.1,61.3,50.9
FX-5621,Ghostplane,Hollowdeep,Thriving,17.7,25.9,59.4,41.9
FX-5622,Coralmaple,Cragside,Thriving,30.7,23.2,63.5,66.7
FX-5623,Duskmaple,Mistfen Reach,Waning,18.2,24.2,29.0,70.2
FX-5624,Emberoak,Mistfen Reach,Thriving,22.7,26.2,53.0,62.7
FX-5625,Coralmaple,Mistfen Reach,Radiant,31.1,19.3,66.9,67.0
FX-5626,Ghostplane,Sunspire Heights,Thriving,22.8,34.6,62.6,51.2
FX-5627,Emberoak,Hollowdeep,Waning,26.4,27.7,32.9,61.1
FX-5628,Coralmaple,Cragside,Thriving,32.3,11.8,57.1,75.3
FX-5629,Whispering Linden,Sunspire Heights,Thriving,27.5,24.8,52.5,47.7
FX-5630,Whispering Linden,Mistfen Reach,Radiant,25.5,16.2,74.7,49.0
FX-5631,Emberoak,Cragside,Thriving,28.6,25.1,66.7,67.3
FX-5632,Glasszelkova,Mistfen Reach,Waning,26.3,9.7,27.1,43.0
FX-5633,Palepear,Mistfen Reach,Thriving,10.7,6.8,53.7,39.5
FX-5634,Emberoak,Cragside,Radiant,26.4,26.3,78.5,70.8
FX-5635,Ironcrown Oak,Mistfen Reach,Radiant,21.5,36.3,75.8,65.7
FX-5636,Ghostplane,Sunspire Heights,Thriving,26.7,32.7,59.6,54.0
FX-5637,Goldfan Ginko,Cragside,Radiant,34.1,10.1,84.7,69.8
FX-5638,Whispering Linden,Mistfen Reach,Thriving,22.8,14.3,60.7,42.4
FX-5639,Verdant Ash,Sunspire Heights,Waning,22.6,17.9,35.6,56.3
FX-5640,Whispering Linden,Mistfen Reach,Radiant,22.8,16.5,78.9,44.4
FX-5641,Whispering Linden,Sunspire Heights,Thriving,29.0,14.0,57.8,51.4
FX-5642,Goldfan Ginko,Mistfen Reach,Thriving,31.7,17.2,48.6,69.5
FX-5643,Bloomspire,Mistfen Reach,Thriving,23.3,36.1,50.0,64.3
FX-5644,Ghostplane,Mistfen Reach,Thriving,23.6,31.6,56.9,45.8
FX-5645,Emberoak,Cragside,Thriving,28.3,26.2,54.1,68.9
FX-5646,Thornlace,Sunspire Heights,Thriving,22.6,9.7,51.4,56.3
FX-5647,Glasszelkova,Mistfen Reach,Thriving,29.7,12.9,56.0,42.7
FX-5648,Emberoak,Hollowdeep,Thriving,28.7,26.4,52.9,57.1
FX-5649,Ironcrown Oak,Cragside,Radiant,22.9,28.1,68.6,71.0
FX-5650,Duskmaple,Cragside,Thriving,22.6,24.8,59.9,70.0
FX-5651,Bloomspire,Mistfen Reach,Waning,22.3,35.5,25.0,63.6
FX-5652,Goldfan Ginko,Mistfen Reach,Thriving,31.4,14.1,68.0,63.6
FX-5653,Ironcrown Oak,Mistfen Reach,Waning,24.2,30.9,43.6,61.6
FX-5654,Emberoak,Hollowdeep,Thriving,19.2,26.9,45.8,65.8
FX-5655,Coralmaple,Mistfen Reach,Radiant,33.0,27.7,83.4,74.5
FX-5656,Ironcrown Oak,Cragside,Thriving,20.7,23.8,59.0,68.9
FX-5657,Emberoak,Hollowdeep,Thriving,20.0,34.4,61.1,54.8
FX-5658,Whispering Linden,Sunspire Heights,Thriving,27.0,14.6,48.6,49.8
FX-5659,Duskmaple,Cragside,Waning,19.5,22.4,30.2,65.7
FX-5660,Ghostplane,Sunspire Heights,Waning,29.2,28.2,33.2,51.7
FX-5661,Emberoak,Mistfen Reach,Waning,27.1,27.5,42.1,64.9
FX-5662,Verdant Ash,Sunspire Heights,Thriving,21.6,22.3,57.4,52.0
FX-5663,Coralmaple,Mistfen Reach,Husk,34.7,20.0,1.0,59.6
FX-5664,Ghostplane,Sunspire Heights,Thriving,24.4,34.5,49.0,51.9
FX-5665,Whispering Linden,Hollowdeep,Husk,23.1,14.8,14.1,43.3
FX-5666,Verdant Ash,Hollowdeep,Thriving,20.2,18.8,63.1,43.0
FX-5667,Emberoak,Mistfen Reach,Thriving,24.3,26.3,57.1,64.1
FX-5668,Goldfan Ginko,Cragside,Radiant,29.9,13.5,82.3,65.7
FX-5669,Whispering Linden,Hollowdeep,Radiant,23.0,16.9,83.2,46.0
FX-5670,Whispering Linden,Sunspire Heights,Thriving,31.1,15.3,57.8,55.3
FX-5671,Ironcrown Oak,Mistfen Reach,Waning,22.0,36.3,22.3,62.2
FX-5672,Ironcrown Oak,Cragside,Thriving,24.1,22.2,48.9,67.3
FX-5673,Emberoak,Mistfen Reach,Thriving,27.6,30.9,60.1,66.9
FX-5674,Thornlace,Hollowdeep,Thriving,14.8,13.8,53.9,43.5
FX-5675,Thornlace,Mistfen Reach,Thriving,16.3,13.5,55.4,42.2
FX-5676,Verdant Ash,Mistfen Reach,Thriving,18.6,22.2,62.1,44.6
FX-5677,Bloomspire,Mistfen Reach,Waning,18.5,38.3,33.2,62.2
FX-5678,Glasszelkova,Mistfen Reach,Radiant,28.9,8.4,90.2,50.3
FX-5679,Whispering Linden,Sunspire Heights,Thriving,31.4,16.6,53.0,55.6
FX-5680,Verdant Ash,Mistfen Reach,Thriving,16.6,17.3,54.8,48.7
FX-5681,Coralmaple,Mistfen Reach,Radiant,29.6,20.1,77.0,67.1
FX-5682,Verdant Ash,Mistfen Reach,Thriving,21.8,19.2,61.2,44.3
FX-5683,Coralmaple,Hollowdeep,Thriving,25.7,20.4,47.1,65.8
FX-5684,Palepear,Mistfen Reach,Radiant,13.2,13.6,92.9,51.8
FX-5685,Ghostplane,Mistfen Reach,Radiant,19.3,30.8,83.7,40.0
FX-5686,Ironcrown Oak,Mistfen Reach,Radiant,24.2,33.1,89.0,61.8
FX-5687,Verdant Ash,Sunspire Heights,Waning,22.2,20.1,32.8,54.9
FX-5688,Whispering Linden,Sunspire Heights,Radiant,29.4,22.1,77.1,50.4
FX-5689,Verdant Ash,Sunspire Heights,Thriving,22.3,17.3,56.0,54.1
FX-5690,Thornlace,Hollowdeep,Thriving,12.0,12.1,56.5,41.3
FX-5691,Ironcrown Oak,Cragside,Radiant,21.6,29.4,78.6,65.9
FX-5692,Thornlace,Mistfen Reach,Waning,14.1,17.0,26.0,44.8
FX-5693,Thornlace,Sunspire Heights,Thriving,19.8,15.3,43.8,55.9
FX-5694,Goldfan Ginko,Mistfen Reach,Thriving,36.4,21.1,52.7,62.7
FX-5695,Verdant Ash,Sunspire Heights,Thriving,22.6,18.3,49.0,57.1
FX-5696,Ironcrown Oak,Hollowdeep,Thriving,25.0,28.2,45.2,63.4
FX-5697,Thornlace,Mistfen Reach,Thriving,16.4,13.4,56.8,45.8
FX-5698,Duskmaple,Cragside,Radiant,19.2,21.2,81.9,71.9
FX-5699,Ghostplane,Sunspire Heights,Husk,26.1,39.3,5.6,57.2
FX-5700,Palepear,Hollowdeep,Thriving,17.7,7.5,49.6,46.5
FX-5701,Verdant Ash,Sunspire Heights,Radiant,20.0,21.1,78.6,51.2
FX-5702,Goldfan Ginko,Mistfen Reach,Radiant,36.5,10.9,79.4,66.2
FX-5703,Coralmaple,Hollowdeep,Husk,26.7,25.9,1.2,63.9
FX-5704,Palepear,Sunspire Heights,Thriving,18.4,9.4,52.3,57.5
FX-5705,Palepear,Sunspire Heights,Waning,17.3,8.2,36.5,53.9
FX-5706,Ghostplane,Hollowdeep,Radiant,18.8,31.9,73.3,47.9
FX-5707,Ironcrown Oak,Mistfen Reach,Thriving,20.9,27.9,42.7,67.1
FX-5708,Thornlace,Sunspire Heights,Thriving,17.8,17.9,53.5,53.7
FX-5709,Ghostplane,Hollowdeep,Thriving,17.7,33.3,58.1,44.1
FX-5710,Emberoak,Mistfen Reach,Radiant,24.2,22.4,85.5,69.4
FX-5711,Ironcrown Oak,Cragside,Radiant,25.9,28.4,70.7,69.2
FX-5712,Whispering Linden,Sunspire Heights,Thriving,35.0,20.4,41.8,53.7
FX-5713,Coralmaple,Cragside,Thriving,33.3,18.2,42.2,62.6
FX-5714,Bloomspire,Mistfen Reach,Thriving,20.4,38.5,43.6,61.9
FX-5715,Ghostplane,Sunspire Heights,Thriving,16.7,29.4,47.8,49.9
FX-5716,Bloomspire,Mistfen Reach,Thriving,20.5,35.1,51.8,62.0
FX-5717,Ghostplane,Mistfen Reach,Thriving,16.6,36.5,52.7,40.2
FX-5718,Bloomspire,Cragside,Thriving,18.1,38.7,49.8,66.2
FX-5719,Palepear,Sunspire Heights,Radiant,15.7,9.1,78.4,57.5
FX-5720,Coralmaple,Mistfen Reach,Radiant,30.9,25.6,79.0,70.0
FX-5721,Verdant Ash,Mistfen Reach,Thriving,19.3,21.6,40.7,42.7
FX-5722,Whispering Linden,Sunspire Heights,Thriving,30.3,17.3,48.8,47.6
FX-5723,Emberoak,Mistfen Reach,Thriving,24.0,25.8,54.2,64.8
FX-5724,Ironcrown Oak,Cragside,Thriving,25.4,33.1,52.6,62.8
FX-5725,Bloomspire,Mistfen Reach,Waning,21.6,36.9,35.7,62.1
FX-5726,Coralmaple,Cragside,Radiant,36.0,22.2,78.1,65.9
FX-5727,Whispering Linden,Mistfen Reach,Radiant,27.0,18.3,60.4,52.9
FX-5728,Palepear,Sunspire Heights,Thriving,15.3,10.8,54.1,50.9
FX-5729,Glasszelkova,Sunspire Heights,Thriving,33.7,2.1,51.2,55.4
FX-5730,Glasszelkova,Sunspire Heights,Thriving,31.9,16.0,55.6,56.0
FX-5731,Thornlace,Sunspire Heights,Thriving,21.7,15.2,64.9,55.9
FX-5732,Bloomspire,Cragside,Thriving,21.2,39.8,49.0,61.1
FX-5733,Bloomspire,Cragside,Radiant,18.9,36.2,85.0,68.7
FX-5734,Glasszelkova,Mistfen Reach,Radiant,31.4,15.0,74.2,44.2
FX-5735,Coralmaple,Cragside,Radiant,28.6,24.1,81.3,72.5
FX-5736,Bloomspire,Mistfen Reach,Thriving,26.3,29.2,62.7,65.5
FX-5737,Bloomspire,Mistfen Reach,Thriving,24.8,37.3,55.5,64.8
FX-5738,Whispering Linden,Sunspire Heights,Radiant,26.7,16.3,77.2,57.2
FX-5739,Goldfan Ginko,Cragside,Radiant,30.1,13.5,94.8,69.4
FX-5740,Palepear,Sunspire Heights,Waning,17.0,9.1,36.4,58.2
FX-5741,Whispering Linden,Hollowdeep,Thriving,24.3,12.0,59.3,47.2
FX-5742,Coralmaple,Hollowdeep,Thriving,25.3,21.5,53.4,65.2
FX-5743,Glasszelkova,Sunspire Heights,Husk,30.5,13.9,10.6,47.4
FX-5744,Verdant Ash,Sunspire Heights,Waning,19.6,12.4,36.3,50.0
FX-5745,Thornlace,Hollowdeep,Thriving,13.2,14.6,63.3,38.5
FX-5746,Goldfan Ginko,Hollowdeep,Thriving,27.7,14.1,59.8,65.2
FX-5747,Glasszelkova,Hollowdeep,Thriving,25.8,16.7,46.6,41.3
FX-5748,Bloomspire,Cragside,Thriving,19.5,40.6,54.4,70.3
FX-5749,Thornlace,Hollowdeep,Thriving,7.0,15.3,58.8,44.2
FX-5750,Thornlace,Mistfen Reach,Radiant,10.8,14.7,64.3,47.5
FX-5751,Whispering Linden,Sunspire Heights,Thriving,32.0,13.3,53.2,54.8
FX-5752,Ironcrown Oak,Mistfen Reach,Thriving,20.9,22.0,48.0,68.0
FX-5753,Duskmaple,Sunspire Heights,Waning,25.4,28.1,41.4,69.1
FX-5754,Verdant Ash,Mistfen Reach,Radiant,15.4,14.4,82.7,51.0
FX-5755,Duskmaple,Sunspire Heights,Thriving,21.6,21.0,48.5,72.5
FX-5756,Emberoak,Hollowdeep,Thriving,20.3,28.4,70.5,60.5
FX-5757,Thornlace,Sunspire Heights,Radiant,20.7,6.3,77.9,55.6
FX-5758,Goldfan Ginko,Mistfen Reach,Thriving,36.9,19.9,64.8,67.0
FX-5759,Bloomspire,Hollowdeep,Thriving,21.0,35.5,54.7,66.1
FX-5760,Whispering Linden,Sunspire Heights,Waning,32.0,17.5,21.6,48.9
FX-5761,Ghostplane,Sunspire Heights,Radiant,25.5,30.9,86.0,53.9
FX-5762,Verdant Ash,Mistfen Reach,Thriving,13.3,18.7,54.1,42.3
FX-5763,Palepear,Sunspire Heights,Thriving,14.2,9.9,53.3,48.4
FX-5764,Verdant Ash,Mistfen Reach,Thriving,12.1,20.0,53.5,45.7
FX-5765,Duskmaple,Mistfen Reach,Waning,21.1,19.5,36.2,63.0
FX-5766,Bloomspire,Cragside,Thriving,23.6,33.2,59.7,68.4
FX-5767,Thornlace,Sunspire Heights,Thriving,19.8,11.3,54.1,54.8
FX-5768,Emberoak,Mistfen Reach,Thriving,27.9,28.8,59.9,63.6
FX-5769,Verdant Ash,Sunspire Heights,Radiant,25.5,18.6,82.6,55.0
FX-5770,Duskmaple,Cragside,Thriving,20.4,28.1,64.8,73.5
FX-5771,Thornlace,Hollowdeep,Waning,17.9,14.3,37.2,40.6
FX-5772,Ghostplane,Sunspire Heights,Thriving,24.9,30.7,49.4,57.1
FX-5773,Whispering Linden,Hollowdeep,Thriving,21.4,17.3,53.5,36.5
FX-5774,Ironcrown Oak,Cragside,Radiant,24.1,30.5,67.8,69.2
FX-5775,Emberoak,Cragside,Waning,26.9,26.2,34.4,64.9
FX-5776,Ironcrown Oak,Cragside,Thriving,23.2,32.7,52.3,68.1
FX-5777,Emberoak,Cragside,Radiant,28.5,25.3,75.6,71.0
FX-5778,Glasszelkova,Mistfen Reach,Radiant,27.6,10.6,77.6,49.1
FX-5779,Duskmaple,Hollowdeep,Waning,16.1,21.2,31.7,62.8
FX-5780,Whispering Linden,Hollowdeep,Radiant,21.4,15.6,72.6,42.1
FX-5781,Bloomspire,Cragside,Waning,19.9,35.4,28.5,69.0
FX-5782,Coralmaple,Hollowdeep,Thriving,28.0,18.3,55.3,62.0
FX-5783,Thornlace,Sunspire Heights,Thriving,18.3,19.8,51.8,53.2
FX-5784,Whispering Linden,Sunspire Heights,Thriving,28.2,16.2,60.2,50.0
FX-5785,Duskmaple,Mistfen Reach,Thriving,15.8,19.6,60.7,70.3
FX-5786,Thornlace,Sunspire Heights,Radiant,18.6,13.3,83.5,61.7
FX-5787,Palepear,Mistfen Reach,Thriving,12.7,9.2,55.1,45.1
FX-5788,Coralmaple,Mistfen Reach,Radiant,29.7,18.1,82.7,61.9
FX-5789,Ghostplane,Sunspire Heights,Radiant,19.5,34.5,81.0,55.1
FX-5790,Glasszelkova,Mistfen Reach,Thriving,32.1,16.7,55.5,43.4
FX-5791,Palepear,Mistfen Reach,Radiant,15.8,10.6,73.5,42.7
FX-5792,Coralmaple,Cragside,Thriving,30.2,21.2,59.8,70.2
FX-5793,Ironcrown Oak,Cragside,Waning,26.1,30.0,20.3,66.9
FX-5794,Glasszelkova,Mistfen Reach,Thriving,29.8,4.9,64.8,50.0
FX-5795,Ghostplane,Hollowdeep,Waning,22.7,29.7,30.8,41.4
FX-5796,Emberoak,Mistfen Reach,Thriving,32.6,25.1,55.8,64.3
FX-5797,Palepear,Sunspire Heights,Thriving,21.0,7.2,55.1,56.3
FX-5798,Emberoak,Hollowdeep,Radiant,26.6,25.7,77.8,62.0
FX-5799,Emberoak,Hollowdeep,Waning,21.2,27.9,29.4,55.2
FX-5800,Palepear,Sunspire Heights,Thriving,16.8,9.2,52.7,54.7
FX-5801,Goldfan Ginko,Mistfen Reach,Radiant,30.6,13.4,75.8,70.3
FX-5802,Duskmaple,Cragside,Radiant,17.6,25.8,72.9,71.5
FX-5803,Ghostplane,Mistfen Reach,Thriving,17.7,31.9,57.0,41.7
FX-5804,Bloomspire,Hollowdeep,Radiant,22.7,30.9,87.8,64.0
FX-5805,Ironcrown Oak,Mistfen Reach,Thriving,21.3,25.1,53.7,67.5
FX-5806,Thornlace,Hollowdeep,Thriving,14.7,14.1,43.3,44.6
FX-5807,Coralmaple,Cragside,Waning,28.3,26.0,19.9,64.3
FX-5808,Glasszelkova,Sunspire Heights,Thriving,35.2,8.2,49.9,56.8
FX-5809,Ghostplane,Sunspire Heights,Thriving,22.6,33.9,57.5,50.4
FX-5810,Coralmaple,Mistfen Reach,Thriving,26.2,20.7,57.4,63.3
FX-5811,Ironcrown Oak,Cragside,Waning,24.6,37.5,36.0,63.3
FX-5812,Whispering Linden,Hollowdeep,Thriving,23.9,15.7,64.7,38.9
FX-5813,Verdant Ash,Hollowdeep,Radiant,14.7,21.3,89.1,38.1
FX-5814,Bloomspire,Hollowdeep,Waning,15.9,38.4,38.1,60.5
FX-5815,Thornlace,Sunspire Heights,Radiant,20.3,14.2,83.9,54.8
FX-5816,Coralmaple,Sunspire Heights,Thriving,32.6,16.6,54.8,72.4
FX-5817,Bloomspire,Hollowdeep,Thriving,15.6,37.8,51.9,64.6
FX-5818,Ghostplane,Mistfen Reach,Thriving,20.5,31.3,51.2,42.7
FX-5819,Thornlace,Sunspire Heights,Radiant,19.1,12.9,78.5,56.7
FX-5820,Emberoak,Mistfen Reach,Thriving,26.3,25.5,57.5,65.9
FX-5821,Thornlace,Sunspire Heights,Thriving,18.7,8.4,61.7,56.1
FX-5822,Glasszelkova,Sunspire Heights,Thriving,30.8,12.5,50.4,60.0
FX-5823,Whispering Linden,Mistfen Reach,Husk,20.4,22.4,6.7,43.4
FX-5824,Ironcrown Oak,Mistfen Reach,Thriving,23.7,30.9,47.1,67.1
FX-5825,Glasszelkova,Sunspire Heights,Radiant,33.4,7.1,79.9,58.2
FX-5826,Ghostplane,Mistfen Reach,Thriving,20.4,28.5,55.5,48.1
FX-5827,Thornlace,Hollowdeep,Radiant,10.8,18.1,80.2,38.6
FX-5828,Glasszelkova,Sunspire Heights,Radiant,38.1,7.8,77.5,54.4
FX-5829,Ironcrown Oak,Sunspire Heights,Thriving,31.5,30.4,55.5,74.9
FX-5830,Emberoak,Cragside,Thriving,28.2,33.5,47.4,70.6
FX-5831,Emberoak,Mistfen Reach,Thriving,25.1,21.5,52.1,64.0
FX-5832,Thornlace,Sunspire Heights,Husk,18.1,10.4,7.2,53.6
FX-5833,Whispering Linden,Sunspire Heights,Thriving,28.2,16.6,48.6,56.0
FX-5834,Ghostplane,Mistfen Reach,Thriving,13.1,35.6,50.9,43.4
FX-5835,Goldfan Ginko,Hollowdeep,Radiant,28.6,15.3,79.8,61.1
FX-5836,Duskmaple,Cragside,Thriving,24.6,28.2,55.5,72.6
FX-5837,Emberoak,Cragside,Thriving,26.4,31.9,52.0,68.1
FX-5838,Verdant Ash,Sunspire Heights,Waning,22.0,14.8,21.1,56.5
FX-5839,Ghostplane,Sunspire Heights,Thriving,28.5,33.2,63.2,50.8
FX-5840,Duskmaple,Cragside,Thriving,18.5,23.7,56.6,74.7
FX-5841,Goldfan Ginko,Cragside,Thriving,31.6,13.1,58.6,69.5
FX-5842,Coralmaple,Mistfen Reach,Thriving,32.9,23.9,51.4,56.7
FX-5843,Goldfan Ginko,Hollowdeep,Thriving,29.6,17.4,55.0,65.0
FX-5844,Verdant Ash,Mistfen Reach,Radiant,18.2,22.5,88.4,50.4
FX-5845,Emberoak,Mistfen Reach,Thriving,26.2,30.7,59.1,63.1
FX-5846,Glasszelkova,Mistfen Reach,Radiant,27.2,9.1,87.6,51.1
FX-5847,Verdant Ash,Sunspire Heights,Husk,22.2,19.2,15.4,52.9
FX-5848,Bloomspire,Hollowdeep,Thriving,19.4,36.8,54.2,66.5
FX-5849,Thornlace,Mistfen Reach,Thriving,18.8,9.7,45.6,44.6
FX-5850,Verdant Ash,Hollowdeep,Radiant,9.5,23.9,88.7,43.0
FX-5851,Whispering Linden,Mistfen Reach,Thriving,26.0,17.9,54.3,45.4
FX-5852,Whispering Linden,Sunspire Heights,Thriving,23.2,18.1,56.7,53.5
FX-5853,Ghostplane,Mistfen Reach,Thriving,18.3,29.5,56.9,46.4
FX-5854,Glasszelkova,Mistfen Reach,Thriving,25.7,13.1,60.3,48.0
FX-5855,Emberoak,Hollowdeep,Radiant,24.9,28.2,94.0,69.6
FX-5856,Thornlace,Mistfen Reach,Thriving,13.6,12.7,50.6,46.9
FX-5857,Ghostplane,Sunspire Heights,Radiant,21.2,32.2,70.8,59.1
FX-5858,Whispering Linden,Mistfen Reach,Waning,24.2,18.6,29.4,46.6
FX-5859,Palepear,Sunspire Heights,Thriving,15.5,9.3,58.6,58.0
FX-5860,Emberoak,Cragside,Thriving,29.4,26.8,62.2,70.3
FX-5861,Thornlace,Sunspire Heights,Thriving,18.8,13.2,64.7,56.6
FX-5862,Ironcrown Oak,Cragside,Thriving,26.7,26.5,52.6,64.8
FX-5863,Coralmaple,Mistfen Reach,Thriving,28.4,22.1,50.3,66.0
FX-5864,Bloomspire,Mistfen Reach,Radiant,20.3,38.8,86.6,70.8
FX-5865,Duskmaple,Sunspire Heights,Thriving,22.3,26.0,68.0,75.1
FX-5866,Thornlace,Sunspire Heights,Radiant,24.3,18.1,75.5,51.6
FX-5867,Palepear,Sunspire Heights,Thriving,17.4,12.1,56.5,54.3
FX-5868,Emberoak,Mistfen Reach,Thriving,28.2,20.4,64.9,63.6
FX-5869,Emberoak,Hollowdeep,Thriving,19.7,26.8,54.0,59.8
FX-5870,Verdant Ash,Sunspire Heights,Thriving,16.9,15.3,68.2,52.2
FX-5871,Verdant Ash,Hollowdeep,Thriving,13.4,13.5,58.3,45.3
FX-5872,Coralmaple,Sunspire Heights,Waning,36.3,20.6,39.0,74.1
FX-5873,Palepear,Hollowdeep,Thriving,16.0,10.9,52.3,43.1
FX-5874,Coralmaple,Mistfen Reach,Waning,27.1,26.8,23.2,65.7
FX-5875,Coralmaple,Cragside,Waning,29.3,21.2,25.3,63.0
FX-5876,Ghostplane,Mistfen Reach,Husk,20.9,33.6,1.7,39.9
FX-5877,Thornlace,Mistfen Reach,Thriving,13.7,15.1,55.1,45.8
FX-5878,Goldfan Ginko,Mistfen Reach,Radiant,33.6,13.9,81.0,67.3
FX-5879,Thornlace,Mistfen Reach,Thriving,12.8,10.4,51.3,45.6
FX-5880,Whispering Linden,Mistfen Reach,Thriving,29.1,23.3,59.9,48.8
FX-5881,Glasszelkova,Hollowdeep,Thriving,27.0,7.6,46.0,41.0
FX-5882,Coralmaple,Sunspire Heights,Thriving,36.7,23.6,54.7,75.4
FX-5883,Whispering Linden,Cragside,Radiant,29.9,14.2,71.5,50.7
FX-5884,Bloomspire,Sunspire Heights,Thriving,28.0,35.5,51.2,71.6
FX-5885,Verdant Ash,Mistfen Reach,Thriving,16.9,19.1,47.6,46.0
FX-5886,Thornlace,Sunspire Heights,Thriving,18.2,11.1,47.2,53.2
FX-5887,Ghostplane,Sunspire Heights,Radiant,19.3,36.5,72.5,57.0
FX-5888,Glasszelkova,Mistfen Reach,Thriving,27.3,9.4,42.3,46.3
FX-5889,Verdant Ash,Sunspire Heights,Thriving,24.4,14.4,61.9,55.9
FX-5890,Duskmaple,Mistfen Reach,Thriving,19.2,24.8,50.3,64.1
FX-5891,Whispering Linden,Sunspire Heights,Radiant,25.5,19.5,88.8,50.7
FX-5892,Emberoak,Hollowdeep,Waning,21.2,20.4,22.0,55.1
FX-5893,Ironcrown Oak,Hollowdeep,Waning,24.1,31.6,27.6,61.1
FX-5894,Goldfan Ginko,Cragside,Thriving,33.5,18.9,56.0,71.1
FX-5895,Ironcrown Oak,Cragside,Radiant,27.0,28.4,82.5,73.0
FX-5896,Duskmaple,Cragside,Thriving,18.0,25.8,48.6,69.7
FX-5897,Coralmaple,Mistfen Reach,Thriving,29.0,21.6,58.7,64.0
FX-5898,Duskmaple,Hollowdeep,Thriving,15.7,25.5,56.2,58.8
FX-5899,Ghostplane,Sunspire Heights,Radiant,22.9,31.7,80.4,56.2
FX-5900,Ghostplane,Sunspire Heights,Thriving,20.3,35.1,50.1,55.3
FX-5901,Ghostplane,Mistfen Reach,Radiant,21.4,38.1,88.0,43.7
FX-5902,Whispering Linden,Sunspire Heights,Husk,26.0,16.2,4.6,47.4
FX-5903,Whispering Linden,Mistfen Reach,Thriving,25.7,16.8,57.1,49.2
FX-5904,Whispering Linden,Sunspire Heights,Thriving,28.9,13.0,57.7,53.6
FX-5905,Bloomspire,Mistfen Reach,Radiant,22.5,40.6,74.2,65.8
FX-5906,Palepear,Mistfen Reach,Radiant,14.6,8.9,66.6,44.7
FX-5907,Goldfan Ginko,Cragside,Thriving,34.1,13.8,49.8,69.8
FX-5908,Coralmaple,Mistfen Reach,Radiant,27.6,18.9,82.0,64.7
FX-5909,Glasszelkova,Sunspire Heights,Radiant,30.4,11.3,86.8,55.7
FX-5910,Goldfan Ginko,Mistfen Reach,Thriving,31.4,12.8,60.1,62.8
FX-5911,Glasszelkova,Sunspire Heights,Thriving,31.8,12.7,53.2,55.0
FX-5912,Emberoak,Mistfen Reach,Thriving,29.0,25.6,54.1,68.7
FX-5913,Duskmaple,Mistfen Reach,Thriving,18.1,24.0,58.2,65.6
FX-5914,Ghostplane,Sunspire Heights,Thriving,24.5,32.3,53.0,53.3
FX-5915,Whispering Linden,Hollowdeep,Thriving,26.1,16.8,55.1,38.4
FX-5916,Verdant Ash,Sunspire Heights,Thriving,25.7,17.4,49.8,58.3
FX-5917,Verdant Ash,Sunspire Heights,Thriving,23.3,18.2,53.0,52.8
FX-5918,Coralmaple,Mistfen Reach,Radiant,30.2,20.5,83.9,64.6
FX-5919,Verdant Ash,Hollowdeep,Radiant,16.6,16.6,85.7,45.2
FX-5920,Verdant Ash,Sunspire Heights,Radiant,22.4,16.9,82.4,57.6
FX-5921,Duskmaple,Cragside,Waning,21.9,28.7,34.1,68.2
FX-5922,Duskmaple,Mistfen Reach,Thriving,17.4,21.7,42.5,67.9
FX-5923,Ghostplane,Sunspire Heights,Thriving,21.3,34.4,48.7,54.5
FX-5924,Palepear,Sunspire Heights,Thriving,15.2,11.4,56.4,55.2
FX-5925,Whispering Linden,Sunspire Heights,Thriving,35.1,17.9,58.7,55.6
FX-5926,Thornlace,Mistfen Reach,Thriving,20.3,15.1,53.1,46.5
FX-5927,Ironcrown Oak,Hollowdeep,Waning,21.7,31.6,23.8,57.2
FX-5928,Goldfan Ginko,Mistfen Reach,Radiant,31.0,17.4,67.4,69.8
FX-5929,Ghostplane,Sunspire Heights,Waning,23.1,33.4,27.2,53.2
FX-5930,Thornlace,Mistfen Reach,Thriving,15.0,10.0,51.2,43.1
FX-5931,Goldfan Ginko,Hollowdeep,Thriving,32.9,15.1,56.2,62.2
FX-5932,Duskmaple,Hollowdeep,Husk,11.6,24.0,12.9,59.7
FX-5933,Bloomspire,Cragside,Waning,24.2,40.3,31.4,70.9
FX-5934,Ghostplane,Sunspire Heights,Thriving,21.7,28.1,50.1,50.4
FX-5935,Whispering Linden,Hollowdeep,Radiant,18.7,6.4,81.9,43.4
FX-5936,Ghostplane,Hollowdeep,Thriving,16.1,31.4,57.1,46.0
FX-5937,Emberoak,Hollowdeep,Radiant,28.4,35.3,85.5,63.5
FX-5938,Emberoak,Cragside,Waning,24.9,29.3,33.4,71.0
FX-5939,Ironcrown Oak,Cragside,Thriving,26.4,27.6,50.8,62.7
FX-5940,Glasszelkova,Mistfen Reach,Radiant,26.7,6.5,87.0,46.9
FX-5941,Thornlace,Mistfen Reach,Thriving,17.4,7.2,66.0,41.1
FX-5942,Glasszelkova,Mistfen Reach,Waning,27.4,15.4,37.0,45.7
FX-5943,Emberoak,Cragside,Thriving,27.6,27.4,61.7,70.9
FX-5944,Verdant Ash,Mistfen Reach,Thriving,17.6,13.1,69.2,46.5
FX-5945,Whispering Linden,Sunspire Heights,Radiant,28.8,17.9,79.5,52.8
FX-5946,Coralmaple,Mistfen Reach,Thriving,27.8,24.3,52.5,67.0
FX-5947,Duskmaple,Sunspire Heights,Radiant,23.3,15.3,82.5,76.8
FX-5948,Glasszelkova,Sunspire Heights,Thriving,30.5,8.4,55.1,60.6
FX-5949,Verdant Ash,Sunspire Heights,Thriving,22.8,15.2,61.6,53.2
FX-5950,Goldfan Ginko,Mistfen Reach,Thriving,34.1,16.1,56.1,63.8
FX-5951,Whispering Linden,Sunspire Heights,Thriving,30.2,15.2,60.3,59.0
FX-5952,Palepear,Sunspire Heights,Thriving,16.2,7.5,58.9,51.4
FX-5953,Bloomspire,Mistfen Reach,Thriving,20.1,33.1,43.3,62.4
FX-5954,Palepear,Sunspire Heights,Thriving,14.4,12.1,39.6,52.2
FX-5955,Coralmaple,Hollowdeep,Thriving,25.3,22.0,53.9,68.2
FX-5956,Emberoak,Mistfen Reach,Radiant,26.4,26.1,78.5,67.1
FX-5957,Glasszelkova,Cragside,Waning,31.6,12.8,34.0,48.5
FX-5958,Bloomspire,Mistfen Reach,Waning,24.7,38.1,35.7,63.2
FX-5959,Ghostplane,Sunspire Heights,Radiant,20.3,38.0,74.1,56.9
FX-5960,Goldfan Ginko,Mistfen Reach,Waning,36.5,14.1,30.1,69.3
FX-5961,Thornlace,Sunspire Heights,Radiant,20.2,8.1,81.9,53.6
FX-5962,Emberoak,Cragside,Thriving,28.0,24.3,62.1,69.7
FX-5963,Verdant Ash,Sunspire Heights,Thriving,22.3,19.5,50.9,57.1
FX-5964,Coralmaple,Mistfen Reach,Thriving,30.2,20.7,55.5,65.6
FX-5965,Whispering Linden,Hollowdeep,Thriving,25.2,16.4,71.6,41.1
FX-5966,Whispering Linden,Sunspire Heights,Thriving,28.3,18.1,61.6,52.3
FX-5967,Coralmaple,Cragside,Radiant,27.5,16.8,81.5,67.8
FX-5968,Verdant Ash,Sunspire Heights,Radiant,23.1,20.4,74.4,55.0
FX-5969,Duskmaple,Mistfen Reach,Waning,20.4,18.8,34.0,64.1
FX-5970,Whispering Linden,Mistfen Reach,Thriving,23.9,18.9,55.3,43.5
FX-5971,Coralmaple,Hollowdeep,Radiant,21.5,22.5,78.8,62.7
FX-5972,Duskmaple,Hollowdeep,Thriving,15.2,21.5,46.6,60.6
FX-5973,Palepear,Hollowdeep,Radiant,8.0,8.9,83.8,45.8
FX-5974,Emberoak,Mistfen Reach,Thriving,27.2,30.3,59.7,65.6
FX-5975,Whispering Linden,Hollowdeep,Thriving,23.8,14.9,50.5,41.1
FX-5976,Verdant Ash,Mistfen Reach,Thriving,20.4,20.4,71.0,49.3
FX-5977,Goldfan Ginko,Cragside,Thriving,36.9,22.9,52.2,72.5
FX-5978,Duskmaple,Mistfen Reach,Thriving,14.7,28.4,51.8,58.8
FX-5979,Verdant Ash,Hollowdeep,Thriving,17.3,17.4,56.7,43.2
FX-5980,Emberoak,Mistfen Reach,Waning,25.1,27.9,34.2,64.7
FX-5981,Ghostplane,Sunspire Heights,Thriving,29.6,34.2,59.0,54.7
FX-5982,Verdant Ash,Mistfen Reach,Radiant,18.9,22.1,85.0,50.0
FX-5983,Goldfan Ginko,Cragside,Thriving,32.6,12.3,57.7,65.1
FX-5984,Palepear,Sunspire Heights,Thriving,18.1,7.8,55.7,52.0
FX-5985,Verdant Ash,Sunspire Heights,Thriving,21.9,20.2,65.7,49.4
FX-5986,Bloomspire,Sunspire Heights,Waning,24.8,36.7,31.2,72.4
FX-5987,Thornlace,Hollowdeep,Thriving,18.2,15.0,54.9,45.4
FX-5988,Goldfan Ginko,Mistfen Reach,Thriving,35.6,12.3,57.8,66.2
FX-5989,Whispering Linden,Sunspire Heights,Husk,30.1,11.6,4.8,48.6
FX-5990,Palepear,Mistfen Reach,Radiant,11.3,12.5,67.5,45.1
FX-5991,Palepear,Hollowdeep,Thriving,12.9,7.2,56.2,37.8
FX-5992,Palepear,Hollowdeep,Radiant,11.6,8.0,83.6,38.4
FX-5993,Thornlace,Mistfen Reach,Thriving,12.4,15.2,63.3,41.8
FX-5994,Ironcrown Oak,Hollowdeep,Thriving,19.3,27.7,61.0,65.7
FX-5995,Palepear,Mistfen Reach,Thriving,12.9,4.8,53.9,45.7
FX-5996,Goldfan Ginko,Cragside,Thriving,35.1,14.3,52.7,65.5
FX-5997,Emberoak,Mistfen Reach,Thriving,24.7,29.2,46.6,63.3
FX-5998,Ironcrown Oak,Mistfen Reach,Thriving,23.2,31.1,52.8,66.4
FX-5999,Bloomspire,Cragside,Husk,25.8,39.4,6.4,66.8
FX-6000,Coralmaple,Hollowdeep,Radiant,25.2,25.8,73.0,66.8
